id,store_id,product_option_id,type,reason,quantity,created_at,is_anomaly,anomaly_type
1,1,1,OUT,SALE,5,2025-01-01,0,
2,1,1,OUT,SALE,6,2025-01-02,0,
3,1,1,OUT,SALE,5,2025-01-03,0,
4,1,1,OUT,SALE,6,2025-01-04,0,
5,1,1,OUT,SALE,5,2025-01-05,0,
6,1,1,OUT,SALE,5,2025-01-06,0,
7,1,1,OUT,SALE,5,2025-01-07,0,
8,1,1,OUT,SALE,4,2025-01-08,0,
9,1,1,OUT,SALE,5,2025-01-09,0,
10,1,1,OUT,SALE,5,2025-01-10,0,
11,1,1,OUT,SALE,6,2025-01-11,0,
12,1,1,OUT,SALE,5,2025-01-12,0,
13,1,1,OUT,SALE,6,2025-01-13,0,
14,1,1,OUT,SALE,5,2025-01-14,0,
15,1,1,OUT,SALE,4,2025-01-15,0,
16,1,1,OUT,SALE,6,2025-01-16,0,
17,1,1,OUT,SALE,4,2025-01-17,0,
18,1,1,OUT,SALE,6,2025-01-18,0,
19,1,1,OUT,SALE,4,2025-01-19,0,
20,1,1,OUT,SALE,4,2025-01-20,0,
21,1,1,OUT,SALE,5,2025-01-21,0,
22,1,1,OUT,SALE,6,2025-01-22,0,
23,1,1,OUT,SALE,5,2025-01-23,0,
24,1,1,OUT,SALE,5,2025-01-24,0,
25,1,1,OUT,SALE,10,2025-01-25,0,
26,1,1,OUT,SALE,9,2025-01-26,0,
27,1,1,OUT,SALE,8,2025-01-27,0,
28,1,1,OUT,SALE,9,2025-01-28,0,
29,1,1,OUT,SALE,6,2025-01-29,0,
30,1,1,OUT,SALE,5,2025-01-30,0,
31,1,1,OUT,SALE,4,2025-01-31,0,
32,1,1,OUT,SALE,6,2025-02-01,0,
33,1,1,OUT,SALE,5,2025-02-02,0,
34,1,1,OUT,SALE,4,2025-02-03,0,
35,1,1,OUT,SALE,5,2025-02-04,0,
36,1,1,OUT,SALE,5,2025-02-05,0,
37,1,1,OUT,SALE,5,2025-02-06,0,
38,1,1,OUT,SALE,4,2025-02-07,0,
39,1,1,OUT,SALE,5,2025-02-08,0,
40,1,1,OUT,SALE,6,2025-02-09,0,
41,1,1,OUT,SALE,5,2025-02-10,0,
42,1,1,OUT,SALE,4,2025-02-11,0,
43,1,1,OUT,SALE,5,2025-02-12,0,
44,1,1,OUT,SALE,4,2025-02-13,0,
45,1,1,OUT,SALE,4,2025-02-14,0,
46,1,1,OUT,SALE,6,2025-02-15,0,
47,1,1,OUT,DAMAGE,17,2025-02-16,1,REPEATED_LOSS
48,1,1,OUT,SALE,5,2025-02-17,0,
49,1,1,OUT,SALE,5,2025-02-18,0,
50,1,1,OUT,SALE,5,2025-02-19,0,
51,1,1,OUT,SALE,4,2025-02-20,0,
52,1,1,OUT,SALE,5,2025-02-21,0,
53,1,1,OUT,SALE,6,2025-02-22,0,
54,1,1,OUT,SALE,5,2025-02-23,0,
55,1,1,OUT,SALE,6,2025-02-24,0,
56,1,1,OUT,SALE,3,2025-02-25,0,
57,1,1,OUT,SALE,5,2025-02-26,0,
58,1,1,OUT,SALE,5,2025-02-27,0,
59,1,1,OUT,SALE,5,2025-02-28,0,
60,1,1,OUT,SALE,4,2025-03-01,0,
61,1,1,OUT,SALE,3,2025-03-02,0,
62,1,1,OUT,SALE,4,2025-03-03,0,
63,1,1,OUT,SALE,4,2025-03-04,0,
64,1,1,OUT,SALE,5,2025-03-05,0,
65,1,1,OUT,SALE,4,2025-03-06,0,
66,1,1,OUT,SALE,3,2025-03-07,0,
67,1,1,OUT,SALE,4,2025-03-08,0,
68,1,1,OUT,SALE,5,2025-03-09,0,
69,1,1,OUT,SALE,4,2025-03-10,0,
70,1,1,OUT,SALE,4,2025-03-11,0,
71,1,1,OUT,SALE,4,2025-03-12,0,
72,1,1,OUT,SALE,4,2025-03-13,0,
73,1,1,OUT,SALE,4,2025-03-14,0,
74,1,1,OUT,SALE,6,2025-03-15,0,
75,1,1,OUT,SALE,7,2025-03-16,0,
76,1,1,OUT,SALE,6,2025-03-17,0,
77,1,1,OUT,SALE,5,2025-03-18,0,
78,1,1,OUT,SALE,4,2025-03-19,0,
79,1,1,OUT,SALE,4,2025-03-20,0,
80,1,1,OUT,SALE,4,2025-03-21,0,
81,1,1,OUT,SALE,4,2025-03-22,0,
82,1,1,OUT,SALE,4,2025-03-23,0,
83,1,1,OUT,SALE,4,2025-03-24,0,
84,1,1,OUT,SALE,4,2025-03-25,0,
85,1,1,OUT,SALE,3,2025-03-26,0,
86,1,1,OUT,SALE,4,2025-03-27,0,
87,1,1,OUT,SALE,4,2025-03-28,0,
88,1,1,OUT,SALE,5,2025-03-29,0,
89,1,1,OUT,SALE,5,2025-03-30,0,
90,1,1,OUT,SALE,4,2025-03-31,0,
91,1,1,OUT,SALE,3,2025-04-01,0,
92,1,1,OUT,SALE,2,2025-04-02,0,
93,1,1,OUT,SALE,3,2025-04-03,0,
94,1,1,OUT,SALE,3,2025-04-04,0,
95,1,1,OUT,SALE,4,2025-04-05,0,
96,1,1,OUT,SALE,3,2025-04-06,0,
97,1,1,OUT,SALE,3,2025-04-07,0,
98,1,1,OUT,SALE,3,2025-04-08,0,
99,1,1,OUT,SALE,2,2025-04-09,0,
100,1,1,OUT,SALE,3,2025-04-10,0,
101,1,1,OUT,SALE,3,2025-04-11,0,
102,1,1,OUT,SALE,3,2025-04-12,0,
103,1,1,OUT,SALE,3,2025-04-13,0,
104,1,1,OUT,SALE,3,2025-04-14,0,
105,1,1,OUT,SALE,2,2025-04-15,0,
106,1,1,OUT,SALE,3,2025-04-16,0,
107,1,1,OUT,SALE,3,2025-04-17,0,
108,1,1,OUT,SALE,2,2025-04-18,0,
109,1,1,OUT,SALE,3,2025-04-19,0,
110,1,1,OUT,SALE,3,2025-04-20,0,
111,1,1,OUT,SALE,2,2025-04-21,0,
112,1,1,OUT,SALE,2,2025-04-22,0,
113,1,1,OUT,SALE,3,2025-04-23,0,
114,1,1,OUT,SALE,2,2025-04-24,0,
115,1,1,OUT,SALE,3,2025-04-25,0,
116,1,1,OUT,SALE,3,2025-04-26,0,
117,1,1,OUT,SALE,4,2025-04-27,0,
118,1,1,OUT,SALE,2,2025-04-28,0,
119,1,1,OUT,SALE,3,2025-04-29,0,
120,1,1,OUT,SALE,3,2025-04-30,0,
121,1,1,OUT,SALE,1,2025-05-01,0,
122,1,1,OUT,SALE,1,2025-05-02,0,
123,1,1,OUT,SALE,2,2025-05-03,0,
124,1,1,OUT,SALE,1,2025-05-04,0,
125,1,1,OUT,SALE,1,2025-05-05,0,
126,1,1,OUT,SALE,1,2025-05-06,0,
127,1,1,OUT,SALE,2,2025-05-07,0,
128,1,1,OUT,SALE,1,2025-05-08,0,
129,1,1,OUT,SALE,1,2025-05-09,0,
130,1,1,OUT,SALE,2,2025-05-10,0,
131,1,1,OUT,SALE,2,2025-05-11,0,
132,1,1,OUT,SALE,1,2025-05-12,0,
133,1,1,OUT,SALE,1,2025-05-13,0,
134,1,1,OUT,SALE,1,2025-05-14,0,
135,1,1,OUT,SALE,1,2025-05-15,0,
136,1,1,OUT,SALE,1,2025-05-16,0,
137,1,1,OUT,SALE,1,2025-05-17,0,
138,1,1,OUT,SALE,2,2025-05-18,0,
139,1,1,OUT,SALE,1,2025-05-19,0,
140,1,1,OUT,SALE,1,2025-05-20,0,
141,1,1,OUT,SALE,1,2025-05-21,0,
142,1,1,OUT,SALE,1,2025-05-22,0,
143,1,1,OUT,SALE,2,2025-05-23,0,
144,1,1,OUT,SALE,2,2025-05-24,0,
145,1,1,OUT,SALE,1,2025-05-25,0,
146,1,1,OUT,SALE,2,2025-05-26,0,
147,1,1,OUT,SALE,1,2025-05-27,0,
148,1,1,OUT,SALE,2,2025-05-28,0,
149,1,1,OUT,SALE,2,2025-05-29,0,
150,1,1,OUT,SALE,1,2025-05-30,0,
151,1,1,OUT,SALE,1,2025-05-31,0,
152,1,1,OUT,SALE,1,2025-06-06,0,
153,1,1,OUT,SALE,1,2025-06-07,0,
154,1,1,OUT,SALE,1,2025-06-08,0,
155,1,1,OUT,SALE,1,2025-06-10,0,
156,1,1,OUT,SALE,1,2025-06-14,0,
157,1,1,OUT,SALE,1,2025-06-15,0,
158,1,1,OUT,SALE,1,2025-06-16,0,
159,1,1,OUT,SALE,1,2025-06-21,0,
160,1,1,OUT,SALE,1,2025-06-22,0,
161,1,1,OUT,SALE,1,2025-06-28,0,
162,1,1,OUT,SALE,1,2025-06-29,0,
163,1,1,OUT,DAMAGE,5,2025-08-02,1,THEFT_SPIKE
164,1,1,OUT,SALE,1,2025-08-04,0,
165,1,1,OUT,SALE,1,2025-08-09,0,
166,1,1,OUT,SALE,1,2025-08-13,0,
167,1,1,OUT,SALE,1,2025-08-16,0,
168,1,1,OUT,SALE,1,2025-08-18,0,
169,1,1,OUT,SALE,1,2025-08-21,0,
170,1,1,OUT,SALE,1,2025-08-22,0,
171,1,1,OUT,SALE,1,2025-08-23,0,
172,1,1,OUT,SALE,1,2025-08-26,0,
173,1,1,OUT,SALE,1,2025-08-29,0,
174,1,1,OUT,SALE,1,2025-08-31,0,
175,1,1,OUT,SALE,1,2025-09-01,0,
176,1,1,OUT,SALE,1,2025-09-02,0,
177,1,1,OUT,SALE,1,2025-09-03,0,
178,1,1,OUT,SALE,1,2025-09-04,0,
179,1,1,OUT,SALE,2,2025-09-05,0,
180,1,1,OUT,SALE,1,2025-09-06,0,
181,1,1,OUT,SALE,1,2025-09-07,0,
182,1,1,OUT,SALE,1,2025-09-08,0,
183,1,1,OUT,SALE,2,2025-09-09,0,
184,1,1,OUT,SALE,1,2025-09-10,0,
185,1,1,OUT,SALE,2,2025-09-11,0,
186,1,1,OUT,SALE,1,2025-09-12,0,
187,1,1,OUT,SALE,1,2025-09-13,0,
188,1,1,OUT,SALE,2,2025-09-14,0,
189,1,1,OUT,SALE,1,2025-09-15,0,
190,1,1,OUT,SALE,1,2025-09-16,0,
191,1,1,OUT,SALE,1,2025-09-17,0,
192,1,1,OUT,SALE,1,2025-09-18,0,
193,1,1,OUT,SALE,1,2025-09-19,0,
194,1,1,OUT,SALE,2,2025-09-20,0,
195,1,1,OUT,SALE,2,2025-09-21,0,
196,1,1,OUT,SALE,1,2025-09-22,0,
197,1,1,OUT,SALE,2,2025-09-23,0,
198,1,1,OUT,SALE,1,2025-09-24,0,
199,1,1,OUT,SALE,1,2025-09-25,0,
200,1,1,OUT,SALE,1,2025-09-26,0,
201,1,1,OUT,SALE,2,2025-09-27,0,
202,1,1,OUT,SALE,1,2025-09-28,0,
203,1,1,OUT,SALE,1,2025-09-29,0,
204,1,1,OUT,SALE,2,2025-09-30,0,
205,1,1,OUT,SALE,5,2025-10-01,0,
206,1,1,OUT,SALE,5,2025-10-02,0,
207,1,1,OUT,SALE,5,2025-10-03,0,
208,1,1,OUT,SALE,3,2025-10-04,0,
209,1,1,OUT,SALE,3,2025-10-05,0,
210,1,1,OUT,SALE,3,2025-10-06,0,
211,1,1,OUT,SALE,3,2025-10-07,0,
212,1,1,OUT,SALE,3,2025-10-08,0,
213,1,1,OUT,SALE,2,2025-10-09,0,
214,1,1,OUT,SALE,2,2025-10-10,0,
215,1,1,OUT,SALE,3,2025-10-11,0,
216,1,1,OUT,SALE,3,2025-10-12,0,
217,1,1,OUT,SALE,3,2025-10-13,0,
218,1,1,OUT,SALE,3,2025-10-14,0,
219,1,1,OUT,SALE,3,2025-10-15,0,
220,1,1,OUT,SALE,2,2025-10-16,0,
221,1,1,OUT,SALE,3,2025-10-17,0,
222,1,1,OUT,SALE,3,2025-10-18,0,
223,1,1,OUT,SALE,3,2025-10-19,0,
224,1,1,OUT,SALE,3,2025-10-20,0,
225,1,1,OUT,SALE,3,2025-10-21,0,
226,1,1,OUT,SALE,3,2025-10-22,0,
227,1,1,OUT,SALE,3,2025-10-23,0,
228,1,1,OUT,SALE,3,2025-10-24,0,
229,1,1,OUT,SALE,3,2025-10-25,0,
230,1,1,OUT,SALE,3,2025-10-26,0,
231,1,1,OUT,SALE,3,2025-10-27,0,
232,1,1,OUT,SALE,3,2025-10-28,0,
233,1,1,OUT,SALE,3,2025-10-29,0,
234,1,1,OUT,SALE,3,2025-10-30,0,
235,1,1,OUT,SALE,2,2025-10-31,0,
236,1,1,OUT,SALE,6,2025-11-01,0,
237,1,1,OUT,SALE,4,2025-11-02,0,
238,1,1,OUT,SALE,3,2025-11-03,0,
239,1,1,OUT,SALE,4,2025-11-04,0,
240,1,1,OUT,SALE,4,2025-11-05,0,
241,1,1,OUT,SALE,4,2025-11-06,0,
242,1,1,OUT,SALE,4,2025-11-07,0,
243,1,1,OUT,SALE,4,2025-11-08,0,
244,1,1,OUT,SALE,4,2025-11-09,0,
245,1,1,OUT,SALE,4,2025-11-10,0,
246,1,1,OUT,SALE,4,2025-11-11,0,
247,1,1,OUT,SALE,4,2025-11-12,0,
248,1,1,OUT,SALE,4,2025-11-13,0,
249,1,1,OUT,SALE,3,2025-11-14,0,
250,1,1,OUT,SALE,4,2025-11-15,0,
251,1,1,OUT,SALE,5,2025-11-16,0,
252,1,1,OUT,SALE,4,2025-11-17,0,
253,1,1,OUT,SALE,3,2025-11-18,0,
254,1,1,OUT,SALE,4,2025-11-19,0,
255,1,1,OUT,SALE,4,2025-11-20,0,
256,1,1,OUT,SALE,4,2025-11-21,0,
257,1,1,OUT,SALE,4,2025-11-22,0,
258,1,1,OUT,SALE,5,2025-11-23,0,
259,1,1,OUT,SALE,3,2025-11-24,0,
260,1,1,OUT,SALE,3,2025-11-25,0,
261,1,1,OUT,SALE,4,2025-11-26,0,
262,1,1,OUT,SALE,4,2025-11-27,0,
263,1,1,OUT,SALE,10,2025-11-28,0,
264,1,1,OUT,SALE,13,2025-11-29,0,
265,1,1,OUT,SALE,12,2025-11-30,0,
266,1,1,OUT,SALE,5,2025-12-01,0,
267,1,1,OUT,SALE,5,2025-12-02,0,
268,1,1,OUT,SALE,4,2025-12-03,0,
269,1,1,OUT,SALE,5,2025-12-04,0,
270,1,1,OUT,SALE,5,2025-12-05,0,
271,1,1,OUT,SALE,6,2025-12-06,0,
272,1,1,OUT,SALE,5,2025-12-07,0,
273,1,1,OUT,SALE,5,2025-12-08,0,
274,1,1,OUT,SALE,6,2025-12-09,0,
275,1,1,OUT,SALE,5,2025-12-10,0,
276,1,1,OUT,SALE,5,2025-12-11,0,
277,1,1,OUT,SALE,5,2025-12-12,0,
278,1,1,OUT,SALE,5,2025-12-13,0,
279,1,1,OUT,SALE,6,2025-12-14,0,
280,1,1,OUT,SALE,5,2025-12-15,0,
281,1,1,OUT,SALE,5,2025-12-16,0,
282,1,1,OUT,SALE,4,2025-12-17,0,
283,1,1,OUT,SALE,5,2025-12-18,0,
284,1,1,OUT,SALE,5,2025-12-19,0,
285,1,1,OUT,SALE,6,2025-12-20,0,
286,1,1,OUT,SALE,6,2025-12-21,0,
287,1,1,OUT,SALE,6,2025-12-22,0,
288,1,1,OUT,SALE,4,2025-12-23,0,
289,1,1,OUT,SALE,9,2025-12-24,0,
290,1,1,OUT,SALE,8,2025-12-25,0,
291,1,1,OUT,SALE,10,2025-12-26,0,
292,1,1,OUT,SALE,5,2025-12-27,0,
293,1,1,OUT,SALE,5,2025-12-28,0,
294,1,1,OUT,SALE,4,2025-12-29,0,
295,1,1,OUT,SALE,4,2025-12-30,0,
296,1,1,OUT,SALE,4,2025-12-31,0,
297,1,2,OUT,SALE,3,2025-01-01,0,
298,1,2,OUT,SALE,3,2025-01-02,0,
299,1,2,OUT,SALE,3,2025-01-03,0,
300,1,2,OUT,SALE,4,2025-01-04,0,
301,1,2,OUT,SALE,4,2025-01-05,0,
302,1,2,OUT,SALE,3,2025-01-06,0,
303,1,2,OUT,SALE,3,2025-01-07,0,
304,1,2,OUT,SALE,3,2025-01-08,0,
305,1,2,OUT,SALE,3,2025-01-09,0,
306,1,2,OUT,SALE,4,2025-01-10,0,
307,1,2,OUT,SALE,4,2025-01-11,0,
308,1,2,OUT,SALE,3,2025-01-12,0,
309,1,2,OUT,SALE,3,2025-01-13,0,
310,1,2,OUT,SALE,4,2025-01-14,0,
311,1,2,OUT,SALE,3,2025-01-15,0,
312,1,2,OUT,SALE,4,2025-01-16,0,
313,1,2,OUT,SALE,3,2025-01-17,0,
314,1,2,OUT,SALE,3,2025-01-18,0,
315,1,2,OUT,SALE,4,2025-01-19,0,
316,1,2,OUT,SALE,3,2025-01-20,0,
317,1,2,OUT,SALE,3,2025-01-21,0,
318,1,2,OUT,SALE,3,2025-01-22,0,
319,1,2,OUT,SALE,3,2025-01-23,0,
320,1,2,OUT,SALE,3,2025-01-24,0,
321,1,2,OUT,SALE,7,2025-01-25,0,
322,1,2,OUT,SALE,7,2025-01-26,0,
323,1,2,OUT,SALE,6,2025-01-27,0,
324,1,2,OUT,SALE,5,2025-01-28,0,
325,1,2,OUT,SALE,3,2025-01-29,0,
326,1,2,OUT,SALE,4,2025-01-30,0,
327,1,2,OUT,SALE,3,2025-01-31,0,
328,1,2,OUT,SALE,3,2025-02-01,0,
329,1,2,OUT,SALE,4,2025-02-02,0,
330,1,2,OUT,SALE,3,2025-02-03,0,
331,1,2,OUT,SALE,3,2025-02-04,0,
332,1,2,OUT,SALE,3,2025-02-05,0,
333,1,2,OUT,SALE,4,2025-02-06,0,
334,1,2,OUT,SALE,4,2025-02-07,0,
335,1,2,OUT,SALE,3,2025-02-08,0,
336,1,2,OUT,SALE,4,2025-02-09,0,
337,1,2,OUT,SALE,3,2025-02-10,0,
338,1,2,OUT,SALE,3,2025-02-11,0,
339,1,2,OUT,SALE,3,2025-02-12,0,
340,1,2,OUT,SALE,3,2025-02-13,0,
341,1,2,OUT,SALE,3,2025-02-14,0,
342,1,2,OUT,SALE,3,2025-02-15,0,
343,1,2,OUT,SALE,3,2025-02-16,0,
344,1,2,OUT,SALE,2,2025-02-17,0,
345,1,2,OUT,SALE,3,2025-02-18,0,
346,1,2,OUT,DAMAGE,8,2025-02-19,1,REPEATED_LOSS
347,1,2,OUT,SALE,4,2025-02-20,0,
348,1,2,OUT,DAMAGE,22,2025-02-21,1,THEFT_SPIKE
349,1,2,OUT,SALE,4,2025-02-22,0,
350,1,2,OUT,SALE,3,2025-02-23,0,
351,1,2,OUT,SALE,2,2025-02-24,0,
352,1,2,OUT,SALE,3,2025-02-25,0,
353,1,2,OUT,SALE,3,2025-02-26,0,
354,1,2,OUT,SALE,3,2025-02-27,0,
355,1,2,OUT,SALE,2,2025-02-28,0,
356,1,2,OUT,SALE,3,2025-03-01,0,
357,1,2,OUT,SALE,2,2025-03-02,0,
358,1,2,OUT,SALE,3,2025-03-03,0,
359,1,2,OUT,SALE,3,2025-03-04,0,
360,1,2,OUT,SALE,2,2025-03-05,0,
361,1,2,OUT,SALE,2,2025-03-06,0,
362,1,2,OUT,SALE,2,2025-03-07,0,
363,1,2,OUT,SALE,3,2025-03-08,0,
364,1,2,OUT,SALE,3,2025-03-09,0,
365,1,2,OUT,SALE,2,2025-03-10,0,
366,1,2,OUT,SALE,3,2025-03-11,0,
367,1,2,OUT,SALE,2,2025-03-12,0,
368,1,2,OUT,DAMAGE,13,2025-03-13,1,OFF_HOURS_BULK
369,1,2,OUT,SALE,2,2025-03-14,0,
370,1,2,OUT,SALE,4,2025-03-15,0,
371,1,2,OUT,SALE,4,2025-03-16,0,
372,1,2,OUT,SALE,3,2025-03-17,0,
373,1,2,OUT,SALE,5,2025-03-18,0,
374,1,2,OUT,SALE,2,2025-03-19,0,
375,1,2,OUT,SALE,2,2025-03-20,0,
376,1,2,OUT,SALE,2,2025-03-21,0,
377,1,2,OUT,SALE,3,2025-03-22,0,
378,1,2,OUT,SALE,3,2025-03-23,0,
379,1,2,OUT,SALE,3,2025-03-24,0,
380,1,2,OUT,SALE,3,2025-03-25,0,
381,1,2,OUT,SALE,2,2025-03-26,0,
382,1,2,OUT,SALE,2,2025-03-27,0,
383,1,2,OUT,DAMAGE,5,2025-03-28,1,REPEATED_LOSS
384,1,2,OUT,SALE,2,2025-03-29,0,
385,1,2,OUT,SALE,2,2025-03-30,0,
386,1,2,OUT,SALE,3,2025-03-31,0,
387,1,2,OUT,SALE,2,2025-04-01,0,
388,1,2,OUT,SALE,2,2025-04-02,0,
389,1,2,OUT,SALE,2,2025-04-03,0,
390,1,2,OUT,SALE,2,2025-04-04,0,
391,1,2,OUT,SALE,3,2025-04-05,0,
392,1,2,OUT,SALE,2,2025-04-06,0,
393,1,2,OUT,SALE,2,2025-04-07,0,
394,1,2,OUT,SALE,1,2025-04-08,0,
395,1,2,OUT,SALE,1,2025-04-09,0,
396,1,2,OUT,SALE,2,2025-04-10,0,
397,1,2,OUT,SALE,1,2025-04-11,0,
398,1,2,OUT,SALE,2,2025-04-12,0,
399,1,2,OUT,SALE,2,2025-04-13,0,
400,1,2,OUT,SALE,1,2025-04-14,0,
401,1,2,OUT,SALE,2,2025-04-15,0,
402,1,2,OUT,SALE,2,2025-04-16,0,
403,1,2,OUT,SALE,2,2025-04-17,0,
404,1,2,OUT,SALE,2,2025-04-18,0,
405,1,2,OUT,SALE,2,2025-04-19,0,
406,1,2,OUT,SALE,2,2025-04-20,0,
407,1,2,OUT,SALE,2,2025-04-21,0,
408,1,2,OUT,SALE,2,2025-04-22,0,
409,1,2,OUT,SALE,1,2025-04-23,0,
410,1,2,OUT,SALE,2,2025-04-24,0,
411,1,2,OUT,SALE,1,2025-04-25,0,
412,1,2,OUT,SALE,2,2025-04-26,0,
413,1,2,OUT,SALE,2,2025-04-27,0,
414,1,2,OUT,SALE,2,2025-04-28,0,
415,1,2,OUT,SALE,1,2025-04-29,0,
416,1,2,OUT,SALE,2,2025-04-30,0,
417,1,2,OUT,SALE,1,2025-05-01,0,
418,1,2,OUT,SALE,1,2025-05-02,0,
419,1,2,OUT,SALE,1,2025-05-03,0,
420,1,2,OUT,SALE,1,2025-05-04,0,
421,1,2,OUT,SALE,1,2025-05-05,0,
422,1,2,OUT,SALE,1,2025-05-06,0,
423,1,2,OUT,SALE,1,2025-05-07,0,
424,1,2,OUT,SALE,1,2025-05-08,0,
425,1,2,OUT,SALE,1,2025-05-09,0,
426,1,2,OUT,SALE,1,2025-05-10,0,
427,1,2,OUT,SALE,1,2025-05-11,0,
428,1,2,OUT,SALE,1,2025-05-12,0,
429,1,2,OUT,SALE,1,2025-05-13,0,
430,1,2,OUT,SALE,1,2025-05-14,0,
431,1,2,OUT,SALE,1,2025-05-15,0,
432,1,2,OUT,SALE,0,2025-05-16,1,DATA_ERROR
433,1,2,OUT,SALE,1,2025-05-17,0,
434,1,2,OUT,SALE,1,2025-05-18,0,
435,1,2,OUT,SALE,1,2025-05-19,0,
436,1,2,OUT,SALE,1,2025-05-20,0,
437,1,2,OUT,SALE,1,2025-05-21,0,
438,1,2,OUT,SALE,1,2025-05-22,0,
439,1,2,OUT,SALE,1,2025-05-23,0,
440,1,2,OUT,SALE,1,2025-05-24,0,
441,1,2,OUT,SALE,1,2025-05-25,0,
442,1,2,OUT,SALE,1,2025-05-26,0,
443,1,2,OUT,SALE,1,2025-05-27,0,
444,1,2,OUT,SALE,1,2025-05-28,0,
445,1,2,OUT,SALE,1,2025-05-29,0,
446,1,2,OUT,SALE,1,2025-05-30,0,
447,1,2,OUT,SALE,1,2025-05-31,0,
448,1,2,OUT,SALE,1,2025-09-01,0,
449,1,2,OUT,SALE,1,2025-09-02,0,
450,1,2,OUT,SALE,1,2025-09-03,0,
451,1,2,OUT,SALE,1,2025-09-04,0,
452,1,2,OUT,SALE,1,2025-09-05,0,
453,1,2,OUT,SALE,1,2025-09-06,0,
454,1,2,OUT,SALE,1,2025-09-07,0,
455,1,2,OUT,SALE,1,2025-09-08,0,
456,1,2,OUT,SALE,1,2025-09-09,0,
457,1,2,OUT,SALE,1,2025-09-10,0,
458,1,2,OUT,SALE,1,2025-09-11,0,
459,1,2,OUT,SALE,1,2025-09-12,0,
460,1,2,OUT,SALE,1,2025-09-13,0,
461,1,2,OUT,SALE,1,2025-09-14,0,
462,1,2,OUT,SALE,1,2025-09-15,0,
463,1,2,OUT,SALE,1,2025-09-16,0,
464,1,2,OUT,SALE,1,2025-09-17,0,
465,1,2,OUT,SALE,1,2025-09-18,0,
466,1,2,OUT,SALE,1,2025-09-19,0,
467,1,2,OUT,SALE,1,2025-09-20,0,
468,1,2,OUT,SALE,1,2025-09-21,0,
469,1,2,OUT,SALE,1,2025-09-22,0,
470,1,2,OUT,SALE,1,2025-09-23,0,
471,1,2,OUT,SALE,1,2025-09-24,0,
472,1,2,OUT,SALE,1,2025-09-25,0,
473,1,2,OUT,SALE,1,2025-09-26,0,
474,1,2,OUT,SALE,1,2025-09-27,0,
475,1,2,OUT,SALE,1,2025-09-28,0,
476,1,2,OUT,SALE,1,2025-09-29,0,
477,1,2,OUT,SALE,2,2025-09-30,0,
478,1,2,OUT,SALE,3,2025-10-01,0,
479,1,2,OUT,SALE,3,2025-10-02,0,
480,1,2,OUT,SALE,3,2025-10-03,0,
481,1,2,OUT,SALE,2,2025-10-04,0,
482,1,2,OUT,SALE,2,2025-10-05,0,
483,1,2,OUT,SALE,2,2025-10-06,0,
484,1,2,OUT,SALE,2,2025-10-07,0,
485,1,2,OUT,SALE,1,2025-10-08,0,
486,1,2,OUT,SALE,2,2025-10-09,0,
487,1,2,OUT,SALE,2,2025-10-10,0,
488,1,2,OUT,SALE,2,2025-10-11,0,
489,1,2,OUT,SALE,1,2025-10-12,0,
490,1,2,OUT,SALE,2,2025-10-13,0,
491,1,2,OUT,SALE,2,2025-10-14,0,
492,1,2,OUT,SALE,1,2025-10-15,0,
493,1,2,OUT,SALE,2,2025-10-16,0,
494,1,2,OUT,SALE,2,2025-10-17,0,
495,1,2,OUT,SALE,2,2025-10-18,0,
496,1,2,OUT,SALE,2,2025-10-19,0,
497,1,2,OUT,SALE,1,2025-10-20,0,
498,1,2,OUT,SALE,2,2025-10-21,0,
499,1,2,OUT,SALE,2,2025-10-22,0,
500,1,2,OUT,SALE,2,2025-10-23,0,
501,1,2,OUT,SALE,2,2025-10-24,0,
502,1,2,OUT,SALE,2,2025-10-25,0,
503,1,2,OUT,SALE,2,2025-10-26,0,
504,1,2,OUT,SALE,2,2025-10-27,0,
505,1,2,OUT,SALE,1,2025-10-28,0,
506,1,2,OUT,SALE,2,2025-10-29,0,
507,1,2,OUT,SALE,2,2025-10-30,0,
508,1,2,OUT,SALE,2,2025-10-31,0,
509,1,2,OUT,SALE,3,2025-11-01,0,
510,1,2,OUT,SALE,3,2025-11-02,0,
511,1,2,OUT,SALE,2,2025-11-03,0,
512,1,2,OUT,SALE,3,2025-11-04,0,
513,1,2,OUT,SALE,2,2025-11-05,0,
514,1,2,OUT,SALE,3,2025-11-06,0,
515,1,2,OUT,SALE,3,2025-11-07,0,
516,1,2,OUT,SALE,3,2025-11-08,0,
517,1,2,OUT,SALE,3,2025-11-09,0,
518,1,2,OUT,SALE,2,2025-11-10,0,
519,1,2,OUT,SALE,3,2025-11-11,0,
520,1,2,OUT,SALE,2,2025-11-12,0,
521,1,2,OUT,SALE,2,2025-11-13,0,
522,1,2,OUT,SALE,3,2025-11-14,0,
523,1,2,OUT,SALE,3,2025-11-15,0,
524,1,2,OUT,SALE,2,2025-11-16,0,
525,1,2,OUT,SALE,2,2025-11-17,0,
526,1,2,OUT,SALE,3,2025-11-18,0,
527,1,2,OUT,SALE,2,2025-11-19,0,
528,1,2,OUT,SALE,3,2025-11-20,0,
529,1,2,OUT,SALE,2,2025-11-21,0,
530,1,2,OUT,SALE,3,2025-11-22,0,
531,1,2,OUT,SALE,3,2025-11-23,0,
532,1,2,OUT,SALE,2,2025-11-24,0,
533,1,2,OUT,SALE,2,2025-11-25,0,
534,1,2,OUT,SALE,3,2025-11-26,0,
535,1,2,OUT,SALE,2,2025-11-27,0,
536,1,2,OUT,SALE,7,2025-11-28,0,
537,1,2,OUT,SALE,7,2025-11-29,0,
538,1,2,OUT,SALE,7,2025-11-30,0,
539,1,2,OUT,SALE,3,2025-12-01,0,
540,1,2,OUT,SALE,3,2025-12-02,0,
541,1,2,OUT,SALE,3,2025-12-03,0,
542,1,2,OUT,SALE,2,2025-12-04,0,
543,1,2,OUT,SALE,2,2025-12-05,0,
544,1,2,OUT,SALE,4,2025-12-06,0,
545,1,2,OUT,SALE,3,2025-12-07,0,
546,1,2,OUT,SALE,3,2025-12-08,0,
547,1,2,OUT,SALE,3,2025-12-09,0,
548,1,2,OUT,SALE,3,2025-12-10,0,
549,1,2,OUT,SALE,3,2025-12-11,0,
550,1,2,OUT,SALE,3,2025-12-12,0,
551,1,2,OUT,SALE,4,2025-12-13,0,
552,1,2,OUT,SALE,3,2025-12-14,0,
553,1,2,OUT,SALE,3,2025-12-15,0,
554,1,2,OUT,SALE,2,2025-12-16,0,
555,1,2,OUT,SALE,3,2025-12-17,0,
556,1,2,OUT,SALE,3,2025-12-18,0,
557,1,2,OUT,SALE,3,2025-12-19,0,
558,1,2,OUT,SALE,4,2025-12-20,0,
559,1,2,OUT,SALE,4,2025-12-21,0,
560,1,2,OUT,SALE,3,2025-12-22,0,
561,1,2,OUT,SALE,2,2025-12-23,0,
562,1,2,OUT,SALE,4,2025-12-24,0,
563,1,2,OUT,SALE,5,2025-12-25,0,
564,1,2,OUT,SALE,5,2025-12-26,0,
565,1,2,OUT,SALE,4,2025-12-27,0,
566,1,2,OUT,SALE,3,2025-12-28,0,
567,1,2,OUT,SALE,3,2025-12-29,0,
568,1,2,OUT,SALE,3,2025-12-30,0,
569,1,2,OUT,SALE,3,2025-12-31,0,
570,1,3,OUT,SALE,2,2025-01-01,0,
571,1,3,OUT,SALE,3,2025-01-02,0,
572,1,3,OUT,SALE,2,2025-01-03,0,
573,1,3,OUT,SALE,3,2025-01-04,0,
574,1,3,OUT,SALE,4,2025-01-05,0,
575,1,3,OUT,SALE,3,2025-01-06,0,
576,1,3,OUT,SALE,4,2025-01-07,0,
577,1,3,OUT,SALE,3,2025-01-08,0,
578,1,3,OUT,SALE,3,2025-01-09,0,
579,1,3,OUT,SALE,3,2025-01-10,0,
580,1,3,OUT,SALE,4,2025-01-11,0,
581,1,3,OUT,SALE,3,2025-01-12,0,
582,1,3,OUT,SALE,3,2025-01-13,0,
583,1,3,OUT,SALE,4,2025-01-14,0,
584,1,3,OUT,SALE,3,2025-01-15,0,
585,1,3,OUT,SALE,3,2025-01-16,0,
586,1,3,OUT,SALE,3,2025-01-17,0,
587,1,3,OUT,SALE,3,2025-01-18,0,
588,1,3,OUT,SALE,4,2025-01-19,0,
589,1,3,OUT,SALE,3,2025-01-20,0,
590,1,3,OUT,SALE,4,2025-01-21,0,
591,1,3,OUT,SALE,3,2025-01-22,0,
592,1,3,OUT,SALE,3,2025-01-23,0,
593,1,3,OUT,SALE,3,2025-01-24,0,
594,1,3,OUT,SALE,7,2025-01-25,0,
595,1,3,OUT,SALE,7,2025-01-26,0,
596,1,3,OUT,SALE,4,2025-01-27,0,
597,1,3,OUT,SALE,5,2025-01-28,0,
598,1,3,OUT,SALE,3,2025-01-29,0,
599,1,3,OUT,SALE,3,2025-01-30,0,
600,1,3,OUT,SALE,3,2025-01-31,0,
601,1,3,OUT,SALE,3,2025-02-01,0,
602,1,3,OUT,SALE,3,2025-02-02,0,
603,1,3,OUT,SALE,3,2025-02-03,0,
604,1,3,OUT,SALE,3,2025-02-04,0,
605,1,3,OUT,SALE,3,2025-02-05,0,
606,1,3,OUT,SALE,3,2025-02-06,0,
607,1,3,OUT,SALE,3,2025-02-07,0,
608,1,3,OUT,SALE,3,2025-02-08,0,
609,1,3,OUT,SALE,3,2025-02-09,0,
610,1,3,OUT,SALE,2,2025-02-10,0,
611,1,3,OUT,SALE,3,2025-02-11,0,
612,1,3,OUT,SALE,3,2025-02-12,0,
613,1,3,OUT,SALE,3,2025-02-13,0,
614,1,3,OUT,SALE,2,2025-02-14,0,
615,1,3,OUT,SALE,3,2025-02-15,0,
616,1,3,OUT,SALE,4,2025-02-16,0,
617,1,3,OUT,SALE,3,2025-02-17,0,
618,1,3,OUT,SALE,3,2025-02-18,0,
619,1,3,OUT,SALE,3,2025-02-19,0,
620,1,3,OUT,SALE,3,2025-02-20,0,
621,1,3,OUT,SALE,3,2025-02-21,0,
622,1,3,OUT,SALE,3,2025-02-22,0,
623,1,3,OUT,SALE,3,2025-02-23,0,
624,1,3,OUT,SALE,3,2025-02-24,0,
625,1,3,OUT,SALE,3,2025-02-25,0,
626,1,3,OUT,SALE,3,2025-02-26,0,
627,1,3,OUT,SALE,3,2025-02-27,0,
628,1,3,OUT,SALE,3,2025-02-28,0,
629,1,3,OUT,SALE,3,2025-03-01,0,
630,1,3,OUT,SALE,2,2025-03-02,0,
631,1,3,OUT,SALE,2,2025-03-03,0,
632,1,3,OUT,SALE,2,2025-03-04,0,
633,1,3,OUT,SALE,3,2025-03-05,0,
634,1,3,OUT,SALE,2,2025-03-06,0,
635,1,3,OUT,SALE,3,2025-03-07,0,
636,1,3,OUT,SALE,2,2025-03-08,0,
637,1,3,OUT,SALE,3,2025-03-09,0,
638,1,3,OUT,SALE,2,2025-03-10,0,
639,1,3,OUT,SALE,2,2025-03-11,0,
640,1,3,OUT,SALE,3,2025-03-12,0,
641,1,3,OUT,SALE,2,2025-03-13,0,
642,1,3,OUT,SALE,3,2025-03-14,0,
643,1,3,OUT,SALE,5,2025-03-15,0,
644,1,3,OUT,SALE,4,2025-03-16,0,
645,1,3,OUT,SALE,3,2025-03-17,0,
646,1,3,OUT,SALE,4,2025-03-18,0,
647,1,3,OUT,SALE,3,2025-03-19,0,
648,1,3,OUT,SALE,2,2025-03-20,0,
649,1,3,OUT,SALE,2,2025-03-21,0,
650,1,3,OUT,SALE,2,2025-03-22,0,
651,1,3,OUT,SALE,2,2025-03-23,0,
652,1,3,OUT,SALE,2,2025-03-24,0,
653,1,3,OUT,SALE,2,2025-03-25,0,
654,1,3,OUT,SALE,2,2025-03-26,0,
655,1,3,OUT,SALE,2,2025-03-27,0,
656,1,3,OUT,SALE,2,2025-03-28,0,
657,1,3,OUT,SALE,3,2025-03-29,0,
658,1,3,OUT,SALE,2,2025-03-30,0,
659,1,3,OUT,SALE,2,2025-03-31,0,
660,1,3,OUT,SALE,1,2025-04-01,0,
661,1,3,OUT,SALE,2,2025-04-02,0,
662,1,3,OUT,SALE,2,2025-04-03,0,
663,1,3,OUT,SALE,1,2025-04-04,0,
664,1,3,OUT,SALE,2,2025-04-05,0,
665,1,3,OUT,SALE,2,2025-04-06,0,
666,1,3,OUT,SALE,2,2025-04-07,0,
667,1,3,OUT,SALE,2,2025-04-08,0,
668,1,3,OUT,SALE,2,2025-04-09,0,
669,1,3,OUT,SALE,1,2025-04-10,0,
670,1,3,OUT,SALE,1,2025-04-11,0,
671,1,3,OUT,SALE,2,2025-04-12,0,
672,1,3,OUT,SALE,2,2025-04-13,0,
673,1,3,OUT,SALE,1,2025-04-14,0,
674,1,3,OUT,SALE,2,2025-04-15,0,
675,1,3,OUT,SALE,2,2025-04-16,0,
676,1,3,OUT,SALE,1,2025-04-17,0,
677,1,3,OUT,SALE,1,2025-04-18,0,
678,1,3,OUT,SALE,2,2025-04-19,0,
679,1,3,OUT,SALE,2,2025-04-20,0,
680,1,3,OUT,SALE,2,2025-04-21,0,
681,1,3,OUT,SALE,2,2025-04-22,0,
682,1,3,OUT,DAMAGE,2,2025-04-23,1,REPEATED_LOSS
683,1,3,OUT,SALE,2,2025-04-24,0,
684,1,3,OUT,SALE,2,2025-04-25,0,
685,1,3,OUT,SALE,2,2025-04-26,0,
686,1,3,OUT,SALE,2,2025-04-27,0,
687,1,3,OUT,SALE,2,2025-04-28,0,
688,1,3,OUT,SALE,2,2025-04-29,0,
689,1,3,OUT,SALE,2,2025-04-30,0,
690,1,3,OUT,SALE,1,2025-05-01,0,
691,1,3,OUT,SALE,1,2025-05-02,0,
692,1,3,OUT,SALE,1,2025-05-03,0,
693,1,3,OUT,SALE,1,2025-05-04,0,
694,1,3,OUT,SALE,1,2025-05-05,0,
695,1,3,OUT,SALE,1,2025-05-06,0,
696,1,3,OUT,SALE,1,2025-05-07,0,
697,1,3,OUT,SALE,1,2025-05-08,0,
698,1,3,OUT,SALE,1,2025-05-09,0,
699,1,3,OUT,SALE,1,2025-05-10,0,
700,1,3,OUT,SALE,1,2025-05-11,0,
701,1,3,OUT,SALE,1,2025-05-12,0,
702,1,3,OUT,SALE,1,2025-05-13,0,
703,1,3,OUT,SALE,1,2025-05-14,0,
704,1,3,OUT,SALE,1,2025-05-15,0,
705,1,3,OUT,SALE,1,2025-05-16,0,
706,1,3,OUT,SALE,1,2025-05-17,0,
707,1,3,OUT,SALE,1,2025-05-18,0,
708,1,3,OUT,SALE,1,2025-05-19,0,
709,1,3,OUT,SALE,1,2025-05-20,0,
710,1,3,OUT,SALE,1,2025-05-21,0,
711,1,3,OUT,SALE,1,2025-05-22,0,
712,1,3,OUT,SALE,1,2025-05-23,0,
713,1,3,OUT,SALE,1,2025-05-24,0,
714,1,3,OUT,SALE,1,2025-05-25,0,
715,1,3,OUT,SALE,1,2025-05-26,0,
716,1,3,OUT,SALE,1,2025-05-27,0,
717,1,3,OUT,SALE,1,2025-05-28,0,
718,1,3,OUT,DAMAGE,8,2025-05-29,1,THEFT_SPIKE
719,1,3,OUT,SALE,1,2025-05-30,0,
720,1,3,OUT,SALE,1,2025-05-31,0,
721,1,3,OUT,SALE,1,2025-09-01,0,
722,1,3,OUT,SALE,1,2025-09-02,0,
723,1,3,OUT,SALE,1,2025-09-03,0,
724,1,3,OUT,SALE,1,2025-09-04,0,
725,1,3,OUT,SALE,1,2025-09-05,0,
726,1,3,OUT,SALE,1,2025-09-06,0,
727,1,3,OUT,SALE,1,2025-09-07,0,
728,1,3,OUT,DAMAGE,5,2025-09-08,1,THEFT_SPIKE
729,1,3,OUT,SALE,1,2025-09-09,0,
730,1,3,OUT,SALE,1,2025-09-10,0,
731,1,3,OUT,SALE,1,2025-09-11,0,
732,1,3,OUT,SALE,1,2025-09-12,0,
733,1,3,OUT,SALE,1,2025-09-13,0,
734,1,3,OUT,SALE,1,2025-09-14,0,
735,1,3,OUT,SALE,1,2025-09-15,0,
736,1,3,OUT,SALE,1,2025-09-16,0,
737,1,3,OUT,SALE,1,2025-09-17,0,
738,1,3,OUT,SALE,1,2025-09-18,0,
739,1,3,OUT,SALE,1,2025-09-19,0,
740,1,3,OUT,SALE,1,2025-09-20,0,
741,1,3,OUT,SALE,1,2025-09-21,0,
742,1,3,OUT,SALE,1,2025-09-22,0,
743,1,3,OUT,SALE,1,2025-09-23,0,
744,1,3,OUT,SALE,1,2025-09-24,0,
745,1,3,OUT,SALE,1,2025-09-25,0,
746,1,3,OUT,SALE,1,2025-09-26,0,
747,1,3,OUT,SALE,1,2025-09-27,0,
748,1,3,OUT,SALE,1,2025-09-28,0,
749,1,3,OUT,SALE,1,2025-09-29,0,
750,1,3,OUT,SALE,1,2025-09-30,0,
751,1,3,OUT,SALE,3,2025-10-01,0,
752,1,3,OUT,SALE,4,2025-10-02,0,
753,1,3,OUT,SALE,3,2025-10-03,0,
754,1,3,OUT,SALE,2,2025-10-04,0,
755,1,3,OUT,SALE,2,2025-10-05,0,
756,1,3,OUT,SALE,2,2025-10-06,0,
757,1,3,OUT,SALE,2,2025-10-07,0,
758,1,3,OUT,SALE,1,2025-10-08,0,
759,1,3,OUT,SALE,1,2025-10-09,0,
760,1,3,OUT,SALE,1,2025-10-10,0,
761,1,3,OUT,SALE,2,2025-10-11,0,
762,1,3,OUT,SALE,2,2025-10-12,0,
763,1,3,OUT,SALE,1,2025-10-13,0,
764,1,3,OUT,SALE,2,2025-10-14,0,
765,1,3,OUT,SALE,1,2025-10-15,0,
766,1,3,OUT,SALE,1,2025-10-16,0,
767,1,3,OUT,SALE,2,2025-10-17,0,
768,1,3,OUT,SALE,2,2025-10-18,0,
769,1,3,OUT,SALE,2,2025-10-19,0,
770,1,3,OUT,SALE,1,2025-10-20,0,
771,1,3,OUT,SALE,2,2025-10-21,0,
772,1,3,OUT,SALE,2,2025-10-22,0,
773,1,3,OUT,SALE,1,2025-10-23,0,
774,1,3,OUT,SALE,2,2025-10-24,0,
775,1,3,OUT,SALE,2,2025-10-25,0,
776,1,3,OUT,SALE,1,2025-10-26,0,
777,1,3,OUT,SALE,2,2025-10-27,0,
778,1,3,OUT,SALE,2,2025-10-28,0,
779,1,3,OUT,SALE,1,2025-10-29,0,
780,1,3,OUT,SALE,2,2025-10-30,0,
781,1,3,OUT,SALE,2,2025-10-31,0,
782,1,3,OUT,SALE,3,2025-11-01,0,
783,1,3,OUT,SALE,2,2025-11-02,0,
784,1,3,OUT,SALE,2,2025-11-03,0,
785,1,3,OUT,SALE,2,2025-11-04,0,
786,1,3,OUT,SALE,3,2025-11-05,0,
787,1,3,OUT,SALE,2,2025-11-06,0,
788,1,3,OUT,SALE,2,2025-11-07,0,
789,1,3,OUT,SALE,3,2025-11-08,0,
790,1,3,OUT,SALE,2,2025-11-09,0,
791,1,3,OUT,SALE,3,2025-11-10,0,
792,1,3,OUT,SALE,2,2025-11-11,0,
793,1,3,OUT,SALE,2,2025-11-12,0,
794,1,3,OUT,SALE,2,2025-11-13,0,
795,1,3,OUT,SALE,2,2025-11-14,0,
796,1,3,OUT,SALE,3,2025-11-15,0,
797,1,3,OUT,SALE,2,2025-11-16,0,
798,1,3,OUT,SALE,2,2025-11-17,0,
799,1,3,OUT,SALE,2,2025-11-18,0,
800,1,3,OUT,SALE,2,2025-11-19,0,
801,1,3,OUT,SALE,2,2025-11-20,0,
802,1,3,OUT,SALE,2,2025-11-21,0,
803,1,3,OUT,SALE,3,2025-11-22,0,
804,1,3,OUT,SALE,2,2025-11-23,0,
805,1,3,OUT,SALE,2,2025-11-24,0,
806,1,3,OUT,SALE,2,2025-11-25,0,
807,1,3,OUT,SALE,3,2025-11-26,0,
808,1,3,OUT,SALE,2,2025-11-27,0,
809,1,3,OUT,SALE,5,2025-11-28,0,
810,1,3,OUT,SALE,6,2025-11-29,0,
811,1,3,OUT,SALE,6,2025-11-30,0,
812,1,3,OUT,SALE,3,2025-12-01,0,
813,1,3,OUT,SALE,3,2025-12-02,0,
814,1,3,OUT,SALE,3,2025-12-03,0,
815,1,3,OUT,SALE,3,2025-12-04,0,
816,1,3,OUT,SALE,3,2025-12-05,0,
817,1,3,OUT,SALE,3,2025-12-06,0,
818,1,3,OUT,SALE,3,2025-12-07,0,
819,1,3,OUT,SALE,3,2025-12-08,0,
820,1,3,OUT,SALE,3,2025-12-09,0,
821,1,3,OUT,SALE,3,2025-12-10,0,
822,1,3,OUT,SALE,3,2025-12-11,0,
823,1,3,OUT,SALE,3,2025-12-12,0,
824,1,3,OUT,SALE,3,2025-12-13,0,
825,1,3,OUT,SALE,3,2025-12-14,0,
826,1,3,OUT,SALE,2,2025-12-15,0,
827,1,3,OUT,SALE,9999,2025-12-16,1,DATA_ERROR
828,1,3,OUT,SALE,3,2025-12-17,0,
829,1,3,OUT,SALE,3,2025-12-18,0,
830,1,3,OUT,SALE,2,2025-12-19,0,
831,1,3,OUT,SALE,4,2025-12-20,0,
832,1,3,OUT,SALE,3,2025-12-21,0,
833,1,3,OUT,SALE,3,2025-12-22,0,
834,1,3,OUT,SALE,2,2025-12-23,0,
835,1,3,OUT,SALE,5,2025-12-24,0,
836,1,3,OUT,SALE,4,2025-12-25,0,
837,1,3,OUT,SALE,4,2025-12-26,0,
838,1,3,OUT,SALE,4,2025-12-27,0,
839,1,3,OUT,SALE,3,2025-12-28,0,
840,1,3,OUT,SALE,3,2025-12-29,0,
841,1,3,OUT,SALE,3,2025-12-30,0,
842,1,3,OUT,SALE,3,2025-12-31,0,
843,1,4,OUT,SALE,4,2025-01-01,0,
844,1,4,OUT,SALE,4,2025-01-02,0,
845,1,4,OUT,SALE,5,2025-01-03,0,
846,1,4,OUT,SALE,5,2025-01-04,0,
847,1,4,OUT,DAMAGE,13,2025-01-05,1,REPEATED_LOSS
848,1,4,OUT,SALE,5,2025-01-06,0,
849,1,4,OUT,SALE,5,2025-01-07,0,
850,1,4,OUT,SALE,5,2025-01-08,0,
851,1,4,OUT,SALE,5,2025-01-09,0,
852,1,4,OUT,SALE,4,2025-01-10,0,
853,1,4,OUT,SALE,6,2025-01-11,0,
854,1,4,OUT,SALE,4,2025-01-12,0,
855,1,4,OUT,SALE,4,2025-01-13,0,
856,1,4,OUT,SALE,4,2025-01-14,0,
857,1,4,OUT,SALE,4,2025-01-15,0,
858,1,4,OUT,SALE,4,2025-01-16,0,
859,1,4,OUT,SALE,4,2025-01-17,0,
860,1,4,OUT,SALE,5,2025-01-18,0,
861,1,4,OUT,SALE,6,2025-01-19,0,
862,1,4,OUT,SALE,4,2025-01-20,0,
863,1,4,OUT,SALE,4,2025-01-21,0,
864,1,4,OUT,SALE,5,2025-01-22,0,
865,1,4,OUT,SALE,5,2025-01-23,0,
866,1,4,OUT,SALE,4,2025-01-24,0,
867,1,4,OUT,SALE,9,2025-01-25,0,
868,1,4,OUT,SALE,10,2025-01-26,0,
869,1,4,OUT,SALE,7,2025-01-27,0,
870,1,4,OUT,SALE,9,2025-01-28,0,
871,1,4,OUT,SALE,4,2025-01-29,0,
872,1,4,OUT,SALE,4,2025-01-30,0,
873,1,4,OUT,SALE,4,2025-01-31,0,
874,1,4,OUT,SALE,4,2025-02-01,0,
875,1,4,OUT,SALE,4,2025-02-02,0,
876,1,4,OUT,SALE,3,2025-02-03,0,
877,1,4,OUT,SALE,4,2025-02-04,0,
878,1,4,OUT,SALE,3,2025-02-05,0,
879,1,4,OUT,SALE,3,2025-02-06,0,
880,1,4,OUT,SALE,3,2025-02-07,0,
881,1,4,OUT,SALE,4,2025-02-08,0,
882,1,4,OUT,SALE,3,2025-02-09,0,
883,1,4,OUT,SALE,4,2025-02-10,0,
884,1,4,OUT,SALE,4,2025-02-11,0,
885,1,4,OUT,SALE,3,2025-02-12,0,
886,1,4,OUT,SALE,5,2025-02-13,0,
887,1,4,OUT,SALE,4,2025-02-14,0,
888,1,4,OUT,SALE,4,2025-02-15,0,
889,1,4,OUT,SALE,3,2025-02-16,0,
890,1,4,OUT,SALE,5,2025-02-17,0,
891,1,4,OUT,SALE,3,2025-02-18,0,
892,1,4,OUT,SALE,3,2025-02-19,0,
893,1,4,OUT,SALE,4,2025-02-20,0,
894,1,4,OUT,SALE,5,2025-02-21,0,
895,1,4,OUT,SALE,5,2025-02-22,0,
896,1,4,OUT,SALE,4,2025-02-23,0,
897,1,4,OUT,SALE,4,2025-02-24,0,
898,1,4,OUT,SALE,4,2025-02-25,0,
899,1,4,OUT,SALE,4,2025-02-26,0,
900,1,4,OUT,SALE,4,2025-02-27,0,
901,1,4,OUT,SALE,4,2025-02-28,0,
902,1,4,OUT,SALE,3,2025-03-01,0,
903,1,4,OUT,SALE,3,2025-03-02,0,
904,1,4,OUT,SALE,3,2025-03-03,0,
905,1,4,OUT,SALE,2,2025-03-04,0,
906,1,4,OUT,SALE,3,2025-03-05,0,
907,1,4,OUT,SALE,2,2025-03-06,0,
908,1,4,OUT,SALE,2,2025-03-07,0,
909,1,4,OUT,SALE,3,2025-03-08,0,
910,1,4,OUT,SALE,4,2025-03-09,0,
911,1,4,OUT,SALE,3,2025-03-10,0,
912,1,4,OUT,SALE,2,2025-03-11,0,
913,1,4,OUT,SALE,2,2025-03-12,0,
914,1,4,OUT,SALE,3,2025-03-13,0,
915,1,4,OUT,SALE,2,2025-03-14,0,
916,1,4,OUT,SALE,5,2025-03-15,0,
917,1,4,OUT,SALE,5,2025-03-16,0,
918,1,4,OUT,SALE,4,2025-03-17,0,
919,1,4,OUT,SALE,4,2025-03-18,0,
920,1,4,OUT,SALE,2,2025-03-19,0,
921,1,4,OUT,SALE,2,2025-03-20,0,
922,1,4,OUT,SALE,3,2025-03-21,0,
923,1,4,OUT,SALE,2,2025-03-22,0,
924,1,4,OUT,SALE,3,2025-03-23,0,
925,1,4,OUT,SALE,3,2025-03-24,0,
926,1,4,OUT,SALE,3,2025-03-25,0,
927,1,4,OUT,SALE,3,2025-03-26,0,
928,1,4,OUT,SALE,3,2025-03-27,0,
929,1,4,OUT,SALE,3,2025-03-28,0,
930,1,4,OUT,SALE,3,2025-03-29,0,
931,1,4,OUT,SALE,3,2025-03-30,0,
932,1,4,OUT,SALE,3,2025-03-31,0,
933,1,4,OUT,SALE,2,2025-04-01,0,
934,1,4,OUT,SALE,2,2025-04-02,0,
935,1,4,OUT,SALE,2,2025-04-03,0,
936,1,4,OUT,SALE,2,2025-04-04,0,
937,1,4,OUT,SALE,2,2025-04-05,0,
938,1,4,OUT,SALE,2,2025-04-06,0,
939,1,4,OUT,SALE,1,2025-04-07,0,
940,1,4,OUT,SALE,2,2025-04-08,0,
941,1,4,OUT,SALE,2,2025-04-09,0,
942,1,4,OUT,SALE,2,2025-04-10,0,
943,1,4,OUT,SALE,2,2025-04-11,0,
944,1,4,OUT,SALE,2,2025-04-12,0,
945,1,4,OUT,SALE,2,2025-04-13,0,
946,1,4,OUT,SALE,2,2025-04-14,0,
947,1,4,OUT,SALE,2,2025-04-15,0,
948,1,4,OUT,SALE,2,2025-04-16,0,
949,1,4,OUT,SALE,1,2025-04-17,0,
950,1,4,OUT,SALE,2,2025-04-18,0,
951,1,4,OUT,SALE,2,2025-04-19,0,
952,1,4,OUT,SALE,2,2025-04-20,0,
953,1,4,OUT,SALE,2,2025-04-21,0,
954,1,4,OUT,SALE,2,2025-04-22,0,
955,1,4,OUT,SALE,2,2025-04-23,0,
956,1,4,OUT,SALE,2,2025-04-24,0,
957,1,4,OUT,SALE,2,2025-04-25,0,
958,1,4,OUT,SALE,2,2025-04-26,0,
959,1,4,OUT,SALE,2,2025-04-27,0,
960,1,4,OUT,SALE,1,2025-04-28,0,
961,1,4,OUT,SALE,2,2025-04-29,0,
962,1,4,OUT,SALE,2,2025-04-30,0,
963,1,4,OUT,SALE,1,2025-05-01,0,
964,1,4,OUT,SALE,1,2025-05-02,0,
965,1,4,OUT,SALE,1,2025-05-03,0,
966,1,4,OUT,SALE,1,2025-05-04,0,
967,1,4,OUT,SALE,1,2025-05-05,0,
968,1,4,OUT,SALE,1,2025-05-06,0,
969,1,4,OUT,SALE,1,2025-05-07,0,
970,1,4,OUT,SALE,1,2025-05-08,0,
971,1,4,OUT,DAMAGE,6,2025-05-09,1,THEFT_SPIKE
972,1,4,OUT,SALE,1,2025-05-10,0,
973,1,4,OUT,SALE,1,2025-05-11,0,
974,1,4,OUT,SALE,1,2025-05-12,0,
975,1,4,OUT,SALE,1,2025-05-13,0,
976,1,4,OUT,SALE,1,2025-05-14,0,
977,1,4,OUT,SALE,1,2025-05-15,0,
978,1,4,OUT,SALE,1,2025-05-16,0,
979,1,4,OUT,SALE,1,2025-05-17,0,
980,1,4,OUT,SALE,1,2025-05-18,0,
981,1,4,OUT,SALE,1,2025-05-19,0,
982,1,4,OUT,SALE,1,2025-05-20,0,
983,1,4,OUT,SALE,1,2025-05-21,0,
984,1,4,OUT,SALE,1,2025-05-22,0,
985,1,4,OUT,SALE,1,2025-05-23,0,
986,1,4,OUT,SALE,1,2025-05-24,0,
987,1,4,OUT,SALE,1,2025-05-25,0,
988,1,4,OUT,SALE,1,2025-05-26,0,
989,1,4,OUT,SALE,1,2025-05-27,0,
990,1,4,OUT,SALE,1,2025-05-28,0,
991,1,4,OUT,SALE,1,2025-05-29,0,
992,1,4,OUT,SALE,1,2025-05-30,0,
993,1,4,OUT,SALE,1,2025-05-31,0,
994,1,4,OUT,SALE,1,2025-06-01,0,
995,1,4,OUT,SALE,1,2025-06-02,0,
996,1,4,OUT,SALE,1,2025-06-03,0,
997,1,4,OUT,SALE,1,2025-06-04,0,
998,1,4,OUT,SALE,9999,2025-06-05,1,DATA_ERROR
999,1,4,OUT,SALE,1,2025-06-06,0,
1000,1,4,OUT,SALE,1,2025-06-07,0,
1001,1,4,OUT,SALE,1,2025-06-08,0,
1002,1,4,OUT,SALE,1,2025-06-09,0,
1003,1,4,OUT,SALE,1,2025-06-10,0,
1004,1,4,OUT,SALE,1,2025-06-11,0,
1005,1,4,OUT,SALE,1,2025-06-12,0,
1006,1,4,OUT,SALE,1,2025-06-13,0,
1007,1,4,OUT,SALE,1,2025-06-14,0,
1008,1,4,OUT,SALE,1,2025-06-15,0,
1009,1,4,OUT,SALE,1,2025-06-16,0,
1010,1,4,OUT,SALE,1,2025-06-17,0,
1011,1,4,OUT,SALE,1,2025-06-18,0,
1012,1,4,OUT,SALE,1,2025-06-19,0,
1013,1,4,OUT,SALE,1,2025-06-20,0,
1014,1,4,OUT,SALE,1,2025-06-21,0,
1015,1,4,OUT,SALE,1,2025-06-22,0,
1016,1,4,OUT,SALE,1,2025-06-23,0,
1017,1,4,OUT,SALE,1,2025-06-24,0,
1018,1,4,OUT,SALE,1,2025-06-25,0,
1019,1,4,OUT,SALE,1,2025-06-26,0,
1020,1,4,OUT,SALE,1,2025-06-27,0,
1021,1,4,OUT,SALE,1,2025-06-28,0,
1022,1,4,OUT,SALE,1,2025-06-29,0,
1023,1,4,OUT,SALE,1,2025-06-30,0,
1024,1,4,OUT,SALE,1,2025-07-01,0,
1025,1,4,OUT,SALE,1,2025-07-02,0,
1026,1,4,OUT,SALE,1,2025-07-03,0,
1027,1,4,OUT,SALE,1,2025-07-04,0,
1028,1,4,OUT,DAMAGE,7,2025-07-05,1,THEFT_SPIKE
1029,1,4,OUT,SALE,1,2025-07-06,0,
1030,1,4,OUT,SALE,1,2025-07-07,0,
1031,1,4,OUT,SALE,1,2025-07-08,0,
1032,1,4,OUT,DAMAGE,2,2025-07-09,1,REPEATED_LOSS
1033,1,4,OUT,SALE,1,2025-07-10,0,
1034,1,4,OUT,SALE,1,2025-07-11,0,
1035,1,4,OUT,SALE,1,2025-07-12,0,
1036,1,4,OUT,SALE,1,2025-07-13,0,
1037,1,4,OUT,SALE,1,2025-07-14,0,
1038,1,4,OUT,SALE,1,2025-07-15,0,
1039,1,4,OUT,SALE,1,2025-07-16,0,
1040,1,4,OUT,SALE,0,2025-07-17,1,DATA_ERROR
1041,1,4,OUT,SALE,1,2025-07-18,0,
1042,1,4,OUT,SALE,1,2025-07-19,0,
1043,1,4,OUT,SALE,3,2025-07-20,0,
1044,1,4,OUT,SALE,2,2025-07-21,0,
1045,1,4,OUT,SALE,2,2025-07-22,0,
1046,1,4,OUT,SALE,2,2025-07-23,0,
1047,1,4,OUT,SALE,2,2025-07-24,0,
1048,1,4,OUT,SALE,2,2025-07-25,0,
1049,1,4,OUT,SALE,1,2025-07-26,0,
1050,1,4,OUT,SALE,1,2025-07-27,0,
1051,1,4,OUT,SALE,1,2025-07-28,0,
1052,1,4,OUT,SALE,1,2025-07-29,0,
1053,1,4,OUT,SALE,1,2025-07-30,0,
1054,1,4,OUT,SALE,1,2025-07-31,0,
1055,1,4,OUT,SALE,2,2025-08-01,0,
1056,1,4,OUT,SALE,2,2025-08-02,0,
1057,1,4,OUT,SALE,2,2025-08-03,0,
1058,1,4,OUT,SALE,2,2025-08-04,0,
1059,1,4,OUT,SALE,2,2025-08-05,0,
1060,1,4,OUT,SALE,2,2025-08-06,0,
1061,1,4,OUT,SALE,2,2025-08-07,0,
1062,1,4,OUT,SALE,2,2025-08-08,0,
1063,1,4,OUT,SALE,2,2025-08-09,0,
1064,1,4,OUT,SALE,2,2025-08-10,0,
1065,1,4,OUT,SALE,2,2025-08-11,0,
1066,1,4,OUT,DAMAGE,5,2025-08-12,1,REPEATED_LOSS
1067,1,4,OUT,SALE,2,2025-08-13,0,
1068,1,4,OUT,SALE,2,2025-08-14,0,
1069,1,4,OUT,SALE,2,2025-08-15,0,
1070,1,4,OUT,SALE,2,2025-08-16,0,
1071,1,4,OUT,SALE,2,2025-08-17,0,
1072,1,4,OUT,SALE,2,2025-08-18,0,
1073,1,4,OUT,SALE,2,2025-08-19,0,
1074,1,4,OUT,SALE,1,2025-08-20,0,
1075,1,4,OUT,SALE,1,2025-08-21,0,
1076,1,4,OUT,SALE,2,2025-08-22,0,
1077,1,4,OUT,SALE,2,2025-08-23,0,
1078,1,4,OUT,SALE,2,2025-08-24,0,
1079,1,4,OUT,SALE,1,2025-08-25,0,
1080,1,4,OUT,SALE,1,2025-08-26,0,
1081,1,4,OUT,SALE,2,2025-08-27,0,
1082,1,4,OUT,SALE,2,2025-08-28,0,
1083,1,4,OUT,SALE,2,2025-08-29,0,
1084,1,4,OUT,SALE,1,2025-08-30,0,
1085,1,4,OUT,SALE,2,2025-08-31,0,
1086,1,4,OUT,SALE,3,2025-09-01,0,
1087,1,4,OUT,SALE,2,2025-09-02,0,
1088,1,4,OUT,SALE,3,2025-09-03,0,
1089,1,4,OUT,SALE,3,2025-09-04,0,
1090,1,4,OUT,SALE,3,2025-09-05,0,
1091,1,4,OUT,SALE,3,2025-09-06,0,
1092,1,4,OUT,SALE,3,2025-09-07,0,
1093,1,4,OUT,SALE,3,2025-09-08,0,
1094,1,4,OUT,SALE,3,2025-09-09,0,
1095,1,4,OUT,SALE,3,2025-09-10,0,
1096,1,4,OUT,SALE,2,2025-09-11,0,
1097,1,4,OUT,SALE,2,2025-09-12,0,
1098,1,4,OUT,SALE,3,2025-09-13,0,
1099,1,4,OUT,SALE,3,2025-09-14,0,
1100,1,4,OUT,DAMAGE,22,2025-09-15,1,THEFT_SPIKE
1101,1,4,OUT,SALE,2,2025-09-16,0,
1102,1,4,OUT,SALE,2,2025-09-17,0,
1103,1,4,OUT,SALE,3,2025-09-18,0,
1104,1,4,OUT,SALE,3,2025-09-19,0,
1105,1,4,OUT,SALE,3,2025-09-20,0,
1106,1,4,OUT,SALE,3,2025-09-21,0,
1107,1,4,OUT,SALE,2,2025-09-22,0,
1108,1,4,OUT,SALE,3,2025-09-23,0,
1109,1,4,OUT,SALE,3,2025-09-24,0,
1110,1,4,OUT,SALE,2,2025-09-25,0,
1111,1,4,OUT,SALE,3,2025-09-26,0,
1112,1,4,OUT,SALE,3,2025-09-27,0,
1113,1,4,OUT,SALE,3,2025-09-28,0,
1114,1,4,OUT,SALE,3,2025-09-29,0,
1115,1,4,OUT,SALE,6,2025-09-30,0,
1116,1,4,OUT,SALE,8,2025-10-01,0,
1117,1,4,OUT,SALE,7,2025-10-02,0,
1118,1,4,OUT,SALE,6,2025-10-03,0,
1119,1,4,OUT,SALE,4,2025-10-04,0,
1120,1,4,OUT,SALE,4,2025-10-05,0,
1121,1,4,OUT,SALE,4,2025-10-06,0,
1122,1,4,OUT,SALE,4,2025-10-07,0,
1123,1,4,OUT,SALE,3,2025-10-08,0,
1124,1,4,OUT,SALE,4,2025-10-09,0,
1125,1,4,OUT,SALE,3,2025-10-10,0,
1126,1,4,OUT,SALE,4,2025-10-11,0,
1127,1,4,OUT,SALE,5,2025-10-12,0,
1128,1,4,OUT,SALE,3,2025-10-13,0,
1129,1,4,OUT,SALE,3,2025-10-14,0,
1130,1,4,OUT,SALE,4,2025-10-15,0,
1131,1,4,OUT,SALE,4,2025-10-16,0,
1132,1,4,OUT,SALE,4,2025-10-17,0,
1133,1,4,OUT,SALE,5,2025-10-18,0,
1134,1,4,OUT,SALE,4,2025-10-19,0,
1135,1,4,OUT,SALE,3,2025-10-20,0,
1136,1,4,OUT,SALE,4,2025-10-21,0,
1137,1,4,OUT,SALE,3,2025-10-22,0,
1138,1,4,OUT,SALE,3,2025-10-23,0,
1139,1,4,OUT,DAMAGE,21,2025-10-24,1,THEFT_SPIKE
1140,1,4,OUT,SALE,4,2025-10-25,0,
1141,1,4,OUT,SALE,4,2025-10-26,0,
1142,1,4,OUT,SALE,4,2025-10-27,0,
1143,1,4,OUT,SALE,3,2025-10-28,0,
1144,1,4,OUT,SALE,4,2025-10-29,0,
1145,1,4,OUT,SALE,4,2025-10-30,0,
1146,1,4,OUT,SALE,4,2025-10-31,0,
1147,1,4,OUT,SALE,6,2025-11-01,0,
1148,1,4,OUT,SALE,5,2025-11-02,0,
1149,1,4,OUT,SALE,5,2025-11-03,0,
1150,1,4,OUT,SALE,5,2025-11-04,0,
1151,1,4,OUT,SALE,4,2025-11-05,0,
1152,1,4,OUT,SALE,4,2025-11-06,0,
1153,1,4,OUT,SALE,4,2025-11-07,0,
1154,1,4,OUT,SALE,4,2025-11-08,0,
1155,1,4,OUT,SALE,6,2025-11-09,0,
1156,1,4,OUT,SALE,4,2025-11-10,0,
1157,1,4,OUT,SALE,4,2025-11-11,0,
1158,1,4,OUT,SALE,4,2025-11-12,0,
1159,1,4,OUT,SALE,4,2025-11-13,0,
1160,1,4,OUT,SALE,5,2025-11-14,0,
1161,1,4,OUT,SALE,5,2025-11-15,0,
1162,1,4,OUT,SALE,5,2025-11-16,0,
1163,1,4,OUT,SALE,4,2025-11-17,0,
1164,1,4,OUT,SALE,4,2025-11-18,0,
1165,1,4,OUT,SALE,4,2025-11-19,0,
1166,1,4,OUT,SALE,5,2025-11-20,0,
1167,1,4,OUT,SALE,4,2025-11-21,0,
1168,1,4,OUT,SALE,5,2025-11-22,0,
1169,1,4,OUT,SALE,5,2025-11-23,0,
1170,1,4,OUT,SALE,5,2025-11-24,0,
1171,1,4,OUT,SALE,4,2025-11-25,0,
1172,1,4,OUT,SALE,4,2025-11-26,0,
1173,1,4,OUT,SALE,4,2025-11-27,0,
1174,1,4,OUT,SALE,10,2025-11-28,0,
1175,1,4,OUT,SALE,11,2025-11-29,0,
1176,1,4,OUT,SALE,13,2025-11-30,0,
1177,1,4,OUT,SALE,5,2025-12-01,0,
1178,1,4,OUT,SALE,4,2025-12-02,0,
1179,1,4,OUT,SALE,5,2025-12-03,0,
1180,1,4,OUT,SALE,5,2025-12-04,0,
1181,1,4,OUT,SALE,5,2025-12-05,0,
1182,1,4,OUT,SALE,7,2025-12-06,0,
1183,1,4,OUT,SALE,6,2025-12-07,0,
1184,1,4,OUT,SALE,4,2025-12-08,0,
1185,1,4,OUT,SALE,5,2025-12-09,0,
1186,1,4,OUT,SALE,5,2025-12-10,0,
1187,1,4,OUT,SALE,5,2025-12-11,0,
1188,1,4,OUT,SALE,5,2025-12-12,0,
1189,1,4,OUT,SALE,5,2025-12-13,0,
1190,1,4,OUT,SALE,4,2025-12-14,0,
1191,1,4,OUT,SALE,4,2025-12-15,0,
1192,1,4,OUT,SALE,4,2025-12-16,0,
1193,1,4,OUT,SALE,4,2025-12-17,0,
1194,1,4,OUT,SALE,5,2025-12-18,0,
1195,1,4,OUT,SALE,5,2025-12-19,0,
1196,1,4,OUT,SALE,5,2025-12-20,0,
1197,1,4,OUT,SALE,4,2025-12-21,0,
1198,1,4,OUT,SALE,5,2025-12-22,0,
1199,1,4,OUT,SALE,5,2025-12-23,0,
1200,1,4,OUT,SALE,7,2025-12-24,0,
1201,1,4,OUT,SALE,8,2025-12-25,0,
1202,1,4,OUT,SALE,8,2025-12-26,0,
1203,1,4,OUT,SALE,5,2025-12-27,0,
1204,1,4,OUT,SALE,6,2025-12-28,0,
1205,1,4,OUT,SALE,4,2025-12-29,0,
1206,1,4,OUT,SALE,5,2025-12-30,0,
1207,1,4,OUT,SALE,4,2025-12-31,0,
1208,1,5,OUT,SALE,14,2025-01-01,0,
1209,1,5,OUT,SALE,16,2025-01-02,0,
1210,1,5,OUT,SALE,14,2025-01-03,0,
1211,1,5,OUT,SALE,20,2025-01-04,0,
1212,1,5,OUT,SALE,16,2025-01-05,0,
1213,1,5,OUT,SALE,15,2025-01-06,0,
1214,1,5,OUT,SALE,16,2025-01-07,0,
1215,1,5,OUT,SALE,12,2025-01-08,0,
1216,1,5,OUT,SALE,11,2025-01-09,0,
1217,1,5,OUT,SALE,12,2025-01-10,0,
1218,1,5,OUT,SALE,19,2025-01-11,0,
1219,1,5,OUT,SALE,15,2025-01-12,0,
1220,1,5,OUT,SALE,19,2025-01-13,0,
1221,1,5,OUT,SALE,13,2025-01-14,0,
1222,1,5,OUT,DAMAGE,31,2025-01-15,1,REPEATED_LOSS
1223,1,5,OUT,SALE,17,2025-01-16,0,
1224,1,5,OUT,SALE,18,2025-01-17,0,
1225,1,5,OUT,SALE,20,2025-01-18,0,
1226,1,5,OUT,SALE,19,2025-01-19,0,
1227,1,5,OUT,SALE,16,2025-01-20,0,
1228,1,5,OUT,SALE,15,2025-01-21,0,
1229,1,5,OUT,SALE,16,2025-01-22,0,
1230,1,5,OUT,SALE,13,2025-01-23,0,
1231,1,5,OUT,SALE,13,2025-01-24,0,
1232,1,5,OUT,SALE,30,2025-01-25,0,
1233,1,5,OUT,SALE,29,2025-01-26,0,
1234,1,5,OUT,SALE,24,2025-01-27,0,
1235,1,5,OUT,SALE,28,2025-01-28,0,
1236,1,5,OUT,SALE,16,2025-01-29,0,
1237,1,5,OUT,SALE,14,2025-01-30,0,
1238,1,5,OUT,SALE,17,2025-01-31,0,
1239,1,5,OUT,SALE,12,2025-02-01,0,
1240,1,5,OUT,SALE,13,2025-02-02,0,
1241,1,5,OUT,SALE,11,2025-02-03,0,
1242,1,5,OUT,SALE,9,2025-02-04,0,
1243,1,5,OUT,SALE,12,2025-02-05,0,
1244,1,5,OUT,SALE,12,2025-02-06,0,
1245,1,5,OUT,SALE,14,2025-02-07,0,
1246,1,5,OUT,SALE,15,2025-02-08,0,
1247,1,5,OUT,SALE,12,2025-02-09,0,
1248,1,5,OUT,SALE,15,2025-02-10,0,
1249,1,5,OUT,SALE,14,2025-02-11,0,
1250,1,5,OUT,SALE,13,2025-02-12,0,
1251,1,5,OUT,SALE,12,2025-02-13,0,
1252,1,5,OUT,SALE,11,2025-02-14,0,
1253,1,5,OUT,SALE,13,2025-02-15,0,
1254,1,5,OUT,SALE,16,2025-02-16,0,
1255,1,5,OUT,SALE,15,2025-02-17,0,
1256,1,5,OUT,SALE,14,2025-02-18,0,
1257,1,5,OUT,SALE,11,2025-02-19,0,
1258,1,5,OUT,SALE,10,2025-02-20,0,
1259,1,5,OUT,SALE,12,2025-02-21,0,
1260,1,5,OUT,SALE,11,2025-02-22,0,
1261,1,5,OUT,SALE,14,2025-02-23,0,
1262,1,5,OUT,SALE,12,2025-02-24,0,
1263,1,5,OUT,SALE,11,2025-02-25,0,
1264,1,5,OUT,SALE,10,2025-02-26,0,
1265,1,5,OUT,SALE,13,2025-02-27,0,
1266,1,5,OUT,SALE,11,2025-02-28,0,
1267,1,5,OUT,SALE,9,2025-03-01,0,
1268,1,5,OUT,SALE,7,2025-03-02,0,
1269,1,5,OUT,SALE,9,2025-03-03,0,
1270,1,5,OUT,SALE,11,2025-03-04,0,
1271,1,5,OUT,SALE,11,2025-03-05,0,
1272,1,5,OUT,SALE,8,2025-03-06,0,
1273,1,5,OUT,SALE,8,2025-03-07,0,
1274,1,5,OUT,SALE,11,2025-03-08,0,
1275,1,5,OUT,SALE,9,2025-03-09,0,
1276,1,5,OUT,SALE,9,2025-03-10,0,
1277,1,5,OUT,SALE,10,2025-03-11,0,
1278,1,5,OUT,SALE,10,2025-03-12,0,
1279,1,5,OUT,SALE,9,2025-03-13,0,
1280,1,5,OUT,SALE,9,2025-03-14,0,
1281,1,5,OUT,SALE,15,2025-03-15,0,
1282,1,5,OUT,SALE,15,2025-03-16,0,
1283,1,5,OUT,SALE,14,2025-03-17,0,
1284,1,5,OUT,SALE,15,2025-03-18,0,
1285,1,5,OUT,SALE,10,2025-03-19,0,
1286,1,5,OUT,SALE,8,2025-03-20,0,
1287,1,5,OUT,SALE,10,2025-03-21,0,
1288,1,5,OUT,SALE,10,2025-03-22,0,
1289,1,5,OUT,SALE,10,2025-03-23,0,
1290,1,5,OUT,SALE,8,2025-03-24,0,
1291,1,5,OUT,SALE,6,2025-03-25,0,
1292,1,5,OUT,SALE,10,2025-03-26,0,
1293,1,5,OUT,SALE,10,2025-03-27,0,
1294,1,5,OUT,SALE,9,2025-03-28,0,
1295,1,5,OUT,SALE,10,2025-03-29,0,
1296,1,5,OUT,SALE,11,2025-03-30,0,
1297,1,5,OUT,SALE,7,2025-03-31,0,
1298,1,5,OUT,SALE,5,2025-04-01,0,
1299,1,5,OUT,SALE,6,2025-04-02,0,
1300,1,5,OUT,SALE,5,2025-04-03,0,
1301,1,5,OUT,SALE,6,2025-04-04,0,
1302,1,5,OUT,SALE,6,2025-04-05,0,
1303,1,5,OUT,SALE,7,2025-04-06,0,
1304,1,5,OUT,SALE,6,2025-04-07,0,
1305,1,5,OUT,SALE,5,2025-04-08,0,
1306,1,5,OUT,SALE,7,2025-04-09,0,
1307,1,5,OUT,SALE,5,2025-04-10,0,
1308,1,5,OUT,SALE,5,2025-04-11,0,
1309,1,5,OUT,SALE,7,2025-04-12,0,
1310,1,5,OUT,SALE,8,2025-04-13,0,
1311,1,5,OUT,SALE,5,2025-04-14,0,
1312,1,5,OUT,SALE,6,2025-04-15,0,
1313,1,5,OUT,SALE,6,2025-04-16,0,
1314,1,5,OUT,SALE,6,2025-04-17,0,
1315,1,5,OUT,SALE,6,2025-04-18,0,
1316,1,5,OUT,SALE,6,2025-04-19,0,
1317,1,5,OUT,SALE,6,2025-04-20,0,
1318,1,5,OUT,SALE,6,2025-04-21,0,
1319,1,5,OUT,SALE,5,2025-04-22,0,
1320,1,5,OUT,SALE,4,2025-04-23,0,
1321,1,5,OUT,SALE,6,2025-04-24,0,
1322,1,5,OUT,SALE,6,2025-04-25,0,
1323,1,5,OUT,SALE,5,2025-04-26,0,
1324,1,5,OUT,SALE,6,2025-04-27,0,
1325,1,5,OUT,SALE,6,2025-04-28,0,
1326,1,5,OUT,SALE,7,2025-04-29,0,
1327,1,5,OUT,SALE,6,2025-04-30,0,
1328,1,5,OUT,SALE,3,2025-05-01,0,
1329,1,5,OUT,SALE,3,2025-05-02,0,
1330,1,5,OUT,SALE,5,2025-05-03,0,
1331,1,5,OUT,SALE,4,2025-05-04,0,
1332,1,5,OUT,SALE,3,2025-05-05,0,
1333,1,5,OUT,SALE,3,2025-05-06,0,
1334,1,5,OUT,SALE,3,2025-05-07,0,
1335,1,5,OUT,SALE,4,2025-05-08,0,
1336,1,5,OUT,SALE,4,2025-05-09,0,
1337,1,5,OUT,SALE,4,2025-05-10,0,
1338,1,5,OUT,SALE,4,2025-05-11,0,
1339,1,5,OUT,SALE,3,2025-05-12,0,
1340,1,5,OUT,SALE,3,2025-05-13,0,
1341,1,5,OUT,SALE,4,2025-05-14,0,
1342,1,5,OUT,SALE,3,2025-05-15,0,
1343,1,5,OUT,SALE,3,2025-05-16,0,
1344,1,5,OUT,SALE,6,2025-05-17,0,
1345,1,5,OUT,SALE,4,2025-05-18,0,
1346,1,5,OUT,SALE,3,2025-05-19,0,
1347,1,5,OUT,SALE,3,2025-05-20,0,
1348,1,5,OUT,SALE,4,2025-05-21,0,
1349,1,5,OUT,SALE,4,2025-05-22,0,
1350,1,5,OUT,SALE,3,2025-05-23,0,
1351,1,5,OUT,SALE,4,2025-05-24,0,
1352,1,5,OUT,SALE,4,2025-05-25,0,
1353,1,5,OUT,SALE,4,2025-05-26,0,
1354,1,5,OUT,SALE,4,2025-05-27,0,
1355,1,5,OUT,SALE,3,2025-05-28,0,
1356,1,5,OUT,SALE,4,2025-05-29,0,
1357,1,5,OUT,SALE,4,2025-05-30,0,
1358,1,5,OUT,SALE,4,2025-05-31,0,
1359,1,5,OUT,SALE,3,2025-06-01,0,
1360,1,5,OUT,SALE,2,2025-06-02,0,
1361,1,5,OUT,SALE,2,2025-06-03,0,
1362,1,5,OUT,SALE,3,2025-06-04,0,
1363,1,5,OUT,SALE,3,2025-06-05,0,
1364,1,5,OUT,SALE,3,2025-06-06,0,
1365,1,5,OUT,SALE,3,2025-06-07,0,
1366,1,5,OUT,SALE,3,2025-06-08,0,
1367,1,5,OUT,SALE,3,2025-06-09,0,
1368,1,5,OUT,SALE,2,2025-06-10,0,
1369,1,5,OUT,SALE,3,2025-06-11,0,
1370,1,5,OUT,SALE,3,2025-06-12,0,
1371,1,5,OUT,SALE,3,2025-06-13,0,
1372,1,5,OUT,SALE,3,2025-06-14,0,
1373,1,5,OUT,SALE,3,2025-06-15,0,
1374,1,5,OUT,SALE,3,2025-06-16,0,
1375,1,5,OUT,SALE,3,2025-06-17,0,
1376,1,5,OUT,SALE,3,2025-06-18,0,
1377,1,5,OUT,SALE,3,2025-06-19,0,
1378,1,5,OUT,SALE,3,2025-06-20,0,
1379,1,5,OUT,SALE,3,2025-06-21,0,
1380,1,5,OUT,SALE,3,2025-06-22,0,
1381,1,5,OUT,SALE,3,2025-06-23,0,
1382,1,5,OUT,SALE,3,2025-06-24,0,
1383,1,5,OUT,SALE,3,2025-06-25,0,
1384,1,5,OUT,SALE,3,2025-06-26,0,
1385,1,5,OUT,SALE,3,2025-06-27,0,
1386,1,5,OUT,SALE,4,2025-06-28,0,
1387,1,5,OUT,SALE,3,2025-06-29,0,
1388,1,5,OUT,SALE,3,2025-06-30,0,
1389,1,5,OUT,SALE,4,2025-07-01,0,
1390,1,5,OUT,SALE,3,2025-07-02,0,
1391,1,5,OUT,SALE,3,2025-07-03,0,
1392,1,5,OUT,SALE,3,2025-07-04,0,
1393,1,5,OUT,SALE,5,2025-07-05,0,
1394,1,5,OUT,SALE,4,2025-07-06,0,
1395,1,5,OUT,SALE,3,2025-07-07,0,
1396,1,5,OUT,SALE,3,2025-07-08,0,
1397,1,5,OUT,SALE,4,2025-07-09,0,
1398,1,5,OUT,SALE,4,2025-07-10,0,
1399,1,5,OUT,SALE,3,2025-07-11,0,
1400,1,5,OUT,SALE,4,2025-07-12,0,
1401,1,5,OUT,SALE,4,2025-07-13,0,
1402,1,5,OUT,SALE,3,2025-07-14,0,
1403,1,5,OUT,SALE,4,2025-07-15,0,
1404,1,5,OUT,SALE,3,2025-07-16,0,
1405,1,5,OUT,SALE,4,2025-07-17,0,
1406,1,5,OUT,SALE,4,2025-07-18,0,
1407,1,5,OUT,SALE,5,2025-07-19,0,
1408,1,5,OUT,SALE,8,2025-07-20,0,
1409,1,5,OUT,SALE,8,2025-07-21,0,
1410,1,5,OUT,SALE,8,2025-07-22,0,
1411,1,5,OUT,SALE,7,2025-07-23,0,
1412,1,5,OUT,SALE,8,2025-07-24,0,
1413,1,5,OUT,SALE,7,2025-07-25,0,
1414,1,5,OUT,SALE,5,2025-07-26,0,
1415,1,5,OUT,SALE,4,2025-07-27,0,
1416,1,5,OUT,SALE,4,2025-07-28,0,
1417,1,5,OUT,SALE,4,2025-07-29,0,
1418,1,5,OUT,SALE,3,2025-07-30,0,
1419,1,5,OUT,SALE,4,2025-07-31,0,
1420,1,5,OUT,SALE,5,2025-08-01,0,
1421,1,5,OUT,SALE,7,2025-08-02,0,
1422,1,5,OUT,SALE,6,2025-08-03,0,
1423,1,5,OUT,SALE,6,2025-08-04,0,
1424,1,5,OUT,SALE,7,2025-08-05,0,
1425,1,5,OUT,SALE,5,2025-08-06,0,
1426,1,5,OUT,SALE,5,2025-08-07,0,
1427,1,5,OUT,SALE,6,2025-08-08,0,
1428,1,5,OUT,SALE,7,2025-08-09,0,
1429,1,5,OUT,SALE,7,2025-08-10,0,
1430,1,5,OUT,SALE,6,2025-08-11,0,
1431,1,5,OUT,SALE,6,2025-08-12,0,
1432,1,5,OUT,SALE,7,2025-08-13,0,
1433,1,5,OUT,SALE,6,2025-08-14,0,
1434,1,5,OUT,SALE,6,2025-08-15,0,
1435,1,5,OUT,SALE,7,2025-08-16,0,
1436,1,5,OUT,SALE,8,2025-08-17,0,
1437,1,5,OUT,SALE,6,2025-08-18,0,
1438,1,5,OUT,SALE,5,2025-08-19,0,
1439,1,5,OUT,SALE,7,2025-08-20,0,
1440,1,5,OUT,SALE,6,2025-08-21,0,
1441,1,5,OUT,SALE,4,2025-08-22,0,
1442,1,5,OUT,SALE,7,2025-08-23,0,
1443,1,5,OUT,SALE,6,2025-08-24,0,
1444,1,5,OUT,SALE,6,2025-08-25,0,
1445,1,5,OUT,SALE,6,2025-08-26,0,
1446,1,5,OUT,SALE,6,2025-08-27,0,
1447,1,5,OUT,SALE,6,2025-08-28,0,
1448,1,5,OUT,SALE,5,2025-08-29,0,
1449,1,5,OUT,SALE,7,2025-08-30,0,
1450,1,5,OUT,SALE,6,2025-08-31,0,
1451,1,5,OUT,SALE,10,2025-09-01,0,
1452,1,5,OUT,SALE,10,2025-09-02,0,
1453,1,5,OUT,SALE,0,2025-09-03,1,DATA_ERROR
1454,1,5,OUT,SALE,10,2025-09-04,0,
1455,1,5,OUT,SALE,8,2025-09-05,0,
1456,1,5,OUT,SALE,11,2025-09-06,0,
1457,1,5,OUT,SALE,11,2025-09-07,0,
1458,1,5,OUT,SALE,11,2025-09-08,0,
1459,1,5,OUT,SALE,9,2025-09-09,0,
1460,1,5,OUT,SALE,9,2025-09-10,0,
1461,1,5,OUT,SALE,9,2025-09-11,0,
1462,1,5,OUT,SALE,9,2025-09-12,0,
1463,1,5,OUT,SALE,11,2025-09-13,0,
1464,1,5,OUT,SALE,8,2025-09-14,0,
1465,1,5,OUT,SALE,8,2025-09-15,0,
1466,1,5,OUT,SALE,8,2025-09-16,0,
1467,1,5,OUT,SALE,10,2025-09-17,0,
1468,1,5,OUT,SALE,11,2025-09-18,0,
1469,1,5,OUT,SALE,9,2025-09-19,0,
1470,1,5,OUT,SALE,10,2025-09-20,0,
1471,1,5,OUT,SALE,10,2025-09-21,0,
1472,1,5,OUT,SALE,10,2025-09-22,0,
1473,1,5,OUT,SALE,8,2025-09-23,0,
1474,1,5,OUT,SALE,9,2025-09-24,0,
1475,1,5,OUT,SALE,10,2025-09-25,0,
1476,1,5,OUT,SALE,9,2025-09-26,0,
1477,1,5,OUT,SALE,10,2025-09-27,0,
1478,1,5,OUT,SALE,11,2025-09-28,0,
1479,1,5,OUT,SALE,6,2025-09-29,0,
1480,1,5,OUT,SALE,18,2025-09-30,0,
1481,1,5,OUT,SALE,21,2025-10-01,0,
1482,1,5,OUT,SALE,18,2025-10-02,0,
1483,1,5,OUT,SALE,24,2025-10-03,0,
1484,1,5,OUT,SALE,16,2025-10-04,0,
1485,1,5,OUT,SALE,14,2025-10-05,0,
1486,1,5,OUT,SALE,13,2025-10-06,0,
1487,1,5,OUT,SALE,14,2025-10-07,0,
1488,1,5,OUT,SALE,14,2025-10-08,0,
1489,1,5,OUT,SALE,14,2025-10-09,0,
1490,1,5,OUT,SALE,13,2025-10-10,0,
1491,1,5,OUT,SALE,14,2025-10-11,0,
1492,1,5,OUT,SALE,11,2025-10-12,0,
1493,1,5,OUT,SALE,12,2025-10-13,0,
1494,1,5,OUT,SALE,11,2025-10-14,0,
1495,1,5,OUT,SALE,15,2025-10-15,0,
1496,1,5,OUT,SALE,12,2025-10-16,0,
1497,1,5,OUT,SALE,12,2025-10-17,0,
1498,1,5,OUT,SALE,15,2025-10-18,0,
1499,1,5,OUT,SALE,14,2025-10-19,0,
1500,1,5,OUT,SALE,14,2025-10-20,0,
1501,1,5,OUT,SALE,11,2025-10-21,0,
1502,1,5,OUT,SALE,12,2025-10-22,0,
1503,1,5,OUT,SALE,11,2025-10-23,0,
1504,1,5,OUT,SALE,10,2025-10-24,0,
1505,1,5,OUT,SALE,13,2025-10-25,0,
1506,1,5,OUT,SALE,14,2025-10-26,0,
1507,1,5,OUT,SALE,11,2025-10-27,0,
1508,1,5,OUT,SALE,11,2025-10-28,0,
1509,1,5,OUT,SALE,10,2025-10-29,0,
1510,1,5,OUT,SALE,12,2025-10-30,0,
1511,1,5,OUT,SALE,10,2025-10-31,0,
1512,1,5,OUT,SALE,18,2025-11-01,0,
1513,1,5,OUT,SALE,17,2025-11-02,0,
1514,1,5,OUT,SALE,12,2025-11-03,0,
1515,1,5,OUT,SALE,14,2025-11-04,0,
1516,1,5,OUT,SALE,13,2025-11-05,0,
1517,1,5,OUT,SALE,15,2025-11-06,0,
1518,1,5,OUT,SALE,17,2025-11-07,0,
1519,1,5,OUT,SALE,13,2025-11-08,0,
1520,1,5,OUT,SALE,17,2025-11-09,0,
1521,1,5,OUT,SALE,14,2025-11-10,0,
1522,1,5,OUT,SALE,15,2025-11-11,0,
1523,1,5,OUT,SALE,15,2025-11-12,0,
1524,1,5,OUT,SALE,13,2025-11-13,0,
1525,1,5,OUT,SALE,14,2025-11-14,0,
1526,1,5,OUT,SALE,15,2025-11-15,0,
1527,1,5,OUT,SALE,19,2025-11-16,0,
1528,1,5,OUT,SALE,14,2025-11-17,0,
1529,1,5,OUT,SALE,18,2025-11-18,0,
1530,1,5,OUT,SALE,14,2025-11-19,0,
1531,1,5,OUT,SALE,13,2025-11-20,0,
1532,1,5,OUT,SALE,12,2025-11-21,0,
1533,1,5,OUT,SALE,13,2025-11-22,0,
1534,1,5,OUT,SALE,13,2025-11-23,0,
1535,1,5,OUT,SALE,15,2025-11-24,0,
1536,1,5,OUT,SALE,15,2025-11-25,0,
1537,1,5,OUT,SALE,12,2025-11-26,0,
1538,1,5,OUT,SALE,16,2025-11-27,0,
1539,1,5,OUT,SALE,34,2025-11-28,0,
1540,1,5,OUT,SALE,42,2025-11-29,0,
1541,1,5,OUT,SALE,49,2025-11-30,0,
1542,1,5,OUT,SALE,17,2025-12-01,0,
1543,1,5,OUT,SALE,15,2025-12-02,0,
1544,1,5,OUT,SALE,13,2025-12-03,0,
1545,1,5,OUT,SALE,11,2025-12-04,0,
1546,1,5,OUT,SALE,14,2025-12-05,0,
1547,1,5,OUT,SALE,17,2025-12-06,0,
1548,1,5,OUT,SALE,15,2025-12-07,0,
1549,1,5,OUT,SALE,15,2025-12-08,0,
1550,1,5,OUT,SALE,15,2025-12-09,0,
1551,1,5,OUT,SALE,15,2025-12-10,0,
1552,1,5,OUT,SALE,14,2025-12-11,0,
1553,1,5,OUT,SALE,15,2025-12-12,0,
1554,1,5,OUT,SALE,18,2025-12-13,0,
1555,1,5,OUT,SALE,15,2025-12-14,0,
1556,1,5,OUT,SALE,18,2025-12-15,0,
1557,1,5,OUT,SALE,15,2025-12-16,0,
1558,1,5,OUT,SALE,15,2025-12-17,0,
1559,1,5,OUT,SALE,16,2025-12-18,0,
1560,1,5,OUT,SALE,16,2025-12-19,0,
1561,1,5,OUT,SALE,19,2025-12-20,0,
1562,1,5,OUT,SALE,18,2025-12-21,0,
1563,1,5,OUT,SALE,14,2025-12-22,0,
1564,1,5,OUT,SALE,16,2025-12-23,0,
1565,1,5,OUT,SALE,22,2025-12-24,0,
1566,1,5,OUT,SALE,26,2025-12-25,0,
1567,1,5,OUT,SALE,26,2025-12-26,0,
1568,1,5,OUT,SALE,17,2025-12-27,0,
1569,1,5,OUT,SALE,17,2025-12-28,0,
1570,1,5,OUT,SALE,12,2025-12-29,0,
1571,1,5,OUT,SALE,14,2025-12-30,0,
1572,1,5,OUT,SALE,15,2025-12-31,0,
1573,1,6,OUT,SALE,1,2025-01-01,0,
1574,1,6,OUT,SALE,1,2025-01-02,0,
1575,1,6,OUT,SALE,2,2025-01-03,0,
1576,1,6,OUT,SALE,1,2025-01-04,0,
1577,1,6,OUT,SALE,2,2025-01-05,0,
1578,1,6,OUT,SALE,1,2025-01-06,0,
1579,1,6,OUT,SALE,1,2025-01-07,0,
1580,1,6,OUT,SALE,2,2025-01-08,0,
1581,1,6,OUT,SALE,1,2025-01-09,0,
1582,1,6,OUT,SALE,2,2025-01-10,0,
1583,1,6,OUT,SALE,2,2025-01-11,0,
1584,1,6,OUT,DAMAGE,2,2025-01-12,1,REPEATED_LOSS
1585,1,6,OUT,SALE,2,2025-01-13,0,
1586,1,6,OUT,SALE,1,2025-01-14,0,
1587,1,6,OUT,SALE,1,2025-01-15,0,
1588,1,6,OUT,SALE,1,2025-01-16,0,
1589,1,6,OUT,SALE,1,2025-01-17,0,
1590,1,6,OUT,SALE,2,2025-01-18,0,
1591,1,6,OUT,SALE,2,2025-01-19,0,
1592,1,6,OUT,SALE,1,2025-01-20,0,
1593,1,6,OUT,SALE,2,2025-01-21,0,
1594,1,6,OUT,SALE,1,2025-01-22,0,
1595,1,6,OUT,SALE,2,2025-01-23,0,
1596,1,6,OUT,SALE,2,2025-01-24,0,
1597,1,6,OUT,SALE,3,2025-01-25,0,
1598,1,6,OUT,SALE,3,2025-01-26,0,
1599,1,6,OUT,SALE,2,2025-01-27,0,
1600,1,6,OUT,SALE,2,2025-01-28,0,
1601,1,6,OUT,SALE,1,2025-01-29,0,
1602,1,6,OUT,SALE,2,2025-01-30,0,
1603,1,6,OUT,SALE,2,2025-01-31,0,
1604,1,6,OUT,SALE,0,2025-02-01,1,DATA_ERROR
1605,1,6,OUT,SALE,3,2025-02-02,0,
1606,1,6,OUT,SALE,2,2025-02-03,0,
1607,1,6,OUT,SALE,2,2025-02-04,0,
1608,1,6,OUT,SALE,2,2025-02-05,0,
1609,1,6,OUT,SALE,3,2025-02-06,0,
1610,1,6,OUT,SALE,3,2025-02-07,0,
1611,1,6,OUT,SALE,2,2025-02-08,0,
1612,1,6,OUT,SALE,3,2025-02-09,0,
1613,1,6,OUT,SALE,2,2025-02-10,0,
1614,1,6,OUT,SALE,3,2025-02-11,0,
1615,1,6,OUT,SALE,2,2025-02-12,0,
1616,1,6,OUT,SALE,3,2025-02-13,0,
1617,1,6,OUT,SALE,2,2025-02-14,0,
1618,1,6,OUT,SALE,3,2025-02-15,0,
1619,1,6,OUT,SALE,3,2025-02-16,0,
1620,1,6,OUT,SALE,2,2025-02-17,0,
1621,1,6,OUT,SALE,2,2025-02-18,0,
1622,1,6,OUT,DAMAGE,14,2025-02-19,1,OFF_HOURS_BULK
1623,1,6,OUT,SALE,2,2025-02-20,0,
1624,1,6,OUT,SALE,2,2025-02-21,0,
1625,1,6,OUT,SALE,3,2025-02-22,0,
1626,1,6,OUT,SALE,3,2025-02-23,0,
1627,1,6,OUT,SALE,3,2025-02-24,0,
1628,1,6,OUT,SALE,2,2025-02-25,0,
1629,1,6,OUT,SALE,3,2025-02-26,0,
1630,1,6,OUT,SALE,2,2025-02-27,0,
1631,1,6,OUT,SALE,3,2025-02-28,0,
1632,1,6,OUT,SALE,6,2025-03-01,0,
1633,1,6,OUT,DAMAGE,29,2025-03-02,1,OFF_HOURS_BULK
1634,1,6,OUT,SALE,6,2025-03-03,0,
1635,1,6,OUT,SALE,4,2025-03-04,0,
1636,1,6,OUT,SALE,5,2025-03-05,0,
1637,1,6,OUT,SALE,5,2025-03-06,0,
1638,1,6,OUT,SALE,5,2025-03-07,0,
1639,1,6,OUT,SALE,7,2025-03-08,0,
1640,1,6,OUT,SALE,8,2025-03-09,0,
1641,1,6,OUT,SALE,6,2025-03-10,0,
1642,1,6,OUT,SALE,6,2025-03-11,0,
1643,1,6,OUT,SALE,4,2025-03-12,0,
1644,1,6,OUT,SALE,5,2025-03-13,0,
1645,1,6,OUT,SALE,5,2025-03-14,0,
1646,1,6,OUT,SALE,9,2025-03-15,0,
1647,1,6,OUT,SALE,10,2025-03-16,0,
1648,1,6,OUT,SALE,8,2025-03-17,0,
1649,1,6,OUT,SALE,7,2025-03-18,0,
1650,1,6,OUT,SALE,6,2025-03-19,0,
1651,1,6,OUT,SALE,5,2025-03-20,0,
1652,1,6,OUT,SALE,6,2025-03-21,0,
1653,1,6,OUT,SALE,8,2025-03-22,0,
1654,1,6,OUT,SALE,6,2025-03-23,0,
1655,1,6,OUT,SALE,4,2025-03-24,0,
1656,1,6,OUT,SALE,5,2025-03-25,0,
1657,1,6,OUT,SALE,6,2025-03-26,0,
1658,1,6,OUT,SALE,7,2025-03-27,0,
1659,1,6,OUT,SALE,5,2025-03-28,0,
1660,1,6,OUT,SALE,7,2025-03-29,0,
1661,1,6,OUT,SALE,6,2025-03-30,0,
1662,1,6,OUT,SALE,5,2025-03-31,0,
1663,1,6,OUT,SALE,12,2025-04-01,0,
1664,1,6,OUT,SALE,8,2025-04-02,0,
1665,1,6,OUT,SALE,10,2025-04-03,0,
1666,1,6,OUT,SALE,10,2025-04-04,0,
1667,1,6,OUT,SALE,12,2025-04-05,0,
1668,1,6,OUT,SALE,11,2025-04-06,0,
1669,1,6,OUT,SALE,10,2025-04-07,0,
1670,1,6,OUT,SALE,9,2025-04-08,0,
1671,1,6,OUT,SALE,10,2025-04-09,0,
1672,1,6,OUT,SALE,9,2025-04-10,0,
1673,1,6,OUT,DAMAGE,22,2025-04-11,1,REPEATED_LOSS
1674,1,6,OUT,SALE,10,2025-04-12,0,
1675,1,6,OUT,SALE,11,2025-04-13,0,
1676,1,6,OUT,SALE,9,2025-04-14,0,
1677,1,6,OUT,SALE,11,2025-04-15,0,
1678,1,6,OUT,SALE,9,2025-04-16,0,
1679,1,6,OUT,SALE,7,2025-04-17,0,
1680,1,6,OUT,SALE,11,2025-04-18,0,
1681,1,6,OUT,SALE,10,2025-04-19,0,
1682,1,6,OUT,SALE,10,2025-04-20,0,
1683,1,6,OUT,SALE,9,2025-04-21,0,
1684,1,6,OUT,SALE,11,2025-04-22,0,
1685,1,6,OUT,SALE,7,2025-04-23,0,
1686,1,6,OUT,SALE,13,2025-04-24,0,
1687,1,6,OUT,SALE,11,2025-04-25,0,
1688,1,6,OUT,SALE,11,2025-04-26,0,
1689,1,6,OUT,SALE,11,2025-04-27,0,
1690,1,6,OUT,SALE,10,2025-04-28,0,
1691,1,6,OUT,SALE,10,2025-04-29,0,
1692,1,6,OUT,SALE,10,2025-04-30,0,
1693,1,6,OUT,SALE,14,2025-05-01,0,
1694,1,6,OUT,SALE,13,2025-05-02,0,
1695,1,6,OUT,DAMAGE,102,2025-05-03,1,OFF_HOURS_BULK
1696,1,6,OUT,SALE,15,2025-05-04,0,
1697,1,6,OUT,SALE,13,2025-05-05,0,
1698,1,6,OUT,SALE,15,2025-05-06,0,
1699,1,6,OUT,SALE,14,2025-05-07,0,
1700,1,6,OUT,SALE,9,2025-05-08,0,
1701,1,6,OUT,SALE,14,2025-05-09,0,
1702,1,6,OUT,SALE,16,2025-05-10,0,
1703,1,6,OUT,SALE,15,2025-05-11,0,
1704,1,6,OUT,SALE,13,2025-05-12,0,
1705,1,6,OUT,SALE,15,2025-05-13,0,
1706,1,6,OUT,SALE,15,2025-05-14,0,
1707,1,6,OUT,SALE,12,2025-05-15,0,
1708,1,6,OUT,SALE,14,2025-05-16,0,
1709,1,6,OUT,SALE,14,2025-05-17,0,
1710,1,6,OUT,SALE,13,2025-05-18,0,
1711,1,6,OUT,SALE,12,2025-05-19,0,
1712,1,6,OUT,SALE,15,2025-05-20,0,
1713,1,6,OUT,SALE,15,2025-05-21,0,
1714,1,6,OUT,SALE,14,2025-05-22,0,
1715,1,6,OUT,SALE,14,2025-05-23,0,
1716,1,6,OUT,SALE,16,2025-05-24,0,
1717,1,6,OUT,SALE,14,2025-05-25,0,
1718,1,6,OUT,SALE,14,2025-05-26,0,
1719,1,6,OUT,SALE,15,2025-05-27,0,
1720,1,6,OUT,SALE,15,2025-05-28,0,
1721,1,6,OUT,SALE,15,2025-05-29,0,
1722,1,6,OUT,SALE,14,2025-05-30,0,
1723,1,6,OUT,SALE,16,2025-05-31,0,
1724,1,6,OUT,SALE,21,2025-06-01,0,
1725,1,6,OUT,SALE,16,2025-06-02,0,
1726,1,6,OUT,SALE,15,2025-06-03,0,
1727,1,6,OUT,SALE,16,2025-06-04,0,
1728,1,6,OUT,SALE,15,2025-06-05,0,
1729,1,6,OUT,SALE,15,2025-06-06,0,
1730,1,6,OUT,SALE,18,2025-06-07,0,
1731,1,6,OUT,SALE,17,2025-06-08,0,
1732,1,6,OUT,SALE,16,2025-06-09,0,
1733,1,6,OUT,SALE,13,2025-06-10,0,
1734,1,6,OUT,SALE,17,2025-06-11,0,
1735,1,6,OUT,SALE,16,2025-06-12,0,
1736,1,6,OUT,SALE,15,2025-06-13,0,
1737,1,6,OUT,SALE,20,2025-06-14,0,
1738,1,6,OUT,SALE,21,2025-06-15,0,
1739,1,6,OUT,SALE,13,2025-06-16,0,
1740,1,6,OUT,SALE,15,2025-06-17,0,
1741,1,6,OUT,SALE,15,2025-06-18,0,
1742,1,6,OUT,SALE,14,2025-06-19,0,
1743,1,6,OUT,SALE,18,2025-06-20,0,
1744,1,6,OUT,SALE,18,2025-06-21,0,
1745,1,6,OUT,SALE,18,2025-06-22,0,
1746,1,6,OUT,SALE,12,2025-06-23,0,
1747,1,6,OUT,SALE,17,2025-06-24,0,
1748,1,6,OUT,SALE,14,2025-06-25,0,
1749,1,6,OUT,SALE,16,2025-06-26,0,
1750,1,6,OUT,SALE,17,2025-06-27,0,
1751,1,6,OUT,SALE,22,2025-06-28,0,
1752,1,6,OUT,SALE,16,2025-06-29,0,
1753,1,6,OUT,SALE,10,2025-06-30,0,
1754,1,6,OUT,SALE,18,2025-07-01,0,
1755,1,6,OUT,SALE,21,2025-07-02,0,
1756,1,6,OUT,SALE,20,2025-07-03,0,
1757,1,6,OUT,SALE,18,2025-07-04,0,
1758,1,6,OUT,SALE,19,2025-07-05,0,
1759,1,6,OUT,SALE,22,2025-07-06,0,
1760,1,6,OUT,SALE,15,2025-07-07,0,
1761,1,6,OUT,SALE,18,2025-07-08,0,
1762,1,6,OUT,SALE,18,2025-07-09,0,
1763,1,6,OUT,SALE,20,2025-07-10,0,
1764,1,6,OUT,SALE,23,2025-07-11,0,
1765,1,6,OUT,SALE,21,2025-07-12,0,
1766,1,6,OUT,SALE,19,2025-07-13,0,
1767,1,6,OUT,DAMAGE,45,2025-07-14,1,REPEATED_LOSS
1768,1,6,OUT,SALE,14,2025-07-15,0,
1769,1,6,OUT,SALE,16,2025-07-16,0,
1770,1,6,OUT,SALE,16,2025-07-17,0,
1771,1,6,OUT,SALE,16,2025-07-18,0,
1772,1,6,OUT,SALE,20,2025-07-19,0,
1773,1,6,OUT,SALE,39,2025-07-20,0,
1774,1,6,OUT,SALE,43,2025-07-21,0,
1775,1,6,OUT,SALE,38,2025-07-22,0,
1776,1,6,OUT,SALE,38,2025-07-23,0,
1777,1,6,OUT,SALE,37,2025-07-24,0,
1778,1,6,OUT,SALE,39,2025-07-25,0,
1779,1,6,OUT,SALE,22,2025-07-26,0,
1780,1,6,OUT,SALE,18,2025-07-27,0,
1781,1,6,OUT,SALE,16,2025-07-28,0,
1782,1,6,OUT,SALE,17,2025-07-29,0,
1783,1,6,OUT,SALE,15,2025-07-30,0,
1784,1,6,OUT,SALE,16,2025-07-31,0,
1785,1,6,OUT,SALE,15,2025-08-01,0,
1786,1,6,OUT,SALE,21,2025-08-02,0,
1787,1,6,OUT,SALE,19,2025-08-03,0,
1788,1,6,OUT,SALE,17,2025-08-04,0,
1789,1,6,OUT,SALE,18,2025-08-05,0,
1790,1,6,OUT,SALE,16,2025-08-06,0,
1791,1,6,OUT,SALE,17,2025-08-07,0,
1792,1,6,OUT,SALE,16,2025-08-08,0,
1793,1,6,OUT,SALE,19,2025-08-09,0,
1794,1,6,OUT,SALE,17,2025-08-10,0,
1795,1,6,OUT,SALE,11,2025-08-11,0,
1796,1,6,OUT,SALE,16,2025-08-12,0,
1797,1,6,OUT,SALE,19,2025-08-13,0,
1798,1,6,OUT,SALE,18,2025-08-14,0,
1799,1,6,OUT,SALE,18,2025-08-15,0,
1800,1,6,OUT,SALE,21,2025-08-16,0,
1801,1,6,OUT,SALE,19,2025-08-17,0,
1802,1,6,OUT,SALE,17,2025-08-18,0,
1803,1,6,OUT,DAMAGE,39,2025-08-19,1,REPEATED_LOSS
1804,1,6,OUT,SALE,16,2025-08-20,0,
1805,1,6,OUT,SALE,17,2025-08-21,0,
1806,1,6,OUT,SALE,19,2025-08-22,0,
1807,1,6,OUT,SALE,18,2025-08-23,0,
1808,1,6,OUT,SALE,18,2025-08-24,0,
1809,1,6,OUT,SALE,16,2025-08-25,0,
1810,1,6,OUT,SALE,17,2025-08-26,0,
1811,1,6,OUT,SALE,13,2025-08-27,0,
1812,1,6,OUT,SALE,12,2025-08-28,0,
1813,1,6,OUT,SALE,15,2025-08-29,0,
1814,1,6,OUT,SALE,16,2025-08-30,0,
1815,1,6,OUT,SALE,18,2025-08-31,0,
1816,1,6,OUT,SALE,13,2025-09-01,0,
1817,1,6,OUT,SALE,13,2025-09-02,0,
1818,1,6,OUT,SALE,16,2025-09-03,0,
1819,1,6,OUT,SALE,14,2025-09-04,0,
1820,1,6,OUT,SALE,14,2025-09-05,0,
1821,1,6,OUT,SALE,16,2025-09-06,0,
1822,1,6,OUT,SALE,13,2025-09-07,0,
1823,1,6,OUT,SALE,15,2025-09-08,0,
1824,1,6,OUT,SALE,13,2025-09-09,0,
1825,1,6,OUT,SALE,14,2025-09-10,0,
1826,1,6,OUT,SALE,12,2025-09-11,0,
1827,1,6,OUT,SALE,11,2025-09-12,0,
1828,1,6,OUT,SALE,17,2025-09-13,0,
1829,1,6,OUT,SALE,16,2025-09-14,0,
1830,1,6,OUT,SALE,12,2025-09-15,0,
1831,1,6,OUT,SALE,12,2025-09-16,0,
1832,1,6,OUT,SALE,15,2025-09-17,0,
1833,1,6,OUT,SALE,11,2025-09-18,0,
1834,1,6,OUT,SALE,16,2025-09-19,0,
1835,1,6,OUT,SALE,14,2025-09-20,0,
1836,1,6,OUT,SALE,17,2025-09-21,0,
1837,1,6,OUT,SALE,13,2025-09-22,0,
1838,1,6,OUT,SALE,14,2025-09-23,0,
1839,1,6,OUT,SALE,12,2025-09-24,0,
1840,1,6,OUT,SALE,13,2025-09-25,0,
1841,1,6,OUT,SALE,13,2025-09-26,0,
1842,1,6,OUT,SALE,13,2025-09-27,0,
1843,1,6,OUT,SALE,17,2025-09-28,0,
1844,1,6,OUT,SALE,13,2025-09-29,0,
1845,1,6,OUT,SALE,25,2025-09-30,0,
1846,1,6,OUT,SALE,16,2025-10-01,0,
1847,1,6,OUT,SALE,12,2025-10-02,0,
1848,1,6,OUT,SALE,17,2025-10-03,0,
1849,1,6,OUT,SALE,14,2025-10-04,0,
1850,1,6,OUT,SALE,12,2025-10-05,0,
1851,1,6,OUT,SALE,9,2025-10-06,0,
1852,1,6,OUT,SALE,9,2025-10-07,0,
1853,1,6,OUT,SALE,9,2025-10-08,0,
1854,1,6,OUT,SALE,10,2025-10-09,0,
1855,1,6,OUT,SALE,8,2025-10-10,0,
1856,1,6,OUT,SALE,12,2025-10-11,0,
1857,1,6,OUT,SALE,12,2025-10-12,0,
1858,1,6,OUT,SALE,10,2025-10-13,0,
1859,1,6,OUT,SALE,10,2025-10-14,0,
1860,1,6,OUT,SALE,9,2025-10-15,0,
1861,1,6,OUT,SALE,10,2025-10-16,0,
1862,1,6,OUT,SALE,10,2025-10-17,0,
1863,1,6,OUT,SALE,10,2025-10-18,0,
1864,1,6,OUT,SALE,10,2025-10-19,0,
1865,1,6,OUT,SALE,9,2025-10-20,0,
1866,1,6,OUT,SALE,11,2025-10-21,0,
1867,1,6,OUT,SALE,8,2025-10-22,0,
1868,1,6,OUT,SALE,8,2025-10-23,0,
1869,1,6,OUT,SALE,10,2025-10-24,0,
1870,1,6,OUT,SALE,11,2025-10-25,0,
1871,1,6,OUT,SALE,11,2025-10-26,0,
1872,1,6,OUT,SALE,10,2025-10-27,0,
1873,1,6,OUT,SALE,9,2025-10-28,0,
1874,1,6,OUT,SALE,11,2025-10-29,0,
1875,1,6,OUT,SALE,8,2025-10-30,0,
1876,1,6,OUT,SALE,8,2025-10-31,0,
1877,1,6,OUT,SALE,6,2025-11-01,0,
1878,1,6,OUT,SALE,5,2025-11-02,0,
1879,1,6,OUT,SALE,5,2025-11-03,0,
1880,1,6,OUT,SALE,6,2025-11-04,0,
1881,1,6,OUT,SALE,5,2025-11-05,0,
1882,1,6,OUT,SALE,6,2025-11-06,0,
1883,1,6,OUT,SALE,5,2025-11-07,0,
1884,1,6,OUT,SALE,6,2025-11-08,0,
1885,1,6,OUT,SALE,6,2025-11-09,0,
1886,1,6,OUT,SALE,5,2025-11-10,0,
1887,1,6,OUT,SALE,6,2025-11-11,0,
1888,1,6,OUT,SALE,6,2025-11-12,0,
1889,1,6,OUT,SALE,5,2025-11-13,0,
1890,1,6,OUT,SALE,6,2025-11-14,0,
1891,1,6,OUT,SALE,7,2025-11-15,0,
1892,1,6,OUT,SALE,7,2025-11-16,0,
1893,1,6,OUT,SALE,6,2025-11-17,0,
1894,1,6,OUT,SALE,5,2025-11-18,0,
1895,1,6,OUT,SALE,5,2025-11-19,0,
1896,1,6,OUT,SALE,5,2025-11-20,0,
1897,1,6,OUT,SALE,5,2025-11-21,0,
1898,1,6,OUT,SALE,7,2025-11-22,0,
1899,1,6,OUT,SALE,7,2025-11-23,0,
1900,1,6,OUT,SALE,5,2025-11-24,0,
1901,1,6,OUT,SALE,5,2025-11-25,0,
1902,1,6,OUT,SALE,5,2025-11-26,0,
1903,1,6,OUT,SALE,5,2025-11-27,0,
1904,1,6,OUT,SALE,17,2025-11-28,0,
1905,1,6,OUT,SALE,12,2025-11-29,0,
1906,1,6,OUT,SALE,16,2025-11-30,0,
1907,1,6,OUT,SALE,3,2025-12-01,0,
1908,1,6,OUT,SALE,2,2025-12-02,0,
1909,1,6,OUT,SALE,2,2025-12-03,0,
1910,1,6,OUT,SALE,2,2025-12-04,0,
1911,1,6,OUT,SALE,2,2025-12-05,0,
1912,1,6,OUT,SALE,3,2025-12-06,0,
1913,1,6,OUT,SALE,2,2025-12-07,0,
1914,1,6,OUT,SALE,3,2025-12-08,0,
1915,1,6,OUT,SALE,2,2025-12-09,0,
1916,1,6,OUT,SALE,2,2025-12-10,0,
1917,1,6,OUT,SALE,2,2025-12-11,0,
1918,1,6,OUT,SALE,3,2025-12-12,0,
1919,1,6,OUT,SALE,2,2025-12-13,0,
1920,1,6,OUT,SALE,3,2025-12-14,0,
1921,1,6,OUT,SALE,3,2025-12-15,0,
1922,1,6,OUT,SALE,2,2025-12-16,0,
1923,1,6,OUT,SALE,3,2025-12-17,0,
1924,1,6,OUT,SALE,2,2025-12-18,0,
1925,1,6,OUT,SALE,3,2025-12-19,0,
1926,1,6,OUT,SALE,3,2025-12-20,0,
1927,1,6,OUT,SALE,3,2025-12-21,0,
1928,1,6,OUT,SALE,3,2025-12-22,0,
1929,1,6,OUT,SALE,3,2025-12-23,0,
1930,1,6,OUT,SALE,4,2025-12-24,0,
1931,1,6,OUT,SALE,5,2025-12-25,0,
1932,1,6,OUT,SALE,4,2025-12-26,0,
1933,1,6,OUT,SALE,3,2025-12-27,0,
1934,1,6,OUT,SALE,3,2025-12-28,0,
1935,1,6,OUT,SALE,3,2025-12-29,0,
1936,1,6,OUT,SALE,3,2025-12-30,0,
1937,1,6,OUT,SALE,2,2025-12-31,0,
1938,1,7,OUT,SALE,1,2025-01-01,0,
1939,1,7,OUT,SALE,0,2025-01-03,1,DATA_ERROR
1940,1,7,OUT,SALE,1,2025-01-04,0,
1941,1,7,OUT,SALE,1,2025-01-05,0,
1942,1,7,OUT,SALE,1,2025-01-06,0,
1943,1,7,OUT,SALE,1,2025-01-07,0,
1944,1,7,OUT,SALE,1,2025-01-08,0,
1945,1,7,OUT,SALE,1,2025-01-09,0,
1946,1,7,OUT,SALE,1,2025-01-10,0,
1947,1,7,OUT,SALE,1,2025-01-11,0,
1948,1,7,OUT,SALE,1,2025-01-12,0,
1949,1,7,OUT,SALE,1,2025-01-13,0,
1950,1,7,OUT,SALE,1,2025-01-14,0,
1951,1,7,OUT,SALE,1,2025-01-15,0,
1952,1,7,OUT,SALE,1,2025-01-16,0,
1953,1,7,OUT,SALE,1,2025-01-17,0,
1954,1,7,OUT,SALE,1,2025-01-18,0,
1955,1,7,OUT,SALE,1,2025-01-19,0,
1956,1,7,OUT,SALE,1,2025-01-21,0,
1957,1,7,OUT,SALE,1,2025-01-22,0,
1958,1,7,OUT,SALE,1,2025-01-23,0,
1959,1,7,OUT,SALE,1,2025-01-25,0,
1960,1,7,OUT,SALE,1,2025-01-26,0,
1961,1,7,OUT,SALE,1,2025-01-27,0,
1962,1,7,OUT,SALE,1,2025-01-28,0,
1963,1,7,OUT,SALE,1,2025-01-30,0,
1964,1,7,OUT,SALE,1,2025-01-31,0,
1965,1,7,OUT,SALE,1,2025-02-01,0,
1966,1,7,OUT,SALE,1,2025-02-02,0,
1967,1,7,OUT,SALE,1,2025-02-03,0,
1968,1,7,OUT,SALE,1,2025-02-04,0,
1969,1,7,OUT,SALE,1,2025-02-05,0,
1970,1,7,OUT,SALE,1,2025-02-06,0,
1971,1,7,OUT,SALE,1,2025-02-07,0,
1972,1,7,OUT,SALE,1,2025-02-08,0,
1973,1,7,OUT,SALE,1,2025-02-09,0,
1974,1,7,OUT,SALE,1,2025-02-10,0,
1975,1,7,OUT,SALE,1,2025-02-11,0,
1976,1,7,OUT,DAMAGE,5,2025-02-12,1,OFF_HOURS_BULK
1977,1,7,OUT,SALE,1,2025-02-13,0,
1978,1,7,OUT,SALE,1,2025-02-14,0,
1979,1,7,OUT,SALE,1,2025-02-15,0,
1980,1,7,OUT,SALE,1,2025-02-16,0,
1981,1,7,OUT,SALE,1,2025-02-17,0,
1982,1,7,OUT,SALE,1,2025-02-18,0,
1983,1,7,OUT,SALE,1,2025-02-19,0,
1984,1,7,OUT,SALE,1,2025-02-20,0,
1985,1,7,OUT,SALE,1,2025-02-21,0,
1986,1,7,OUT,SALE,1,2025-02-22,0,
1987,1,7,OUT,SALE,1,2025-02-23,0,
1988,1,7,OUT,SALE,1,2025-02-24,0,
1989,1,7,OUT,SALE,1,2025-02-25,0,
1990,1,7,OUT,SALE,1,2025-02-26,0,
1991,1,7,OUT,SALE,1,2025-02-27,0,
1992,1,7,OUT,SALE,1,2025-02-28,0,
1993,1,7,OUT,SALE,2,2025-03-01,0,
1994,1,7,OUT,SALE,2,2025-03-02,0,
1995,1,7,OUT,SALE,2,2025-03-03,0,
1996,1,7,OUT,SALE,2,2025-03-04,0,
1997,1,7,OUT,SALE,2,2025-03-05,0,
1998,1,7,OUT,SALE,2,2025-03-06,0,
1999,1,7,OUT,SALE,2,2025-03-07,0,
2000,1,7,OUT,SALE,2,2025-03-08,0,
2001,1,7,OUT,SALE,3,2025-03-09,0,
2002,1,7,OUT,SALE,2,2025-03-10,0,
2003,1,7,OUT,SALE,2,2025-03-11,0,
2004,1,7,OUT,SALE,2,2025-03-12,0,
2005,1,7,OUT,SALE,2,2025-03-13,0,
2006,1,7,OUT,SALE,2,2025-03-14,0,
2007,1,7,OUT,SALE,4,2025-03-15,0,
2008,1,7,OUT,SALE,3,2025-03-16,0,
2009,1,7,OUT,SALE,3,2025-03-17,0,
2010,1,7,OUT,SALE,4,2025-03-18,0,
2011,1,7,OUT,SALE,2,2025-03-19,0,
2012,1,7,OUT,SALE,2,2025-03-20,0,
2013,1,7,OUT,SALE,2,2025-03-21,0,
2014,1,7,OUT,SALE,3,2025-03-22,0,
2015,1,7,OUT,SALE,3,2025-03-23,0,
2016,1,7,OUT,SALE,2,2025-03-24,0,
2017,1,7,OUT,SALE,2,2025-03-25,0,
2018,1,7,OUT,SALE,2,2025-03-26,0,
2019,1,7,OUT,SALE,2,2025-03-27,0,
2020,1,7,OUT,SALE,2,2025-03-28,0,
2021,1,7,OUT,SALE,3,2025-03-29,0,
2022,1,7,OUT,SALE,3,2025-03-30,0,
2023,1,7,OUT,SALE,2,2025-03-31,0,
2024,1,7,OUT,SALE,3,2025-04-01,0,
2025,1,7,OUT,SALE,4,2025-04-02,0,
2026,1,7,OUT,DAMAGE,21,2025-04-03,1,OFF_HOURS_BULK
2027,1,7,OUT,SALE,4,2025-04-04,0,
2028,1,7,OUT,SALE,4,2025-04-05,0,
2029,1,7,OUT,SALE,5,2025-04-06,0,
2030,1,7,OUT,SALE,5,2025-04-07,0,
2031,1,7,OUT,SALE,4,2025-04-08,0,
2032,1,7,OUT,SALE,4,2025-04-09,0,
2033,1,7,OUT,SALE,4,2025-04-10,0,
2034,1,7,OUT,SALE,4,2025-04-11,0,
2035,1,7,OUT,SALE,4,2025-04-12,0,
2036,1,7,OUT,SALE,5,2025-04-13,0,
2037,1,7,OUT,SALE,4,2025-04-14,0,
2038,1,7,OUT,SALE,4,2025-04-15,0,
2039,1,7,OUT,SALE,4,2025-04-16,0,
2040,1,7,OUT,SALE,4,2025-04-17,0,
2041,1,7,OUT,SALE,4,2025-04-18,0,
2042,1,7,OUT,SALE,4,2025-04-19,0,
2043,1,7,OUT,SALE,4,2025-04-20,0,
2044,1,7,OUT,SALE,3,2025-04-21,0,
2045,1,7,OUT,SALE,4,2025-04-22,0,
2046,1,7,OUT,SALE,4,2025-04-23,0,
2047,1,7,OUT,SALE,4,2025-04-24,0,
2048,1,7,OUT,SALE,4,2025-04-25,0,
2049,1,7,OUT,SALE,4,2025-04-26,0,
2050,1,7,OUT,SALE,5,2025-04-27,0,
2051,1,7,OUT,SALE,3,2025-04-28,0,
2052,1,7,OUT,SALE,4,2025-04-29,0,
2053,1,7,OUT,SALE,4,2025-04-30,0,
2054,1,7,OUT,SALE,6,2025-05-01,0,
2055,1,7,OUT,SALE,5,2025-05-02,0,
2056,1,7,OUT,SALE,6,2025-05-03,0,
2057,1,7,OUT,DAMAGE,36,2025-05-04,1,OFF_HOURS_BULK
2058,1,7,OUT,SALE,5,2025-05-05,0,
2059,1,7,OUT,SALE,6,2025-05-06,0,
2060,1,7,OUT,SALE,6,2025-05-07,0,
2061,1,7,OUT,SALE,6,2025-05-08,0,
2062,1,7,OUT,SALE,5,2025-05-09,0,
2063,1,7,OUT,SALE,6,2025-05-10,0,
2064,1,7,OUT,SALE,6,2025-05-11,0,
2065,1,7,OUT,SALE,6,2025-05-12,0,
2066,1,7,OUT,SALE,6,2025-05-13,0,
2067,1,7,OUT,SALE,6,2025-05-14,0,
2068,1,7,OUT,SALE,5,2025-05-15,0,
2069,1,7,OUT,SALE,4,2025-05-16,0,
2070,1,7,OUT,SALE,7,2025-05-17,0,
2071,1,7,OUT,SALE,6,2025-05-18,0,
2072,1,7,OUT,SALE,5,2025-05-19,0,
2073,1,7,OUT,SALE,6,2025-05-20,0,
2074,1,7,OUT,SALE,5,2025-05-21,0,
2075,1,7,OUT,SALE,6,2025-05-22,0,
2076,1,7,OUT,SALE,6,2025-05-23,0,
2077,1,7,OUT,SALE,7,2025-05-24,0,
2078,1,7,OUT,SALE,5,2025-05-25,0,
2079,1,7,OUT,SALE,6,2025-05-26,0,
2080,1,7,OUT,SALE,9999,2025-05-27,1,DATA_ERROR
2081,1,7,OUT,SALE,5,2025-05-28,0,
2082,1,7,OUT,SALE,5,2025-05-29,0,
2083,1,7,OUT,SALE,4,2025-05-30,0,
2084,1,7,OUT,SALE,6,2025-05-31,0,
2085,1,7,OUT,SALE,6,2025-06-01,0,
2086,1,7,OUT,SALE,5,2025-06-02,0,
2087,1,7,OUT,SALE,5,2025-06-03,0,
2088,1,7,OUT,SALE,7,2025-06-04,0,
2089,1,7,OUT,SALE,6,2025-06-05,0,
2090,1,7,OUT,SALE,8,2025-06-06,0,
2091,1,7,OUT,SALE,7,2025-06-07,0,
2092,1,7,OUT,SALE,6,2025-06-08,0,
2093,1,7,OUT,SALE,6,2025-06-09,0,
2094,1,7,OUT,SALE,7,2025-06-10,0,
2095,1,7,OUT,SALE,6,2025-06-11,0,
2096,1,7,OUT,SALE,6,2025-06-12,0,
2097,1,7,OUT,SALE,7,2025-06-13,0,
2098,1,7,OUT,SALE,8,2025-06-14,0,
2099,1,7,OUT,SALE,8,2025-06-15,0,
2100,1,7,OUT,SALE,8,2025-06-16,0,
2101,1,7,OUT,SALE,6,2025-06-17,0,
2102,1,7,OUT,SALE,5,2025-06-18,0,
2103,1,7,OUT,SALE,6,2025-06-19,0,
2104,1,7,OUT,SALE,7,2025-06-20,0,
2105,1,7,OUT,SALE,7,2025-06-21,0,
2106,1,7,OUT,SALE,7,2025-06-22,0,
2107,1,7,OUT,SALE,7,2025-06-23,0,
2108,1,7,OUT,SALE,6,2025-06-24,0,
2109,1,7,OUT,SALE,6,2025-06-25,0,
2110,1,7,OUT,SALE,6,2025-06-26,0,
2111,1,7,OUT,SALE,6,2025-06-27,0,
2112,1,7,OUT,SALE,7,2025-06-28,0,
2113,1,7,OUT,SALE,8,2025-06-29,0,
2114,1,7,OUT,SALE,7,2025-06-30,0,
2115,1,7,OUT,SALE,5,2025-07-01,0,
2116,1,7,OUT,SALE,6,2025-07-02,0,
2117,1,7,OUT,SALE,6,2025-07-03,0,
2118,1,7,OUT,SALE,6,2025-07-04,0,
2119,1,7,OUT,SALE,8,2025-07-05,0,
2120,1,7,OUT,SALE,6,2025-07-06,0,
2121,1,7,OUT,SALE,6,2025-07-07,0,
2122,1,7,OUT,SALE,6,2025-07-08,0,
2123,1,7,OUT,SALE,7,2025-07-09,0,
2124,1,7,OUT,SALE,7,2025-07-10,0,
2125,1,7,OUT,SALE,6,2025-07-11,0,
2126,1,7,OUT,SALE,8,2025-07-12,0,
2127,1,7,OUT,SALE,7,2025-07-13,0,
2128,1,7,OUT,SALE,7,2025-07-14,0,
2129,1,7,OUT,SALE,8,2025-07-15,0,
2130,1,7,OUT,SALE,8,2025-07-16,0,
2131,1,7,OUT,SALE,6,2025-07-17,0,
2132,1,7,OUT,SALE,8,2025-07-18,0,
2133,1,7,OUT,SALE,9,2025-07-19,0,
2134,1,7,OUT,SALE,15,2025-07-20,0,
2135,1,7,OUT,SALE,17,2025-07-21,0,
2136,1,7,OUT,SALE,18,2025-07-22,0,
2137,1,7,OUT,SALE,13,2025-07-23,0,
2138,1,7,OUT,SALE,13,2025-07-24,0,
2139,1,7,OUT,SALE,17,2025-07-25,0,
2140,1,7,OUT,SALE,8,2025-07-26,0,
2141,1,7,OUT,SALE,8,2025-07-27,0,
2142,1,7,OUT,SALE,7,2025-07-28,0,
2143,1,7,OUT,SALE,7,2025-07-29,0,
2144,1,7,OUT,SALE,6,2025-07-30,0,
2145,1,7,OUT,SALE,8,2025-07-31,0,
2146,1,7,OUT,SALE,7,2025-08-01,0,
2147,1,7,OUT,SALE,7,2025-08-02,0,
2148,1,7,OUT,SALE,7,2025-08-03,0,
2149,1,7,OUT,SALE,5,2025-08-04,0,
2150,1,7,OUT,SALE,7,2025-08-05,0,
2151,1,7,OUT,SALE,7,2025-08-06,0,
2152,1,7,OUT,SALE,6,2025-08-07,0,
2153,1,7,OUT,SALE,7,2025-08-08,0,
2154,1,7,OUT,SALE,7,2025-08-09,0,
2155,1,7,OUT,SALE,8,2025-08-10,0,
2156,1,7,OUT,SALE,6,2025-08-11,0,
2157,1,7,OUT,SALE,6,2025-08-12,0,
2158,1,7,OUT,SALE,6,2025-08-13,0,
2159,1,7,OUT,SALE,7,2025-08-14,0,
2160,1,7,OUT,SALE,6,2025-08-15,0,
2161,1,7,OUT,SALE,7,2025-08-16,0,
2162,1,7,OUT,SALE,8,2025-08-17,0,
2163,1,7,OUT,SALE,6,2025-08-18,0,
2164,1,7,OUT,SALE,5,2025-08-19,0,
2165,1,7,OUT,SALE,8,2025-08-20,0,
2166,1,7,OUT,SALE,7,2025-08-21,0,
2167,1,7,OUT,SALE,5,2025-08-22,0,
2168,1,7,OUT,SALE,8,2025-08-23,0,
2169,1,7,OUT,SALE,7,2025-08-24,0,
2170,1,7,OUT,SALE,7,2025-08-25,0,
2171,1,7,OUT,SALE,7,2025-08-26,0,
2172,1,7,OUT,SALE,6,2025-08-27,0,
2173,1,7,OUT,SALE,6,2025-08-28,0,
2174,1,7,OUT,SALE,6,2025-08-29,0,
2175,1,7,OUT,SALE,7,2025-08-30,0,
2176,1,7,OUT,SALE,7,2025-08-31,0,
2177,1,7,OUT,SALE,5,2025-09-01,0,
2178,1,7,OUT,SALE,5,2025-09-02,0,
2179,1,7,OUT,SALE,6,2025-09-03,0,
2180,1,7,OUT,SALE,6,2025-09-04,0,
2181,1,7,OUT,SALE,5,2025-09-05,0,
2182,1,7,OUT,SALE,6,2025-09-06,0,
2183,1,7,OUT,SALE,6,2025-09-07,0,
2184,1,7,OUT,SALE,6,2025-09-08,0,
2185,1,7,OUT,SALE,5,2025-09-09,0,
2186,1,7,OUT,SALE,6,2025-09-10,0,
2187,1,7,OUT,SALE,6,2025-09-11,0,
2188,1,7,OUT,SALE,4,2025-09-12,0,
2189,1,7,OUT,SALE,7,2025-09-13,0,
2190,1,7,OUT,SALE,7,2025-09-14,0,
2191,1,7,OUT,SALE,5,2025-09-15,0,
2192,1,7,OUT,SALE,5,2025-09-16,0,
2193,1,7,OUT,SALE,6,2025-09-17,0,
2194,1,7,OUT,SALE,5,2025-09-18,0,
2195,1,7,OUT,SALE,6,2025-09-19,0,
2196,1,7,OUT,SALE,8,2025-09-20,0,
2197,1,7,OUT,SALE,5,2025-09-21,0,
2198,1,7,OUT,SALE,4,2025-09-22,0,
2199,1,7,OUT,SALE,5,2025-09-23,0,
2200,1,7,OUT,SALE,6,2025-09-24,0,
2201,1,7,OUT,SALE,5,2025-09-25,0,
2202,1,7,OUT,SALE,6,2025-09-26,0,
2203,1,7,OUT,SALE,5,2025-09-27,0,
2204,1,7,OUT,SALE,7,2025-09-28,0,
2205,1,7,OUT,SALE,5,2025-09-29,0,
2206,1,7,OUT,SALE,12,2025-09-30,0,
2207,1,7,OUT,SALE,9,2025-10-01,0,
2208,1,7,OUT,SALE,6,2025-10-02,0,
2209,1,7,OUT,SALE,7,2025-10-03,0,
2210,1,7,OUT,SALE,5,2025-10-04,0,
2211,1,7,OUT,SALE,4,2025-10-05,0,
2212,1,7,OUT,SALE,4,2025-10-06,0,
2213,1,7,OUT,SALE,4,2025-10-07,0,
2214,1,7,OUT,SALE,3,2025-10-08,0,
2215,1,7,OUT,SALE,4,2025-10-09,0,
2216,1,7,OUT,SALE,3,2025-10-10,0,
2217,1,7,OUT,SALE,4,2025-10-11,0,
2218,1,7,OUT,SALE,5,2025-10-12,0,
2219,1,7,OUT,SALE,3,2025-10-13,0,
2220,1,7,OUT,SALE,4,2025-10-14,0,
2221,1,7,OUT,SALE,4,2025-10-15,0,
2222,1,7,OUT,SALE,4,2025-10-16,0,
2223,1,7,OUT,SALE,4,2025-10-17,0,
2224,1,7,OUT,SALE,4,2025-10-18,0,
2225,1,7,OUT,SALE,5,2025-10-19,0,
2226,1,7,OUT,SALE,4,2025-10-20,0,
2227,1,7,OUT,SALE,4,2025-10-21,0,
2228,1,7,OUT,SALE,3,2025-10-22,0,
2229,1,7,OUT,SALE,3,2025-10-23,0,
2230,1,7,OUT,SALE,3,2025-10-24,0,
2231,1,7,OUT,SALE,6,2025-10-25,0,
2232,1,7,OUT,SALE,5,2025-10-26,0,
2233,1,7,OUT,SALE,3,2025-10-27,0,
2234,1,7,OUT,SALE,3,2025-10-28,0,
2235,1,7,OUT,SALE,4,2025-10-29,0,
2236,1,7,OUT,SALE,4,2025-10-30,0,
2237,1,7,OUT,SALE,4,2025-10-31,0,
2238,1,7,OUT,SALE,2,2025-11-01,0,
2239,1,7,OUT,SALE,2,2025-11-02,0,
2240,1,7,OUT,SALE,2,2025-11-03,0,
2241,1,7,OUT,SALE,2,2025-11-04,0,
2242,1,7,OUT,DAMAGE,11,2025-11-05,1,OFF_HOURS_BULK
2243,1,7,OUT,SALE,2,2025-11-06,0,
2244,1,7,OUT,SALE,2,2025-11-07,0,
2245,1,7,OUT,SALE,2,2025-11-08,0,
2246,1,7,OUT,SALE,3,2025-11-09,0,
2247,1,7,OUT,SALE,2,2025-11-10,0,
2248,1,7,OUT,SALE,2,2025-11-11,0,
2249,1,7,OUT,SALE,2,2025-11-12,0,
2250,1,7,OUT,SALE,2,2025-11-13,0,
2251,1,7,OUT,SALE,2,2025-11-14,0,
2252,1,7,OUT,SALE,3,2025-11-15,0,
2253,1,7,OUT,SALE,3,2025-11-16,0,
2254,1,7,OUT,SALE,2,2025-11-17,0,
2255,1,7,OUT,SALE,2,2025-11-18,0,
2256,1,7,OUT,SALE,2,2025-11-19,0,
2257,1,7,OUT,SALE,2,2025-11-20,0,
2258,1,7,OUT,SALE,2,2025-11-21,0,
2259,1,7,OUT,SALE,2,2025-11-22,0,
2260,1,7,OUT,SALE,2,2025-11-23,0,
2261,1,7,OUT,SALE,2,2025-11-24,0,
2262,1,7,OUT,SALE,2,2025-11-25,0,
2263,1,7,OUT,SALE,2,2025-11-26,0,
2264,1,7,OUT,SALE,2,2025-11-27,0,
2265,1,7,OUT,SALE,5,2025-11-28,0,
2266,1,7,OUT,SALE,5,2025-11-29,0,
2267,1,7,OUT,SALE,6,2025-11-30,0,
2268,1,7,OUT,SALE,1,2025-12-01,0,
2269,1,7,OUT,SALE,1,2025-12-02,0,
2270,1,7,OUT,SALE,1,2025-12-03,0,
2271,1,7,OUT,SALE,1,2025-12-04,0,
2272,1,7,OUT,SALE,1,2025-12-05,0,
2273,1,7,OUT,SALE,1,2025-12-06,0,
2274,1,7,OUT,SALE,1,2025-12-07,0,
2275,1,7,OUT,SALE,1,2025-12-08,0,
2276,1,7,OUT,SALE,1,2025-12-09,0,
2277,1,7,OUT,SALE,1,2025-12-10,0,
2278,1,7,OUT,SALE,1,2025-12-11,0,
2279,1,7,OUT,SALE,1,2025-12-12,0,
2280,1,7,OUT,SALE,1,2025-12-13,0,
2281,1,7,OUT,SALE,1,2025-12-14,0,
2282,1,7,OUT,SALE,1,2025-12-15,0,
2283,1,7,OUT,SALE,1,2025-12-16,0,
2284,1,7,OUT,SALE,1,2025-12-17,0,
2285,1,7,OUT,SALE,1,2025-12-18,0,
2286,1,7,OUT,SALE,1,2025-12-19,0,
2287,1,7,OUT,SALE,1,2025-12-20,0,
2288,1,7,OUT,SALE,1,2025-12-21,0,
2289,1,7,OUT,SALE,1,2025-12-22,0,
2290,1,7,OUT,SALE,1,2025-12-23,0,
2291,1,7,OUT,SALE,1,2025-12-24,0,
2292,1,7,OUT,SALE,2,2025-12-25,0,
2293,1,7,OUT,SALE,2,2025-12-26,0,
2294,1,7,OUT,SALE,1,2025-12-27,0,
2295,1,7,OUT,SALE,1,2025-12-28,0,
2296,1,7,OUT,SALE,1,2025-12-29,0,
2297,1,7,OUT,SALE,1,2025-12-30,0,
2298,1,7,OUT,SALE,1,2025-12-31,0,
2299,1,8,OUT,SALE,2,2025-01-01,0,
2300,1,8,OUT,SALE,1,2025-01-02,0,
2301,1,8,OUT,SALE,1,2025-01-03,0,
2302,1,8,OUT,SALE,2,2025-01-04,0,
2303,1,8,OUT,SALE,1,2025-01-05,0,
2304,1,8,OUT,SALE,1,2025-01-06,0,
2305,1,8,OUT,SALE,1,2025-01-07,0,
2306,1,8,OUT,SALE,1,2025-01-08,0,
2307,1,8,OUT,SALE,1,2025-01-09,0,
2308,1,8,OUT,SALE,1,2025-01-10,0,
2309,1,8,OUT,SALE,2,2025-01-11,0,
2310,1,8,OUT,SALE,1,2025-01-12,0,
2311,1,8,OUT,SALE,1,2025-01-13,0,
2312,1,8,OUT,SALE,1,2025-01-14,0,
2313,1,8,OUT,SALE,1,2025-01-15,0,
2314,1,8,OUT,SALE,1,2025-01-16,0,
2315,1,8,OUT,SALE,1,2025-01-17,0,
2316,1,8,OUT,SALE,1,2025-01-18,0,
2317,1,8,OUT,SALE,1,2025-01-19,0,
2318,1,8,OUT,SALE,1,2025-01-20,0,
2319,1,8,OUT,SALE,1,2025-01-21,0,
2320,1,8,OUT,SALE,1,2025-01-22,0,
2321,1,8,OUT,SALE,1,2025-01-23,0,
2322,1,8,OUT,SALE,1,2025-01-24,0,
2323,1,8,OUT,SALE,3,2025-01-25,0,
2324,1,8,OUT,SALE,2,2025-01-26,0,
2325,1,8,OUT,SALE,2,2025-01-27,0,
2326,1,8,OUT,SALE,2,2025-01-28,0,
2327,1,8,OUT,SALE,1,2025-01-29,0,
2328,1,8,OUT,SALE,1,2025-01-30,0,
2329,1,8,OUT,SALE,1,2025-01-31,0,
2330,1,8,OUT,SALE,2,2025-02-01,0,
2331,1,8,OUT,SALE,2,2025-02-02,0,
2332,1,8,OUT,SALE,2,2025-02-03,0,
2333,1,8,OUT,SALE,2,2025-02-04,0,
2334,1,8,OUT,SALE,2,2025-02-05,0,
2335,1,8,OUT,SALE,2,2025-02-06,0,
2336,1,8,OUT,SALE,2,2025-02-07,0,
2337,1,8,OUT,SALE,2,2025-02-08,0,
2338,1,8,OUT,SALE,2,2025-02-09,0,
2339,1,8,OUT,SALE,2,2025-02-10,0,
2340,1,8,OUT,SALE,2,2025-02-11,0,
2341,1,8,OUT,SALE,2,2025-02-12,0,
2342,1,8,OUT,SALE,2,2025-02-13,0,
2343,1,8,OUT,SALE,2,2025-02-14,0,
2344,1,8,OUT,SALE,3,2025-02-15,0,
2345,1,8,OUT,SALE,3,2025-02-16,0,
2346,1,8,OUT,SALE,2,2025-02-17,0,
2347,1,8,OUT,SALE,2,2025-02-18,0,
2348,1,8,OUT,SALE,2,2025-02-19,0,
2349,1,8,OUT,SALE,2,2025-02-20,0,
2350,1,8,OUT,SALE,2,2025-02-21,0,
2351,1,8,OUT,SALE,3,2025-02-22,0,
2352,1,8,OUT,SALE,3,2025-02-23,0,
2353,1,8,OUT,SALE,2,2025-02-24,0,
2354,1,8,OUT,SALE,2,2025-02-25,0,
2355,1,8,OUT,SALE,2,2025-02-26,0,
2356,1,8,OUT,SALE,2,2025-02-27,0,
2357,1,8,OUT,SALE,2,2025-02-28,0,
2358,1,8,OUT,SALE,6,2025-03-01,0,
2359,1,8,OUT,SALE,6,2025-03-02,0,
2360,1,8,OUT,SALE,5,2025-03-03,0,
2361,1,8,OUT,DAMAGE,39,2025-03-04,1,OFF_HOURS_BULK
2362,1,8,OUT,SALE,5,2025-03-05,0,
2363,1,8,OUT,SALE,4,2025-03-06,0,
2364,1,8,OUT,SALE,5,2025-03-07,0,
2365,1,8,OUT,SALE,6,2025-03-08,0,
2366,1,8,OUT,SALE,5,2025-03-09,0,
2367,1,8,OUT,SALE,4,2025-03-10,0,
2368,1,8,OUT,SALE,4,2025-03-11,0,
2369,1,8,OUT,SALE,4,2025-03-12,0,
2370,1,8,OUT,SALE,4,2025-03-13,0,
2371,1,8,OUT,SALE,4,2025-03-14,0,
2372,1,8,OUT,SALE,7,2025-03-15,0,
2373,1,8,OUT,SALE,9,2025-03-16,0,
2374,1,8,OUT,SALE,8,2025-03-17,0,
2375,1,8,OUT,SALE,7,2025-03-18,0,
2376,1,8,OUT,SALE,5,2025-03-19,0,
2377,1,8,OUT,SALE,5,2025-03-20,0,
2378,1,8,OUT,SALE,5,2025-03-21,0,
2379,1,8,OUT,SALE,5,2025-03-22,0,
2380,1,8,OUT,SALE,6,2025-03-23,0,
2381,1,8,OUT,SALE,4,2025-03-24,0,
2382,1,8,OUT,SALE,5,2025-03-25,0,
2383,1,8,OUT,SALE,5,2025-03-26,0,
2384,1,8,OUT,SALE,5,2025-03-27,0,
2385,1,8,OUT,SALE,4,2025-03-28,0,
2386,1,8,OUT,SALE,5,2025-03-29,0,
2387,1,8,OUT,SALE,6,2025-03-30,0,
2388,1,8,OUT,SALE,4,2025-03-31,0,
2389,1,8,OUT,SALE,9,2025-04-01,0,
2390,1,8,OUT,SALE,7,2025-04-02,0,
2391,1,8,OUT,SALE,9,2025-04-03,0,
2392,1,8,OUT,SALE,7,2025-04-04,0,
2393,1,8,OUT,SALE,10,2025-04-05,0,
2394,1,8,OUT,SALE,10,2025-04-06,0,
2395,1,8,OUT,SALE,7,2025-04-07,0,
2396,1,8,OUT,SALE,9,2025-04-08,0,
2397,1,8,OUT,SALE,8,2025-04-09,0,
2398,1,8,OUT,SALE,8,2025-04-10,0,
2399,1,8,OUT,SALE,7,2025-04-11,0,
2400,1,8,OUT,SALE,7,2025-04-12,0,
2401,1,8,OUT,SALE,10,2025-04-13,0,
2402,1,8,OUT,SALE,7,2025-04-14,0,
2403,1,8,OUT,SALE,8,2025-04-15,0,
2404,1,8,OUT,SALE,8,2025-04-16,0,
2405,1,8,OUT,SALE,9,2025-04-17,0,
2406,1,8,OUT,SALE,8,2025-04-18,0,
2407,1,8,OUT,SALE,9,2025-04-19,0,
2408,1,8,OUT,SALE,10,2025-04-20,0,
2409,1,8,OUT,SALE,8,2025-04-21,0,
2410,1,8,OUT,SALE,8,2025-04-22,0,
2411,1,8,OUT,SALE,9,2025-04-23,0,
2412,1,8,OUT,SALE,7,2025-04-24,0,
2413,1,8,OUT,SALE,9,2025-04-25,0,
2414,1,8,OUT,SALE,10,2025-04-26,0,
2415,1,8,OUT,SALE,8,2025-04-27,0,
2416,1,8,OUT,SALE,8,2025-04-28,0,
2417,1,8,OUT,SALE,8,2025-04-29,0,
2418,1,8,OUT,SALE,8,2025-04-30,0,
2419,1,8,OUT,SALE,12,2025-05-01,0,
2420,1,8,OUT,SALE,13,2025-05-02,0,
2421,1,8,OUT,SALE,15,2025-05-03,0,
2422,1,8,OUT,SALE,11,2025-05-04,0,
2423,1,8,OUT,SALE,12,2025-05-05,0,
2424,1,8,OUT,SALE,13,2025-05-06,0,
2425,1,8,OUT,SALE,12,2025-05-07,0,
2426,1,8,OUT,SALE,13,2025-05-08,0,
2427,1,8,OUT,SALE,14,2025-05-09,0,
2428,1,8,OUT,SALE,15,2025-05-10,0,
2429,1,8,OUT,SALE,14,2025-05-11,0,
2430,1,8,OUT,DAMAGE,65,2025-05-12,1,OFF_HOURS_BULK
2431,1,8,OUT,SALE,12,2025-05-13,0,
2432,1,8,OUT,SALE,12,2025-05-14,0,
2433,1,8,OUT,SALE,11,2025-05-15,0,
2434,1,8,OUT,SALE,14,2025-05-16,0,
2435,1,8,OUT,SALE,12,2025-05-17,0,
2436,1,8,OUT,SALE,16,2025-05-18,0,
2437,1,8,OUT,SALE,12,2025-05-19,0,
2438,1,8,OUT,SALE,10,2025-05-20,0,
2439,1,8,OUT,SALE,12,2025-05-21,0,
2440,1,8,OUT,SALE,9,2025-05-22,0,
2441,1,8,OUT,SALE,12,2025-05-23,0,
2442,1,8,OUT,SALE,15,2025-05-24,0,
2443,1,8,OUT,SALE,12,2025-05-25,0,
2444,1,8,OUT,SALE,12,2025-05-26,0,
2445,1,8,OUT,SALE,14,2025-05-27,0,
2446,1,8,OUT,SALE,11,2025-05-28,0,
2447,1,8,OUT,SALE,10,2025-05-29,0,
2448,1,8,OUT,SALE,14,2025-05-30,0,
2449,1,8,OUT,SALE,16,2025-05-31,0,
2450,1,8,OUT,SALE,16,2025-06-01,0,
2451,1,8,OUT,SALE,16,2025-06-02,0,
2452,1,8,OUT,SALE,16,2025-06-03,0,
2453,1,8,OUT,SALE,13,2025-06-04,0,
2454,1,8,OUT,SALE,13,2025-06-05,0,
2455,1,8,OUT,SALE,16,2025-06-06,0,
2456,1,8,OUT,SALE,19,2025-06-07,0,
2457,1,8,OUT,SALE,17,2025-06-08,0,
2458,1,8,OUT,SALE,13,2025-06-09,0,
2459,1,8,OUT,SALE,17,2025-06-10,0,
2460,1,8,OUT,SALE,13,2025-06-11,0,
2461,1,8,OUT,SALE,13,2025-06-12,0,
2462,1,8,OUT,SALE,15,2025-06-13,0,
2463,1,8,OUT,SALE,19,2025-06-14,0,
2464,1,8,OUT,SALE,18,2025-06-15,0,
2465,1,8,OUT,SALE,15,2025-06-16,0,
2466,1,8,OUT,SALE,15,2025-06-17,0,
2467,1,8,OUT,SALE,14,2025-06-18,0,
2468,1,8,OUT,SALE,15,2025-06-19,0,
2469,1,8,OUT,SALE,10,2025-06-20,0,
2470,1,8,OUT,SALE,16,2025-06-21,0,
2471,1,8,OUT,SALE,17,2025-06-22,0,
2472,1,8,OUT,SALE,12,2025-06-23,0,
2473,1,8,OUT,SALE,15,2025-06-24,0,
2474,1,8,OUT,SALE,14,2025-06-25,0,
2475,1,8,OUT,SALE,17,2025-06-26,0,
2476,1,8,OUT,SALE,17,2025-06-27,0,
2477,1,8,OUT,SALE,15,2025-06-28,0,
2478,1,8,OUT,SALE,16,2025-06-29,0,
2479,1,8,OUT,SALE,14,2025-06-30,0,
2480,1,8,OUT,SALE,14,2025-07-01,0,
2481,1,8,OUT,SALE,15,2025-07-02,0,
2482,1,8,OUT,SALE,14,2025-07-03,0,
2483,1,8,OUT,SALE,13,2025-07-04,0,
2484,1,8,OUT,SALE,18,2025-07-05,0,
2485,1,8,OUT,SALE,18,2025-07-06,0,
2486,1,8,OUT,SALE,13,2025-07-07,0,
2487,1,8,OUT,SALE,17,2025-07-08,0,
2488,1,8,OUT,SALE,14,2025-07-09,0,
2489,1,8,OUT,SALE,15,2025-07-10,0,
2490,1,8,OUT,SALE,16,2025-07-11,0,
2491,1,8,OUT,SALE,17,2025-07-12,0,
2492,1,8,OUT,SALE,18,2025-07-13,0,
2493,1,8,OUT,SALE,14,2025-07-14,0,
2494,1,8,OUT,SALE,15,2025-07-15,0,
2495,1,8,OUT,SALE,15,2025-07-16,0,
2496,1,8,OUT,SALE,14,2025-07-17,0,
2497,1,8,OUT,SALE,15,2025-07-18,0,
2498,1,8,OUT,SALE,14,2025-07-19,0,
2499,1,8,OUT,SALE,36,2025-07-20,0,
2500,1,8,OUT,SALE,32,2025-07-21,0,
2501,1,8,OUT,SALE,32,2025-07-22,0,
2502,1,8,OUT,SALE,32,2025-07-23,0,
2503,1,8,OUT,SALE,33,2025-07-24,0,
2504,1,8,OUT,SALE,35,2025-07-25,0,
2505,1,8,OUT,SALE,19,2025-07-26,0,
2506,1,8,OUT,SALE,16,2025-07-27,0,
2507,1,8,OUT,SALE,13,2025-07-28,0,
2508,1,8,OUT,SALE,13,2025-07-29,0,
2509,1,8,OUT,SALE,14,2025-07-30,0,
2510,1,8,OUT,SALE,14,2025-07-31,0,
2511,1,8,OUT,SALE,13,2025-08-01,0,
2512,1,8,OUT,SALE,14,2025-08-02,0,
2513,1,8,OUT,SALE,15,2025-08-03,0,
2514,1,8,OUT,SALE,14,2025-08-04,0,
2515,1,8,OUT,SALE,15,2025-08-05,0,
2516,1,8,OUT,SALE,13,2025-08-06,0,
2517,1,8,OUT,SALE,13,2025-08-07,0,
2518,1,8,OUT,SALE,12,2025-08-08,0,
2519,1,8,OUT,SALE,16,2025-08-09,0,
2520,1,8,OUT,SALE,14,2025-08-10,0,
2521,1,8,OUT,SALE,15,2025-08-11,0,
2522,1,8,OUT,SALE,11,2025-08-12,0,
2523,1,8,OUT,DAMAGE,26,2025-08-13,1,REPEATED_LOSS
2524,1,8,OUT,SALE,15,2025-08-14,0,
2525,1,8,OUT,SALE,14,2025-08-15,0,
2526,1,8,OUT,SALE,21,2025-08-16,0,
2527,1,8,OUT,SALE,17,2025-08-17,0,
2528,1,8,OUT,SALE,12,2025-08-18,0,
2529,1,8,OUT,DAMAGE,86,2025-08-19,1,THEFT_SPIKE
2530,1,8,OUT,SALE,11,2025-08-20,0,
2531,1,8,OUT,SALE,14,2025-08-21,0,
2532,1,8,OUT,SALE,13,2025-08-22,0,
2533,1,8,OUT,SALE,18,2025-08-23,0,
2534,1,8,OUT,SALE,15,2025-08-24,0,
2535,1,8,OUT,SALE,14,2025-08-25,0,
2536,1,8,OUT,SALE,13,2025-08-26,0,
2537,1,8,OUT,SALE,17,2025-08-27,0,
2538,1,8,OUT,SALE,13,2025-08-28,0,
2539,1,8,OUT,SALE,17,2025-08-29,0,
2540,1,8,OUT,SALE,18,2025-08-30,0,
2541,1,8,OUT,SALE,17,2025-08-31,0,
2542,1,8,OUT,SALE,12,2025-09-01,0,
2543,1,8,OUT,SALE,12,2025-09-02,0,
2544,1,8,OUT,SALE,9,2025-09-03,0,
2545,1,8,OUT,SALE,11,2025-09-04,0,
2546,1,8,OUT,SALE,13,2025-09-05,0,
2547,1,8,OUT,SALE,13,2025-09-06,0,
2548,1,8,OUT,SALE,11,2025-09-07,0,
2549,1,8,OUT,SALE,11,2025-09-08,0,
2550,1,8,OUT,SALE,14,2025-09-09,0,
2551,1,8,OUT,SALE,13,2025-09-10,0,
2552,1,8,OUT,SALE,11,2025-09-11,0,
2553,1,8,OUT,SALE,13,2025-09-12,0,
2554,1,8,OUT,SALE,13,2025-09-13,0,
2555,1,8,OUT,SALE,11,2025-09-14,0,
2556,1,8,OUT,SALE,10,2025-09-15,0,
2557,1,8,OUT,SALE,14,2025-09-16,0,
2558,1,8,OUT,SALE,11,2025-09-17,0,
2559,1,8,OUT,SALE,11,2025-09-18,0,
2560,1,8,OUT,SALE,11,2025-09-19,0,
2561,1,8,OUT,SALE,16,2025-09-20,0,
2562,1,8,OUT,SALE,16,2025-09-21,0,
2563,1,8,OUT,SALE,15,2025-09-22,0,
2564,1,8,OUT,SALE,11,2025-09-23,0,
2565,1,8,OUT,SALE,12,2025-09-24,0,
2566,1,8,OUT,SALE,9,2025-09-25,0,
2567,1,8,OUT,SALE,14,2025-09-26,0,
2568,1,8,OUT,SALE,11,2025-09-27,0,
2569,1,8,OUT,SALE,14,2025-09-28,0,
2570,1,8,OUT,SALE,10,2025-09-29,0,
2571,1,8,OUT,SALE,20,2025-09-30,0,
2572,1,8,OUT,SALE,14,2025-10-01,0,
2573,1,8,OUT,SALE,14,2025-10-02,0,
2574,1,8,OUT,SALE,14,2025-10-03,0,
2575,1,8,OUT,SALE,9,2025-10-04,0,
2576,1,8,OUT,SALE,10,2025-10-05,0,
2577,1,8,OUT,SALE,7,2025-10-06,0,
2578,1,8,OUT,SALE,8,2025-10-07,0,
2579,1,8,OUT,SALE,9,2025-10-08,0,
2580,1,8,OUT,SALE,8,2025-10-09,0,
2581,1,8,OUT,SALE,7,2025-10-10,0,
2582,1,8,OUT,SALE,9,2025-10-11,0,
2583,1,8,OUT,SALE,11,2025-10-12,0,
2584,1,8,OUT,SALE,8,2025-10-13,0,
2585,1,8,OUT,SALE,8,2025-10-14,0,
2586,1,8,OUT,SALE,9,2025-10-15,0,
2587,1,8,OUT,SALE,7,2025-10-16,0,
2588,1,8,OUT,SALE,9,2025-10-17,0,
2589,1,8,OUT,SALE,10,2025-10-18,0,
2590,1,8,OUT,SALE,9,2025-10-19,0,
2591,1,8,OUT,SALE,7,2025-10-20,0,
2592,1,8,OUT,SALE,7,2025-10-21,0,
2593,1,8,OUT,SALE,9,2025-10-22,0,
2594,1,8,OUT,SALE,9,2025-10-23,0,
2595,1,8,OUT,SALE,7,2025-10-24,0,
2596,1,8,OUT,SALE,10,2025-10-25,0,
2597,1,8,OUT,SALE,7,2025-10-26,0,
2598,1,8,OUT,SALE,8,2025-10-27,0,
2599,1,8,OUT,SALE,8,2025-10-28,0,
2600,1,8,OUT,SALE,7,2025-10-29,0,
2601,1,8,OUT,SALE,7,2025-10-30,0,
2602,1,8,OUT,SALE,7,2025-10-31,0,
2603,1,8,OUT,SALE,6,2025-11-01,0,
2604,1,8,OUT,SALE,5,2025-11-02,0,
2605,1,8,OUT,SALE,3,2025-11-03,0,
2606,1,8,OUT,SALE,3,2025-11-04,0,
2607,1,8,OUT,SALE,4,2025-11-05,0,
2608,1,8,OUT,SALE,5,2025-11-06,0,
2609,1,8,OUT,SALE,3,2025-11-07,0,
2610,1,8,OUT,SALE,5,2025-11-08,0,
2611,1,8,OUT,SALE,5,2025-11-09,0,
2612,1,8,OUT,SALE,5,2025-11-10,0,
2613,1,8,OUT,SALE,4,2025-11-11,0,
2614,1,8,OUT,SALE,5,2025-11-12,0,
2615,1,8,OUT,SALE,5,2025-11-13,0,
2616,1,8,OUT,SALE,3,2025-11-14,0,
2617,1,8,OUT,SALE,6,2025-11-15,0,
2618,1,8,OUT,SALE,5,2025-11-16,0,
2619,1,8,OUT,DAMAGE,29,2025-11-17,1,OFF_HOURS_BULK
2620,1,8,OUT,SALE,7,2025-11-18,0,
2621,1,8,OUT,SALE,3,2025-11-19,0,
2622,1,8,OUT,SALE,6,2025-11-20,0,
2623,1,8,OUT,SALE,4,2025-11-21,0,
2624,1,8,OUT,SALE,6,2025-11-22,0,
2625,1,8,OUT,SALE,5,2025-11-23,0,
2626,1,8,OUT,SALE,4,2025-11-24,0,
2627,1,8,OUT,SALE,4,2025-11-25,0,
2628,1,8,OUT,SALE,5,2025-11-26,0,
2629,1,8,OUT,SALE,4,2025-11-27,0,
2630,1,8,OUT,SALE,13,2025-11-28,0,
2631,1,8,OUT,SALE,13,2025-11-29,0,
2632,1,8,OUT,SALE,12,2025-11-30,0,
2633,1,8,OUT,SALE,2,2025-12-01,0,
2634,1,8,OUT,SALE,2,2025-12-02,0,
2635,1,8,OUT,SALE,2,2025-12-03,0,
2636,1,8,OUT,SALE,2,2025-12-04,0,
2637,1,8,OUT,SALE,2,2025-12-05,0,
2638,1,8,OUT,SALE,3,2025-12-06,0,
2639,1,8,OUT,SALE,3,2025-12-07,0,
2640,1,8,OUT,SALE,3,2025-12-08,0,
2641,1,8,OUT,SALE,2,2025-12-09,0,
2642,1,8,OUT,SALE,2,2025-12-10,0,
2643,1,8,OUT,SALE,2,2025-12-11,0,
2644,1,8,OUT,SALE,2,2025-12-12,0,
2645,1,8,OUT,SALE,2,2025-12-13,0,
2646,1,8,OUT,SALE,3,2025-12-14,0,
2647,1,8,OUT,SALE,2,2025-12-15,0,
2648,1,8,OUT,SALE,2,2025-12-16,0,
2649,1,8,OUT,SALE,2,2025-12-17,0,
2650,1,8,OUT,SALE,2,2025-12-18,0,
2651,1,8,OUT,SALE,2,2025-12-19,0,
2652,1,8,OUT,SALE,3,2025-12-20,0,
2653,1,8,OUT,SALE,3,2025-12-21,0,
2654,1,8,OUT,SALE,2,2025-12-22,0,
2655,1,8,OUT,SALE,2,2025-12-23,0,
2656,1,8,OUT,SALE,3,2025-12-24,0,
2657,1,8,OUT,SALE,3,2025-12-25,0,
2658,1,8,OUT,SALE,4,2025-12-26,0,
2659,1,8,OUT,SALE,3,2025-12-27,0,
2660,1,8,OUT,SALE,3,2025-12-28,0,
2661,1,8,OUT,SALE,2,2025-12-29,0,
2662,1,8,OUT,SALE,2,2025-12-30,0,
2663,1,8,OUT,SALE,2,2025-12-31,0,
2664,1,9,OUT,SALE,13,2025-01-01,0,
2665,1,9,OUT,SALE,15,2025-01-02,0,
2666,1,9,OUT,SALE,13,2025-01-03,0,
2667,1,9,OUT,SALE,16,2025-01-04,0,
2668,1,9,OUT,SALE,15,2025-01-05,0,
2669,1,9,OUT,SALE,14,2025-01-06,0,
2670,1,9,OUT,SALE,11,2025-01-07,0,
2671,1,9,OUT,SALE,13,2025-01-08,0,
2672,1,9,OUT,SALE,9,2025-01-09,0,
2673,1,9,OUT,SALE,13,2025-01-10,0,
2674,1,9,OUT,SALE,12,2025-01-11,0,
2675,1,9,OUT,SALE,17,2025-01-12,0,
2676,1,9,OUT,SALE,14,2025-01-13,0,
2677,1,9,OUT,SALE,14,2025-01-14,0,
2678,1,9,OUT,SALE,16,2025-01-15,0,
2679,1,9,OUT,SALE,12,2025-01-16,0,
2680,1,9,OUT,SALE,16,2025-01-17,0,
2681,1,9,OUT,SALE,17,2025-01-18,0,
2682,1,9,OUT,SALE,15,2025-01-19,0,
2683,1,9,OUT,SALE,15,2025-01-20,0,
2684,1,9,OUT,SALE,12,2025-01-21,0,
2685,1,9,OUT,SALE,12,2025-01-22,0,
2686,1,9,OUT,SALE,12,2025-01-23,0,
2687,1,9,OUT,SALE,12,2025-01-24,0,
2688,1,9,OUT,SALE,24,2025-01-25,0,
2689,1,9,OUT,SALE,31,2025-01-26,0,
2690,1,9,OUT,SALE,23,2025-01-27,0,
2691,1,9,OUT,SALE,25,2025-01-28,0,
2692,1,9,OUT,SALE,12,2025-01-29,0,
2693,1,9,OUT,SALE,10,2025-01-30,0,
2694,1,9,OUT,SALE,14,2025-01-31,0,
2695,1,9,OUT,SALE,12,2025-02-01,0,
2696,1,9,OUT,SALE,15,2025-02-02,0,
2697,1,9,OUT,SALE,11,2025-02-03,0,
2698,1,9,OUT,SALE,17,2025-02-04,0,
2699,1,9,OUT,SALE,15,2025-02-05,0,
2700,1,9,OUT,SALE,14,2025-02-06,0,
2701,1,9,OUT,SALE,16,2025-02-07,0,
2702,1,9,OUT,SALE,14,2025-02-08,0,
2703,1,9,OUT,SALE,17,2025-02-09,0,
2704,1,9,OUT,SALE,14,2025-02-10,0,
2705,1,9,OUT,SALE,14,2025-02-11,0,
2706,1,9,OUT,SALE,16,2025-02-12,0,
2707,1,9,OUT,SALE,15,2025-02-13,0,
2708,1,9,OUT,SALE,14,2025-02-14,0,
2709,1,9,OUT,SALE,13,2025-02-15,0,
2710,1,9,OUT,SALE,14,2025-02-16,0,
2711,1,9,OUT,SALE,13,2025-02-17,0,
2712,1,9,OUT,SALE,14,2025-02-18,0,
2713,1,9,OUT,SALE,12,2025-02-19,0,
2714,1,9,OUT,SALE,18,2025-02-20,0,
2715,1,9,OUT,SALE,16,2025-02-21,0,
2716,1,9,OUT,SALE,17,2025-02-22,0,
2717,1,9,OUT,SALE,16,2025-02-23,0,
2718,1,9,OUT,SALE,13,2025-02-24,0,
2719,1,9,OUT,SALE,12,2025-02-25,0,
2720,1,9,OUT,SALE,14,2025-02-26,0,
2721,1,9,OUT,SALE,14,2025-02-27,0,
2722,1,9,OUT,SALE,12,2025-02-28,0,
2723,1,9,OUT,SALE,17,2025-03-01,0,
2724,1,9,OUT,SALE,16,2025-03-02,0,
2725,1,9,OUT,SALE,11,2025-03-03,0,
2726,1,9,OUT,SALE,13,2025-03-04,0,
2727,1,9,OUT,SALE,14,2025-03-05,0,
2728,1,9,OUT,SALE,18,2025-03-06,0,
2729,1,9,OUT,SALE,15,2025-03-07,0,
2730,1,9,OUT,SALE,14,2025-03-08,0,
2731,1,9,OUT,SALE,18,2025-03-09,0,
2732,1,9,OUT,SALE,12,2025-03-10,0,
2733,1,9,OUT,SALE,16,2025-03-11,0,
2734,1,9,OUT,SALE,14,2025-03-12,0,
2735,1,9,OUT,SALE,14,2025-03-13,0,
2736,1,9,OUT,SALE,17,2025-03-14,0,
2737,1,9,OUT,SALE,22,2025-03-15,0,
2738,1,9,OUT,SALE,22,2025-03-16,0,
2739,1,9,OUT,SALE,21,2025-03-17,0,
2740,1,9,OUT,SALE,26,2025-03-18,0,
2741,1,9,OUT,SALE,12,2025-03-19,0,
2742,1,9,OUT,SALE,10,2025-03-20,0,
2743,1,9,OUT,SALE,14,2025-03-21,0,
2744,1,9,OUT,SALE,18,2025-03-22,0,
2745,1,9,OUT,SALE,19,2025-03-23,0,
2746,1,9,OUT,SALE,14,2025-03-24,0,
2747,1,9,OUT,SALE,14,2025-03-25,0,
2748,1,9,OUT,SALE,16,2025-03-26,0,
2749,1,9,OUT,SALE,11,2025-03-27,0,
2750,1,9,OUT,SALE,14,2025-03-28,0,
2751,1,9,OUT,SALE,17,2025-03-29,0,
2752,1,9,OUT,SALE,17,2025-03-30,0,
2753,1,9,OUT,SALE,14,2025-03-31,0,
2754,1,9,OUT,SALE,16,2025-04-01,0,
2755,1,9,OUT,SALE,11,2025-04-02,0,
2756,1,9,OUT,SALE,14,2025-04-03,0,
2757,1,9,OUT,SALE,16,2025-04-04,0,
2758,1,9,OUT,SALE,16,2025-04-05,0,
2759,1,9,OUT,DAMAGE,36,2025-04-06,1,REPEATED_LOSS
2760,1,9,OUT,SALE,16,2025-04-07,0,
2761,1,9,OUT,SALE,15,2025-04-08,0,
2762,1,9,OUT,SALE,16,2025-04-09,0,
2763,1,9,OUT,SALE,14,2025-04-10,0,
2764,1,9,OUT,SALE,15,2025-04-11,0,
2765,1,9,OUT,SALE,19,2025-04-12,0,
2766,1,9,OUT,SALE,18,2025-04-13,0,
2767,1,9,OUT,SALE,15,2025-04-14,0,
2768,1,9,OUT,SALE,16,2025-04-15,0,
2769,1,9,OUT,SALE,17,2025-04-16,0,
2770,1,9,OUT,SALE,12,2025-04-17,0,
2771,1,9,OUT,SALE,18,2025-04-18,0,
2772,1,9,OUT,SALE,17,2025-04-19,0,
2773,1,9,OUT,SALE,19,2025-04-20,0,
2774,1,9,OUT,SALE,18,2025-04-21,0,
2775,1,9,OUT,SALE,13,2025-04-22,0,
2776,1,9,OUT,SALE,14,2025-04-23,0,
2777,1,9,OUT,SALE,15,2025-04-24,0,
2778,1,9,OUT,SALE,14,2025-04-25,0,
2779,1,9,OUT,SALE,22,2025-04-26,0,
2780,1,9,OUT,SALE,16,2025-04-27,0,
2781,1,9,OUT,SALE,15,2025-04-28,0,
2782,1,9,OUT,SALE,16,2025-04-29,0,
2783,1,9,OUT,SALE,13,2025-04-30,0,
2784,1,9,OUT,SALE,16,2025-05-01,0,
2785,1,9,OUT,SALE,17,2025-05-02,0,
2786,1,9,OUT,SALE,19,2025-05-03,0,
2787,1,9,OUT,SALE,19,2025-05-04,0,
2788,1,9,OUT,SALE,16,2025-05-05,0,
2789,1,9,OUT,SALE,14,2025-05-06,0,
2790,1,9,OUT,SALE,17,2025-05-07,0,
2791,1,9,OUT,SALE,20,2025-05-08,0,
2792,1,9,OUT,SALE,17,2025-05-09,0,
2793,1,9,OUT,SALE,20,2025-05-10,0,
2794,1,9,OUT,SALE,21,2025-05-11,0,
2795,1,9,OUT,SALE,14,2025-05-12,0,
2796,1,9,OUT,SALE,20,2025-05-13,0,
2797,1,9,OUT,SALE,17,2025-05-14,0,
2798,1,9,OUT,SALE,20,2025-05-15,0,
2799,1,9,OUT,SALE,15,2025-05-16,0,
2800,1,9,OUT,SALE,23,2025-05-17,0,
2801,1,9,OUT,SALE,21,2025-05-18,0,
2802,1,9,OUT,SALE,18,2025-05-19,0,
2803,1,9,OUT,SALE,17,2025-05-20,0,
2804,1,9,OUT,SALE,16,2025-05-21,0,
2805,1,9,OUT,SALE,19,2025-05-22,0,
2806,1,9,OUT,SALE,17,2025-05-23,0,
2807,1,9,OUT,SALE,15,2025-05-24,0,
2808,1,9,OUT,SALE,17,2025-05-25,0,
2809,1,9,OUT,SALE,16,2025-05-26,0,
2810,1,9,OUT,SALE,17,2025-05-27,0,
2811,1,9,OUT,SALE,17,2025-05-28,0,
2812,1,9,OUT,SALE,19,2025-05-29,0,
2813,1,9,OUT,SALE,13,2025-05-30,0,
2814,1,9,OUT,SALE,20,2025-05-31,0,
2815,1,9,OUT,SALE,16,2025-06-01,0,
2816,1,9,OUT,SALE,19,2025-06-02,0,
2817,1,9,OUT,SALE,17,2025-06-03,0,
2818,1,9,OUT,SALE,19,2025-06-04,0,
2819,1,9,OUT,SALE,16,2025-06-05,0,
2820,1,9,OUT,SALE,20,2025-06-06,0,
2821,1,9,OUT,SALE,23,2025-06-07,0,
2822,1,9,OUT,SALE,22,2025-06-08,0,
2823,1,9,OUT,SALE,17,2025-06-09,0,
2824,1,9,OUT,SALE,19,2025-06-10,0,
2825,1,9,OUT,SALE,16,2025-06-11,0,
2826,1,9,OUT,SALE,19,2025-06-12,0,
2827,1,9,OUT,SALE,21,2025-06-13,0,
2828,1,9,OUT,SALE,23,2025-06-14,0,
2829,1,9,OUT,SALE,18,2025-06-15,0,
2830,1,9,OUT,SALE,18,2025-06-16,0,
2831,1,9,OUT,SALE,15,2025-06-17,0,
2832,1,9,OUT,SALE,19,2025-06-18,0,
2833,1,9,OUT,SALE,19,2025-06-19,0,
2834,1,9,OUT,SALE,14,2025-06-20,0,
2835,1,9,OUT,SALE,17,2025-06-21,0,
2836,1,9,OUT,SALE,20,2025-06-22,0,
2837,1,9,OUT,SALE,17,2025-06-23,0,
2838,1,9,OUT,SALE,15,2025-06-24,0,
2839,1,9,OUT,SALE,18,2025-06-25,0,
2840,1,9,OUT,SALE,18,2025-06-26,0,
2841,1,9,OUT,SALE,17,2025-06-27,0,
2842,1,9,OUT,SALE,18,2025-06-28,0,
2843,1,9,OUT,SALE,23,2025-06-29,0,
2844,1,9,OUT,SALE,21,2025-06-30,0,
2845,1,9,OUT,SALE,17,2025-07-01,0,
2846,1,9,OUT,SALE,17,2025-07-02,0,
2847,1,9,OUT,SALE,19,2025-07-03,0,
2848,1,9,OUT,SALE,17,2025-07-04,0,
2849,1,9,OUT,SALE,20,2025-07-05,0,
2850,1,9,OUT,SALE,22,2025-07-06,0,
2851,1,9,OUT,SALE,14,2025-07-07,0,
2852,1,9,OUT,SALE,21,2025-07-08,0,
2853,1,9,OUT,SALE,18,2025-07-09,0,
2854,1,9,OUT,SALE,17,2025-07-10,0,
2855,1,9,OUT,SALE,18,2025-07-11,0,
2856,1,9,OUT,SALE,21,2025-07-12,0,
2857,1,9,OUT,SALE,16,2025-07-13,0,
2858,1,9,OUT,SALE,21,2025-07-14,0,
2859,1,9,OUT,SALE,18,2025-07-15,0,
2860,1,9,OUT,SALE,19,2025-07-16,0,
2861,1,9,OUT,SALE,20,2025-07-17,0,
2862,1,9,OUT,SALE,16,2025-07-18,0,
2863,1,9,OUT,SALE,22,2025-07-19,0,
2864,1,9,OUT,SALE,44,2025-07-20,0,
2865,1,9,OUT,SALE,43,2025-07-21,0,
2866,1,9,OUT,SALE,29,2025-07-22,0,
2867,1,9,OUT,SALE,39,2025-07-23,0,
2868,1,9,OUT,SALE,37,2025-07-24,0,
2869,1,9,OUT,SALE,42,2025-07-25,0,
2870,1,9,OUT,SALE,22,2025-07-26,0,
2871,1,9,OUT,SALE,19,2025-07-27,0,
2872,1,9,OUT,SALE,16,2025-07-28,0,
2873,1,9,OUT,SALE,18,2025-07-29,0,
2874,1,9,OUT,SALE,16,2025-07-30,0,
2875,1,9,OUT,SALE,20,2025-07-31,0,
2876,1,9,OUT,SALE,17,2025-08-01,0,
2877,1,9,OUT,SALE,13,2025-08-02,0,
2878,1,9,OUT,SALE,19,2025-08-03,0,
2879,1,9,OUT,SALE,15,2025-08-04,0,
2880,1,9,OUT,SALE,14,2025-08-05,0,
2881,1,9,OUT,SALE,15,2025-08-06,0,
2882,1,9,OUT,SALE,18,2025-08-07,0,
2883,1,9,OUT,SALE,20,2025-08-08,0,
2884,1,9,OUT,SALE,21,2025-08-09,0,
2885,1,9,OUT,SALE,19,2025-08-10,0,
2886,1,9,OUT,SALE,19,2025-08-11,0,
2887,1,9,OUT,SALE,17,2025-08-12,0,
2888,1,9,OUT,SALE,16,2025-08-13,0,
2889,1,9,OUT,SALE,15,2025-08-14,0,
2890,1,9,OUT,SALE,14,2025-08-15,0,
2891,1,9,OUT,SALE,19,2025-08-16,0,
2892,1,9,OUT,SALE,21,2025-08-17,0,
2893,1,9,OUT,SALE,17,2025-08-18,0,
2894,1,9,OUT,SALE,17,2025-08-19,0,
2895,1,9,OUT,SALE,16,2025-08-20,0,
2896,1,9,OUT,SALE,19,2025-08-21,0,
2897,1,9,OUT,SALE,15,2025-08-22,0,
2898,1,9,OUT,SALE,22,2025-08-23,0,
2899,1,9,OUT,SALE,18,2025-08-24,0,
2900,1,9,OUT,SALE,16,2025-08-25,0,
2901,1,9,OUT,SALE,15,2025-08-26,0,
2902,1,9,OUT,SALE,17,2025-08-27,0,
2903,1,9,OUT,SALE,20,2025-08-28,0,
2904,1,9,OUT,SALE,19,2025-08-29,0,
2905,1,9,OUT,SALE,23,2025-08-30,0,
2906,1,9,OUT,SALE,22,2025-08-31,0,
2907,1,9,OUT,SALE,15,2025-09-01,0,
2908,1,9,OUT,SALE,0,2025-09-02,1,DATA_ERROR
2909,1,9,OUT,SALE,15,2025-09-03,0,
2910,1,9,OUT,SALE,19,2025-09-04,0,
2911,1,9,OUT,SALE,14,2025-09-05,0,
2912,1,9,OUT,SALE,21,2025-09-06,0,
2913,1,9,OUT,SALE,21,2025-09-07,0,
2914,1,9,OUT,SALE,20,2025-09-08,0,
2915,1,9,OUT,SALE,16,2025-09-09,0,
2916,1,9,OUT,SALE,18,2025-09-10,0,
2917,1,9,OUT,SALE,21,2025-09-11,0,
2918,1,9,OUT,SALE,16,2025-09-12,0,
2919,1,9,OUT,SALE,16,2025-09-13,0,
2920,1,9,OUT,SALE,15,2025-09-14,0,
2921,1,9,OUT,SALE,18,2025-09-15,0,
2922,1,9,OUT,SALE,13,2025-09-16,0,
2923,1,9,OUT,SALE,16,2025-09-17,0,
2924,1,9,OUT,SALE,18,2025-09-18,0,
2925,1,9,OUT,SALE,17,2025-09-19,0,
2926,1,9,OUT,SALE,20,2025-09-20,0,
2927,1,9,OUT,SALE,20,2025-09-21,0,
2928,1,9,OUT,SALE,19,2025-09-22,0,
2929,1,9,OUT,SALE,15,2025-09-23,0,
2930,1,9,OUT,SALE,15,2025-09-24,0,
2931,1,9,OUT,SALE,15,2025-09-25,0,
2932,1,9,OUT,SALE,0,2025-09-26,1,DATA_ERROR
2933,1,9,OUT,SALE,21,2025-09-27,0,
2934,1,9,OUT,SALE,20,2025-09-28,0,
2935,1,9,OUT,SALE,19,2025-09-29,0,
2936,1,9,OUT,SALE,27,2025-09-30,0,
2937,1,9,OUT,SALE,36,2025-10-01,0,
2938,1,9,OUT,SALE,35,2025-10-02,0,
2939,1,9,OUT,SALE,32,2025-10-03,0,
2940,1,9,OUT,DAMAGE,173,2025-10-04,1,THEFT_SPIKE
2941,1,9,OUT,SALE,14,2025-10-05,0,
2942,1,9,OUT,SALE,15,2025-10-06,0,
2943,1,9,OUT,SALE,14,2025-10-07,0,
2944,1,9,OUT,SALE,17,2025-10-08,0,
2945,1,9,OUT,SALE,14,2025-10-09,0,
2946,1,9,OUT,SALE,17,2025-10-10,0,
2947,1,9,OUT,SALE,21,2025-10-11,0,
2948,1,9,OUT,SALE,19,2025-10-12,0,
2949,1,9,OUT,SALE,16,2025-10-13,0,
2950,1,9,OUT,SALE,14,2025-10-14,0,
2951,1,9,OUT,SALE,14,2025-10-15,0,
2952,1,9,OUT,SALE,18,2025-10-16,0,
2953,1,9,OUT,SALE,17,2025-10-17,0,
2954,1,9,OUT,DAMAGE,117,2025-10-18,1,THEFT_SPIKE
2955,1,9,OUT,SALE,17,2025-10-19,0,
2956,1,9,OUT,SALE,12,2025-10-20,0,
2957,1,9,OUT,SALE,14,2025-10-21,0,
2958,1,9,OUT,SALE,19,2025-10-22,0,
2959,1,9,OUT,SALE,13,2025-10-23,0,
2960,1,9,OUT,SALE,16,2025-10-24,0,
2961,1,9,OUT,SALE,20,2025-10-25,0,
2962,1,9,OUT,SALE,15,2025-10-26,0,
2963,1,9,OUT,SALE,16,2025-10-27,0,
2964,1,9,OUT,SALE,17,2025-10-28,0,
2965,1,9,OUT,SALE,16,2025-10-29,0,
2966,1,9,OUT,SALE,21,2025-10-30,0,
2967,1,9,OUT,SALE,12,2025-10-31,0,
2968,1,9,OUT,SALE,19,2025-11-01,0,
2969,1,9,OUT,SALE,16,2025-11-02,0,
2970,1,9,OUT,SALE,16,2025-11-03,0,
2971,1,9,OUT,SALE,15,2025-11-04,0,
2972,1,9,OUT,SALE,13,2025-11-05,0,
2973,1,9,OUT,SALE,15,2025-11-06,0,
2974,1,9,OUT,SALE,11,2025-11-07,0,
2975,1,9,OUT,SALE,18,2025-11-08,0,
2976,1,9,OUT,SALE,17,2025-11-09,0,
2977,1,9,OUT,SALE,16,2025-11-10,0,
2978,1,9,OUT,SALE,0,2025-11-11,1,DATA_ERROR
2979,1,9,OUT,SALE,15,2025-11-12,0,
2980,1,9,OUT,SALE,15,2025-11-13,0,
2981,1,9,OUT,SALE,13,2025-11-14,0,
2982,1,9,OUT,SALE,15,2025-11-15,0,
2983,1,9,OUT,SALE,19,2025-11-16,0,
2984,1,9,OUT,SALE,17,2025-11-17,0,
2985,1,9,OUT,SALE,14,2025-11-18,0,
2986,1,9,OUT,SALE,15,2025-11-19,0,
2987,1,9,OUT,SALE,13,2025-11-20,0,
2988,1,9,OUT,SALE,16,2025-11-21,0,
2989,1,9,OUT,SALE,18,2025-11-22,0,
2990,1,9,OUT,SALE,20,2025-11-23,0,
2991,1,9,OUT,SALE,13,2025-11-24,0,
2992,1,9,OUT,SALE,14,2025-11-25,0,
2993,1,9,OUT,SALE,15,2025-11-26,0,
2994,1,9,OUT,SALE,16,2025-11-27,0,
2995,1,9,OUT,SALE,35,2025-11-28,0,
2996,1,9,OUT,SALE,37,2025-11-29,0,
2997,1,9,OUT,SALE,46,2025-11-30,0,
2998,1,9,OUT,SALE,15,2025-12-01,0,
2999,1,9,OUT,SALE,12,2025-12-02,0,
3000,1,9,OUT,SALE,16,2025-12-03,0,
3001,1,9,OUT,SALE,15,2025-12-04,0,
3002,1,9,OUT,SALE,14,2025-12-05,0,
3003,1,9,OUT,SALE,16,2025-12-06,0,
3004,1,9,OUT,SALE,17,2025-12-07,0,
3005,1,9,OUT,SALE,12,2025-12-08,0,
3006,1,9,OUT,SALE,14,2025-12-09,0,
3007,1,9,OUT,SALE,10,2025-12-10,0,
3008,1,9,OUT,SALE,15,2025-12-11,0,
3009,1,9,OUT,SALE,11,2025-12-12,0,
3010,1,9,OUT,SALE,18,2025-12-13,0,
3011,1,9,OUT,SALE,15,2025-12-14,0,
3012,1,9,OUT,SALE,13,2025-12-15,0,
3013,1,9,OUT,SALE,13,2025-12-16,0,
3014,1,9,OUT,SALE,13,2025-12-17,0,
3015,1,9,OUT,SALE,16,2025-12-18,0,
3016,1,9,OUT,SALE,10,2025-12-19,0,
3017,1,9,OUT,SALE,18,2025-12-20,0,
3018,1,9,OUT,SALE,16,2025-12-21,0,
3019,1,9,OUT,SALE,12,2025-12-22,0,
3020,1,9,OUT,SALE,12,2025-12-23,0,
3021,1,9,OUT,SALE,28,2025-12-24,0,
3022,1,9,OUT,SALE,20,2025-12-25,0,
3023,1,9,OUT,SALE,20,2025-12-26,0,
3024,1,9,OUT,SALE,18,2025-12-27,0,
3025,1,9,OUT,SALE,16,2025-12-28,0,
3026,1,9,OUT,SALE,12,2025-12-29,0,
3027,1,9,OUT,SALE,14,2025-12-30,0,
3028,1,9,OUT,SALE,12,2025-12-31,0,
3029,1,10,OUT,SALE,2,2025-01-01,0,
3030,1,10,OUT,SALE,2,2025-01-02,0,
3031,1,10,OUT,SALE,2,2025-01-03,0,
3032,1,10,OUT,SALE,2,2025-01-04,0,
3033,1,10,OUT,SALE,2,2025-01-05,0,
3034,1,10,OUT,SALE,1,2025-01-06,0,
3035,1,10,OUT,SALE,1,2025-01-07,0,
3036,1,10,OUT,SALE,2,2025-01-08,0,
3037,1,10,OUT,SALE,2,2025-01-09,0,
3038,1,10,OUT,DAMAGE,4,2025-01-10,1,OFF_HOURS_BULK
3039,1,10,OUT,SALE,2,2025-01-11,0,
3040,1,10,OUT,SALE,2,2025-01-12,0,
3041,1,10,OUT,SALE,1,2025-01-13,0,
3042,1,10,OUT,SALE,1,2025-01-14,0,
3043,1,10,OUT,SALE,2,2025-01-15,0,
3044,1,10,OUT,SALE,2,2025-01-16,0,
3045,1,10,OUT,SALE,1,2025-01-17,0,
3046,1,10,OUT,SALE,1,2025-01-18,0,
3047,1,10,OUT,SALE,1,2025-01-19,0,
3048,1,10,OUT,SALE,1,2025-01-20,0,
3049,1,10,OUT,SALE,2,2025-01-21,0,
3050,1,10,OUT,SALE,2,2025-01-22,0,
3051,1,10,OUT,SALE,1,2025-01-23,0,
3052,1,10,OUT,SALE,1,2025-01-24,0,
3053,1,10,OUT,SALE,3,2025-01-25,0,
3054,1,10,OUT,SALE,3,2025-01-26,0,
3055,1,10,OUT,SALE,3,2025-01-27,0,
3056,1,10,OUT,SALE,2,2025-01-28,0,
3057,1,10,OUT,SALE,2,2025-01-29,0,
3058,1,10,OUT,SALE,2,2025-01-30,0,
3059,1,10,OUT,SALE,2,2025-01-31,0,
3060,1,10,OUT,SALE,1,2025-02-01,0,
3061,1,10,OUT,SALE,1,2025-02-02,0,
3062,1,10,OUT,SALE,1,2025-02-03,0,
3063,1,10,OUT,SALE,2,2025-02-04,0,
3064,1,10,OUT,SALE,2,2025-02-05,0,
3065,1,10,OUT,SALE,2,2025-02-06,0,
3066,1,10,OUT,SALE,1,2025-02-07,0,
3067,1,10,OUT,SALE,1,2025-02-08,0,
3068,1,10,OUT,SALE,2,2025-02-09,0,
3069,1,10,OUT,SALE,1,2025-02-10,0,
3070,1,10,OUT,SALE,2,2025-02-11,0,
3071,1,10,OUT,SALE,1,2025-02-12,0,
3072,1,10,OUT,SALE,2,2025-02-13,0,
3073,1,10,OUT,SALE,2,2025-02-14,0,
3074,1,10,OUT,SALE,2,2025-02-15,0,
3075,1,10,OUT,SALE,2,2025-02-16,0,
3076,1,10,OUT,SALE,1,2025-02-17,0,
3077,1,10,OUT,SALE,2,2025-02-18,0,
3078,1,10,OUT,SALE,1,2025-02-19,0,
3079,1,10,OUT,SALE,1,2025-02-20,0,
3080,1,10,OUT,SALE,1,2025-02-21,0,
3081,1,10,OUT,SALE,2,2025-02-22,0,
3082,1,10,OUT,SALE,1,2025-02-23,0,
3083,1,10,OUT,SALE,2,2025-02-24,0,
3084,1,10,OUT,SALE,1,2025-02-25,0,
3085,1,10,OUT,SALE,1,2025-02-26,0,
3086,1,10,OUT,SALE,1,2025-02-27,0,
3087,1,10,OUT,SALE,1,2025-02-28,0,
3088,1,10,OUT,SALE,1,2025-03-01,0,
3089,1,10,OUT,SALE,2,2025-03-02,0,
3090,1,10,OUT,SALE,2,2025-03-03,0,
3091,1,10,OUT,DAMAGE,4,2025-03-04,1,OFF_HOURS_BULK
3092,1,10,OUT,SALE,2,2025-03-05,0,
3093,1,10,OUT,SALE,2,2025-03-06,0,
3094,1,10,OUT,SALE,2,2025-03-07,0,
3095,1,10,OUT,SALE,2,2025-03-08,0,
3096,1,10,OUT,SALE,2,2025-03-09,0,
3097,1,10,OUT,SALE,2,2025-03-10,0,
3098,1,10,OUT,SALE,2,2025-03-11,0,
3099,1,10,OUT,SALE,1,2025-03-12,0,
3100,1,10,OUT,SALE,1,2025-03-13,0,
3101,1,10,OUT,SALE,1,2025-03-14,0,
3102,1,10,OUT,SALE,3,2025-03-15,0,
3103,1,10,OUT,SALE,3,2025-03-16,0,
3104,1,10,OUT,SALE,2,2025-03-17,0,
3105,1,10,OUT,SALE,3,2025-03-18,0,
3106,1,10,OUT,SALE,2,2025-03-19,0,
3107,1,10,OUT,SALE,2,2025-03-20,0,
3108,1,10,OUT,SALE,2,2025-03-21,0,
3109,1,10,OUT,SALE,2,2025-03-22,0,
3110,1,10,OUT,SALE,2,2025-03-23,0,
3111,1,10,OUT,SALE,1,2025-03-24,0,
3112,1,10,OUT,SALE,2,2025-03-25,0,
3113,1,10,OUT,SALE,2,2025-03-26,0,
3114,1,10,OUT,SALE,2,2025-03-27,0,
3115,1,10,OUT,SALE,1,2025-03-28,0,
3116,1,10,OUT,SALE,2,2025-03-29,0,
3117,1,10,OUT,SALE,2,2025-03-30,0,
3118,1,10,OUT,SALE,2,2025-03-31,0,
3119,1,10,OUT,SALE,2,2025-04-01,0,
3120,1,10,OUT,SALE,1,2025-04-02,0,
3121,1,10,OUT,SALE,2,2025-04-03,0,
3122,1,10,OUT,SALE,2,2025-04-04,0,
3123,1,10,OUT,SALE,2,2025-04-05,0,
3124,1,10,OUT,SALE,2,2025-04-06,0,
3125,1,10,OUT,SALE,2,2025-04-07,0,
3126,1,10,OUT,SALE,2,2025-04-08,0,
3127,1,10,OUT,SALE,2,2025-04-09,0,
3128,1,10,OUT,SALE,2,2025-04-10,0,
3129,1,10,OUT,SALE,2,2025-04-11,0,
3130,1,10,OUT,SALE,1,2025-04-12,0,
3131,1,10,OUT,SALE,2,2025-04-13,0,
3132,1,10,OUT,SALE,2,2025-04-14,0,
3133,1,10,OUT,SALE,2,2025-04-15,0,
3134,1,10,OUT,SALE,2,2025-04-16,0,
3135,1,10,OUT,SALE,2,2025-04-17,0,
3136,1,10,OUT,SALE,2,2025-04-18,0,
3137,1,10,OUT,SALE,2,2025-04-19,0,
3138,1,10,OUT,SALE,2,2025-04-20,0,
3139,1,10,OUT,SALE,2,2025-04-21,0,
3140,1,10,OUT,SALE,2,2025-04-22,0,
3141,1,10,OUT,SALE,2,2025-04-23,0,
3142,1,10,OUT,SALE,2,2025-04-24,0,
3143,1,10,OUT,SALE,1,2025-04-25,0,
3144,1,10,OUT,SALE,2,2025-04-26,0,
3145,1,10,OUT,SALE,2,2025-04-27,0,
3146,1,10,OUT,SALE,2,2025-04-28,0,
3147,1,10,OUT,SALE,2,2025-04-29,0,
3148,1,10,OUT,SALE,2,2025-04-30,0,
3149,1,10,OUT,SALE,1,2025-05-01,0,
3150,1,10,OUT,SALE,2,2025-05-02,0,
3151,1,10,OUT,SALE,2,2025-05-03,0,
3152,1,10,OUT,SALE,2,2025-05-04,0,
3153,1,10,OUT,SALE,2,2025-05-05,0,
3154,1,10,OUT,DAMAGE,14,2025-05-06,1,OFF_HOURS_BULK
3155,1,10,OUT,SALE,2,2025-05-07,0,
3156,1,10,OUT,SALE,2,2025-05-08,0,
3157,1,10,OUT,SALE,2,2025-05-09,0,
3158,1,10,OUT,SALE,2,2025-05-10,0,
3159,1,10,OUT,SALE,3,2025-05-11,0,
3160,1,10,OUT,SALE,2,2025-05-12,0,
3161,1,10,OUT,SALE,2,2025-05-13,0,
3162,1,10,OUT,SALE,2,2025-05-14,0,
3163,1,10,OUT,SALE,2,2025-05-15,0,
3164,1,10,OUT,SALE,2,2025-05-16,0,
3165,1,10,OUT,SALE,2,2025-05-17,0,
3166,1,10,OUT,SALE,2,2025-05-18,0,
3167,1,10,OUT,SALE,2,2025-05-19,0,
3168,1,10,OUT,SALE,2,2025-05-20,0,
3169,1,10,OUT,SALE,2,2025-05-21,0,
3170,1,10,OUT,SALE,2,2025-05-22,0,
3171,1,10,OUT,SALE,2,2025-05-23,0,
3172,1,10,OUT,SALE,2,2025-05-24,0,
3173,1,10,OUT,SALE,2,2025-05-25,0,
3174,1,10,OUT,SALE,2,2025-05-26,0,
3175,1,10,OUT,SALE,2,2025-05-27,0,
3176,1,10,OUT,SALE,2,2025-05-28,0,
3177,1,10,OUT,SALE,2,2025-05-29,0,
3178,1,10,OUT,SALE,2,2025-05-30,0,
3179,1,10,OUT,SALE,1,2025-05-31,0,
3180,1,10,OUT,SALE,3,2025-06-01,0,
3181,1,10,OUT,SALE,2,2025-06-02,0,
3182,1,10,OUT,SALE,2,2025-06-03,0,
3183,1,10,OUT,SALE,2,2025-06-04,0,
3184,1,10,OUT,SALE,2,2025-06-05,0,
3185,1,10,OUT,SALE,2,2025-06-06,0,
3186,1,10,OUT,SALE,3,2025-06-07,0,
3187,1,10,OUT,SALE,2,2025-06-08,0,
3188,1,10,OUT,SALE,2,2025-06-09,0,
3189,1,10,OUT,SALE,2,2025-06-10,0,
3190,1,10,OUT,SALE,2,2025-06-11,0,
3191,1,10,OUT,SALE,2,2025-06-12,0,
3192,1,10,OUT,SALE,2,2025-06-13,0,
3193,1,10,OUT,SALE,2,2025-06-14,0,
3194,1,10,OUT,SALE,2,2025-06-15,0,
3195,1,10,OUT,SALE,2,2025-06-16,0,
3196,1,10,OUT,SALE,2,2025-06-17,0,
3197,1,10,OUT,SALE,2,2025-06-18,0,
3198,1,10,OUT,SALE,2,2025-06-19,0,
3199,1,10,OUT,SALE,2,2025-06-20,0,
3200,1,10,OUT,SALE,2,2025-06-21,0,
3201,1,10,OUT,SALE,2,2025-06-22,0,
3202,1,10,OUT,DAMAGE,2,2025-06-23,1,REPEATED_LOSS
3203,1,10,OUT,SALE,2,2025-06-24,0,
3204,1,10,OUT,SALE,2,2025-06-25,0,
3205,1,10,OUT,SALE,2,2025-06-26,0,
3206,1,10,OUT,SALE,1,2025-06-27,0,
3207,1,10,OUT,SALE,2,2025-06-28,0,
3208,1,10,OUT,SALE,2,2025-06-29,0,
3209,1,10,OUT,SALE,2,2025-06-30,0,
3210,1,10,OUT,SALE,2,2025-07-01,0,
3211,1,10,OUT,SALE,2,2025-07-02,0,
3212,1,10,OUT,SALE,2,2025-07-03,0,
3213,1,10,OUT,SALE,2,2025-07-04,0,
3214,1,10,OUT,DAMAGE,15,2025-07-05,1,OFF_HOURS_BULK
3215,1,10,OUT,SALE,2,2025-07-06,0,
3216,1,10,OUT,SALE,2,2025-07-07,0,
3217,1,10,OUT,SALE,2,2025-07-08,0,
3218,1,10,OUT,SALE,2,2025-07-09,0,
3219,1,10,OUT,DAMAGE,15,2025-07-10,1,OFF_HOURS_BULK
3220,1,10,OUT,SALE,2,2025-07-11,0,
3221,1,10,OUT,SALE,2,2025-07-12,0,
3222,1,10,OUT,SALE,2,2025-07-13,0,
3223,1,10,OUT,SALE,2,2025-07-14,0,
3224,1,10,OUT,SALE,2,2025-07-15,0,
3225,1,10,OUT,SALE,2,2025-07-16,0,
3226,1,10,OUT,SALE,2,2025-07-17,0,
3227,1,10,OUT,SALE,2,2025-07-18,0,
3228,1,10,OUT,SALE,2,2025-07-19,0,
3229,1,10,OUT,SALE,5,2025-07-20,0,
3230,1,10,OUT,SALE,4,2025-07-21,0,
3231,1,10,OUT,SALE,4,2025-07-22,0,
3232,1,10,OUT,SALE,4,2025-07-23,0,
3233,1,10,OUT,SALE,4,2025-07-24,0,
3234,1,10,OUT,SALE,4,2025-07-25,0,
3235,1,10,OUT,SALE,3,2025-07-26,0,
3236,1,10,OUT,SALE,2,2025-07-27,0,
3237,1,10,OUT,SALE,2,2025-07-28,0,
3238,1,10,OUT,SALE,2,2025-07-29,0,
3239,1,10,OUT,SALE,2,2025-07-30,0,
3240,1,10,OUT,SALE,2,2025-07-31,0,
3241,1,10,OUT,SALE,2,2025-08-01,0,
3242,1,10,OUT,SALE,2,2025-08-02,0,
3243,1,10,OUT,SALE,3,2025-08-03,0,
3244,1,10,OUT,SALE,1,2025-08-04,0,
3245,1,10,OUT,SALE,2,2025-08-05,0,
3246,1,10,OUT,SALE,1,2025-08-06,0,
3247,1,10,OUT,DAMAGE,14,2025-08-07,1,THEFT_SPIKE
3248,1,10,OUT,SALE,2,2025-08-08,0,
3249,1,10,OUT,SALE,2,2025-08-09,0,
3250,1,10,OUT,SALE,2,2025-08-10,0,
3251,1,10,OUT,SALE,2,2025-08-11,0,
3252,1,10,OUT,SALE,2,2025-08-12,0,
3253,1,10,OUT,SALE,1,2025-08-13,0,
3254,1,10,OUT,SALE,2,2025-08-14,0,
3255,1,10,OUT,SALE,2,2025-08-15,0,
3256,1,10,OUT,SALE,3,2025-08-16,0,
3257,1,10,OUT,SALE,2,2025-08-17,0,
3258,1,10,OUT,SALE,2,2025-08-18,0,
3259,1,10,OUT,SALE,2,2025-08-19,0,
3260,1,10,OUT,SALE,2,2025-08-20,0,
3261,1,10,OUT,SALE,2,2025-08-21,0,
3262,1,10,OUT,SALE,2,2025-08-22,0,
3263,1,10,OUT,SALE,2,2025-08-23,0,
3264,1,10,OUT,SALE,2,2025-08-24,0,
3265,1,10,OUT,SALE,2,2025-08-25,0,
3266,1,10,OUT,SALE,2,2025-08-26,0,
3267,1,10,OUT,SALE,2,2025-08-27,0,
3268,1,10,OUT,SALE,2,2025-08-28,0,
3269,1,10,OUT,SALE,2,2025-08-29,0,
3270,1,10,OUT,SALE,2,2025-08-30,0,
3271,1,10,OUT,SALE,2,2025-08-31,0,
3272,1,10,OUT,SALE,2,2025-09-01,0,
3273,1,10,OUT,SALE,2,2025-09-02,0,
3274,1,10,OUT,SALE,2,2025-09-03,0,
3275,1,10,OUT,SALE,2,2025-09-04,0,
3276,1,10,OUT,SALE,1,2025-09-05,0,
3277,1,10,OUT,SALE,2,2025-09-06,0,
3278,1,10,OUT,SALE,3,2025-09-07,0,
3279,1,10,OUT,SALE,1,2025-09-08,0,
3280,1,10,OUT,SALE,2,2025-09-09,0,
3281,1,10,OUT,SALE,2,2025-09-10,0,
3282,1,10,OUT,SALE,2,2025-09-11,0,
3283,1,10,OUT,SALE,2,2025-09-12,0,
3284,1,10,OUT,SALE,2,2025-09-13,0,
3285,1,10,OUT,SALE,2,2025-09-14,0,
3286,1,10,OUT,SALE,2,2025-09-15,0,
3287,1,10,OUT,SALE,1,2025-09-16,0,
3288,1,10,OUT,SALE,2,2025-09-17,0,
3289,1,10,OUT,SALE,2,2025-09-18,0,
3290,1,10,OUT,SALE,2,2025-09-19,0,
3291,1,10,OUT,SALE,2,2025-09-20,0,
3292,1,10,OUT,SALE,2,2025-09-21,0,
3293,1,10,OUT,SALE,2,2025-09-22,0,
3294,1,10,OUT,SALE,2,2025-09-23,0,
3295,1,10,OUT,SALE,2,2025-09-24,0,
3296,1,10,OUT,SALE,2,2025-09-25,0,
3297,1,10,OUT,SALE,2,2025-09-26,0,
3298,1,10,OUT,SALE,2,2025-09-27,0,
3299,1,10,OUT,SALE,2,2025-09-28,0,
3300,1,10,OUT,SALE,2,2025-09-29,0,
3301,1,10,OUT,SALE,3,2025-09-30,0,
3302,1,10,OUT,SALE,3,2025-10-01,0,
3303,1,10,OUT,SALE,3,2025-10-02,0,
3304,1,10,OUT,SALE,3,2025-10-03,0,
3305,1,10,OUT,SALE,2,2025-10-04,0,
3306,1,10,OUT,SALE,2,2025-10-05,0,
3307,1,10,OUT,SALE,2,2025-10-06,0,
3308,1,10,OUT,SALE,1,2025-10-07,0,
3309,1,10,OUT,SALE,2,2025-10-08,0,
3310,1,10,OUT,SALE,1,2025-10-09,0,
3311,1,10,OUT,SALE,2,2025-10-10,0,
3312,1,10,OUT,SALE,2,2025-10-11,0,
3313,1,10,OUT,SALE,2,2025-10-12,0,
3314,1,10,OUT,SALE,2,2025-10-13,0,
3315,1,10,OUT,SALE,2,2025-10-14,0,
3316,1,10,OUT,SALE,2,2025-10-15,0,
3317,1,10,OUT,SALE,2,2025-10-16,0,
3318,1,10,OUT,SALE,1,2025-10-17,0,
3319,1,10,OUT,SALE,2,2025-10-18,0,
3320,1,10,OUT,SALE,2,2025-10-19,0,
3321,1,10,OUT,SALE,1,2025-10-20,0,
3322,1,10,OUT,SALE,2,2025-10-21,0,
3323,1,10,OUT,SALE,2,2025-10-22,0,
3324,1,10,OUT,SALE,2,2025-10-23,0,
3325,1,10,OUT,SALE,2,2025-10-24,0,
3326,1,10,OUT,SALE,2,2025-10-25,0,
3327,1,10,OUT,SALE,2,2025-10-26,0,
3328,1,10,OUT,SALE,2,2025-10-27,0,
3329,1,10,OUT,SALE,2,2025-10-28,0,
3330,1,10,OUT,SALE,2,2025-10-29,0,
3331,1,10,OUT,SALE,2,2025-10-30,0,
3332,1,10,OUT,SALE,2,2025-10-31,0,
3333,1,10,OUT,SALE,1,2025-11-01,0,
3334,1,10,OUT,SALE,2,2025-11-02,0,
3335,1,10,OUT,SALE,2,2025-11-03,0,
3336,1,10,OUT,SALE,2,2025-11-04,0,
3337,1,10,OUT,SALE,2,2025-11-05,0,
3338,1,10,OUT,SALE,2,2025-11-06,0,
3339,1,10,OUT,SALE,2,2025-11-07,0,
3340,1,10,OUT,SALE,2,2025-11-08,0,
3341,1,10,OUT,SALE,2,2025-11-09,0,
3342,1,10,OUT,SALE,1,2025-11-10,0,
3343,1,10,OUT,SALE,2,2025-11-11,0,
3344,1,10,OUT,SALE,2,2025-11-12,0,
3345,1,10,OUT,SALE,1,2025-11-13,0,
3346,1,10,OUT,SALE,2,2025-11-14,0,
3347,1,10,OUT,SALE,1,2025-11-15,0,
3348,1,10,OUT,SALE,2,2025-11-16,0,
3349,1,10,OUT,SALE,2,2025-11-17,0,
3350,1,10,OUT,SALE,1,2025-11-18,0,
3351,1,10,OUT,SALE,1,2025-11-19,0,
3352,1,10,OUT,SALE,2,2025-11-20,0,
3353,1,10,OUT,SALE,1,2025-11-21,0,
3354,1,10,OUT,SALE,2,2025-11-22,0,
3355,1,10,OUT,SALE,2,2025-11-23,0,
3356,1,10,OUT,SALE,1,2025-11-24,0,
3357,1,10,OUT,SALE,2,2025-11-25,0,
3358,1,10,OUT,SALE,2,2025-11-26,0,
3359,1,10,OUT,SALE,2,2025-11-27,0,
3360,1,10,OUT,SALE,4,2025-11-28,0,
3361,1,10,OUT,SALE,4,2025-11-29,0,
3362,1,10,OUT,SALE,5,2025-11-30,0,
3363,1,10,OUT,SALE,1,2025-12-01,0,
3364,1,10,OUT,SALE,2,2025-12-02,0,
3365,1,10,OUT,SALE,1,2025-12-03,0,
3366,1,10,OUT,SALE,1,2025-12-04,0,
3367,1,10,OUT,SALE,1,2025-12-05,0,
3368,1,10,OUT,SALE,2,2025-12-06,0,
3369,1,10,OUT,SALE,2,2025-12-07,0,
3370,1,10,OUT,SALE,1,2025-12-08,0,
3371,1,10,OUT,SALE,2,2025-12-09,0,
3372,1,10,OUT,SALE,1,2025-12-10,0,
3373,1,10,OUT,SALE,2,2025-12-11,0,
3374,1,10,OUT,SALE,1,2025-12-12,0,
3375,1,10,OUT,SALE,2,2025-12-13,0,
3376,1,10,OUT,SALE,2,2025-12-14,0,
3377,1,10,OUT,SALE,2,2025-12-15,0,
3378,1,10,OUT,SALE,1,2025-12-16,0,
3379,1,10,OUT,SALE,1,2025-12-17,0,
3380,1,10,OUT,SALE,2,2025-12-18,0,
3381,1,10,OUT,SALE,1,2025-12-19,0,
3382,1,10,OUT,SALE,1,2025-12-20,0,
3383,1,10,OUT,SALE,2,2025-12-21,0,
3384,1,10,OUT,SALE,2,2025-12-22,0,
3385,1,10,OUT,SALE,1,2025-12-23,0,
3386,1,10,OUT,SALE,2,2025-12-24,0,
3387,1,10,OUT,SALE,3,2025-12-25,0,
3388,1,10,OUT,SALE,3,2025-12-26,0,
3389,1,10,OUT,SALE,2,2025-12-27,0,
3390,1,10,OUT,SALE,1,2025-12-28,0,
3391,1,10,OUT,SALE,2,2025-12-29,0,
3392,1,10,OUT,SALE,2,2025-12-30,0,
3393,1,10,OUT,SALE,1,2025-12-31,0,
3394,1,11,OUT,SALE,9,2025-01-01,0,
3395,1,11,OUT,SALE,10,2025-01-02,0,
3396,1,11,OUT,SALE,10,2025-01-03,0,
3397,1,11,OUT,SALE,9,2025-01-04,0,
3398,1,11,OUT,SALE,11,2025-01-05,0,
3399,1,11,OUT,SALE,9,2025-01-06,0,
3400,1,11,OUT,SALE,9,2025-01-07,0,
3401,1,11,OUT,SALE,9,2025-01-08,0,
3402,1,11,OUT,SALE,8,2025-01-09,0,
3403,1,11,OUT,SALE,10,2025-01-10,0,
3404,1,11,OUT,SALE,10,2025-01-11,0,
3405,1,11,OUT,SALE,9,2025-01-12,0,
3406,1,11,OUT,SALE,8,2025-01-13,0,
3407,1,11,OUT,SALE,9,2025-01-14,0,
3408,1,11,OUT,SALE,10,2025-01-15,0,
3409,1,11,OUT,SALE,9,2025-01-16,0,
3410,1,11,OUT,SALE,8,2025-01-17,0,
3411,1,11,OUT,SALE,13,2025-01-18,0,
3412,1,11,OUT,SALE,10,2025-01-19,0,
3413,1,11,OUT,SALE,10,2025-01-20,0,
3414,1,11,OUT,SALE,8,2025-01-21,0,
3415,1,11,OUT,SALE,9,2025-01-22,0,
3416,1,11,OUT,SALE,10,2025-01-23,0,
3417,1,11,OUT,SALE,10,2025-01-24,0,
3418,1,11,OUT,SALE,20,2025-01-25,0,
3419,1,11,OUT,SALE,20,2025-01-26,0,
3420,1,11,OUT,SALE,9999,2025-01-27,1,DATA_ERROR
3421,1,11,OUT,SALE,14,2025-01-28,0,
3422,1,11,OUT,SALE,9,2025-01-29,0,
3423,1,11,OUT,SALE,10,2025-01-30,0,
3424,1,11,OUT,SALE,8,2025-01-31,0,
3425,1,11,OUT,SALE,14,2025-02-01,0,
3426,1,11,OUT,SALE,15,2025-02-02,0,
3427,1,11,OUT,SALE,10,2025-02-03,0,
3428,1,11,OUT,SALE,10,2025-02-04,0,
3429,1,11,OUT,SALE,11,2025-02-05,0,
3430,1,11,OUT,SALE,11,2025-02-06,0,
3431,1,11,OUT,SALE,10,2025-02-07,0,
3432,1,11,OUT,SALE,14,2025-02-08,0,
3433,1,11,OUT,SALE,13,2025-02-09,0,
3434,1,11,OUT,SALE,11,2025-02-10,0,
3435,1,11,OUT,SALE,9,2025-02-11,0,
3436,1,11,OUT,SALE,9,2025-02-12,0,
3437,1,11,OUT,SALE,11,2025-02-13,0,
3438,1,11,OUT,SALE,8,2025-02-14,0,
3439,1,11,OUT,SALE,14,2025-02-15,0,
3440,1,11,OUT,SALE,12,2025-02-16,0,
3441,1,11,OUT,SALE,15,2025-02-17,0,
3442,1,11,OUT,SALE,14,2025-02-18,0,
3443,1,11,OUT,SALE,11,2025-02-19,0,
3444,1,11,OUT,SALE,11,2025-02-20,0,
3445,1,11,OUT,SALE,12,2025-02-21,0,
3446,1,11,OUT,SALE,15,2025-02-22,0,
3447,1,11,OUT,SALE,10,2025-02-23,0,
3448,1,11,OUT,SALE,8,2025-02-24,0,
3449,1,11,OUT,DAMAGE,49,2025-02-25,1,OFF_HOURS_BULK
3450,1,11,OUT,SALE,12,2025-02-26,0,
3451,1,11,OUT,SALE,11,2025-02-27,0,
3452,1,11,OUT,SALE,12,2025-02-28,0,
3453,1,11,OUT,SALE,12,2025-03-01,0,
3454,1,11,OUT,SALE,10,2025-03-02,0,
3455,1,11,OUT,SALE,14,2025-03-03,0,
3456,1,11,OUT,SALE,11,2025-03-04,0,
3457,1,11,OUT,SALE,9,2025-03-05,0,
3458,1,11,OUT,SALE,13,2025-03-06,0,
3459,1,11,OUT,SALE,14,2025-03-07,0,
3460,1,11,OUT,SALE,14,2025-03-08,0,
3461,1,11,OUT,SALE,13,2025-03-09,0,
3462,1,11,OUT,SALE,12,2025-03-10,0,
3463,1,11,OUT,SALE,12,2025-03-11,0,
3464,1,11,OUT,SALE,10,2025-03-12,0,
3465,1,11,OUT,SALE,11,2025-03-13,0,
3466,1,11,OUT,SALE,13,2025-03-14,0,
3467,1,11,OUT,SALE,24,2025-03-15,0,
3468,1,11,OUT,SALE,23,2025-03-16,0,
3469,1,11,OUT,SALE,17,2025-03-17,0,
3470,1,11,OUT,SALE,19,2025-03-18,0,
3471,1,11,OUT,SALE,9,2025-03-19,0,
3472,1,11,OUT,SALE,13,2025-03-20,0,
3473,1,11,OUT,SALE,15,2025-03-21,0,
3474,1,11,OUT,SALE,12,2025-03-22,0,
3475,1,11,OUT,SALE,13,2025-03-23,0,
3476,1,11,OUT,SALE,13,2025-03-24,0,
3477,1,11,OUT,SALE,14,2025-03-25,0,
3478,1,11,OUT,SALE,12,2025-03-26,0,
3479,1,11,OUT,SALE,11,2025-03-27,0,
3480,1,11,OUT,SALE,9,2025-03-28,0,
3481,1,11,OUT,SALE,14,2025-03-29,0,
3482,1,11,OUT,SALE,18,2025-03-30,0,
3483,1,11,OUT,SALE,13,2025-03-31,0,
3484,1,11,OUT,SALE,13,2025-04-01,0,
3485,1,11,OUT,SALE,13,2025-04-02,0,
3486,1,11,OUT,SALE,13,2025-04-03,0,
3487,1,11,OUT,SALE,12,2025-04-04,0,
3488,1,11,OUT,SALE,16,2025-04-05,0,
3489,1,11,OUT,SALE,15,2025-04-06,0,
3490,1,11,OUT,SALE,13,2025-04-07,0,
3491,1,11,OUT,SALE,11,2025-04-08,0,
3492,1,11,OUT,SALE,15,2025-04-09,0,
3493,1,11,OUT,SALE,14,2025-04-10,0,
3494,1,11,OUT,SALE,12,2025-04-11,0,
3495,1,11,OUT,SALE,17,2025-04-12,0,
3496,1,11,OUT,SALE,14,2025-04-13,0,
3497,1,11,OUT,SALE,12,2025-04-14,0,
3498,1,11,OUT,SALE,12,2025-04-15,0,
3499,1,11,OUT,SALE,10,2025-04-16,0,
3500,1,11,OUT,SALE,14,2025-04-17,0,
3501,1,11,OUT,SALE,10,2025-04-18,0,
3502,1,11,OUT,SALE,13,2025-04-19,0,
3503,1,11,OUT,DAMAGE,99,2025-04-20,1,THEFT_SPIKE
3504,1,11,OUT,SALE,13,2025-04-21,0,
3505,1,11,OUT,SALE,13,2025-04-22,0,
3506,1,11,OUT,SALE,12,2025-04-23,0,
3507,1,11,OUT,SALE,11,2025-04-24,0,
3508,1,11,OUT,SALE,11,2025-04-25,0,
3509,1,11,OUT,SALE,16,2025-04-26,0,
3510,1,11,OUT,SALE,14,2025-04-27,0,
3511,1,11,OUT,SALE,13,2025-04-28,0,
3512,1,11,OUT,SALE,12,2025-04-29,0,
3513,1,11,OUT,SALE,13,2025-04-30,0,
3514,1,11,OUT,SALE,14,2025-05-01,0,
3515,1,11,OUT,SALE,13,2025-05-02,0,
3516,1,11,OUT,SALE,14,2025-05-03,0,
3517,1,11,OUT,SALE,0,2025-05-04,1,DATA_ERROR
3518,1,11,OUT,SALE,12,2025-05-05,0,
3519,1,11,OUT,SALE,12,2025-05-06,0,
3520,1,11,OUT,SALE,12,2025-05-07,0,
3521,1,11,OUT,SALE,12,2025-05-08,0,
3522,1,11,OUT,SALE,13,2025-05-09,0,
3523,1,11,OUT,SALE,13,2025-05-10,0,
3524,1,11,OUT,SALE,13,2025-05-11,0,
3525,1,11,OUT,SALE,10,2025-05-12,0,
3526,1,11,OUT,SALE,10,2025-05-13,0,
3527,1,11,OUT,SALE,11,2025-05-14,0,
3528,1,11,OUT,SALE,13,2025-05-15,0,
3529,1,11,OUT,SALE,11,2025-05-16,0,
3530,1,11,OUT,SALE,15,2025-05-17,0,
3531,1,11,OUT,SALE,14,2025-05-18,0,
3532,1,11,OUT,SALE,9,2025-05-19,0,
3533,1,11,OUT,SALE,13,2025-05-20,0,
3534,1,11,OUT,SALE,14,2025-05-21,0,
3535,1,11,OUT,SALE,11,2025-05-22,0,
3536,1,11,OUT,SALE,13,2025-05-23,0,
3537,1,11,OUT,SALE,13,2025-05-24,0,
3538,1,11,OUT,SALE,14,2025-05-25,0,
3539,1,11,OUT,SALE,11,2025-05-26,0,
3540,1,11,OUT,SALE,10,2025-05-27,0,
3541,1,11,OUT,SALE,12,2025-05-28,0,
3542,1,11,OUT,SALE,12,2025-05-29,0,
3543,1,11,OUT,SALE,12,2025-05-30,0,
3544,1,11,OUT,SALE,12,2025-05-31,0,
3545,1,11,OUT,SALE,12,2025-06-01,0,
3546,1,11,OUT,SALE,11,2025-06-02,0,
3547,1,11,OUT,SALE,11,2025-06-03,0,
3548,1,11,OUT,SALE,11,2025-06-04,0,
3549,1,11,OUT,SALE,10,2025-06-05,0,
3550,1,11,OUT,SALE,12,2025-06-06,0,
3551,1,11,OUT,SALE,11,2025-06-07,0,
3552,1,11,OUT,SALE,13,2025-06-08,0,
3553,1,11,OUT,SALE,12,2025-06-09,0,
3554,1,11,OUT,SALE,11,2025-06-10,0,
3555,1,11,OUT,SALE,11,2025-06-11,0,
3556,1,11,OUT,SALE,10,2025-06-12,0,
3557,1,11,OUT,SALE,12,2025-06-13,0,
3558,1,11,OUT,SALE,10,2025-06-14,0,
3559,1,11,OUT,SALE,11,2025-06-15,0,
3560,1,11,OUT,SALE,10,2025-06-16,0,
3561,1,11,OUT,SALE,12,2025-06-17,0,
3562,1,11,OUT,SALE,11,2025-06-18,0,
3563,1,11,OUT,SALE,10,2025-06-19,0,
3564,1,11,OUT,SALE,10,2025-06-20,0,
3565,1,11,OUT,SALE,12,2025-06-21,0,
3566,1,11,OUT,SALE,11,2025-06-22,0,
3567,1,11,OUT,SALE,12,2025-06-23,0,
3568,1,11,OUT,SALE,9,2025-06-24,0,
3569,1,11,OUT,SALE,13,2025-06-25,0,
3570,1,11,OUT,SALE,12,2025-06-26,0,
3571,1,11,OUT,SALE,12,2025-06-27,0,
3572,1,11,OUT,SALE,12,2025-06-28,0,
3573,1,11,OUT,SALE,12,2025-06-29,0,
3574,1,11,OUT,SALE,9,2025-06-30,0,
3575,1,11,OUT,SALE,8,2025-07-01,0,
3576,1,11,OUT,SALE,9,2025-07-02,0,
3577,1,11,OUT,SALE,10,2025-07-03,0,
3578,1,11,OUT,SALE,7,2025-07-04,0,
3579,1,11,OUT,SALE,9,2025-07-05,0,
3580,1,11,OUT,SALE,10,2025-07-06,0,
3581,1,11,OUT,SALE,7,2025-07-07,0,
3582,1,11,OUT,SALE,9,2025-07-08,0,
3583,1,11,OUT,SALE,8,2025-07-09,0,
3584,1,11,OUT,SALE,8,2025-07-10,0,
3585,1,11,OUT,SALE,8,2025-07-11,0,
3586,1,11,OUT,SALE,9,2025-07-12,0,
3587,1,11,OUT,SALE,10,2025-07-13,0,
3588,1,11,OUT,SALE,8,2025-07-14,0,
3589,1,11,OUT,SALE,8,2025-07-15,0,
3590,1,11,OUT,SALE,8,2025-07-16,0,
3591,1,11,OUT,SALE,9,2025-07-17,0,
3592,1,11,OUT,SALE,10,2025-07-18,0,
3593,1,11,OUT,SALE,10,2025-07-19,0,
3594,1,11,OUT,SALE,24,2025-07-20,0,
3595,1,11,OUT,SALE,16,2025-07-21,0,
3596,1,11,OUT,SALE,19,2025-07-22,0,
3597,1,11,OUT,SALE,17,2025-07-23,0,
3598,1,11,OUT,SALE,16,2025-07-24,0,
3599,1,11,OUT,SALE,17,2025-07-25,0,
3600,1,11,OUT,SALE,11,2025-07-26,0,
3601,1,11,OUT,SALE,11,2025-07-27,0,
3602,1,11,OUT,SALE,9,2025-07-28,0,
3603,1,11,OUT,SALE,7,2025-07-29,0,
3604,1,11,OUT,SALE,8,2025-07-30,0,
3605,1,11,OUT,SALE,9,2025-07-31,0,
3606,1,11,OUT,SALE,7,2025-08-01,0,
3607,1,11,OUT,SALE,6,2025-08-02,0,
3608,1,11,OUT,SALE,7,2025-08-03,0,
3609,1,11,OUT,SALE,6,2025-08-04,0,
3610,1,11,OUT,SALE,7,2025-08-05,0,
3611,1,11,OUT,SALE,5,2025-08-06,0,
3612,1,11,OUT,SALE,6,2025-08-07,0,
3613,1,11,OUT,SALE,7,2025-08-08,0,
3614,1,11,OUT,SALE,8,2025-08-09,0,
3615,1,11,OUT,SALE,8,2025-08-10,0,
3616,1,11,OUT,SALE,7,2025-08-11,0,
3617,1,11,OUT,SALE,6,2025-08-12,0,
3618,1,11,OUT,SALE,5,2025-08-13,0,
3619,1,11,OUT,SALE,6,2025-08-14,0,
3620,1,11,OUT,SALE,7,2025-08-15,0,
3621,1,11,OUT,SALE,9,2025-08-16,0,
3622,1,11,OUT,SALE,8,2025-08-17,0,
3623,1,11,OUT,SALE,7,2025-08-18,0,
3624,1,11,OUT,SALE,7,2025-08-19,0,
3625,1,11,OUT,SALE,6,2025-08-20,0,
3626,1,11,OUT,SALE,6,2025-08-21,0,
3627,1,11,OUT,SALE,8,2025-08-22,0,
3628,1,11,OUT,SALE,7,2025-08-23,0,
3629,1,11,OUT,SALE,9,2025-08-24,0,
3630,1,11,OUT,SALE,6,2025-08-25,0,
3631,1,11,OUT,SALE,8,2025-08-26,0,
3632,1,11,OUT,SALE,5,2025-08-27,0,
3633,1,11,OUT,SALE,7,2025-08-28,0,
3634,1,11,OUT,SALE,6,2025-08-29,0,
3635,1,11,OUT,SALE,6,2025-08-30,0,
3636,1,11,OUT,SALE,8,2025-08-31,0,
3637,1,11,OUT,SALE,5,2025-09-01,0,
3638,1,11,OUT,SALE,4,2025-09-02,0,
3639,1,11,OUT,SALE,4,2025-09-03,0,
3640,1,11,OUT,SALE,5,2025-09-04,0,
3641,1,11,OUT,SALE,5,2025-09-05,0,
3642,1,11,OUT,SALE,6,2025-09-06,0,
3643,1,11,OUT,SALE,6,2025-09-07,0,
3644,1,11,OUT,SALE,5,2025-09-08,0,
3645,1,11,OUT,SALE,6,2025-09-09,0,
3646,1,11,OUT,SALE,5,2025-09-10,0,
3647,1,11,OUT,SALE,5,2025-09-11,0,
3648,1,11,OUT,SALE,4,2025-09-12,0,
3649,1,11,OUT,SALE,5,2025-09-13,0,
3650,1,11,OUT,SALE,5,2025-09-14,0,
3651,1,11,OUT,SALE,5,2025-09-15,0,
3652,1,11,OUT,SALE,5,2025-09-16,0,
3653,1,11,OUT,SALE,4,2025-09-17,0,
3654,1,11,OUT,SALE,5,2025-09-18,0,
3655,1,11,OUT,SALE,5,2025-09-19,0,
3656,1,11,OUT,SALE,7,2025-09-20,0,
3657,1,11,OUT,SALE,6,2025-09-21,0,
3658,1,11,OUT,SALE,5,2025-09-22,0,
3659,1,11,OUT,SALE,5,2025-09-23,0,
3660,1,11,OUT,SALE,5,2025-09-24,0,
3661,1,11,OUT,SALE,6,2025-09-25,0,
3662,1,11,OUT,SALE,4,2025-09-26,0,
3663,1,11,OUT,SALE,5,2025-09-27,0,
3664,1,11,OUT,SALE,5,2025-09-28,0,
3665,1,11,OUT,SALE,5,2025-09-29,0,
3666,1,11,OUT,SALE,11,2025-09-30,0,
3667,1,11,OUT,SALE,8,2025-10-01,0,
3668,1,11,OUT,SALE,6,2025-10-02,0,
3669,1,11,OUT,SALE,8,2025-10-03,0,
3670,1,11,OUT,SALE,6,2025-10-04,0,
3671,1,11,OUT,SALE,5,2025-10-05,0,
3672,1,11,OUT,SALE,5,2025-10-06,0,
3673,1,11,OUT,SALE,4,2025-10-07,0,
3674,1,11,OUT,SALE,4,2025-10-08,0,
3675,1,11,OUT,SALE,5,2025-10-09,0,
3676,1,11,OUT,SALE,4,2025-10-10,0,
3677,1,11,OUT,SALE,6,2025-10-11,0,
3678,1,11,OUT,SALE,5,2025-10-12,0,
3679,1,11,OUT,SALE,4,2025-10-13,0,
3680,1,11,OUT,SALE,4,2025-10-14,0,
3681,1,11,OUT,SALE,4,2025-10-15,0,
3682,1,11,OUT,SALE,4,2025-10-16,0,
3683,1,11,OUT,SALE,5,2025-10-17,0,
3684,1,11,OUT,SALE,5,2025-10-18,0,
3685,1,11,OUT,SALE,5,2025-10-19,0,
3686,1,11,OUT,SALE,5,2025-10-20,0,
3687,1,11,OUT,SALE,4,2025-10-21,0,
3688,1,11,OUT,SALE,5,2025-10-22,0,
3689,1,11,OUT,SALE,4,2025-10-23,0,
3690,1,11,OUT,SALE,5,2025-10-24,0,
3691,1,11,OUT,SALE,5,2025-10-25,0,
3692,1,11,OUT,SALE,4,2025-10-26,0,
3693,1,11,OUT,SALE,5,2025-10-27,0,
3694,1,11,OUT,SALE,5,2025-10-28,0,
3695,1,11,OUT,SALE,4,2025-10-29,0,
3696,1,11,OUT,SALE,4,2025-10-30,0,
3697,1,11,OUT,SALE,4,2025-10-31,0,
3698,1,11,OUT,SALE,6,2025-11-01,0,
3699,1,11,OUT,SALE,6,2025-11-02,0,
3700,1,11,OUT,SALE,5,2025-11-03,0,
3701,1,11,OUT,SALE,5,2025-11-04,0,
3702,1,11,OUT,SALE,6,2025-11-05,0,
3703,1,11,OUT,SALE,5,2025-11-06,0,
3704,1,11,OUT,SALE,4,2025-11-07,0,
3705,1,11,OUT,SALE,7,2025-11-08,0,
3706,1,11,OUT,SALE,7,2025-11-09,0,
3707,1,11,OUT,SALE,7,2025-11-10,0,
3708,1,11,OUT,SALE,4,2025-11-11,0,
3709,1,11,OUT,SALE,5,2025-11-12,0,
3710,1,11,OUT,SALE,4,2025-11-13,0,
3711,1,11,OUT,SALE,5,2025-11-14,0,
3712,1,11,OUT,SALE,5,2025-11-15,0,
3713,1,11,OUT,SALE,7,2025-11-16,0,
3714,1,11,OUT,SALE,4,2025-11-17,0,
3715,1,11,OUT,SALE,4,2025-11-18,0,
3716,1,11,OUT,SALE,5,2025-11-19,0,
3717,1,11,OUT,SALE,4,2025-11-20,0,
3718,1,11,OUT,SALE,5,2025-11-21,0,
3719,1,11,OUT,SALE,4,2025-11-22,0,
3720,1,11,OUT,SALE,6,2025-11-23,0,
3721,1,11,OUT,SALE,4,2025-11-24,0,
3722,1,11,OUT,SALE,5,2025-11-25,0,
3723,1,11,OUT,SALE,6,2025-11-26,0,
3724,1,11,OUT,SALE,5,2025-11-27,0,
3725,1,11,OUT,SALE,11,2025-11-28,0,
3726,1,11,OUT,SALE,14,2025-11-29,0,
3727,1,11,OUT,SALE,14,2025-11-30,0,
3728,1,11,OUT,SALE,7,2025-12-01,0,
3729,1,11,OUT,SALE,5,2025-12-02,0,
3730,1,11,OUT,SALE,7,2025-12-03,0,
3731,1,11,OUT,SALE,4,2025-12-04,0,
3732,1,11,OUT,SALE,6,2025-12-05,0,
3733,1,11,OUT,SALE,7,2025-12-06,0,
3734,1,11,OUT,SALE,8,2025-12-07,0,
3735,1,11,OUT,SALE,6,2025-12-08,0,
3736,1,11,OUT,SALE,5,2025-12-09,0,
3737,1,11,OUT,SALE,6,2025-12-10,0,
3738,1,11,OUT,SALE,7,2025-12-11,0,
3739,1,11,OUT,SALE,6,2025-12-12,0,
3740,1,11,OUT,SALE,7,2025-12-13,0,
3741,1,11,OUT,SALE,7,2025-12-14,0,
3742,1,11,OUT,SALE,7,2025-12-15,0,
3743,1,11,OUT,SALE,6,2025-12-16,0,
3744,1,11,OUT,SALE,6,2025-12-17,0,
3745,1,11,OUT,SALE,8,2025-12-18,0,
3746,1,11,OUT,SALE,5,2025-12-19,0,
3747,1,11,OUT,SALE,6,2025-12-20,0,
3748,1,11,OUT,SALE,8,2025-12-21,0,
3749,1,11,OUT,SALE,6,2025-12-22,0,
3750,1,11,OUT,SALE,6,2025-12-23,0,
3751,1,11,OUT,SALE,10,2025-12-24,0,
3752,1,11,OUT,SALE,11,2025-12-25,0,
3753,1,11,OUT,SALE,13,2025-12-26,0,
3754,1,11,OUT,SALE,8,2025-12-27,0,
3755,1,11,OUT,SALE,8,2025-12-28,0,
3756,1,11,OUT,SALE,5,2025-12-29,0,
3757,1,11,OUT,SALE,6,2025-12-30,0,
3758,1,11,OUT,SALE,4,2025-12-31,0,
3759,2,1,OUT,SALE,5,2025-01-01,0,
3760,2,1,OUT,SALE,5,2025-01-02,0,
3761,2,1,OUT,SALE,6,2025-01-03,0,
3762,2,1,OUT,SALE,7,2025-01-04,0,
3763,2,1,OUT,SALE,7,2025-01-05,0,
3764,2,1,OUT,SALE,7,2025-01-06,0,
3765,2,1,OUT,SALE,5,2025-01-07,0,
3766,2,1,OUT,SALE,5,2025-01-08,0,
3767,2,1,OUT,SALE,6,2025-01-09,0,
3768,2,1,OUT,SALE,7,2025-01-10,0,
3769,2,1,OUT,DAMAGE,32,2025-01-11,1,THEFT_SPIKE
3770,2,1,OUT,SALE,7,2025-01-12,0,
3771,2,1,OUT,SALE,7,2025-01-13,0,
3772,2,1,OUT,SALE,5,2025-01-14,0,
3773,2,1,OUT,SALE,6,2025-01-15,0,
3774,2,1,OUT,SALE,5,2025-01-16,0,
3775,2,1,OUT,SALE,6,2025-01-17,0,
3776,2,1,OUT,SALE,7,2025-01-18,0,
3777,2,1,OUT,SALE,7,2025-01-19,0,
3778,2,1,OUT,SALE,5,2025-01-20,0,
3779,2,1,OUT,SALE,5,2025-01-21,0,
3780,2,1,OUT,SALE,7,2025-01-22,0,
3781,2,1,OUT,SALE,6,2025-01-23,0,
3782,2,1,OUT,SALE,6,2025-01-24,0,
3783,2,1,OUT,SALE,12,2025-01-25,0,
3784,2,1,OUT,SALE,13,2025-01-26,0,
3785,2,1,OUT,SALE,10,2025-01-27,0,
3786,2,1,OUT,SALE,9,2025-01-28,0,
3787,2,1,OUT,SALE,6,2025-01-29,0,
3788,2,1,OUT,SALE,6,2025-01-30,0,
3789,2,1,OUT,SALE,5,2025-01-31,0,
3790,2,1,OUT,SALE,6,2025-02-01,0,
3791,2,1,OUT,SALE,6,2025-02-02,0,
3792,2,1,OUT,SALE,6,2025-02-03,0,
3793,2,1,OUT,SALE,6,2025-02-04,0,
3794,2,1,OUT,SALE,4,2025-02-05,0,
3795,2,1,OUT,SALE,5,2025-02-06,0,
3796,2,1,OUT,SALE,5,2025-02-07,0,
3797,2,1,OUT,SALE,5,2025-02-08,0,
3798,2,1,OUT,SALE,6,2025-02-09,0,
3799,2,1,OUT,SALE,5,2025-02-10,0,
3800,2,1,OUT,SALE,5,2025-02-11,0,
3801,2,1,OUT,SALE,5,2025-02-12,0,
3802,2,1,OUT,SALE,6,2025-02-13,0,
3803,2,1,OUT,SALE,5,2025-02-14,0,
3804,2,1,OUT,SALE,6,2025-02-15,0,
3805,2,1,OUT,SALE,6,2025-02-16,0,
3806,2,1,OUT,SALE,5,2025-02-17,0,
3807,2,1,OUT,SALE,5,2025-02-18,0,
3808,2,1,OUT,SALE,5,2025-02-19,0,
3809,2,1,OUT,SALE,5,2025-02-20,0,
3810,2,1,OUT,SALE,5,2025-02-21,0,
3811,2,1,OUT,SALE,6,2025-02-22,0,
3812,2,1,OUT,SALE,7,2025-02-23,0,
3813,2,1,OUT,SALE,5,2025-02-24,0,
3814,2,1,OUT,SALE,5,2025-02-25,0,
3815,2,1,OUT,SALE,5,2025-02-26,0,
3816,2,1,OUT,SALE,6,2025-02-27,0,
3817,2,1,OUT,SALE,6,2025-02-28,0,
3818,2,1,OUT,SALE,5,2025-03-01,0,
3819,2,1,OUT,SALE,4,2025-03-02,0,
3820,2,1,OUT,SALE,4,2025-03-03,0,
3821,2,1,OUT,SALE,5,2025-03-04,0,
3822,2,1,OUT,SALE,5,2025-03-05,0,
3823,2,1,OUT,SALE,5,2025-03-06,0,
3824,2,1,OUT,SALE,5,2025-03-07,0,
3825,2,1,OUT,SALE,5,2025-03-08,0,
3826,2,1,OUT,SALE,5,2025-03-09,0,
3827,2,1,OUT,SALE,4,2025-03-10,0,
3828,2,1,OUT,SALE,4,2025-03-11,0,
3829,2,1,OUT,SALE,5,2025-03-12,0,
3830,2,1,OUT,SALE,4,2025-03-13,0,
3831,2,1,OUT,SALE,5,2025-03-14,0,
3832,2,1,OUT,SALE,8,2025-03-15,0,
3833,2,1,OUT,SALE,7,2025-03-16,0,
3834,2,1,OUT,SALE,6,2025-03-17,0,
3835,2,1,OUT,SALE,6,2025-03-18,0,
3836,2,1,OUT,SALE,5,2025-03-19,0,
3837,2,1,OUT,SALE,4,2025-03-20,0,
3838,2,1,OUT,SALE,5,2025-03-21,0,
3839,2,1,OUT,SALE,4,2025-03-22,0,
3840,2,1,OUT,SALE,5,2025-03-23,0,
3841,2,1,OUT,DAMAGE,19,2025-03-24,1,OFF_HOURS_BULK
3842,2,1,OUT,SALE,4,2025-03-25,0,
3843,2,1,OUT,SALE,4,2025-03-26,0,
3844,2,1,OUT,SALE,4,2025-03-27,0,
3845,2,1,OUT,SALE,4,2025-03-28,0,
3846,2,1,OUT,SALE,4,2025-03-29,0,
3847,2,1,OUT,SALE,5,2025-03-30,0,
3848,2,1,OUT,SALE,4,2025-03-31,0,
3849,2,1,OUT,SALE,4,2025-04-01,0,
3850,2,1,OUT,SALE,3,2025-04-02,0,
3851,2,1,OUT,SALE,4,2025-04-03,0,
3852,2,1,OUT,SALE,3,2025-04-04,0,
3853,2,1,OUT,SALE,3,2025-04-05,0,
3854,2,1,OUT,SALE,2,2025-04-06,0,
3855,2,1,OUT,SALE,3,2025-04-07,0,
3856,2,1,OUT,SALE,3,2025-04-08,0,
3857,2,1,OUT,SALE,3,2025-04-09,0,
3858,2,1,OUT,SALE,3,2025-04-10,0,
3859,2,1,OUT,SALE,3,2025-04-11,0,
3860,2,1,OUT,SALE,2,2025-04-12,0,
3861,2,1,OUT,SALE,3,2025-04-13,0,
3862,2,1,OUT,SALE,3,2025-04-14,0,
3863,2,1,OUT,SALE,3,2025-04-15,0,
3864,2,1,OUT,SALE,3,2025-04-16,0,
3865,2,1,OUT,SALE,3,2025-04-17,0,
3866,2,1,OUT,SALE,3,2025-04-18,0,
3867,2,1,OUT,SALE,2,2025-04-19,0,
3868,2,1,OUT,SALE,3,2025-04-20,0,
3869,2,1,OUT,SALE,3,2025-04-21,0,
3870,2,1,OUT,SALE,3,2025-04-22,0,
3871,2,1,OUT,SALE,2,2025-04-23,0,
3872,2,1,OUT,SALE,3,2025-04-24,0,
3873,2,1,OUT,SALE,3,2025-04-25,0,
3874,2,1,OUT,SALE,4,2025-04-26,0,
3875,2,1,OUT,SALE,3,2025-04-27,0,
3876,2,1,OUT,SALE,3,2025-04-28,0,
3877,2,1,OUT,SALE,2,2025-04-29,0,
3878,2,1,OUT,SALE,3,2025-04-30,0,
3879,2,1,OUT,SALE,2,2025-05-01,0,
3880,2,1,OUT,SALE,2,2025-05-02,0,
3881,2,1,OUT,SALE,2,2025-05-03,0,
3882,2,1,OUT,SALE,2,2025-05-04,0,
3883,2,1,OUT,SALE,1,2025-05-05,0,
3884,2,1,OUT,SALE,1,2025-05-06,0,
3885,2,1,OUT,SALE,2,2025-05-07,0,
3886,2,1,OUT,SALE,2,2025-05-08,0,
3887,2,1,OUT,SALE,1,2025-05-09,0,
3888,2,1,OUT,SALE,2,2025-05-10,0,
3889,2,1,OUT,SALE,2,2025-05-11,0,
3890,2,1,OUT,SALE,2,2025-05-12,0,
3891,2,1,OUT,SALE,1,2025-05-13,0,
3892,2,1,OUT,SALE,2,2025-05-14,0,
3893,2,1,OUT,SALE,2,2025-05-15,0,
3894,2,1,OUT,SALE,2,2025-05-16,0,
3895,2,1,OUT,SALE,2,2025-05-17,0,
3896,2,1,OUT,SALE,2,2025-05-18,0,
3897,2,1,OUT,SALE,2,2025-05-19,0,
3898,2,1,OUT,SALE,1,2025-05-20,0,
3899,2,1,OUT,SALE,1,2025-05-21,0,
3900,2,1,OUT,SALE,2,2025-05-22,0,
3901,2,1,OUT,SALE,2,2025-05-23,0,
3902,2,1,OUT,SALE,2,2025-05-24,0,
3903,2,1,OUT,SALE,1,2025-05-25,0,
3904,2,1,OUT,SALE,2,2025-05-26,0,
3905,2,1,OUT,SALE,2,2025-05-27,0,
3906,2,1,OUT,SALE,1,2025-05-28,0,
3907,2,1,OUT,SALE,1,2025-05-29,0,
3908,2,1,OUT,SALE,2,2025-05-30,0,
3909,2,1,OUT,SALE,2,2025-05-31,0,
3910,2,1,OUT,SALE,1,2025-06-01,0,
3911,2,1,OUT,SALE,1,2025-06-02,0,
3912,2,1,OUT,SALE,1,2025-06-03,0,
3913,2,1,OUT,SALE,1,2025-06-07,0,
3914,2,1,OUT,SALE,1,2025-06-08,0,
3915,2,1,OUT,SALE,1,2025-06-11,0,
3916,2,1,OUT,SALE,1,2025-06-12,0,
3917,2,1,OUT,SALE,1,2025-06-15,0,
3918,2,1,OUT,SALE,1,2025-06-17,0,
3919,2,1,OUT,SALE,1,2025-06-18,0,
3920,2,1,OUT,SALE,1,2025-06-19,0,
3921,2,1,OUT,SALE,1,2025-06-20,0,
3922,2,1,OUT,SALE,1,2025-06-21,0,
3923,2,1,OUT,SALE,1,2025-06-22,0,
3924,2,1,OUT,SALE,1,2025-06-23,0,
3925,2,1,OUT,SALE,1,2025-06-26,0,
3926,2,1,OUT,SALE,1,2025-06-27,0,
3927,2,1,OUT,SALE,1,2025-06-28,0,
3928,2,1,OUT,SALE,1,2025-06-29,0,
3929,2,1,OUT,SALE,1,2025-08-02,0,
3930,2,1,OUT,SALE,1,2025-08-06,0,
3931,2,1,OUT,SALE,1,2025-08-10,0,
3932,2,1,OUT,SALE,1,2025-08-11,0,
3933,2,1,OUT,SALE,1,2025-08-12,0,
3934,2,1,OUT,SALE,1,2025-08-13,0,
3935,2,1,OUT,SALE,1,2025-08-16,0,
3936,2,1,OUT,SALE,1,2025-08-17,0,
3937,2,1,OUT,SALE,1,2025-08-23,0,
3938,2,1,OUT,SALE,1,2025-08-24,0,
3939,2,1,OUT,SALE,1,2025-08-25,0,
3940,2,1,OUT,SALE,1,2025-08-27,0,
3941,2,1,OUT,SALE,1,2025-08-28,0,
3942,2,1,OUT,SALE,1,2025-08-29,0,
3943,2,1,OUT,SALE,1,2025-08-30,0,
3944,2,1,OUT,SALE,1,2025-08-31,0,
3945,2,1,OUT,SALE,1,2025-09-01,0,
3946,2,1,OUT,SALE,1,2025-09-02,0,
3947,2,1,OUT,SALE,2,2025-09-03,0,
3948,2,1,OUT,SALE,2,2025-09-04,0,
3949,2,1,OUT,SALE,2,2025-09-05,0,
3950,2,1,OUT,SALE,2,2025-09-06,0,
3951,2,1,OUT,SALE,2,2025-09-07,0,
3952,2,1,OUT,SALE,1,2025-09-08,0,
3953,2,1,OUT,SALE,1,2025-09-09,0,
3954,2,1,OUT,SALE,2,2025-09-10,0,
3955,2,1,OUT,SALE,2,2025-09-11,0,
3956,2,1,OUT,SALE,1,2025-09-12,0,
3957,2,1,OUT,SALE,2,2025-09-13,0,
3958,2,1,OUT,SALE,2,2025-09-14,0,
3959,2,1,OUT,SALE,1,2025-09-15,0,
3960,2,1,OUT,SALE,2,2025-09-16,0,
3961,2,1,OUT,SALE,1,2025-09-17,0,
3962,2,1,OUT,SALE,1,2025-09-18,0,
3963,2,1,OUT,SALE,1,2025-09-19,0,
3964,2,1,OUT,SALE,2,2025-09-20,0,
3965,2,1,OUT,SALE,2,2025-09-21,0,
3966,2,1,OUT,SALE,1,2025-09-22,0,
3967,2,1,OUT,SALE,1,2025-09-23,0,
3968,2,1,OUT,SALE,2,2025-09-24,0,
3969,2,1,OUT,SALE,2,2025-09-25,0,
3970,2,1,OUT,SALE,2,2025-09-26,0,
3971,2,1,OUT,SALE,2,2025-09-27,0,
3972,2,1,OUT,SALE,2,2025-09-28,0,
3973,2,1,OUT,SALE,1,2025-09-29,0,
3974,2,1,OUT,SALE,3,2025-09-30,0,
3975,2,1,OUT,SALE,5,2025-10-01,0,
3976,2,1,OUT,SALE,4,2025-10-02,0,
3977,2,1,OUT,SALE,5,2025-10-03,0,
3978,2,1,OUT,SALE,4,2025-10-04,0,
3979,2,1,OUT,SALE,4,2025-10-05,0,
3980,2,1,OUT,SALE,3,2025-10-06,0,
3981,2,1,OUT,SALE,3,2025-10-07,0,
3982,2,1,OUT,SALE,3,2025-10-08,0,
3983,2,1,OUT,SALE,2,2025-10-09,0,
3984,2,1,OUT,SALE,3,2025-10-10,0,
3985,2,1,OUT,SALE,4,2025-10-11,0,
3986,2,1,OUT,SALE,4,2025-10-12,0,
3987,2,1,OUT,SALE,3,2025-10-13,0,
3988,2,1,OUT,SALE,3,2025-10-14,0,
3989,2,1,OUT,SALE,3,2025-10-15,0,
3990,2,1,OUT,SALE,3,2025-10-16,0,
3991,2,1,OUT,SALE,2,2025-10-17,0,
3992,2,1,OUT,SALE,4,2025-10-18,0,
3993,2,1,OUT,SALE,3,2025-10-19,0,
3994,2,1,OUT,SALE,3,2025-10-20,0,
3995,2,1,OUT,SALE,3,2025-10-21,0,
3996,2,1,OUT,SALE,3,2025-10-22,0,
3997,2,1,OUT,SALE,4,2025-10-23,0,
3998,2,1,OUT,SALE,2,2025-10-24,0,
3999,2,1,OUT,SALE,3,2025-10-25,0,
4000,2,1,OUT,SALE,3,2025-10-26,0,
4001,2,1,OUT,SALE,9999,2025-10-27,1,DATA_ERROR
4002,2,1,OUT,SALE,3,2025-10-28,0,
4003,2,1,OUT,SALE,3,2025-10-29,0,
4004,2,1,OUT,SALE,3,2025-10-30,0,
4005,2,1,OUT,SALE,3,2025-10-31,0,
4006,2,1,OUT,SALE,5,2025-11-01,0,
4007,2,1,OUT,SALE,5,2025-11-02,0,
4008,2,1,OUT,SALE,5,2025-11-03,0,
4009,2,1,OUT,SALE,5,2025-11-04,0,
4010,2,1,OUT,SALE,4,2025-11-05,0,
4011,2,1,OUT,SALE,4,2025-11-06,0,
4012,2,1,OUT,SALE,5,2025-11-07,0,
4013,2,1,OUT,SALE,5,2025-11-08,0,
4014,2,1,OUT,SALE,6,2025-11-09,0,
4015,2,1,OUT,SALE,5,2025-11-10,0,
4016,2,1,OUT,SALE,5,2025-11-11,0,
4017,2,1,OUT,SALE,3,2025-11-12,0,
4018,2,1,OUT,SALE,4,2025-11-13,0,
4019,2,1,OUT,SALE,4,2025-11-14,0,
4020,2,1,OUT,SALE,5,2025-11-15,0,
4021,2,1,OUT,SALE,4,2025-11-16,0,
4022,2,1,OUT,SALE,5,2025-11-17,0,
4023,2,1,OUT,SALE,3,2025-11-18,0,
4024,2,1,OUT,SALE,5,2025-11-19,0,
4025,2,1,OUT,SALE,4,2025-11-20,0,
4026,2,1,OUT,SALE,4,2025-11-21,0,
4027,2,1,OUT,SALE,5,2025-11-22,0,
4028,2,1,OUT,SALE,5,2025-11-23,0,
4029,2,1,OUT,SALE,5,2025-11-24,0,
4030,2,1,OUT,SALE,4,2025-11-25,0,
4031,2,1,OUT,SALE,4,2025-11-26,0,
4032,2,1,OUT,SALE,5,2025-11-27,0,
4033,2,1,OUT,SALE,11,2025-11-28,0,
4034,2,1,OUT,SALE,13,2025-11-29,0,
4035,2,1,OUT,SALE,14,2025-11-30,0,
4036,2,1,OUT,SALE,5,2025-12-01,0,
4037,2,1,OUT,SALE,5,2025-12-02,0,
4038,2,1,OUT,SALE,6,2025-12-03,0,
4039,2,1,OUT,SALE,5,2025-12-04,0,
4040,2,1,OUT,SALE,6,2025-12-05,0,
4041,2,1,OUT,SALE,6,2025-12-06,0,
4042,2,1,OUT,SALE,6,2025-12-07,0,
4043,2,1,OUT,SALE,6,2025-12-08,0,
4044,2,1,OUT,SALE,5,2025-12-09,0,
4045,2,1,OUT,SALE,6,2025-12-10,0,
4046,2,1,OUT,SALE,4,2025-12-11,0,
4047,2,1,OUT,SALE,6,2025-12-12,0,
4048,2,1,OUT,SALE,6,2025-12-13,0,
4049,2,1,OUT,SALE,6,2025-12-14,0,
4050,2,1,OUT,SALE,6,2025-12-15,0,
4051,2,1,OUT,SALE,6,2025-12-16,0,
4052,2,1,OUT,SALE,6,2025-12-17,0,
4053,2,1,OUT,SALE,6,2025-12-18,0,
4054,2,1,OUT,SALE,6,2025-12-19,0,
4055,2,1,OUT,SALE,6,2025-12-20,0,
4056,2,1,OUT,SALE,6,2025-12-21,0,
4057,2,1,OUT,SALE,5,2025-12-22,0,
4058,2,1,OUT,SALE,6,2025-12-23,0,
4059,2,1,OUT,SALE,9,2025-12-24,0,
4060,2,1,OUT,SALE,9,2025-12-25,0,
4061,2,1,OUT,SALE,11,2025-12-26,0,
4062,2,1,OUT,SALE,6,2025-12-27,0,
4063,2,1,OUT,SALE,6,2025-12-28,0,
4064,2,1,OUT,SALE,6,2025-12-29,0,
4065,2,1,OUT,SALE,5,2025-12-30,0,
4066,2,1,OUT,SALE,4,2025-12-31,0,
4067,2,2,OUT,SALE,4,2025-01-01,0,
4068,2,2,OUT,SALE,3,2025-01-02,0,
4069,2,2,OUT,SALE,4,2025-01-03,0,
4070,2,2,OUT,SALE,4,2025-01-04,0,
4071,2,2,OUT,SALE,4,2025-01-05,0,
4072,2,2,OUT,SALE,3,2025-01-06,0,
4073,2,2,OUT,SALE,3,2025-01-07,0,
4074,2,2,OUT,SALE,4,2025-01-08,0,
4075,2,2,OUT,SALE,4,2025-01-09,0,
4076,2,2,OUT,SALE,3,2025-01-10,0,
4077,2,2,OUT,SALE,5,2025-01-11,0,
4078,2,2,OUT,SALE,4,2025-01-12,0,
4079,2,2,OUT,SALE,3,2025-01-13,0,
4080,2,2,OUT,SALE,3,2025-01-14,0,
4081,2,2,OUT,SALE,4,2025-01-15,0,
4082,2,2,OUT,SALE,4,2025-01-16,0,
4083,2,2,OUT,SALE,4,2025-01-17,0,
4084,2,2,OUT,SALE,4,2025-01-18,0,
4085,2,2,OUT,SALE,5,2025-01-19,0,
4086,2,2,OUT,SALE,3,2025-01-20,0,
4087,2,2,OUT,SALE,4,2025-01-21,0,
4088,2,2,OUT,SALE,4,2025-01-22,0,
4089,2,2,OUT,SALE,4,2025-01-23,0,
4090,2,2,OUT,SALE,3,2025-01-24,0,
4091,2,2,OUT,SALE,6,2025-01-25,0,
4092,2,2,OUT,SALE,8,2025-01-26,0,
4093,2,2,OUT,SALE,5,2025-01-27,0,
4094,2,2,OUT,SALE,6,2025-01-28,0,
4095,2,2,OUT,SALE,4,2025-01-29,0,
4096,2,2,OUT,SALE,4,2025-01-30,0,
4097,2,2,OUT,SALE,3,2025-01-31,0,
4098,2,2,OUT,SALE,4,2025-02-01,0,
4099,2,2,OUT,SALE,4,2025-02-02,0,
4100,2,2,OUT,SALE,3,2025-02-03,0,
4101,2,2,OUT,SALE,3,2025-02-04,0,
4102,2,2,OUT,SALE,3,2025-02-05,0,
4103,2,2,OUT,SALE,3,2025-02-06,0,
4104,2,2,OUT,SALE,3,2025-02-07,0,
4105,2,2,OUT,SALE,4,2025-02-08,0,
4106,2,2,OUT,SALE,4,2025-02-09,0,
4107,2,2,OUT,SALE,3,2025-02-10,0,
4108,2,2,OUT,SALE,3,2025-02-11,0,
4109,2,2,OUT,SALE,4,2025-02-12,0,
4110,2,2,OUT,SALE,4,2025-02-13,0,
4111,2,2,OUT,SALE,3,2025-02-14,0,
4112,2,2,OUT,SALE,4,2025-02-15,0,
4113,2,2,OUT,SALE,4,2025-02-16,0,
4114,2,2,OUT,SALE,4,2025-02-17,0,
4115,2,2,OUT,SALE,4,2025-02-18,0,
4116,2,2,OUT,SALE,3,2025-02-19,0,
4117,2,2,OUT,SALE,4,2025-02-20,0,
4118,2,2,OUT,SALE,3,2025-02-21,0,
4119,2,2,OUT,SALE,4,2025-02-22,0,
4120,2,2,OUT,SALE,4,2025-02-23,0,
4121,2,2,OUT,SALE,3,2025-02-24,0,
4122,2,2,OUT,SALE,3,2025-02-25,0,
4123,2,2,OUT,SALE,4,2025-02-26,0,
4124,2,2,OUT,SALE,4,2025-02-27,0,
4125,2,2,OUT,SALE,4,2025-02-28,0,
4126,2,2,OUT,SALE,3,2025-03-01,0,
4127,2,2,OUT,SALE,3,2025-03-02,0,
4128,2,2,OUT,SALE,3,2025-03-03,0,
4129,2,2,OUT,SALE,9999,2025-03-04,1,DATA_ERROR
4130,2,2,OUT,SALE,3,2025-03-05,0,
4131,2,2,OUT,SALE,2,2025-03-06,0,
4132,2,2,OUT,SALE,3,2025-03-07,0,
4133,2,2,OUT,SALE,3,2025-03-08,0,
4134,2,2,OUT,SALE,3,2025-03-09,0,
4135,2,2,OUT,SALE,3,2025-03-10,0,
4136,2,2,OUT,SALE,3,2025-03-11,0,
4137,2,2,OUT,SALE,2,2025-03-12,0,
4138,2,2,OUT,SALE,3,2025-03-13,0,
4139,2,2,OUT,SALE,2,2025-03-14,0,
4140,2,2,OUT,SALE,5,2025-03-15,0,
4141,2,2,OUT,SALE,5,2025-03-16,0,
4142,2,2,OUT,SALE,4,2025-03-17,0,
4143,2,2,OUT,SALE,4,2025-03-18,0,
4144,2,2,OUT,SALE,3,2025-03-19,0,
4145,2,2,OUT,SALE,3,2025-03-20,0,
4146,2,2,OUT,SALE,2,2025-03-21,0,
4147,2,2,OUT,SALE,3,2025-03-22,0,
4148,2,2,OUT,SALE,3,2025-03-23,0,
4149,2,2,OUT,SALE,2,2025-03-24,0,
4150,2,2,OUT,SALE,3,2025-03-25,0,
4151,2,2,OUT,SALE,3,2025-03-26,0,
4152,2,2,OUT,SALE,3,2025-03-27,0,
4153,2,2,OUT,SALE,2,2025-03-28,0,
4154,2,2,OUT,SALE,3,2025-03-29,0,
4155,2,2,OUT,SALE,3,2025-03-30,0,
4156,2,2,OUT,SALE,2,2025-03-31,0,
4157,2,2,OUT,SALE,2,2025-04-01,0,
4158,2,2,OUT,SALE,2,2025-04-02,0,
4159,2,2,OUT,SALE,1,2025-04-03,0,
4160,2,2,OUT,SALE,2,2025-04-04,0,
4161,2,2,OUT,SALE,2,2025-04-05,0,
4162,2,2,OUT,SALE,2,2025-04-06,0,
4163,2,2,OUT,SALE,2,2025-04-07,0,
4164,2,2,OUT,SALE,2,2025-04-08,0,
4165,2,2,OUT,SALE,2,2025-04-09,0,
4166,2,2,OUT,SALE,2,2025-04-10,0,
4167,2,2,OUT,SALE,2,2025-04-11,0,
4168,2,2,OUT,SALE,2,2025-04-12,0,
4169,2,2,OUT,SALE,2,2025-04-13,0,
4170,2,2,OUT,SALE,2,2025-04-14,0,
4171,2,2,OUT,SALE,2,2025-04-15,0,
4172,2,2,OUT,SALE,2,2025-04-16,0,
4173,2,2,OUT,SALE,2,2025-04-17,0,
4174,2,2,OUT,SALE,2,2025-04-18,0,
4175,2,2,OUT,SALE,2,2025-04-19,0,
4176,2,2,OUT,SALE,2,2025-04-20,0,
4177,2,2,OUT,SALE,2,2025-04-21,0,
4178,2,2,OUT,SALE,2,2025-04-22,0,
4179,2,2,OUT,SALE,2,2025-04-23,0,
4180,2,2,OUT,SALE,2,2025-04-24,0,
4181,2,2,OUT,SALE,2,2025-04-25,0,
4182,2,2,OUT,SALE,2,2025-04-26,0,
4183,2,2,OUT,SALE,2,2025-04-27,0,
4184,2,2,OUT,SALE,2,2025-04-28,0,
4185,2,2,OUT,SALE,2,2025-04-29,0,
4186,2,2,OUT,SALE,2,2025-04-30,0,
4187,2,2,OUT,SALE,1,2025-05-01,0,
4188,2,2,OUT,SALE,1,2025-05-02,0,
4189,2,2,OUT,SALE,1,2025-05-03,0,
4190,2,2,OUT,SALE,1,2025-05-04,0,
4191,2,2,OUT,SALE,1,2025-05-05,0,
4192,2,2,OUT,SALE,1,2025-05-06,0,
4193,2,2,OUT,SALE,1,2025-05-07,0,
4194,2,2,OUT,SALE,1,2025-05-08,0,
4195,2,2,OUT,SALE,1,2025-05-09,0,
4196,2,2,OUT,SALE,1,2025-05-10,0,
4197,2,2,OUT,SALE,1,2025-05-11,0,
4198,2,2,OUT,SALE,1,2025-05-12,0,
4199,2,2,OUT,SALE,1,2025-05-13,0,
4200,2,2,OUT,SALE,1,2025-05-14,0,
4201,2,2,OUT,SALE,1,2025-05-15,0,
4202,2,2,OUT,SALE,1,2025-05-16,0,
4203,2,2,OUT,SALE,1,2025-05-17,0,
4204,2,2,OUT,SALE,1,2025-05-18,0,
4205,2,2,OUT,SALE,1,2025-05-19,0,
4206,2,2,OUT,SALE,1,2025-05-20,0,
4207,2,2,OUT,SALE,1,2025-05-21,0,
4208,2,2,OUT,SALE,1,2025-05-22,0,
4209,2,2,OUT,SALE,1,2025-05-23,0,
4210,2,2,OUT,SALE,1,2025-05-24,0,
4211,2,2,OUT,SALE,1,2025-05-25,0,
4212,2,2,OUT,SALE,1,2025-05-26,0,
4213,2,2,OUT,SALE,1,2025-05-27,0,
4214,2,2,OUT,SALE,1,2025-05-28,0,
4215,2,2,OUT,SALE,1,2025-05-29,0,
4216,2,2,OUT,SALE,1,2025-05-30,0,
4217,2,2,OUT,SALE,1,2025-05-31,0,
4218,2,2,OUT,SALE,1,2025-09-01,0,
4219,2,2,OUT,SALE,1,2025-09-02,0,
4220,2,2,OUT,SALE,1,2025-09-03,0,
4221,2,2,OUT,SALE,1,2025-09-04,0,
4222,2,2,OUT,SALE,1,2025-09-05,0,
4223,2,2,OUT,SALE,1,2025-09-06,0,
4224,2,2,OUT,SALE,1,2025-09-07,0,
4225,2,2,OUT,SALE,1,2025-09-08,0,
4226,2,2,OUT,SALE,1,2025-09-09,0,
4227,2,2,OUT,SALE,1,2025-09-10,0,
4228,2,2,OUT,SALE,1,2025-09-11,0,
4229,2,2,OUT,SALE,1,2025-09-12,0,
4230,2,2,OUT,SALE,1,2025-09-13,0,
4231,2,2,OUT,SALE,1,2025-09-14,0,
4232,2,2,OUT,SALE,1,2025-09-15,0,
4233,2,2,OUT,SALE,1,2025-09-16,0,
4234,2,2,OUT,SALE,1,2025-09-17,0,
4235,2,2,OUT,SALE,1,2025-09-18,0,
4236,2,2,OUT,SALE,1,2025-09-19,0,
4237,2,2,OUT,SALE,1,2025-09-20,0,
4238,2,2,OUT,SALE,1,2025-09-21,0,
4239,2,2,OUT,SALE,1,2025-09-22,0,
4240,2,2,OUT,SALE,1,2025-09-23,0,
4241,2,2,OUT,SALE,1,2025-09-24,0,
4242,2,2,OUT,SALE,1,2025-09-25,0,
4243,2,2,OUT,SALE,1,2025-09-26,0,
4244,2,2,OUT,SALE,1,2025-09-27,0,
4245,2,2,OUT,SALE,1,2025-09-28,0,
4246,2,2,OUT,SALE,1,2025-09-29,0,
4247,2,2,OUT,SALE,2,2025-09-30,0,
4248,2,2,OUT,SALE,4,2025-10-01,0,
4249,2,2,OUT,SALE,4,2025-10-02,0,
4250,2,2,OUT,SALE,3,2025-10-03,0,
4251,2,2,OUT,SALE,2,2025-10-04,0,
4252,2,2,OUT,SALE,2,2025-10-05,0,
4253,2,2,OUT,SALE,2,2025-10-06,0,
4254,2,2,OUT,SALE,2,2025-10-07,0,
4255,2,2,OUT,SALE,2,2025-10-08,0,
4256,2,2,OUT,SALE,2,2025-10-09,0,
4257,2,2,OUT,SALE,1,2025-10-10,0,
4258,2,2,OUT,SALE,2,2025-10-11,0,
4259,2,2,OUT,SALE,2,2025-10-12,0,
4260,2,2,OUT,SALE,2,2025-10-13,0,
4261,2,2,OUT,SALE,2,2025-10-14,0,
4262,2,2,OUT,SALE,2,2025-10-15,0,
4263,2,2,OUT,SALE,2,2025-10-16,0,
4264,2,2,OUT,SALE,2,2025-10-17,0,
4265,2,2,OUT,SALE,2,2025-10-18,0,
4266,2,2,OUT,SALE,2,2025-10-19,0,
4267,2,2,OUT,SALE,2,2025-10-20,0,
4268,2,2,OUT,SALE,2,2025-10-21,0,
4269,2,2,OUT,SALE,2,2025-10-22,0,
4270,2,2,OUT,SALE,2,2025-10-23,0,
4271,2,2,OUT,SALE,2,2025-10-24,0,
4272,2,2,OUT,SALE,2,2025-10-25,0,
4273,2,2,OUT,SALE,2,2025-10-26,0,
4274,2,2,OUT,SALE,2,2025-10-27,0,
4275,2,2,OUT,SALE,2,2025-10-28,0,
4276,2,2,OUT,SALE,2,2025-10-29,0,
4277,2,2,OUT,SALE,2,2025-10-30,0,
4278,2,2,OUT,SALE,2,2025-10-31,0,
4279,2,2,OUT,SALE,3,2025-11-01,0,
4280,2,2,OUT,SALE,3,2025-11-02,0,
4281,2,2,OUT,SALE,3,2025-11-03,0,
4282,2,2,OUT,SALE,3,2025-11-04,0,
4283,2,2,OUT,SALE,2,2025-11-05,0,
4284,2,2,OUT,SALE,3,2025-11-06,0,
4285,2,2,OUT,SALE,3,2025-11-07,0,
4286,2,2,OUT,SALE,3,2025-11-08,0,
4287,2,2,OUT,SALE,3,2025-11-09,0,
4288,2,2,OUT,SALE,3,2025-11-10,0,
4289,2,2,OUT,SALE,3,2025-11-11,0,
4290,2,2,OUT,SALE,2,2025-11-12,0,
4291,2,2,OUT,SALE,3,2025-11-13,0,
4292,2,2,OUT,SALE,2,2025-11-14,0,
4293,2,2,OUT,SALE,3,2025-11-15,0,
4294,2,2,OUT,SALE,3,2025-11-16,0,
4295,2,2,OUT,SALE,3,2025-11-17,0,
4296,2,2,OUT,SALE,3,2025-11-18,0,
4297,2,2,OUT,SALE,3,2025-11-19,0,
4298,2,2,OUT,SALE,3,2025-11-20,0,
4299,2,2,OUT,SALE,2,2025-11-21,0,
4300,2,2,OUT,SALE,3,2025-11-22,0,
4301,2,2,OUT,SALE,3,2025-11-23,0,
4302,2,2,OUT,SALE,2,2025-11-24,0,
4303,2,2,OUT,SALE,3,2025-11-25,0,
4304,2,2,OUT,SALE,3,2025-11-26,0,
4305,2,2,OUT,SALE,3,2025-11-27,0,
4306,2,2,OUT,SALE,7,2025-11-28,0,
4307,2,2,OUT,SALE,7,2025-11-29,0,
4308,2,2,OUT,SALE,9,2025-11-30,0,
4309,2,2,OUT,SALE,3,2025-12-01,0,
4310,2,2,OUT,SALE,2,2025-12-02,0,
4311,2,2,OUT,SALE,3,2025-12-03,0,
4312,2,2,OUT,SALE,3,2025-12-04,0,
4313,2,2,OUT,SALE,3,2025-12-05,0,
4314,2,2,OUT,SALE,5,2025-12-06,0,
4315,2,2,OUT,DAMAGE,12,2025-12-07,1,REPEATED_LOSS
4316,2,2,OUT,SALE,3,2025-12-08,0,
4317,2,2,OUT,SALE,3,2025-12-09,0,
4318,2,2,OUT,SALE,4,2025-12-10,0,
4319,2,2,OUT,SALE,3,2025-12-11,0,
4320,2,2,OUT,SALE,4,2025-12-12,0,
4321,2,2,OUT,SALE,4,2025-12-13,0,
4322,2,2,OUT,SALE,4,2025-12-14,0,
4323,2,2,OUT,SALE,3,2025-12-15,0,
4324,2,2,OUT,SALE,4,2025-12-16,0,
4325,2,2,OUT,DAMAGE,20,2025-12-17,1,OFF_HOURS_BULK
4326,2,2,OUT,SALE,4,2025-12-18,0,
4327,2,2,OUT,SALE,3,2025-12-19,0,
4328,2,2,OUT,SALE,4,2025-12-20,0,
4329,2,2,OUT,SALE,3,2025-12-21,0,
4330,2,2,OUT,SALE,3,2025-12-22,0,
4331,2,2,OUT,SALE,4,2025-12-23,0,
4332,2,2,OUT,SALE,6,2025-12-24,0,
4333,2,2,OUT,SALE,5,2025-12-25,0,
4334,2,2,OUT,SALE,6,2025-12-26,0,
4335,2,2,OUT,SALE,3,2025-12-27,0,
4336,2,2,OUT,SALE,4,2025-12-28,0,
4337,2,2,OUT,SALE,3,2025-12-29,0,
4338,2,2,OUT,SALE,4,2025-12-30,0,
4339,2,2,OUT,SALE,3,2025-12-31,0,
4340,2,3,OUT,SALE,3,2025-01-01,0,
4341,2,3,OUT,SALE,4,2025-01-02,0,
4342,2,3,OUT,SALE,3,2025-01-03,0,
4343,2,3,OUT,SALE,4,2025-01-04,0,
4344,2,3,OUT,SALE,4,2025-01-05,0,
4345,2,3,OUT,SALE,3,2025-01-06,0,
4346,2,3,OUT,SALE,2,2025-01-07,0,
4347,2,3,OUT,SALE,3,2025-01-08,0,
4348,2,3,OUT,SALE,4,2025-01-09,0,
4349,2,3,OUT,SALE,3,2025-01-10,0,
4350,2,3,OUT,SALE,4,2025-01-11,0,
4351,2,3,OUT,SALE,4,2025-01-12,0,
4352,2,3,OUT,SALE,3,2025-01-13,0,
4353,2,3,OUT,SALE,2,2025-01-14,0,
4354,2,3,OUT,SALE,3,2025-01-15,0,
4355,2,3,OUT,SALE,3,2025-01-16,0,
4356,2,3,OUT,SALE,3,2025-01-17,0,
4357,2,3,OUT,SALE,4,2025-01-18,0,
4358,2,3,OUT,SALE,3,2025-01-19,0,
4359,2,3,OUT,SALE,3,2025-01-20,0,
4360,2,3,OUT,SALE,3,2025-01-21,0,
4361,2,3,OUT,SALE,3,2025-01-22,0,
4362,2,3,OUT,SALE,3,2025-01-23,0,
4363,2,3,OUT,SALE,3,2025-01-24,0,
4364,2,3,OUT,SALE,0,2025-01-25,1,DATA_ERROR
4365,2,3,OUT,SALE,7,2025-01-26,0,
4366,2,3,OUT,SALE,7,2025-01-27,0,
4367,2,3,OUT,SALE,7,2025-01-28,0,
4368,2,3,OUT,SALE,3,2025-01-29,0,
4369,2,3,OUT,SALE,2,2025-01-30,0,
4370,2,3,OUT,SALE,3,2025-01-31,0,
4371,2,3,OUT,SALE,4,2025-02-01,0,
4372,2,3,OUT,DAMAGE,6,2025-02-02,1,REPEATED_LOSS
4373,2,3,OUT,SALE,3,2025-02-03,0,
4374,2,3,OUT,SALE,4,2025-02-04,0,
4375,2,3,OUT,SALE,3,2025-02-05,0,
4376,2,3,OUT,SALE,3,2025-02-06,0,
4377,2,3,OUT,SALE,3,2025-02-07,0,
4378,2,3,OUT,SALE,4,2025-02-08,0,
4379,2,3,OUT,SALE,3,2025-02-09,0,
4380,2,3,OUT,SALE,3,2025-02-10,0,
4381,2,3,OUT,SALE,4,2025-02-11,0,
4382,2,3,OUT,SALE,3,2025-02-12,0,
4383,2,3,OUT,SALE,3,2025-02-13,0,
4384,2,3,OUT,SALE,3,2025-02-14,0,
4385,2,3,OUT,SALE,4,2025-02-15,0,
4386,2,3,OUT,SALE,3,2025-02-16,0,
4387,2,3,OUT,SALE,3,2025-02-17,0,
4388,2,3,OUT,SALE,3,2025-02-18,0,
4389,2,3,OUT,SALE,4,2025-02-19,0,
4390,2,3,OUT,SALE,3,2025-02-20,0,
4391,2,3,OUT,SALE,3,2025-02-21,0,
4392,2,3,OUT,SALE,4,2025-02-22,0,
4393,2,3,OUT,SALE,3,2025-02-23,0,
4394,2,3,OUT,SALE,2,2025-02-24,0,
4395,2,3,OUT,SALE,3,2025-02-25,0,
4396,2,3,OUT,SALE,3,2025-02-26,0,
4397,2,3,OUT,SALE,4,2025-02-27,0,
4398,2,3,OUT,SALE,3,2025-02-28,0,
4399,2,3,OUT,SALE,3,2025-03-01,0,
4400,2,3,OUT,SALE,3,2025-03-02,0,
4401,2,3,OUT,SALE,3,2025-03-03,0,
4402,2,3,OUT,SALE,2,2025-03-04,0,
4403,2,3,OUT,SALE,2,2025-03-05,0,
4404,2,3,OUT,SALE,2,2025-03-06,0,
4405,2,3,OUT,SALE,2,2025-03-07,0,
4406,2,3,OUT,SALE,3,2025-03-08,0,
4407,2,3,OUT,SALE,3,2025-03-09,0,
4408,2,3,OUT,SALE,2,2025-03-10,0,
4409,2,3,OUT,SALE,2,2025-03-11,0,
4410,2,3,OUT,SALE,3,2025-03-12,0,
4411,2,3,OUT,SALE,3,2025-03-13,0,
4412,2,3,OUT,SALE,2,2025-03-14,0,
4413,2,3,OUT,SALE,5,2025-03-15,0,
4414,2,3,OUT,SALE,4,2025-03-16,0,
4415,2,3,OUT,SALE,4,2025-03-17,0,
4416,2,3,OUT,SALE,4,2025-03-18,0,
4417,2,3,OUT,SALE,3,2025-03-19,0,
4418,2,3,OUT,SALE,3,2025-03-20,0,
4419,2,3,OUT,SALE,2,2025-03-21,0,
4420,2,3,OUT,SALE,4,2025-03-22,0,
4421,2,3,OUT,SALE,3,2025-03-23,0,
4422,2,3,OUT,SALE,3,2025-03-24,0,
4423,2,3,OUT,SALE,3,2025-03-25,0,
4424,2,3,OUT,SALE,2,2025-03-26,0,
4425,2,3,OUT,SALE,3,2025-03-27,0,
4426,2,3,OUT,SALE,2,2025-03-28,0,
4427,2,3,OUT,SALE,3,2025-03-29,0,
4428,2,3,OUT,SALE,3,2025-03-30,0,
4429,2,3,OUT,SALE,3,2025-03-31,0,
4430,2,3,OUT,SALE,1,2025-04-01,0,
4431,2,3,OUT,SALE,2,2025-04-02,0,
4432,2,3,OUT,SALE,1,2025-04-03,0,
4433,2,3,OUT,SALE,2,2025-04-04,0,
4434,2,3,OUT,SALE,1,2025-04-05,0,
4435,2,3,OUT,SALE,2,2025-04-06,0,
4436,2,3,OUT,SALE,2,2025-04-07,0,
4437,2,3,OUT,SALE,2,2025-04-08,0,
4438,2,3,OUT,SALE,2,2025-04-09,0,
4439,2,3,OUT,SALE,2,2025-04-10,0,
4440,2,3,OUT,SALE,2,2025-04-11,0,
4441,2,3,OUT,SALE,2,2025-04-12,0,
4442,2,3,OUT,SALE,2,2025-04-13,0,
4443,2,3,OUT,SALE,2,2025-04-14,0,
4444,2,3,OUT,SALE,2,2025-04-15,0,
4445,2,3,OUT,SALE,1,2025-04-16,0,
4446,2,3,OUT,SALE,2,2025-04-17,0,
4447,2,3,OUT,SALE,2,2025-04-18,0,
4448,2,3,OUT,SALE,2,2025-04-19,0,
4449,2,3,OUT,SALE,2,2025-04-20,0,
4450,2,3,OUT,SALE,2,2025-04-21,0,
4451,2,3,OUT,SALE,2,2025-04-22,0,
4452,2,3,OUT,SALE,2,2025-04-23,0,
4453,2,3,OUT,SALE,2,2025-04-24,0,
4454,2,3,OUT,SALE,2,2025-04-25,0,
4455,2,3,OUT,SALE,2,2025-04-26,0,
4456,2,3,OUT,SALE,2,2025-04-27,0,
4457,2,3,OUT,SALE,2,2025-04-28,0,
4458,2,3,OUT,SALE,2,2025-04-29,0,
4459,2,3,OUT,SALE,2,2025-04-30,0,
4460,2,3,OUT,SALE,1,2025-05-01,0,
4461,2,3,OUT,SALE,1,2025-05-02,0,
4462,2,3,OUT,SALE,1,2025-05-03,0,
4463,2,3,OUT,SALE,1,2025-05-04,0,
4464,2,3,OUT,SALE,1,2025-05-05,0,
4465,2,3,OUT,SALE,1,2025-05-06,0,
4466,2,3,OUT,SALE,1,2025-05-07,0,
4467,2,3,OUT,SALE,1,2025-05-08,0,
4468,2,3,OUT,SALE,1,2025-05-09,0,
4469,2,3,OUT,SALE,1,2025-05-10,0,
4470,2,3,OUT,SALE,1,2025-05-11,0,
4471,2,3,OUT,SALE,1,2025-05-12,0,
4472,2,3,OUT,SALE,1,2025-05-13,0,
4473,2,3,OUT,SALE,1,2025-05-14,0,
4474,2,3,OUT,SALE,1,2025-05-15,0,
4475,2,3,OUT,SALE,1,2025-05-16,0,
4476,2,3,OUT,SALE,1,2025-05-17,0,
4477,2,3,OUT,SALE,1,2025-05-18,0,
4478,2,3,OUT,SALE,1,2025-05-19,0,
4479,2,3,OUT,SALE,1,2025-05-20,0,
4480,2,3,OUT,SALE,1,2025-05-21,0,
4481,2,3,OUT,SALE,1,2025-05-22,0,
4482,2,3,OUT,SALE,1,2025-05-23,0,
4483,2,3,OUT,SALE,1,2025-05-24,0,
4484,2,3,OUT,SALE,1,2025-05-25,0,
4485,2,3,OUT,SALE,1,2025-05-26,0,
4486,2,3,OUT,SALE,1,2025-05-27,0,
4487,2,3,OUT,SALE,1,2025-05-28,0,
4488,2,3,OUT,SALE,1,2025-05-29,0,
4489,2,3,OUT,SALE,1,2025-05-30,0,
4490,2,3,OUT,SALE,1,2025-05-31,0,
4491,2,3,OUT,SALE,1,2025-09-01,0,
4492,2,3,OUT,SALE,1,2025-09-02,0,
4493,2,3,OUT,SALE,1,2025-09-03,0,
4494,2,3,OUT,SALE,1,2025-09-04,0,
4495,2,3,OUT,SALE,1,2025-09-05,0,
4496,2,3,OUT,SALE,1,2025-09-06,0,
4497,2,3,OUT,SALE,1,2025-09-07,0,
4498,2,3,OUT,SALE,1,2025-09-08,0,
4499,2,3,OUT,SALE,1,2025-09-09,0,
4500,2,3,OUT,SALE,1,2025-09-10,0,
4501,2,3,OUT,SALE,1,2025-09-11,0,
4502,2,3,OUT,SALE,1,2025-09-12,0,
4503,2,3,OUT,SALE,1,2025-09-13,0,
4504,2,3,OUT,SALE,1,2025-09-14,0,
4505,2,3,OUT,SALE,1,2025-09-15,0,
4506,2,3,OUT,SALE,1,2025-09-16,0,
4507,2,3,OUT,SALE,1,2025-09-17,0,
4508,2,3,OUT,SALE,1,2025-09-18,0,
4509,2,3,OUT,SALE,1,2025-09-19,0,
4510,2,3,OUT,SALE,1,2025-09-20,0,
4511,2,3,OUT,SALE,0,2025-09-21,1,DATA_ERROR
4512,2,3,OUT,SALE,1,2025-09-22,0,
4513,2,3,OUT,SALE,1,2025-09-23,0,
4514,2,3,OUT,SALE,1,2025-09-24,0,
4515,2,3,OUT,SALE,1,2025-09-25,0,
4516,2,3,OUT,DAMAGE,4,2025-09-26,1,OFF_HOURS_BULK
4517,2,3,OUT,SALE,1,2025-09-27,0,
4518,2,3,OUT,SALE,1,2025-09-28,0,
4519,2,3,OUT,SALE,1,2025-09-29,0,
4520,2,3,OUT,SALE,1,2025-09-30,0,
4521,2,3,OUT,SALE,4,2025-10-01,0,
4522,2,3,OUT,SALE,3,2025-10-02,0,
4523,2,3,OUT,SALE,3,2025-10-03,0,
4524,2,3,OUT,SALE,2,2025-10-04,0,
4525,2,3,OUT,SALE,2,2025-10-05,0,
4526,2,3,OUT,SALE,2,2025-10-06,0,
4527,2,3,OUT,SALE,2,2025-10-07,0,
4528,2,3,OUT,SALE,2,2025-10-08,0,
4529,2,3,OUT,SALE,2,2025-10-09,0,
4530,2,3,OUT,SALE,2,2025-10-10,0,
4531,2,3,OUT,SALE,2,2025-10-11,0,
4532,2,3,OUT,SALE,2,2025-10-12,0,
4533,2,3,OUT,SALE,1,2025-10-13,0,
4534,2,3,OUT,SALE,2,2025-10-14,0,
4535,2,3,OUT,SALE,2,2025-10-15,0,
4536,2,3,OUT,SALE,2,2025-10-16,0,
4537,2,3,OUT,SALE,2,2025-10-17,0,
4538,2,3,OUT,SALE,2,2025-10-18,0,
4539,2,3,OUT,SALE,2,2025-10-19,0,
4540,2,3,OUT,SALE,2,2025-10-20,0,
4541,2,3,OUT,SALE,2,2025-10-21,0,
4542,2,3,OUT,SALE,2,2025-10-22,0,
4543,2,3,OUT,SALE,1,2025-10-23,0,
4544,2,3,OUT,SALE,2,2025-10-24,0,
4545,2,3,OUT,SALE,2,2025-10-25,0,
4546,2,3,OUT,SALE,2,2025-10-26,0,
4547,2,3,OUT,SALE,2,2025-10-27,0,
4548,2,3,OUT,SALE,2,2025-10-28,0,
4549,2,3,OUT,SALE,2,2025-10-29,0,
4550,2,3,OUT,SALE,2,2025-10-30,0,
4551,2,3,OUT,SALE,2,2025-10-31,0,
4552,2,3,OUT,SALE,3,2025-11-01,0,
4553,2,3,OUT,SALE,2,2025-11-02,0,
4554,2,3,OUT,SALE,3,2025-11-03,0,
4555,2,3,OUT,SALE,2,2025-11-04,0,
4556,2,3,OUT,SALE,2,2025-11-05,0,
4557,2,3,OUT,SALE,2,2025-11-06,0,
4558,2,3,OUT,SALE,2,2025-11-07,0,
4559,2,3,OUT,SALE,2,2025-11-08,0,
4560,2,3,OUT,SALE,3,2025-11-09,0,
4561,2,3,OUT,SALE,3,2025-11-10,0,
4562,2,3,OUT,SALE,3,2025-11-11,0,
4563,2,3,OUT,SALE,2,2025-11-12,0,
4564,2,3,OUT,SALE,2,2025-11-13,0,
4565,2,3,OUT,SALE,2,2025-11-14,0,
4566,2,3,OUT,SALE,3,2025-11-15,0,
4567,2,3,OUT,SALE,2,2025-11-16,0,
4568,2,3,OUT,SALE,2,2025-11-17,0,
4569,2,3,OUT,SALE,3,2025-11-18,0,
4570,2,3,OUT,SALE,3,2025-11-19,0,
4571,2,3,OUT,SALE,3,2025-11-20,0,
4572,2,3,OUT,SALE,3,2025-11-21,0,
4573,2,3,OUT,SALE,3,2025-11-22,0,
4574,2,3,OUT,SALE,3,2025-11-23,0,
4575,2,3,OUT,SALE,3,2025-11-24,0,
4576,2,3,OUT,SALE,2,2025-11-25,0,
4577,2,3,OUT,SALE,3,2025-11-26,0,
4578,2,3,OUT,SALE,3,2025-11-27,0,
4579,2,3,OUT,SALE,6,2025-11-28,0,
4580,2,3,OUT,SALE,8,2025-11-29,0,
4581,2,3,OUT,SALE,7,2025-11-30,0,
4582,2,3,OUT,SALE,3,2025-12-01,0,
4583,2,3,OUT,SALE,3,2025-12-02,0,
4584,2,3,OUT,SALE,4,2025-12-03,0,
4585,2,3,OUT,DAMAGE,17,2025-12-04,1,THEFT_SPIKE
4586,2,3,OUT,SALE,3,2025-12-05,0,
4587,2,3,OUT,SALE,3,2025-12-06,0,
4588,2,3,OUT,SALE,4,2025-12-07,0,
4589,2,3,OUT,SALE,3,2025-12-08,0,
4590,2,3,OUT,SALE,3,2025-12-09,0,
4591,2,3,OUT,SALE,3,2025-12-10,0,
4592,2,3,OUT,SALE,3,2025-12-11,0,
4593,2,3,OUT,SALE,3,2025-12-12,0,
4594,2,3,OUT,SALE,4,2025-12-13,0,
4595,2,3,OUT,SALE,4,2025-12-14,0,
4596,2,3,OUT,SALE,3,2025-12-15,0,
4597,2,3,OUT,SALE,3,2025-12-16,0,
4598,2,3,OUT,SALE,3,2025-12-17,0,
4599,2,3,OUT,SALE,3,2025-12-18,0,
4600,2,3,OUT,SALE,3,2025-12-19,0,
4601,2,3,OUT,SALE,4,2025-12-20,0,
4602,2,3,OUT,DAMAGE,8,2025-12-21,1,REPEATED_LOSS
4603,2,3,OUT,SALE,3,2025-12-22,0,
4604,2,3,OUT,SALE,3,2025-12-23,0,
4605,2,3,OUT,SALE,6,2025-12-24,0,
4606,2,3,OUT,SALE,5,2025-12-25,0,
4607,2,3,OUT,SALE,5,2025-12-26,0,
4608,2,3,OUT,SALE,4,2025-12-27,0,
4609,2,3,OUT,SALE,3,2025-12-28,0,
4610,2,3,OUT,SALE,4,2025-12-29,0,
4611,2,3,OUT,SALE,3,2025-12-30,0,
4612,2,3,OUT,DAMAGE,14,2025-12-31,1,OFF_HOURS_BULK
4613,2,4,OUT,SALE,5,2025-01-01,0,
4614,2,4,OUT,SALE,4,2025-01-02,0,
4615,2,4,OUT,SALE,4,2025-01-03,0,
4616,2,4,OUT,SALE,6,2025-01-04,0,
4617,2,4,OUT,SALE,6,2025-01-05,0,
4618,2,4,OUT,SALE,4,2025-01-06,0,
4619,2,4,OUT,SALE,4,2025-01-07,0,
4620,2,4,OUT,SALE,5,2025-01-08,0,
4621,2,4,OUT,SALE,4,2025-01-09,0,
4622,2,4,OUT,SALE,4,2025-01-10,0,
4623,2,4,OUT,SALE,6,2025-01-11,0,
4624,2,4,OUT,SALE,5,2025-01-12,0,
4625,2,4,OUT,SALE,4,2025-01-13,0,
4626,2,4,OUT,SALE,5,2025-01-14,0,
4627,2,4,OUT,SALE,5,2025-01-15,0,
4628,2,4,OUT,SALE,5,2025-01-16,0,
4629,2,4,OUT,SALE,5,2025-01-17,0,
4630,2,4,OUT,SALE,6,2025-01-18,0,
4631,2,4,OUT,SALE,6,2025-01-19,0,
4632,2,4,OUT,SALE,5,2025-01-20,0,
4633,2,4,OUT,SALE,6,2025-01-21,0,
4634,2,4,OUT,SALE,5,2025-01-22,0,
4635,2,4,OUT,SALE,4,2025-01-23,0,
4636,2,4,OUT,SALE,5,2025-01-24,0,
4637,2,4,OUT,SALE,9,2025-01-25,0,
4638,2,4,OUT,SALE,11,2025-01-26,0,
4639,2,4,OUT,SALE,8,2025-01-27,0,
4640,2,4,OUT,SALE,8,2025-01-28,0,
4641,2,4,OUT,SALE,5,2025-01-29,0,
4642,2,4,OUT,SALE,5,2025-01-30,0,
4643,2,4,OUT,SALE,5,2025-01-31,0,
4644,2,4,OUT,SALE,5,2025-02-01,0,
4645,2,4,OUT,SALE,4,2025-02-02,0,
4646,2,4,OUT,SALE,4,2025-02-03,0,
4647,2,4,OUT,SALE,4,2025-02-04,0,
4648,2,4,OUT,SALE,3,2025-02-05,0,
4649,2,4,OUT,SALE,4,2025-02-06,0,
4650,2,4,OUT,SALE,4,2025-02-07,0,
4651,2,4,OUT,SALE,4,2025-02-08,0,
4652,2,4,OUT,SALE,5,2025-02-09,0,
4653,2,4,OUT,SALE,4,2025-02-10,0,
4654,2,4,OUT,SALE,3,2025-02-11,0,
4655,2,4,OUT,SALE,4,2025-02-12,0,
4656,2,4,OUT,SALE,3,2025-02-13,0,
4657,2,4,OUT,SALE,4,2025-02-14,0,
4658,2,4,OUT,SALE,6,2025-02-15,0,
4659,2,4,OUT,SALE,5,2025-02-16,0,
4660,2,4,OUT,SALE,4,2025-02-17,0,
4661,2,4,OUT,SALE,5,2025-02-18,0,
4662,2,4,OUT,SALE,4,2025-02-19,0,
4663,2,4,OUT,SALE,4,2025-02-20,0,
4664,2,4,OUT,SALE,3,2025-02-21,0,
4665,2,4,OUT,SALE,5,2025-02-22,0,
4666,2,4,OUT,SALE,5,2025-02-23,0,
4667,2,4,OUT,SALE,4,2025-02-24,0,
4668,2,4,OUT,SALE,3,2025-02-25,0,
4669,2,4,OUT,SALE,5,2025-02-26,0,
4670,2,4,OUT,SALE,5,2025-02-27,0,
4671,2,4,OUT,SALE,3,2025-02-28,0,
4672,2,4,OUT,SALE,4,2025-03-01,0,
4673,2,4,OUT,SALE,3,2025-03-02,0,
4674,2,4,OUT,SALE,3,2025-03-03,0,
4675,2,4,OUT,SALE,2,2025-03-04,0,
4676,2,4,OUT,SALE,3,2025-03-05,0,
4677,2,4,OUT,SALE,3,2025-03-06,0,
4678,2,4,OUT,SALE,3,2025-03-07,0,
4679,2,4,OUT,SALE,3,2025-03-08,0,
4680,2,4,OUT,SALE,3,2025-03-09,0,
4681,2,4,OUT,SALE,2,2025-03-10,0,
4682,2,4,OUT,SALE,3,2025-03-11,0,
4683,2,4,OUT,SALE,3,2025-03-12,0,
4684,2,4,OUT,SALE,3,2025-03-13,0,
4685,2,4,OUT,SALE,2,2025-03-14,0,
4686,2,4,OUT,SALE,6,2025-03-15,0,
4687,2,4,OUT,SALE,6,2025-03-16,0,
4688,2,4,OUT,SALE,4,2025-03-17,0,
4689,2,4,OUT,SALE,5,2025-03-18,0,
4690,2,4,OUT,SALE,3,2025-03-19,0,
4691,2,4,OUT,SALE,3,2025-03-20,0,
4692,2,4,OUT,SALE,3,2025-03-21,0,
4693,2,4,OUT,SALE,4,2025-03-22,0,
4694,2,4,OUT,SALE,3,2025-03-23,0,
4695,2,4,OUT,SALE,3,2025-03-24,0,
4696,2,4,OUT,SALE,3,2025-03-25,0,
4697,2,4,OUT,SALE,3,2025-03-26,0,
4698,2,4,OUT,SALE,3,2025-03-27,0,
4699,2,4,OUT,SALE,3,2025-03-28,0,
4700,2,4,OUT,SALE,4,2025-03-29,0,
4701,2,4,OUT,SALE,3,2025-03-30,0,
4702,2,4,OUT,SALE,3,2025-03-31,0,
4703,2,4,OUT,SALE,2,2025-04-01,0,
4704,2,4,OUT,SALE,2,2025-04-02,0,
4705,2,4,OUT,SALE,2,2025-04-03,0,
4706,2,4,OUT,SALE,2,2025-04-04,0,
4707,2,4,OUT,SALE,2,2025-04-05,0,
4708,2,4,OUT,SALE,2,2025-04-06,0,
4709,2,4,OUT,SALE,2,2025-04-07,0,
4710,2,4,OUT,SALE,2,2025-04-08,0,
4711,2,4,OUT,SALE,1,2025-04-09,0,
4712,2,4,OUT,SALE,2,2025-04-10,0,
4713,2,4,OUT,SALE,2,2025-04-11,0,
4714,2,4,OUT,SALE,2,2025-04-12,0,
4715,2,4,OUT,SALE,2,2025-04-13,0,
4716,2,4,OUT,SALE,2,2025-04-14,0,
4717,2,4,OUT,SALE,2,2025-04-15,0,
4718,2,4,OUT,SALE,2,2025-04-16,0,
4719,2,4,OUT,SALE,2,2025-04-17,0,
4720,2,4,OUT,SALE,2,2025-04-18,0,
4721,2,4,OUT,SALE,2,2025-04-19,0,
4722,2,4,OUT,SALE,3,2025-04-20,0,
4723,2,4,OUT,SALE,2,2025-04-21,0,
4724,2,4,OUT,SALE,2,2025-04-22,0,
4725,2,4,OUT,SALE,2,2025-04-23,0,
4726,2,4,OUT,SALE,2,2025-04-24,0,
4727,2,4,OUT,SALE,2,2025-04-25,0,
4728,2,4,OUT,SALE,3,2025-04-26,0,
4729,2,4,OUT,SALE,2,2025-04-27,0,
4730,2,4,OUT,SALE,2,2025-04-28,0,
4731,2,4,OUT,SALE,2,2025-04-29,0,
4732,2,4,OUT,SALE,2,2025-04-30,0,
4733,2,4,OUT,SALE,1,2025-05-01,0,
4734,2,4,OUT,SALE,1,2025-05-02,0,
4735,2,4,OUT,SALE,1,2025-05-03,0,
4736,2,4,OUT,SALE,1,2025-05-04,0,
4737,2,4,OUT,SALE,1,2025-05-05,0,
4738,2,4,OUT,SALE,1,2025-05-06,0,
4739,2,4,OUT,SALE,1,2025-05-07,0,
4740,2,4,OUT,SALE,1,2025-05-08,0,
4741,2,4,OUT,SALE,1,2025-05-09,0,
4742,2,4,OUT,SALE,1,2025-05-10,0,
4743,2,4,OUT,SALE,1,2025-05-11,0,
4744,2,4,OUT,SALE,1,2025-05-12,0,
4745,2,4,OUT,SALE,1,2025-05-13,0,
4746,2,4,OUT,SALE,1,2025-05-14,0,
4747,2,4,OUT,SALE,1,2025-05-15,0,
4748,2,4,OUT,SALE,1,2025-05-16,0,
4749,2,4,OUT,SALE,1,2025-05-17,0,
4750,2,4,OUT,SALE,1,2025-05-18,0,
4751,2,4,OUT,SALE,1,2025-05-19,0,
4752,2,4,OUT,SALE,1,2025-05-20,0,
4753,2,4,OUT,SALE,1,2025-05-21,0,
4754,2,4,OUT,SALE,1,2025-05-22,0,
4755,2,4,OUT,SALE,1,2025-05-23,0,
4756,2,4,OUT,SALE,1,2025-05-24,0,
4757,2,4,OUT,SALE,1,2025-05-25,0,
4758,2,4,OUT,SALE,1,2025-05-26,0,
4759,2,4,OUT,SALE,1,2025-05-27,0,
4760,2,4,OUT,SALE,1,2025-05-28,0,
4761,2,4,OUT,SALE,1,2025-05-29,0,
4762,2,4,OUT,SALE,1,2025-05-30,0,
4763,2,4,OUT,SALE,1,2025-05-31,0,
4764,2,4,OUT,SALE,1,2025-06-01,0,
4765,2,4,OUT,SALE,1,2025-06-02,0,
4766,2,4,OUT,SALE,1,2025-06-03,0,
4767,2,4,OUT,SALE,1,2025-06-04,0,
4768,2,4,OUT,SALE,1,2025-06-05,0,
4769,2,4,OUT,SALE,1,2025-06-06,0,
4770,2,4,OUT,SALE,1,2025-06-07,0,
4771,2,4,OUT,SALE,1,2025-06-08,0,
4772,2,4,OUT,SALE,1,2025-06-09,0,
4773,2,4,OUT,SALE,1,2025-06-10,0,
4774,2,4,OUT,SALE,1,2025-06-11,0,
4775,2,4,OUT,SALE,1,2025-06-12,0,
4776,2,4,OUT,SALE,1,2025-06-13,0,
4777,2,4,OUT,SALE,1,2025-06-14,0,
4778,2,4,OUT,SALE,1,2025-06-15,0,
4779,2,4,OUT,SALE,1,2025-06-16,0,
4780,2,4,OUT,SALE,1,2025-06-17,0,
4781,2,4,OUT,SALE,1,2025-06-18,0,
4782,2,4,OUT,SALE,1,2025-06-19,0,
4783,2,4,OUT,SALE,1,2025-06-20,0,
4784,2,4,OUT,SALE,1,2025-06-21,0,
4785,2,4,OUT,SALE,1,2025-06-22,0,
4786,2,4,OUT,SALE,1,2025-06-23,0,
4787,2,4,OUT,SALE,1,2025-06-24,0,
4788,2,4,OUT,SALE,1,2025-06-25,0,
4789,2,4,OUT,SALE,1,2025-06-26,0,
4790,2,4,OUT,SALE,1,2025-06-27,0,
4791,2,4,OUT,SALE,1,2025-06-28,0,
4792,2,4,OUT,SALE,1,2025-06-29,0,
4793,2,4,OUT,SALE,1,2025-06-30,0,
4794,2,4,OUT,SALE,1,2025-07-01,0,
4795,2,4,OUT,SALE,1,2025-07-02,0,
4796,2,4,OUT,SALE,1,2025-07-03,0,
4797,2,4,OUT,SALE,1,2025-07-04,0,
4798,2,4,OUT,SALE,2,2025-07-05,0,
4799,2,4,OUT,SALE,1,2025-07-06,0,
4800,2,4,OUT,SALE,1,2025-07-07,0,
4801,2,4,OUT,SALE,1,2025-07-08,0,
4802,2,4,OUT,SALE,1,2025-07-09,0,
4803,2,4,OUT,SALE,1,2025-07-10,0,
4804,2,4,OUT,SALE,1,2025-07-11,0,
4805,2,4,OUT,SALE,1,2025-07-12,0,
4806,2,4,OUT,SALE,1,2025-07-13,0,
4807,2,4,OUT,SALE,1,2025-07-14,0,
4808,2,4,OUT,SALE,1,2025-07-15,0,
4809,2,4,OUT,SALE,1,2025-07-16,0,
4810,2,4,OUT,SALE,1,2025-07-17,0,
4811,2,4,OUT,SALE,1,2025-07-18,0,
4812,2,4,OUT,SALE,1,2025-07-19,0,
4813,2,4,OUT,SALE,3,2025-07-20,0,
4814,2,4,OUT,SALE,2,2025-07-21,0,
4815,2,4,OUT,SALE,3,2025-07-22,0,
4816,2,4,OUT,SALE,3,2025-07-23,0,
4817,2,4,OUT,SALE,3,2025-07-24,0,
4818,2,4,OUT,SALE,2,2025-07-25,0,
4819,2,4,OUT,SALE,1,2025-07-26,0,
4820,2,4,OUT,SALE,1,2025-07-27,0,
4821,2,4,OUT,SALE,1,2025-07-28,0,
4822,2,4,OUT,SALE,1,2025-07-29,0,
4823,2,4,OUT,SALE,1,2025-07-30,0,
4824,2,4,OUT,SALE,1,2025-07-31,0,
4825,2,4,OUT,SALE,2,2025-08-01,0,
4826,2,4,OUT,SALE,2,2025-08-02,0,
4827,2,4,OUT,SALE,2,2025-08-03,0,
4828,2,4,OUT,SALE,2,2025-08-04,0,
4829,2,4,OUT,SALE,2,2025-08-05,0,
4830,2,4,OUT,SALE,2,2025-08-06,0,
4831,2,4,OUT,SALE,2,2025-08-07,0,
4832,2,4,OUT,SALE,2,2025-08-08,0,
4833,2,4,OUT,SALE,2,2025-08-09,0,
4834,2,4,OUT,SALE,2,2025-08-10,0,
4835,2,4,OUT,SALE,2,2025-08-11,0,
4836,2,4,OUT,SALE,2,2025-08-12,0,
4837,2,4,OUT,SALE,2,2025-08-13,0,
4838,2,4,OUT,SALE,2,2025-08-14,0,
4839,2,4,OUT,SALE,1,2025-08-15,0,
4840,2,4,OUT,SALE,3,2025-08-16,0,
4841,2,4,OUT,SALE,2,2025-08-17,0,
4842,2,4,OUT,SALE,2,2025-08-18,0,
4843,2,4,OUT,SALE,2,2025-08-19,0,
4844,2,4,OUT,SALE,2,2025-08-20,0,
4845,2,4,OUT,SALE,2,2025-08-21,0,
4846,2,4,OUT,SALE,2,2025-08-22,0,
4847,2,4,OUT,SALE,2,2025-08-23,0,
4848,2,4,OUT,SALE,9999,2025-08-24,1,DATA_ERROR
4849,2,4,OUT,SALE,1,2025-08-25,0,
4850,2,4,OUT,SALE,2,2025-08-26,0,
4851,2,4,OUT,SALE,2,2025-08-27,0,
4852,2,4,OUT,SALE,2,2025-08-28,0,
4853,2,4,OUT,SALE,2,2025-08-29,0,
4854,2,4,OUT,SALE,2,2025-08-30,0,
4855,2,4,OUT,SALE,2,2025-08-31,0,
4856,2,4,OUT,SALE,2,2025-09-01,0,
4857,2,4,OUT,SALE,3,2025-09-02,0,
4858,2,4,OUT,SALE,3,2025-09-03,0,
4859,2,4,OUT,SALE,3,2025-09-04,0,
4860,2,4,OUT,SALE,2,2025-09-05,0,
4861,2,4,OUT,SALE,3,2025-09-06,0,
4862,2,4,OUT,SALE,4,2025-09-07,0,
4863,2,4,OUT,SALE,3,2025-09-08,0,
4864,2,4,OUT,SALE,3,2025-09-09,0,
4865,2,4,OUT,SALE,3,2025-09-10,0,
4866,2,4,OUT,SALE,3,2025-09-11,0,
4867,2,4,OUT,SALE,3,2025-09-12,0,
4868,2,4,OUT,SALE,3,2025-09-13,0,
4869,2,4,OUT,SALE,4,2025-09-14,0,
4870,2,4,OUT,SALE,3,2025-09-15,0,
4871,2,4,OUT,SALE,3,2025-09-16,0,
4872,2,4,OUT,SALE,3,2025-09-17,0,
4873,2,4,OUT,SALE,3,2025-09-18,0,
4874,2,4,OUT,SALE,3,2025-09-19,0,
4875,2,4,OUT,SALE,3,2025-09-20,0,
4876,2,4,OUT,SALE,4,2025-09-21,0,
4877,2,4,OUT,SALE,3,2025-09-22,0,
4878,2,4,OUT,SALE,3,2025-09-23,0,
4879,2,4,OUT,SALE,3,2025-09-24,0,
4880,2,4,OUT,SALE,3,2025-09-25,0,
4881,2,4,OUT,SALE,3,2025-09-26,0,
4882,2,4,OUT,SALE,3,2025-09-27,0,
4883,2,4,OUT,SALE,4,2025-09-28,0,
4884,2,4,OUT,SALE,3,2025-09-29,0,
4885,2,4,OUT,SALE,5,2025-09-30,0,
4886,2,4,OUT,SALE,10,2025-10-01,0,
4887,2,4,OUT,SALE,7,2025-10-02,0,
4888,2,4,OUT,SALE,9,2025-10-03,0,
4889,2,4,OUT,SALE,4,2025-10-04,0,
4890,2,4,OUT,SALE,5,2025-10-05,0,
4891,2,4,OUT,SALE,4,2025-10-06,0,
4892,2,4,OUT,SALE,4,2025-10-07,0,
4893,2,4,OUT,SALE,4,2025-10-08,0,
4894,2,4,OUT,SALE,4,2025-10-09,0,
4895,2,4,OUT,SALE,4,2025-10-10,0,
4896,2,4,OUT,SALE,4,2025-10-11,0,
4897,2,4,OUT,SALE,4,2025-10-12,0,
4898,2,4,OUT,SALE,4,2025-10-13,0,
4899,2,4,OUT,SALE,3,2025-10-14,0,
4900,2,4,OUT,SALE,4,2025-10-15,0,
4901,2,4,OUT,SALE,4,2025-10-16,0,
4902,2,4,OUT,SALE,4,2025-10-17,0,
4903,2,4,OUT,SALE,4,2025-10-18,0,
4904,2,4,OUT,SALE,5,2025-10-19,0,
4905,2,4,OUT,SALE,4,2025-10-20,0,
4906,2,4,OUT,SALE,3,2025-10-21,0,
4907,2,4,OUT,SALE,4,2025-10-22,0,
4908,2,4,OUT,SALE,4,2025-10-23,0,
4909,2,4,OUT,SALE,4,2025-10-24,0,
4910,2,4,OUT,SALE,5,2025-10-25,0,
4911,2,4,OUT,SALE,4,2025-10-26,0,
4912,2,4,OUT,SALE,4,2025-10-27,0,
4913,2,4,OUT,SALE,3,2025-10-28,0,
4914,2,4,OUT,SALE,4,2025-10-29,0,
4915,2,4,OUT,SALE,4,2025-10-30,0,
4916,2,4,OUT,SALE,4,2025-10-31,0,
4917,2,4,OUT,SALE,5,2025-11-01,0,
4918,2,4,OUT,SALE,3,2025-11-02,0,
4919,2,4,OUT,SALE,5,2025-11-03,0,
4920,2,4,OUT,SALE,5,2025-11-04,0,
4921,2,4,OUT,SALE,3,2025-11-05,0,
4922,2,4,OUT,SALE,4,2025-11-06,0,
4923,2,4,OUT,SALE,5,2025-11-07,0,
4924,2,4,OUT,SALE,5,2025-11-08,0,
4925,2,4,OUT,SALE,6,2025-11-09,0,
4926,2,4,OUT,SALE,5,2025-11-10,0,
4927,2,4,OUT,SALE,5,2025-11-11,0,
4928,2,4,OUT,SALE,3,2025-11-12,0,
4929,2,4,OUT,SALE,4,2025-11-13,0,
4930,2,4,OUT,SALE,4,2025-11-14,0,
4931,2,4,OUT,SALE,5,2025-11-15,0,
4932,2,4,OUT,SALE,5,2025-11-16,0,
4933,2,4,OUT,SALE,4,2025-11-17,0,
4934,2,4,OUT,SALE,5,2025-11-18,0,
4935,2,4,OUT,SALE,5,2025-11-19,0,
4936,2,4,OUT,SALE,5,2025-11-20,0,
4937,2,4,OUT,SALE,5,2025-11-21,0,
4938,2,4,OUT,SALE,7,2025-11-22,0,
4939,2,4,OUT,SALE,6,2025-11-23,0,
4940,2,4,OUT,SALE,5,2025-11-24,0,
4941,2,4,OUT,SALE,4,2025-11-25,0,
4942,2,4,OUT,SALE,6,2025-11-26,0,
4943,2,4,OUT,SALE,5,2025-11-27,0,
4944,2,4,OUT,SALE,10,2025-11-28,0,
4945,2,4,OUT,SALE,15,2025-11-29,0,
4946,2,4,OUT,SALE,13,2025-11-30,0,
4947,2,4,OUT,SALE,5,2025-12-01,0,
4948,2,4,OUT,SALE,4,2025-12-02,0,
4949,2,4,OUT,SALE,5,2025-12-03,0,
4950,2,4,OUT,SALE,5,2025-12-04,0,
4951,2,4,OUT,SALE,6,2025-12-05,0,
4952,2,4,OUT,SALE,6,2025-12-06,0,
4953,2,4,OUT,SALE,5,2025-12-07,0,
4954,2,4,OUT,SALE,5,2025-12-08,0,
4955,2,4,OUT,SALE,6,2025-12-09,0,
4956,2,4,OUT,SALE,5,2025-12-10,0,
4957,2,4,OUT,SALE,5,2025-12-11,0,
4958,2,4,OUT,SALE,5,2025-12-12,0,
4959,2,4,OUT,SALE,6,2025-12-13,0,
4960,2,4,OUT,SALE,6,2025-12-14,0,
4961,2,4,OUT,SALE,5,2025-12-15,0,
4962,2,4,OUT,SALE,3,2025-12-16,0,
4963,2,4,OUT,SALE,4,2025-12-17,0,
4964,2,4,OUT,SALE,5,2025-12-18,0,
4965,2,4,OUT,SALE,4,2025-12-19,0,
4966,2,4,OUT,SALE,7,2025-12-20,0,
4967,2,4,OUT,SALE,7,2025-12-21,0,
4968,2,4,OUT,SALE,5,2025-12-22,0,
4969,2,4,OUT,SALE,5,2025-12-23,0,
4970,2,4,OUT,SALE,9,2025-12-24,0,
4971,2,4,OUT,SALE,8,2025-12-25,0,
4972,2,4,OUT,SALE,7,2025-12-26,0,
4973,2,4,OUT,SALE,6,2025-12-27,0,
4974,2,4,OUT,SALE,7,2025-12-28,0,
4975,2,4,OUT,SALE,4,2025-12-29,0,
4976,2,4,OUT,SALE,4,2025-12-30,0,
4977,2,4,OUT,SALE,5,2025-12-31,0,
4978,2,5,OUT,SALE,15,2025-01-01,0,
4979,2,5,OUT,SALE,16,2025-01-02,0,
4980,2,5,OUT,SALE,18,2025-01-03,0,
4981,2,5,OUT,SALE,13,2025-01-04,0,
4982,2,5,OUT,SALE,22,2025-01-05,0,
4983,2,5,OUT,SALE,15,2025-01-06,0,
4984,2,5,OUT,SALE,17,2025-01-07,0,
4985,2,5,OUT,SALE,17,2025-01-08,0,
4986,2,5,OUT,SALE,17,2025-01-09,0,
4987,2,5,OUT,SALE,16,2025-01-10,0,
4988,2,5,OUT,SALE,19,2025-01-11,0,
4989,2,5,OUT,SALE,19,2025-01-12,0,
4990,2,5,OUT,SALE,15,2025-01-13,0,
4991,2,5,OUT,SALE,13,2025-01-14,0,
4992,2,5,OUT,SALE,14,2025-01-15,0,
4993,2,5,OUT,SALE,16,2025-01-16,0,
4994,2,5,OUT,SALE,14,2025-01-17,0,
4995,2,5,OUT,SALE,17,2025-01-18,0,
4996,2,5,OUT,SALE,22,2025-01-19,0,
4997,2,5,OUT,SALE,18,2025-01-20,0,
4998,2,5,OUT,SALE,16,2025-01-21,0,
4999,2,5,OUT,SALE,17,2025-01-22,0,
5000,2,5,OUT,SALE,15,2025-01-23,0,
5001,2,5,OUT,SALE,16,2025-01-24,0,
5002,2,5,OUT,SALE,35,2025-01-25,0,
5003,2,5,OUT,SALE,31,2025-01-26,0,
5004,2,5,OUT,SALE,26,2025-01-27,0,
5005,2,5,OUT,SALE,33,2025-01-28,0,
5006,2,5,OUT,SALE,17,2025-01-29,0,
5007,2,5,OUT,SALE,12,2025-01-30,0,
5008,2,5,OUT,SALE,15,2025-01-31,0,
5009,2,5,OUT,SALE,14,2025-02-01,0,
5010,2,5,OUT,SALE,14,2025-02-02,0,
5011,2,5,OUT,SALE,15,2025-02-03,0,
5012,2,5,OUT,SALE,13,2025-02-04,0,
5013,2,5,OUT,SALE,11,2025-02-05,0,
5014,2,5,OUT,SALE,13,2025-02-06,0,
5015,2,5,OUT,SALE,14,2025-02-07,0,
5016,2,5,OUT,SALE,15,2025-02-08,0,
5017,2,5,OUT,SALE,14,2025-02-09,0,
5018,2,5,OUT,SALE,14,2025-02-10,0,
5019,2,5,OUT,SALE,16,2025-02-11,0,
5020,2,5,OUT,SALE,14,2025-02-12,0,
5021,2,5,OUT,SALE,16,2025-02-13,0,
5022,2,5,OUT,SALE,13,2025-02-14,0,
5023,2,5,OUT,SALE,15,2025-02-15,0,
5024,2,5,OUT,SALE,15,2025-02-16,0,
5025,2,5,OUT,SALE,14,2025-02-17,0,
5026,2,5,OUT,SALE,14,2025-02-18,0,
5027,2,5,OUT,SALE,12,2025-02-19,0,
5028,2,5,OUT,SALE,15,2025-02-20,0,
5029,2,5,OUT,SALE,11,2025-02-21,0,
5030,2,5,OUT,SALE,13,2025-02-22,0,
5031,2,5,OUT,SALE,19,2025-02-23,0,
5032,2,5,OUT,SALE,13,2025-02-24,0,
5033,2,5,OUT,SALE,15,2025-02-25,0,
5034,2,5,OUT,SALE,16,2025-02-26,0,
5035,2,5,OUT,SALE,10,2025-02-27,0,
5036,2,5,OUT,SALE,15,2025-02-28,0,
5037,2,5,OUT,SALE,12,2025-03-01,0,
5038,2,5,OUT,SALE,14,2025-03-02,0,
5039,2,5,OUT,SALE,9,2025-03-03,0,
5040,2,5,OUT,SALE,12,2025-03-04,0,
5041,2,5,OUT,SALE,9,2025-03-05,0,
5042,2,5,OUT,SALE,11,2025-03-06,0,
5043,2,5,OUT,SALE,10,2025-03-07,0,
5044,2,5,OUT,SALE,13,2025-03-08,0,
5045,2,5,OUT,SALE,12,2025-03-09,0,
5046,2,5,OUT,SALE,8,2025-03-10,0,
5047,2,5,OUT,SALE,6,2025-03-11,0,
5048,2,5,OUT,SALE,10,2025-03-12,0,
5049,2,5,OUT,SALE,10,2025-03-13,0,
5050,2,5,OUT,SALE,10,2025-03-14,0,
5051,2,5,OUT,SALE,18,2025-03-15,0,
5052,2,5,OUT,SALE,23,2025-03-16,0,
5053,2,5,OUT,SALE,16,2025-03-17,0,
5054,2,5,OUT,SALE,15,2025-03-18,0,
5055,2,5,OUT,SALE,10,2025-03-19,0,
5056,2,5,OUT,SALE,9,2025-03-20,0,
5057,2,5,OUT,SALE,10,2025-03-21,0,
5058,2,5,OUT,SALE,10,2025-03-22,0,
5059,2,5,OUT,SALE,11,2025-03-23,0,
5060,2,5,OUT,SALE,9,2025-03-24,0,
5061,2,5,OUT,SALE,9,2025-03-25,0,
5062,2,5,OUT,SALE,12,2025-03-26,0,
5063,2,5,OUT,SALE,9,2025-03-27,0,
5064,2,5,OUT,SALE,10,2025-03-28,0,
5065,2,5,OUT,SALE,10,2025-03-29,0,
5066,2,5,OUT,SALE,12,2025-03-30,0,
5067,2,5,OUT,SALE,8,2025-03-31,0,
5068,2,5,OUT,SALE,7,2025-04-01,0,
5069,2,5,OUT,SALE,8,2025-04-02,0,
5070,2,5,OUT,SALE,6,2025-04-03,0,
5071,2,5,OUT,SALE,7,2025-04-04,0,
5072,2,5,OUT,SALE,7,2025-04-05,0,
5073,2,5,OUT,SALE,9,2025-04-06,0,
5074,2,5,OUT,SALE,8,2025-04-07,0,
5075,2,5,OUT,SALE,6,2025-04-08,0,
5076,2,5,OUT,SALE,5,2025-04-09,0,
5077,2,5,OUT,SALE,7,2025-04-10,0,
5078,2,5,OUT,SALE,7,2025-04-11,0,
5079,2,5,OUT,SALE,8,2025-04-12,0,
5080,2,5,OUT,DAMAGE,20,2025-04-13,1,REPEATED_LOSS
5081,2,5,OUT,SALE,6,2025-04-14,0,
5082,2,5,OUT,SALE,7,2025-04-15,0,
5083,2,5,OUT,SALE,7,2025-04-16,0,
5084,2,5,OUT,SALE,5,2025-04-17,0,
5085,2,5,OUT,SALE,7,2025-04-18,0,
5086,2,5,OUT,SALE,8,2025-04-19,0,
5087,2,5,OUT,SALE,7,2025-04-20,0,
5088,2,5,OUT,SALE,8,2025-04-21,0,
5089,2,5,OUT,SALE,6,2025-04-22,0,
5090,2,5,OUT,SALE,6,2025-04-23,0,
5091,2,5,OUT,SALE,7,2025-04-24,0,
5092,2,5,OUT,SALE,7,2025-04-25,0,
5093,2,5,OUT,SALE,6,2025-04-26,0,
5094,2,5,OUT,SALE,8,2025-04-27,0,
5095,2,5,OUT,DAMAGE,55,2025-04-28,1,THEFT_SPIKE
5096,2,5,OUT,SALE,7,2025-04-29,0,
5097,2,5,OUT,SALE,7,2025-04-30,0,
5098,2,5,OUT,SALE,4,2025-05-01,0,
5099,2,5,OUT,SALE,3,2025-05-02,0,
5100,2,5,OUT,SALE,4,2025-05-03,0,
5101,2,5,OUT,SALE,5,2025-05-04,0,
5102,2,5,OUT,SALE,4,2025-05-05,0,
5103,2,5,OUT,SALE,4,2025-05-06,0,
5104,2,5,OUT,SALE,3,2025-05-07,0,
5105,2,5,OUT,SALE,3,2025-05-08,0,
5106,2,5,OUT,DAMAGE,27,2025-05-09,1,OFF_HOURS_BULK
5107,2,5,OUT,SALE,5,2025-05-10,0,
5108,2,5,OUT,SALE,6,2025-05-11,0,
5109,2,5,OUT,SALE,4,2025-05-12,0,
5110,2,5,OUT,SALE,4,2025-05-13,0,
5111,2,5,OUT,SALE,3,2025-05-14,0,
5112,2,5,OUT,SALE,4,2025-05-15,0,
5113,2,5,OUT,SALE,4,2025-05-16,0,
5114,2,5,OUT,SALE,5,2025-05-17,0,
5115,2,5,OUT,SALE,5,2025-05-18,0,
5116,2,5,OUT,SALE,4,2025-05-19,0,
5117,2,5,OUT,SALE,4,2025-05-20,0,
5118,2,5,OUT,SALE,4,2025-05-21,0,
5119,2,5,OUT,SALE,4,2025-05-22,0,
5120,2,5,OUT,SALE,4,2025-05-23,0,
5121,2,5,OUT,SALE,5,2025-05-24,0,
5122,2,5,OUT,SALE,4,2025-05-25,0,
5123,2,5,OUT,SALE,3,2025-05-26,0,
5124,2,5,OUT,SALE,5,2025-05-27,0,
5125,2,5,OUT,SALE,4,2025-05-28,0,
5126,2,5,OUT,SALE,4,2025-05-29,0,
5127,2,5,OUT,SALE,4,2025-05-30,0,
5128,2,5,OUT,SALE,5,2025-05-31,0,
5129,2,5,OUT,SALE,4,2025-06-01,0,
5130,2,5,OUT,SALE,2,2025-06-02,0,
5131,2,5,OUT,SALE,3,2025-06-03,0,
5132,2,5,OUT,SALE,4,2025-06-04,0,
5133,2,5,OUT,SALE,3,2025-06-05,0,
5134,2,5,OUT,SALE,4,2025-06-06,0,
5135,2,5,OUT,SALE,3,2025-06-07,0,
5136,2,5,OUT,SALE,4,2025-06-08,0,
5137,2,5,OUT,SALE,3,2025-06-09,0,
5138,2,5,OUT,SALE,2,2025-06-10,0,
5139,2,5,OUT,SALE,3,2025-06-11,0,
5140,2,5,OUT,SALE,3,2025-06-12,0,
5141,2,5,OUT,SALE,2,2025-06-13,0,
5142,2,5,OUT,SALE,3,2025-06-14,0,
5143,2,5,OUT,SALE,4,2025-06-15,0,
5144,2,5,OUT,SALE,3,2025-06-16,0,
5145,2,5,OUT,SALE,3,2025-06-17,0,
5146,2,5,OUT,SALE,3,2025-06-18,0,
5147,2,5,OUT,SALE,3,2025-06-19,0,
5148,2,5,OUT,SALE,3,2025-06-20,0,
5149,2,5,OUT,SALE,4,2025-06-21,0,
5150,2,5,OUT,SALE,3,2025-06-22,0,
5151,2,5,OUT,SALE,3,2025-06-23,0,
5152,2,5,OUT,SALE,3,2025-06-24,0,
5153,2,5,OUT,SALE,3,2025-06-25,0,
5154,2,5,OUT,SALE,3,2025-06-26,0,
5155,2,5,OUT,SALE,3,2025-06-27,0,
5156,2,5,OUT,SALE,4,2025-06-28,0,
5157,2,5,OUT,SALE,4,2025-06-29,0,
5158,2,5,OUT,SALE,3,2025-06-30,0,
5159,2,5,OUT,SALE,3,2025-07-01,0,
5160,2,5,OUT,SALE,4,2025-07-02,0,
5161,2,5,OUT,SALE,5,2025-07-03,0,
5162,2,5,OUT,SALE,5,2025-07-04,0,
5163,2,5,OUT,SALE,3,2025-07-05,0,
5164,2,5,OUT,SALE,5,2025-07-06,0,
5165,2,5,OUT,SALE,4,2025-07-07,0,
5166,2,5,OUT,SALE,3,2025-07-08,0,
5167,2,5,OUT,SALE,4,2025-07-09,0,
5168,2,5,OUT,SALE,4,2025-07-10,0,
5169,2,5,OUT,SALE,4,2025-07-11,0,
5170,2,5,OUT,SALE,5,2025-07-12,0,
5171,2,5,OUT,SALE,4,2025-07-13,0,
5172,2,5,OUT,SALE,4,2025-07-14,0,
5173,2,5,OUT,SALE,4,2025-07-15,0,
5174,2,5,OUT,SALE,3,2025-07-16,0,
5175,2,5,OUT,SALE,3,2025-07-17,0,
5176,2,5,OUT,SALE,4,2025-07-18,0,
5177,2,5,OUT,SALE,5,2025-07-19,0,
5178,2,5,OUT,SALE,9,2025-07-20,0,
5179,2,5,OUT,SALE,8,2025-07-21,0,
5180,2,5,OUT,SALE,7,2025-07-22,0,
5181,2,5,OUT,SALE,9,2025-07-23,0,
5182,2,5,OUT,SALE,10,2025-07-24,0,
5183,2,5,OUT,SALE,11,2025-07-25,0,
5184,2,5,OUT,SALE,5,2025-07-26,0,
5185,2,5,OUT,SALE,5,2025-07-27,0,
5186,2,5,OUT,SALE,4,2025-07-28,0,
5187,2,5,OUT,SALE,4,2025-07-29,0,
5188,2,5,OUT,SALE,4,2025-07-30,0,
5189,2,5,OUT,SALE,4,2025-07-31,0,
5190,2,5,OUT,SALE,6,2025-08-01,0,
5191,2,5,OUT,SALE,7,2025-08-02,0,
5192,2,5,OUT,SALE,7,2025-08-03,0,
5193,2,5,OUT,SALE,6,2025-08-04,0,
5194,2,5,OUT,SALE,5,2025-08-05,0,
5195,2,5,OUT,SALE,7,2025-08-06,0,
5196,2,5,OUT,SALE,8,2025-08-07,0,
5197,2,5,OUT,DAMAGE,15,2025-08-08,1,REPEATED_LOSS
5198,2,5,OUT,SALE,8,2025-08-09,0,
5199,2,5,OUT,SALE,8,2025-08-10,0,
5200,2,5,OUT,SALE,7,2025-08-11,0,
5201,2,5,OUT,SALE,6,2025-08-12,0,
5202,2,5,OUT,SALE,5,2025-08-13,0,
5203,2,5,OUT,SALE,7,2025-08-14,0,
5204,2,5,OUT,SALE,7,2025-08-15,0,
5205,2,5,OUT,SALE,7,2025-08-16,0,
5206,2,5,OUT,SALE,7,2025-08-17,0,
5207,2,5,OUT,SALE,7,2025-08-18,0,
5208,2,5,OUT,SALE,7,2025-08-19,0,
5209,2,5,OUT,SALE,7,2025-08-20,0,
5210,2,5,OUT,SALE,6,2025-08-21,0,
5211,2,5,OUT,SALE,7,2025-08-22,0,
5212,2,5,OUT,SALE,7,2025-08-23,0,
5213,2,5,OUT,SALE,8,2025-08-24,0,
5214,2,5,OUT,SALE,6,2025-08-25,0,
5215,2,5,OUT,SALE,7,2025-08-26,0,
5216,2,5,OUT,SALE,5,2025-08-27,0,
5217,2,5,OUT,SALE,6,2025-08-28,0,
5218,2,5,OUT,SALE,7,2025-08-29,0,
5219,2,5,OUT,SALE,7,2025-08-30,0,
5220,2,5,OUT,SALE,7,2025-08-31,0,
5221,2,5,OUT,SALE,7,2025-09-01,0,
5222,2,5,OUT,SALE,8,2025-09-02,0,
5223,2,5,OUT,SALE,9,2025-09-03,0,
5224,2,5,OUT,SALE,10,2025-09-04,0,
5225,2,5,OUT,SALE,10,2025-09-05,0,
5226,2,5,OUT,SALE,11,2025-09-06,0,
5227,2,5,OUT,SALE,11,2025-09-07,0,
5228,2,5,OUT,SALE,10,2025-09-08,0,
5229,2,5,OUT,SALE,11,2025-09-09,0,
5230,2,5,OUT,SALE,10,2025-09-10,0,
5231,2,5,OUT,SALE,10,2025-09-11,0,
5232,2,5,OUT,SALE,12,2025-09-12,0,
5233,2,5,OUT,SALE,14,2025-09-13,0,
5234,2,5,OUT,SALE,10,2025-09-14,0,
5235,2,5,OUT,SALE,11,2025-09-15,0,
5236,2,5,OUT,SALE,14,2025-09-16,0,
5237,2,5,OUT,SALE,10,2025-09-17,0,
5238,2,5,OUT,SALE,10,2025-09-18,0,
5239,2,5,OUT,SALE,10,2025-09-19,0,
5240,2,5,OUT,SALE,12,2025-09-20,0,
5241,2,5,OUT,SALE,13,2025-09-21,0,
5242,2,5,OUT,SALE,8,2025-09-22,0,
5243,2,5,OUT,SALE,10,2025-09-23,0,
5244,2,5,OUT,SALE,7,2025-09-24,0,
5245,2,5,OUT,SALE,10,2025-09-25,0,
5246,2,5,OUT,SALE,9,2025-09-26,0,
5247,2,5,OUT,SALE,12,2025-09-27,0,
5248,2,5,OUT,DAMAGE,23,2025-09-28,1,REPEATED_LOSS
5249,2,5,OUT,SALE,9,2025-09-29,0,
5250,2,5,OUT,SALE,21,2025-09-30,0,
5251,2,5,OUT,SALE,23,2025-10-01,0,
5252,2,5,OUT,SALE,20,2025-10-02,0,
5253,2,5,OUT,SALE,26,2025-10-03,0,
5254,2,5,OUT,SALE,0,2025-10-04,1,DATA_ERROR
5255,2,5,OUT,SALE,15,2025-10-05,0,
5256,2,5,OUT,SALE,12,2025-10-06,0,
5257,2,5,OUT,SALE,17,2025-10-07,0,
5258,2,5,OUT,SALE,11,2025-10-08,0,
5259,2,5,OUT,SALE,18,2025-10-09,0,
5260,2,5,OUT,SALE,13,2025-10-10,0,
5261,2,5,OUT,SALE,16,2025-10-11,0,
5262,2,5,OUT,SALE,14,2025-10-12,0,
5263,2,5,OUT,SALE,12,2025-10-13,0,
5264,2,5,OUT,SALE,12,2025-10-14,0,
5265,2,5,OUT,SALE,14,2025-10-15,0,
5266,2,5,OUT,SALE,11,2025-10-16,0,
5267,2,5,OUT,SALE,14,2025-10-17,0,
5268,2,5,OUT,SALE,11,2025-10-18,0,
5269,2,5,OUT,SALE,16,2025-10-19,0,
5270,2,5,OUT,SALE,15,2025-10-20,0,
5271,2,5,OUT,SALE,11,2025-10-21,0,
5272,2,5,OUT,SALE,15,2025-10-22,0,
5273,2,5,OUT,SALE,14,2025-10-23,0,
5274,2,5,OUT,SALE,16,2025-10-24,0,
5275,2,5,OUT,SALE,14,2025-10-25,0,
5276,2,5,OUT,SALE,21,2025-10-26,0,
5277,2,5,OUT,SALE,10,2025-10-27,0,
5278,2,5,OUT,SALE,13,2025-10-28,0,
5279,2,5,OUT,SALE,11,2025-10-29,0,
5280,2,5,OUT,SALE,16,2025-10-30,0,
5281,2,5,OUT,SALE,13,2025-10-31,0,
5282,2,5,OUT,SALE,18,2025-11-01,0,
5283,2,5,OUT,SALE,19,2025-11-02,0,
5284,2,5,OUT,SALE,16,2025-11-03,0,
5285,2,5,OUT,SALE,15,2025-11-04,0,
5286,2,5,OUT,SALE,14,2025-11-05,0,
5287,2,5,OUT,SALE,16,2025-11-06,0,
5288,2,5,OUT,SALE,17,2025-11-07,0,
5289,2,5,OUT,SALE,20,2025-11-08,0,
5290,2,5,OUT,SALE,23,2025-11-09,0,
5291,2,5,OUT,SALE,12,2025-11-10,0,
5292,2,5,OUT,SALE,16,2025-11-11,0,
5293,2,5,OUT,SALE,18,2025-11-12,0,
5294,2,5,OUT,SALE,16,2025-11-13,0,
5295,2,5,OUT,SALE,12,2025-11-14,0,
5296,2,5,OUT,SALE,16,2025-11-15,0,
5297,2,5,OUT,SALE,19,2025-11-16,0,
5298,2,5,OUT,SALE,17,2025-11-17,0,
5299,2,5,OUT,SALE,17,2025-11-18,0,
5300,2,5,OUT,SALE,15,2025-11-19,0,
5301,2,5,OUT,SALE,17,2025-11-20,0,
5302,2,5,OUT,SALE,14,2025-11-21,0,
5303,2,5,OUT,SALE,19,2025-11-22,0,
5304,2,5,OUT,SALE,19,2025-11-23,0,
5305,2,5,OUT,SALE,14,2025-11-24,0,
5306,2,5,OUT,SALE,19,2025-11-25,0,
5307,2,5,OUT,SALE,13,2025-11-26,0,
5308,2,5,OUT,SALE,16,2025-11-27,0,
5309,2,5,OUT,SALE,36,2025-11-28,0,
5310,2,5,OUT,SALE,56,2025-11-29,0,
5311,2,5,OUT,SALE,49,2025-11-30,0,
5312,2,5,OUT,SALE,16,2025-12-01,0,
5313,2,5,OUT,SALE,16,2025-12-02,0,
5314,2,5,OUT,SALE,21,2025-12-03,0,
5315,2,5,OUT,SALE,15,2025-12-04,0,
5316,2,5,OUT,SALE,13,2025-12-05,0,
5317,2,5,OUT,SALE,20,2025-12-06,0,
5318,2,5,OUT,SALE,20,2025-12-07,0,
5319,2,5,OUT,SALE,18,2025-12-08,0,
5320,2,5,OUT,SALE,18,2025-12-09,0,
5321,2,5,OUT,SALE,21,2025-12-10,0,
5322,2,5,OUT,SALE,13,2025-12-11,0,
5323,2,5,OUT,SALE,14,2025-12-12,0,
5324,2,5,OUT,SALE,21,2025-12-13,0,
5325,2,5,OUT,SALE,17,2025-12-14,0,
5326,2,5,OUT,SALE,14,2025-12-15,0,
5327,2,5,OUT,SALE,21,2025-12-16,0,
5328,2,5,OUT,SALE,14,2025-12-17,0,
5329,2,5,OUT,SALE,16,2025-12-18,0,
5330,2,5,OUT,SALE,17,2025-12-19,0,
5331,2,5,OUT,SALE,23,2025-12-20,0,
5332,2,5,OUT,SALE,15,2025-12-21,0,
5333,2,5,OUT,SALE,18,2025-12-22,0,
5334,2,5,OUT,SALE,15,2025-12-23,0,
5335,2,5,OUT,SALE,31,2025-12-24,0,
5336,2,5,OUT,SALE,26,2025-12-25,0,
5337,2,5,OUT,SALE,34,2025-12-26,0,
5338,2,5,OUT,SALE,17,2025-12-27,0,
5339,2,5,OUT,SALE,14,2025-12-28,0,
5340,2,5,OUT,SALE,15,2025-12-29,0,
5341,2,5,OUT,SALE,16,2025-12-30,0,
5342,2,5,OUT,SALE,19,2025-12-31,0,
5343,2,6,OUT,SALE,1,2025-01-01,0,
5344,2,6,OUT,SALE,1,2025-01-02,0,
5345,2,6,OUT,SALE,2,2025-01-03,0,
5346,2,6,OUT,SALE,2,2025-01-04,0,
5347,2,6,OUT,SALE,2,2025-01-05,0,
5348,2,6,OUT,SALE,2,2025-01-06,0,
5349,2,6,OUT,SALE,2,2025-01-07,0,
5350,2,6,OUT,SALE,1,2025-01-08,0,
5351,2,6,OUT,SALE,1,2025-01-09,0,
5352,2,6,OUT,SALE,2,2025-01-10,0,
5353,2,6,OUT,SALE,2,2025-01-11,0,
5354,2,6,OUT,SALE,2,2025-01-12,0,
5355,2,6,OUT,SALE,2,2025-01-13,0,
5356,2,6,OUT,SALE,2,2025-01-14,0,
5357,2,6,OUT,SALE,2,2025-01-15,0,
5358,2,6,OUT,SALE,2,2025-01-16,0,
5359,2,6,OUT,SALE,1,2025-01-17,0,
5360,2,6,OUT,SALE,2,2025-01-18,0,
5361,2,6,OUT,SALE,2,2025-01-19,0,
5362,2,6,OUT,SALE,1,2025-01-20,0,
5363,2,6,OUT,SALE,1,2025-01-21,0,
5364,2,6,OUT,SALE,2,2025-01-22,0,
5365,2,6,OUT,SALE,2,2025-01-23,0,
5366,2,6,OUT,SALE,1,2025-01-24,0,
5367,2,6,OUT,SALE,3,2025-01-25,0,
5368,2,6,OUT,SALE,3,2025-01-26,0,
5369,2,6,OUT,SALE,2,2025-01-27,0,
5370,2,6,OUT,SALE,3,2025-01-28,0,
5371,2,6,OUT,SALE,2,2025-01-29,0,
5372,2,6,OUT,SALE,1,2025-01-30,0,
5373,2,6,OUT,SALE,1,2025-01-31,0,
5374,2,6,OUT,SALE,4,2025-02-01,0,
5375,2,6,OUT,SALE,3,2025-02-02,0,
5376,2,6,OUT,SALE,3,2025-02-03,0,
5377,2,6,OUT,SALE,3,2025-02-04,0,
5378,2,6,OUT,SALE,3,2025-02-05,0,
5379,2,6,OUT,SALE,3,2025-02-06,0,
5380,2,6,OUT,SALE,2,2025-02-07,0,
5381,2,6,OUT,SALE,3,2025-02-08,0,
5382,2,6,OUT,SALE,4,2025-02-09,0,
5383,2,6,OUT,SALE,3,2025-02-10,0,
5384,2,6,OUT,SALE,2,2025-02-11,0,
5385,2,6,OUT,SALE,3,2025-02-12,0,
5386,2,6,OUT,SALE,3,2025-02-13,0,
5387,2,6,OUT,SALE,2,2025-02-14,0,
5388,2,6,OUT,SALE,2,2025-02-15,0,
5389,2,6,OUT,SALE,3,2025-02-16,0,
5390,2,6,OUT,SALE,3,2025-02-17,0,
5391,2,6,OUT,SALE,3,2025-02-18,0,
5392,2,6,OUT,SALE,3,2025-02-19,0,
5393,2,6,OUT,SALE,3,2025-02-20,0,
5394,2,6,OUT,SALE,3,2025-02-21,0,
5395,2,6,OUT,SALE,3,2025-02-22,0,
5396,2,6,OUT,SALE,3,2025-02-23,0,
5397,2,6,OUT,SALE,2,2025-02-24,0,
5398,2,6,OUT,SALE,3,2025-02-25,0,
5399,2,6,OUT,SALE,3,2025-02-26,0,
5400,2,6,OUT,SALE,3,2025-02-27,0,
5401,2,6,OUT,SALE,3,2025-02-28,0,
5402,2,6,OUT,SALE,7,2025-03-01,0,
5403,2,6,OUT,SALE,9,2025-03-02,0,
5404,2,6,OUT,SALE,6,2025-03-03,0,
5405,2,6,OUT,SALE,5,2025-03-04,0,
5406,2,6,OUT,SALE,6,2025-03-05,0,
5407,2,6,OUT,DAMAGE,17,2025-03-06,1,REPEATED_LOSS
5408,2,6,OUT,SALE,7,2025-03-07,0,
5409,2,6,OUT,SALE,6,2025-03-08,0,
5410,2,6,OUT,SALE,7,2025-03-09,0,
5411,2,6,OUT,SALE,5,2025-03-10,0,
5412,2,6,OUT,SALE,6,2025-03-11,0,
5413,2,6,OUT,SALE,7,2025-03-12,0,
5414,2,6,OUT,SALE,7,2025-03-13,0,
5415,2,6,OUT,SALE,6,2025-03-14,0,
5416,2,6,OUT,SALE,11,2025-03-15,0,
5417,2,6,OUT,SALE,10,2025-03-16,0,
5418,2,6,OUT,SALE,13,2025-03-17,0,
5419,2,6,OUT,SALE,10,2025-03-18,0,
5420,2,6,OUT,SALE,5,2025-03-19,0,
5421,2,6,OUT,SALE,7,2025-03-20,0,
5422,2,6,OUT,SALE,7,2025-03-21,0,
5423,2,6,OUT,SALE,8,2025-03-22,0,
5424,2,6,OUT,SALE,9,2025-03-23,0,
5425,2,6,OUT,SALE,7,2025-03-24,0,
5426,2,6,OUT,SALE,6,2025-03-25,0,
5427,2,6,OUT,SALE,6,2025-03-26,0,
5428,2,6,OUT,SALE,6,2025-03-27,0,
5429,2,6,OUT,SALE,6,2025-03-28,0,
5430,2,6,OUT,SALE,8,2025-03-29,0,
5431,2,6,OUT,SALE,7,2025-03-30,0,
5432,2,6,OUT,SALE,7,2025-03-31,0,
5433,2,6,OUT,SALE,11,2025-04-01,0,
5434,2,6,OUT,SALE,9,2025-04-02,0,
5435,2,6,OUT,SALE,8,2025-04-03,0,
5436,2,6,OUT,SALE,9,2025-04-04,0,
5437,2,6,OUT,SALE,11,2025-04-05,0,
5438,2,6,OUT,SALE,12,2025-04-06,0,
5439,2,6,OUT,SALE,10,2025-04-07,0,
5440,2,6,OUT,SALE,11,2025-04-08,0,
5441,2,6,OUT,SALE,10,2025-04-09,0,
5442,2,6,OUT,SALE,11,2025-04-10,0,
5443,2,6,OUT,SALE,11,2025-04-11,0,
5444,2,6,OUT,SALE,15,2025-04-12,0,
5445,2,6,OUT,SALE,11,2025-04-13,0,
5446,2,6,OUT,SALE,13,2025-04-14,0,
5447,2,6,OUT,SALE,10,2025-04-15,0,
5448,2,6,OUT,SALE,9,2025-04-16,0,
5449,2,6,OUT,SALE,10,2025-04-17,0,
5450,2,6,OUT,SALE,15,2025-04-18,0,
5451,2,6,OUT,SALE,13,2025-04-19,0,
5452,2,6,OUT,SALE,13,2025-04-20,0,
5453,2,6,OUT,SALE,12,2025-04-21,0,
5454,2,6,OUT,SALE,10,2025-04-22,0,
5455,2,6,OUT,SALE,11,2025-04-23,0,
5456,2,6,OUT,SALE,11,2025-04-24,0,
5457,2,6,OUT,SALE,13,2025-04-25,0,
5458,2,6,OUT,SALE,12,2025-04-26,0,
5459,2,6,OUT,SALE,12,2025-04-27,0,
5460,2,6,OUT,SALE,9,2025-04-28,0,
5461,2,6,OUT,SALE,11,2025-04-29,0,
5462,2,6,OUT,SALE,11,2025-04-30,0,
5463,2,6,OUT,SALE,13,2025-05-01,0,
5464,2,6,OUT,SALE,16,2025-05-02,0,
5465,2,6,OUT,SALE,18,2025-05-03,0,
5466,2,6,OUT,SALE,19,2025-05-04,0,
5467,2,6,OUT,SALE,17,2025-05-05,0,
5468,2,6,OUT,SALE,15,2025-05-06,0,
5469,2,6,OUT,SALE,13,2025-05-07,0,
5470,2,6,OUT,SALE,13,2025-05-08,0,
5471,2,6,OUT,SALE,18,2025-05-09,0,
5472,2,6,OUT,SALE,18,2025-05-10,0,
5473,2,6,OUT,SALE,21,2025-05-11,0,
5474,2,6,OUT,SALE,16,2025-05-12,0,
5475,2,6,OUT,SALE,16,2025-05-13,0,
5476,2,6,OUT,SALE,17,2025-05-14,0,
5477,2,6,OUT,SALE,13,2025-05-15,0,
5478,2,6,OUT,SALE,16,2025-05-16,0,
5479,2,6,OUT,SALE,15,2025-05-17,0,
5480,2,6,OUT,SALE,17,2025-05-18,0,
5481,2,6,OUT,SALE,16,2025-05-19,0,
5482,2,6,OUT,DAMAGE,127,2025-05-20,1,THEFT_SPIKE
5483,2,6,OUT,SALE,16,2025-05-21,0,
5484,2,6,OUT,SALE,12,2025-05-22,0,
5485,2,6,OUT,SALE,17,2025-05-23,0,
5486,2,6,OUT,SALE,16,2025-05-24,0,
5487,2,6,OUT,SALE,15,2025-05-25,0,
5488,2,6,OUT,SALE,12,2025-05-26,0,
5489,2,6,OUT,SALE,14,2025-05-27,0,
5490,2,6,OUT,SALE,12,2025-05-28,0,
5491,2,6,OUT,SALE,14,2025-05-29,0,
5492,2,6,OUT,SALE,17,2025-05-30,0,
5493,2,6,OUT,SALE,17,2025-05-31,0,
5494,2,6,OUT,SALE,18,2025-06-01,0,
5495,2,6,OUT,SALE,19,2025-06-02,0,
5496,2,6,OUT,SALE,19,2025-06-03,0,
5497,2,6,OUT,SALE,23,2025-06-04,0,
5498,2,6,OUT,SALE,20,2025-06-05,0,
5499,2,6,OUT,SALE,19,2025-06-06,0,
5500,2,6,OUT,SALE,23,2025-06-07,0,
5501,2,6,OUT,SALE,21,2025-06-08,0,
5502,2,6,OUT,SALE,18,2025-06-09,0,
5503,2,6,OUT,SALE,22,2025-06-10,0,
5504,2,6,OUT,SALE,15,2025-06-11,0,
5505,2,6,OUT,SALE,20,2025-06-12,0,
5506,2,6,OUT,SALE,18,2025-06-13,0,
5507,2,6,OUT,SALE,20,2025-06-14,0,
5508,2,6,OUT,SALE,20,2025-06-15,0,
5509,2,6,OUT,SALE,19,2025-06-16,0,
5510,2,6,OUT,SALE,18,2025-06-17,0,
5511,2,6,OUT,SALE,17,2025-06-18,0,
5512,2,6,OUT,SALE,17,2025-06-19,0,
5513,2,6,OUT,SALE,14,2025-06-20,0,
5514,2,6,OUT,SALE,19,2025-06-21,0,
5515,2,6,OUT,SALE,20,2025-06-22,0,
5516,2,6,OUT,SALE,19,2025-06-23,0,
5517,2,6,OUT,SALE,23,2025-06-24,0,
5518,2,6,OUT,SALE,17,2025-06-25,0,
5519,2,6,OUT,SALE,16,2025-06-26,0,
5520,2,6,OUT,SALE,17,2025-06-27,0,
5521,2,6,OUT,SALE,21,2025-06-28,0,
5522,2,6,OUT,SALE,22,2025-06-29,0,
5523,2,6,OUT,SALE,20,2025-06-30,0,
5524,2,6,OUT,SALE,21,2025-07-01,0,
5525,2,6,OUT,SALE,22,2025-07-02,0,
5526,2,6,OUT,SALE,19,2025-07-03,0,
5527,2,6,OUT,SALE,24,2025-07-04,0,
5528,2,6,OUT,SALE,21,2025-07-05,0,
5529,2,6,OUT,SALE,23,2025-07-06,0,
5530,2,6,OUT,SALE,22,2025-07-07,0,
5531,2,6,OUT,SALE,21,2025-07-08,0,
5532,2,6,OUT,SALE,14,2025-07-09,0,
5533,2,6,OUT,SALE,19,2025-07-10,0,
5534,2,6,OUT,SALE,21,2025-07-11,0,
5535,2,6,OUT,SALE,19,2025-07-12,0,
5536,2,6,OUT,SALE,24,2025-07-13,0,
5537,2,6,OUT,SALE,20,2025-07-14,0,
5538,2,6,OUT,SALE,22,2025-07-15,0,
5539,2,6,OUT,SALE,18,2025-07-16,0,
5540,2,6,OUT,SALE,22,2025-07-17,0,
5541,2,6,OUT,SALE,20,2025-07-18,0,
5542,2,6,OUT,SALE,27,2025-07-19,0,
5543,2,6,OUT,SALE,66,2025-07-20,0,
5544,2,6,OUT,SALE,51,2025-07-21,0,
5545,2,6,OUT,SALE,45,2025-07-22,0,
5546,2,6,OUT,SALE,55,2025-07-23,0,
5547,2,6,OUT,SALE,46,2025-07-24,0,
5548,2,6,OUT,SALE,38,2025-07-25,0,
5549,2,6,OUT,SALE,22,2025-07-26,0,
5550,2,6,OUT,SALE,24,2025-07-27,0,
5551,2,6,OUT,SALE,21,2025-07-28,0,
5552,2,6,OUT,SALE,17,2025-07-29,0,
5553,2,6,OUT,SALE,17,2025-07-30,0,
5554,2,6,OUT,SALE,19,2025-07-31,0,
5555,2,6,OUT,SALE,19,2025-08-01,0,
5556,2,6,OUT,SALE,23,2025-08-02,0,
5557,2,6,OUT,SALE,21,2025-08-03,0,
5558,2,6,OUT,SALE,16,2025-08-04,0,
5559,2,6,OUT,SALE,22,2025-08-05,0,
5560,2,6,OUT,SALE,16,2025-08-06,0,
5561,2,6,OUT,DAMAGE,162,2025-08-07,1,OFF_HOURS_BULK
5562,2,6,OUT,SALE,20,2025-08-08,0,
5563,2,6,OUT,SALE,24,2025-08-09,0,
5564,2,6,OUT,SALE,20,2025-08-10,0,
5565,2,6,OUT,SALE,18,2025-08-11,0,
5566,2,6,OUT,SALE,18,2025-08-12,0,
5567,2,6,OUT,SALE,17,2025-08-13,0,
5568,2,6,OUT,SALE,19,2025-08-14,0,
5569,2,6,OUT,SALE,22,2025-08-15,0,
5570,2,6,OUT,SALE,18,2025-08-16,0,
5571,2,6,OUT,SALE,19,2025-08-17,0,
5572,2,6,OUT,SALE,17,2025-08-18,0,
5573,2,6,OUT,SALE,18,2025-08-19,0,
5574,2,6,OUT,SALE,18,2025-08-20,0,
5575,2,6,OUT,SALE,20,2025-08-21,0,
5576,2,6,OUT,SALE,18,2025-08-22,0,
5577,2,6,OUT,SALE,22,2025-08-23,0,
5578,2,6,OUT,SALE,22,2025-08-24,0,
5579,2,6,OUT,SALE,19,2025-08-25,0,
5580,2,6,OUT,SALE,20,2025-08-26,0,
5581,2,6,OUT,SALE,18,2025-08-27,0,
5582,2,6,OUT,SALE,22,2025-08-28,0,
5583,2,6,OUT,SALE,24,2025-08-29,0,
5584,2,6,OUT,SALE,23,2025-08-30,0,
5585,2,6,OUT,SALE,22,2025-08-31,0,
5586,2,6,OUT,SALE,16,2025-09-01,0,
5587,2,6,OUT,SALE,13,2025-09-02,0,
5588,2,6,OUT,SALE,15,2025-09-03,0,
5589,2,6,OUT,SALE,14,2025-09-04,0,
5590,2,6,OUT,SALE,16,2025-09-05,0,
5591,2,6,OUT,SALE,16,2025-09-06,0,
5592,2,6,OUT,SALE,16,2025-09-07,0,
5593,2,6,OUT,SALE,12,2025-09-08,0,
5594,2,6,OUT,SALE,13,2025-09-09,0,
5595,2,6,OUT,SALE,16,2025-09-10,0,
5596,2,6,OUT,SALE,13,2025-09-11,0,
5597,2,6,OUT,SALE,17,2025-09-12,0,
5598,2,6,OUT,SALE,15,2025-09-13,0,
5599,2,6,OUT,SALE,18,2025-09-14,0,
5600,2,6,OUT,SALE,14,2025-09-15,0,
5601,2,6,OUT,SALE,16,2025-09-16,0,
5602,2,6,OUT,SALE,12,2025-09-17,0,
5603,2,6,OUT,SALE,14,2025-09-18,0,
5604,2,6,OUT,SALE,13,2025-09-19,0,
5605,2,6,OUT,SALE,19,2025-09-20,0,
5606,2,6,OUT,SALE,18,2025-09-21,0,
5607,2,6,OUT,SALE,13,2025-09-22,0,
5608,2,6,OUT,SALE,15,2025-09-23,0,
5609,2,6,OUT,SALE,14,2025-09-24,0,
5610,2,6,OUT,SALE,17,2025-09-25,0,
5611,2,6,OUT,DAMAGE,109,2025-09-26,1,OFF_HOURS_BULK
5612,2,6,OUT,SALE,14,2025-09-27,0,
5613,2,6,OUT,SALE,19,2025-09-28,0,
5614,2,6,OUT,SALE,13,2025-09-29,0,
5615,2,6,OUT,SALE,28,2025-09-30,0,
5616,2,6,OUT,SALE,20,2025-10-01,0,
5617,2,6,OUT,SALE,24,2025-10-02,0,
5618,2,6,OUT,SALE,18,2025-10-03,0,
5619,2,6,OUT,SALE,13,2025-10-04,0,
5620,2,6,OUT,SALE,10,2025-10-05,0,
5621,2,6,OUT,SALE,9,2025-10-06,0,
5622,2,6,OUT,SALE,11,2025-10-07,0,
5623,2,6,OUT,SALE,11,2025-10-08,0,
5624,2,6,OUT,SALE,7,2025-10-09,0,
5625,2,6,OUT,SALE,12,2025-10-10,0,
5626,2,6,OUT,SALE,9,2025-10-11,0,
5627,2,6,OUT,SALE,12,2025-10-12,0,
5628,2,6,OUT,SALE,12,2025-10-13,0,
5629,2,6,OUT,SALE,13,2025-10-14,0,
5630,2,6,OUT,SALE,10,2025-10-15,0,
5631,2,6,OUT,SALE,9,2025-10-16,0,
5632,2,6,OUT,SALE,12,2025-10-17,0,
5633,2,6,OUT,SALE,13,2025-10-18,0,
5634,2,6,OUT,SALE,11,2025-10-19,0,
5635,2,6,OUT,SALE,10,2025-10-20,0,
5636,2,6,OUT,SALE,10,2025-10-21,0,
5637,2,6,OUT,SALE,10,2025-10-22,0,
5638,2,6,OUT,SALE,11,2025-10-23,0,
5639,2,6,OUT,SALE,10,2025-10-24,0,
5640,2,6,OUT,SALE,11,2025-10-25,0,
5641,2,6,OUT,SALE,13,2025-10-26,0,
5642,2,6,OUT,SALE,9,2025-10-27,0,
5643,2,6,OUT,SALE,10,2025-10-28,0,
5644,2,6,OUT,SALE,8,2025-10-29,0,
5645,2,6,OUT,SALE,11,2025-10-30,0,
5646,2,6,OUT,SALE,8,2025-10-31,0,
5647,2,6,OUT,SALE,8,2025-11-01,0,
5648,2,6,OUT,SALE,6,2025-11-02,0,
5649,2,6,OUT,SALE,5,2025-11-03,0,
5650,2,6,OUT,SALE,6,2025-11-04,0,
5651,2,6,OUT,SALE,7,2025-11-05,0,
5652,2,6,OUT,SALE,7,2025-11-06,0,
5653,2,6,OUT,SALE,5,2025-11-07,0,
5654,2,6,OUT,SALE,6,2025-11-08,0,
5655,2,6,OUT,SALE,7,2025-11-09,0,
5656,2,6,OUT,SALE,8,2025-11-10,0,
5657,2,6,OUT,SALE,5,2025-11-11,0,
5658,2,6,OUT,SALE,5,2025-11-12,0,
5659,2,6,OUT,SALE,7,2025-11-13,0,
5660,2,6,OUT,SALE,6,2025-11-14,0,
5661,2,6,OUT,SALE,8,2025-11-15,0,
5662,2,6,OUT,SALE,6,2025-11-16,0,
5663,2,6,OUT,SALE,6,2025-11-17,0,
5664,2,6,OUT,SALE,7,2025-11-18,0,
5665,2,6,OUT,SALE,6,2025-11-19,0,
5666,2,6,OUT,SALE,7,2025-11-20,0,
5667,2,6,OUT,SALE,6,2025-11-21,0,
5668,2,6,OUT,SALE,6,2025-11-22,0,
5669,2,6,OUT,SALE,7,2025-11-23,0,
5670,2,6,OUT,SALE,7,2025-11-24,0,
5671,2,6,OUT,SALE,7,2025-11-25,0,
5672,2,6,OUT,SALE,6,2025-11-26,0,
5673,2,6,OUT,SALE,5,2025-11-27,0,
5674,2,6,OUT,SALE,12,2025-11-28,0,
5675,2,6,OUT,SALE,14,2025-11-29,0,
5676,2,6,OUT,SALE,16,2025-11-30,0,
5677,2,6,OUT,SALE,3,2025-12-01,0,
5678,2,6,OUT,SALE,2,2025-12-02,0,
5679,2,6,OUT,SALE,3,2025-12-03,0,
5680,2,6,OUT,SALE,2,2025-12-04,0,
5681,2,6,OUT,SALE,2,2025-12-05,0,
5682,2,6,OUT,SALE,3,2025-12-06,0,
5683,2,6,OUT,SALE,4,2025-12-07,0,
5684,2,6,OUT,SALE,3,2025-12-08,0,
5685,2,6,OUT,SALE,3,2025-12-09,0,
5686,2,6,OUT,SALE,3,2025-12-10,0,
5687,2,6,OUT,SALE,2,2025-12-11,0,
5688,2,6,OUT,SALE,3,2025-12-12,0,
5689,2,6,OUT,SALE,2,2025-12-13,0,
5690,2,6,OUT,SALE,3,2025-12-14,0,
5691,2,6,OUT,SALE,3,2025-12-15,0,
5692,2,6,OUT,SALE,2,2025-12-16,0,
5693,2,6,OUT,SALE,2,2025-12-17,0,
5694,2,6,OUT,SALE,2,2025-12-18,0,
5695,2,6,OUT,SALE,3,2025-12-19,0,
5696,2,6,OUT,SALE,4,2025-12-20,0,
5697,2,6,OUT,SALE,3,2025-12-21,0,
5698,2,6,OUT,SALE,3,2025-12-22,0,
5699,2,6,OUT,SALE,2,2025-12-23,0,
5700,2,6,OUT,SALE,5,2025-12-24,0,
5701,2,6,OUT,SALE,5,2025-12-25,0,
5702,2,6,OUT,SALE,4,2025-12-26,0,
5703,2,6,OUT,SALE,3,2025-12-27,0,
5704,2,6,OUT,SALE,3,2025-12-28,0,
5705,2,6,OUT,SALE,3,2025-12-29,0,
5706,2,6,OUT,SALE,3,2025-12-30,0,
5707,2,6,OUT,SALE,2,2025-12-31,0,
5708,2,7,OUT,SALE,1,2025-01-01,0,
5709,2,7,OUT,SALE,1,2025-01-02,0,
5710,2,7,OUT,SALE,1,2025-01-03,0,
5711,2,7,OUT,SALE,1,2025-01-04,0,
5712,2,7,OUT,SALE,1,2025-01-05,0,
5713,2,7,OUT,SALE,1,2025-01-07,0,
5714,2,7,OUT,SALE,1,2025-01-08,0,
5715,2,7,OUT,SALE,1,2025-01-09,0,
5716,2,7,OUT,SALE,1,2025-01-10,0,
5717,2,7,OUT,SALE,1,2025-01-11,0,
5718,2,7,OUT,SALE,1,2025-01-12,0,
5719,2,7,OUT,SALE,1,2025-01-13,0,
5720,2,7,OUT,SALE,1,2025-01-14,0,
5721,2,7,OUT,SALE,1,2025-01-15,0,
5722,2,7,OUT,SALE,1,2025-01-16,0,
5723,2,7,OUT,SALE,1,2025-01-17,0,
5724,2,7,OUT,SALE,1,2025-01-18,0,
5725,2,7,OUT,SALE,1,2025-01-19,0,
5726,2,7,OUT,SALE,1,2025-01-20,0,
5727,2,7,OUT,SALE,1,2025-01-21,0,
5728,2,7,OUT,SALE,1,2025-01-22,0,
5729,2,7,OUT,SALE,1,2025-01-23,0,
5730,2,7,OUT,SALE,1,2025-01-24,0,
5731,2,7,OUT,SALE,1,2025-01-25,0,
5732,2,7,OUT,SALE,1,2025-01-26,0,
5733,2,7,OUT,SALE,1,2025-01-27,0,
5734,2,7,OUT,SALE,1,2025-01-28,0,
5735,2,7,OUT,SALE,1,2025-01-29,0,
5736,2,7,OUT,SALE,1,2025-01-30,0,
5737,2,7,OUT,SALE,1,2025-01-31,0,
5738,2,7,OUT,SALE,1,2025-02-01,0,
5739,2,7,OUT,SALE,1,2025-02-02,0,
5740,2,7,OUT,SALE,1,2025-02-03,0,
5741,2,7,OUT,SALE,1,2025-02-04,0,
5742,2,7,OUT,SALE,1,2025-02-05,0,
5743,2,7,OUT,SALE,1,2025-02-06,0,
5744,2,7,OUT,SALE,1,2025-02-07,0,
5745,2,7,OUT,SALE,2,2025-02-08,0,
5746,2,7,OUT,SALE,1,2025-02-09,0,
5747,2,7,OUT,SALE,1,2025-02-10,0,
5748,2,7,OUT,SALE,1,2025-02-11,0,
5749,2,7,OUT,SALE,1,2025-02-12,0,
5750,2,7,OUT,SALE,1,2025-02-13,0,
5751,2,7,OUT,SALE,1,2025-02-14,0,
5752,2,7,OUT,SALE,1,2025-02-15,0,
5753,2,7,OUT,SALE,1,2025-02-16,0,
5754,2,7,OUT,SALE,1,2025-02-17,0,
5755,2,7,OUT,SALE,1,2025-02-18,0,
5756,2,7,OUT,SALE,1,2025-02-19,0,
5757,2,7,OUT,SALE,1,2025-02-20,0,
5758,2,7,OUT,SALE,1,2025-02-21,0,
5759,2,7,OUT,SALE,1,2025-02-22,0,
5760,2,7,OUT,SALE,1,2025-02-23,0,
5761,2,7,OUT,SALE,1,2025-02-24,0,
5762,2,7,OUT,SALE,1,2025-02-25,0,
5763,2,7,OUT,SALE,1,2025-02-26,0,
5764,2,7,OUT,SALE,1,2025-02-27,0,
5765,2,7,OUT,SALE,1,2025-02-28,0,
5766,2,7,OUT,SALE,2,2025-03-01,0,
5767,2,7,OUT,SALE,3,2025-03-02,0,
5768,2,7,OUT,SALE,3,2025-03-03,0,
5769,2,7,OUT,SALE,3,2025-03-04,0,
5770,2,7,OUT,SALE,2,2025-03-05,0,
5771,2,7,OUT,SALE,3,2025-03-06,0,
5772,2,7,OUT,SALE,3,2025-03-07,0,
5773,2,7,OUT,SALE,2,2025-03-08,0,
5774,2,7,OUT,SALE,2,2025-03-09,0,
5775,2,7,OUT,SALE,2,2025-03-10,0,
5776,2,7,OUT,SALE,2,2025-03-11,0,
5777,2,7,OUT,SALE,2,2025-03-12,0,
5778,2,7,OUT,SALE,2,2025-03-13,0,
5779,2,7,OUT,SALE,3,2025-03-14,0,
5780,2,7,OUT,SALE,4,2025-03-15,0,
5781,2,7,OUT,SALE,5,2025-03-16,0,
5782,2,7,OUT,SALE,4,2025-03-17,0,
5783,2,7,OUT,SALE,4,2025-03-18,0,
5784,2,7,OUT,SALE,2,2025-03-19,0,
5785,2,7,OUT,SALE,2,2025-03-20,0,
5786,2,7,OUT,SALE,3,2025-03-21,0,
5787,2,7,OUT,SALE,3,2025-03-22,0,
5788,2,7,OUT,SALE,3,2025-03-23,0,
5789,2,7,OUT,SALE,3,2025-03-24,0,
5790,2,7,OUT,SALE,2,2025-03-25,0,
5791,2,7,OUT,SALE,3,2025-03-26,0,
5792,2,7,OUT,SALE,2,2025-03-27,0,
5793,2,7,OUT,SALE,3,2025-03-28,0,
5794,2,7,OUT,SALE,2,2025-03-29,0,
5795,2,7,OUT,SALE,3,2025-03-30,0,
5796,2,7,OUT,SALE,3,2025-03-31,0,
5797,2,7,OUT,SALE,4,2025-04-01,0,
5798,2,7,OUT,SALE,5,2025-04-02,0,
5799,2,7,OUT,SALE,4,2025-04-03,0,
5800,2,7,OUT,SALE,5,2025-04-04,0,
5801,2,7,OUT,SALE,5,2025-04-05,0,
5802,2,7,OUT,SALE,5,2025-04-06,0,
5803,2,7,OUT,SALE,3,2025-04-07,0,
5804,2,7,OUT,SALE,4,2025-04-08,0,
5805,2,7,OUT,SALE,5,2025-04-09,0,
5806,2,7,OUT,SALE,4,2025-04-10,0,
5807,2,7,OUT,SALE,4,2025-04-11,0,
5808,2,7,OUT,SALE,4,2025-04-12,0,
5809,2,7,OUT,SALE,4,2025-04-13,0,
5810,2,7,OUT,SALE,5,2025-04-14,0,
5811,2,7,OUT,SALE,4,2025-04-15,0,
5812,2,7,OUT,SALE,5,2025-04-16,0,
5813,2,7,OUT,SALE,4,2025-04-17,0,
5814,2,7,OUT,SALE,4,2025-04-18,0,
5815,2,7,OUT,SALE,5,2025-04-19,0,
5816,2,7,OUT,SALE,4,2025-04-20,0,
5817,2,7,OUT,SALE,4,2025-04-21,0,
5818,2,7,OUT,SALE,5,2025-04-22,0,
5819,2,7,OUT,SALE,4,2025-04-23,0,
5820,2,7,OUT,SALE,5,2025-04-24,0,
5821,2,7,OUT,SALE,4,2025-04-25,0,
5822,2,7,OUT,SALE,4,2025-04-26,0,
5823,2,7,OUT,SALE,5,2025-04-27,0,
5824,2,7,OUT,SALE,4,2025-04-28,0,
5825,2,7,OUT,SALE,3,2025-04-29,0,
5826,2,7,OUT,SALE,4,2025-04-30,0,
5827,2,7,OUT,SALE,6,2025-05-01,0,
5828,2,7,OUT,SALE,5,2025-05-02,0,
5829,2,7,OUT,SALE,9,2025-05-03,0,
5830,2,7,OUT,SALE,7,2025-05-04,0,
5831,2,7,OUT,SALE,6,2025-05-05,0,
5832,2,7,OUT,SALE,6,2025-05-06,0,
5833,2,7,OUT,SALE,5,2025-05-07,0,
5834,2,7,OUT,SALE,5,2025-05-08,0,
5835,2,7,OUT,SALE,5,2025-05-09,0,
5836,2,7,OUT,SALE,8,2025-05-10,0,
5837,2,7,OUT,SALE,8,2025-05-11,0,
5838,2,7,OUT,SALE,6,2025-05-12,0,
5839,2,7,OUT,SALE,7,2025-05-13,0,
5840,2,7,OUT,SALE,6,2025-05-14,0,
5841,2,7,OUT,SALE,6,2025-05-15,0,
5842,2,7,OUT,SALE,5,2025-05-16,0,
5843,2,7,OUT,SALE,5,2025-05-17,0,
5844,2,7,OUT,SALE,8,2025-05-18,0,
5845,2,7,OUT,SALE,5,2025-05-19,0,
5846,2,7,OUT,SALE,6,2025-05-20,0,
5847,2,7,OUT,SALE,6,2025-05-21,0,
5848,2,7,OUT,SALE,6,2025-05-22,0,
5849,2,7,OUT,SALE,6,2025-05-23,0,
5850,2,7,OUT,SALE,6,2025-05-24,0,
5851,2,7,OUT,SALE,7,2025-05-25,0,
5852,2,7,OUT,SALE,6,2025-05-26,0,
5853,2,7,OUT,SALE,7,2025-05-27,0,
5854,2,7,OUT,SALE,5,2025-05-28,0,
5855,2,7,OUT,SALE,6,2025-05-29,0,
5856,2,7,OUT,SALE,6,2025-05-30,0,
5857,2,7,OUT,SALE,7,2025-05-31,0,
5858,2,7,OUT,SALE,7,2025-06-01,0,
5859,2,7,OUT,SALE,8,2025-06-02,0,
5860,2,7,OUT,SALE,7,2025-06-03,0,
5861,2,7,OUT,SALE,6,2025-06-04,0,
5862,2,7,OUT,SALE,8,2025-06-05,0,
5863,2,7,OUT,SALE,9,2025-06-06,0,
5864,2,7,OUT,SALE,8,2025-06-07,0,
5865,2,7,OUT,SALE,8,2025-06-08,0,
5866,2,7,OUT,SALE,9,2025-06-09,0,
5867,2,7,OUT,SALE,6,2025-06-10,0,
5868,2,7,OUT,SALE,9,2025-06-11,0,
5869,2,7,OUT,SALE,8,2025-06-12,0,
5870,2,7,OUT,SALE,6,2025-06-13,0,
5871,2,7,OUT,SALE,8,2025-06-14,0,
5872,2,7,OUT,SALE,8,2025-06-15,0,
5873,2,7,OUT,SALE,6,2025-06-16,0,
5874,2,7,OUT,SALE,7,2025-06-17,0,
5875,2,7,OUT,SALE,6,2025-06-18,0,
5876,2,7,OUT,SALE,7,2025-06-19,0,
5877,2,7,OUT,SALE,6,2025-06-20,0,
5878,2,7,OUT,SALE,9,2025-06-21,0,
5879,2,7,OUT,SALE,9,2025-06-22,0,
5880,2,7,OUT,SALE,7,2025-06-23,0,
5881,2,7,OUT,SALE,8,2025-06-24,0,
5882,2,7,OUT,SALE,7,2025-06-25,0,
5883,2,7,OUT,SALE,8,2025-06-26,0,
5884,2,7,OUT,SALE,6,2025-06-27,0,
5885,2,7,OUT,SALE,8,2025-06-28,0,
5886,2,7,OUT,SALE,8,2025-06-29,0,
5887,2,7,OUT,SALE,7,2025-06-30,0,
5888,2,7,OUT,SALE,8,2025-07-01,0,
5889,2,7,OUT,SALE,7,2025-07-02,0,
5890,2,7,OUT,SALE,7,2025-07-03,0,
5891,2,7,OUT,SALE,9,2025-07-04,0,
5892,2,7,OUT,SALE,10,2025-07-05,0,
5893,2,7,OUT,SALE,9,2025-07-06,0,
5894,2,7,OUT,SALE,8,2025-07-07,0,
5895,2,7,OUT,SALE,7,2025-07-08,0,
5896,2,7,OUT,SALE,8,2025-07-09,0,
5897,2,7,OUT,SALE,8,2025-07-10,0,
5898,2,7,OUT,SALE,6,2025-07-11,0,
5899,2,7,OUT,SALE,9,2025-07-12,0,
5900,2,7,OUT,SALE,8,2025-07-13,0,
5901,2,7,OUT,SALE,6,2025-07-14,0,
5902,2,7,OUT,SALE,6,2025-07-15,0,
5903,2,7,OUT,SALE,7,2025-07-16,0,
5904,2,7,OUT,SALE,7,2025-07-17,0,
5905,2,7,OUT,SALE,6,2025-07-18,0,
5906,2,7,OUT,SALE,8,2025-07-19,0,
5907,2,7,OUT,SALE,18,2025-07-20,0,
5908,2,7,OUT,SALE,17,2025-07-21,0,
5909,2,7,OUT,SALE,16,2025-07-22,0,
5910,2,7,OUT,SALE,21,2025-07-23,0,
5911,2,7,OUT,SALE,18,2025-07-24,0,
5912,2,7,OUT,SALE,16,2025-07-25,0,
5913,2,7,OUT,SALE,9,2025-07-26,0,
5914,2,7,OUT,SALE,10,2025-07-27,0,
5915,2,7,OUT,SALE,9,2025-07-28,0,
5916,2,7,OUT,SALE,6,2025-07-29,0,
5917,2,7,OUT,SALE,7,2025-07-30,0,
5918,2,7,OUT,SALE,7,2025-07-31,0,
5919,2,7,OUT,SALE,7,2025-08-01,0,
5920,2,7,OUT,SALE,8,2025-08-02,0,
5921,2,7,OUT,SALE,8,2025-08-03,0,
5922,2,7,OUT,SALE,8,2025-08-04,0,
5923,2,7,OUT,SALE,8,2025-08-05,0,
5924,2,7,OUT,SALE,7,2025-08-06,0,
5925,2,7,OUT,SALE,6,2025-08-07,0,
5926,2,7,OUT,SALE,6,2025-08-08,0,
5927,2,7,OUT,SALE,8,2025-08-09,0,
5928,2,7,OUT,SALE,7,2025-08-10,0,
5929,2,7,OUT,SALE,8,2025-08-11,0,
5930,2,7,OUT,SALE,6,2025-08-12,0,
5931,2,7,OUT,SALE,8,2025-08-13,0,
5932,2,7,OUT,SALE,6,2025-08-14,0,
5933,2,7,OUT,SALE,8,2025-08-15,0,
5934,2,7,OUT,SALE,8,2025-08-16,0,
5935,2,7,OUT,SALE,10,2025-08-17,0,
5936,2,7,OUT,SALE,6,2025-08-18,0,
5937,2,7,OUT,SALE,7,2025-08-19,0,
5938,2,7,OUT,SALE,7,2025-08-20,0,
5939,2,7,OUT,SALE,7,2025-08-21,0,
5940,2,7,OUT,SALE,7,2025-08-22,0,
5941,2,7,OUT,SALE,8,2025-08-23,0,
5942,2,7,OUT,SALE,8,2025-08-24,0,
5943,2,7,OUT,SALE,5,2025-08-25,0,
5944,2,7,OUT,SALE,8,2025-08-26,0,
5945,2,7,OUT,SALE,10,2025-08-27,0,
5946,2,7,OUT,SALE,7,2025-08-28,0,
5947,2,7,OUT,SALE,6,2025-08-29,0,
5948,2,7,OUT,SALE,7,2025-08-30,0,
5949,2,7,OUT,SALE,9,2025-08-31,0,
5950,2,7,OUT,SALE,6,2025-09-01,0,
5951,2,7,OUT,SALE,6,2025-09-02,0,
5952,2,7,OUT,SALE,6,2025-09-03,0,
5953,2,7,OUT,SALE,4,2025-09-04,0,
5954,2,7,OUT,SALE,6,2025-09-05,0,
5955,2,7,OUT,SALE,7,2025-09-06,0,
5956,2,7,OUT,SALE,6,2025-09-07,0,
5957,2,7,OUT,SALE,5,2025-09-08,0,
5958,2,7,OUT,SALE,6,2025-09-09,0,
5959,2,7,OUT,SALE,7,2025-09-10,0,
5960,2,7,OUT,SALE,6,2025-09-11,0,
5961,2,7,OUT,SALE,5,2025-09-12,0,
5962,2,7,OUT,SALE,7,2025-09-13,0,
5963,2,7,OUT,SALE,8,2025-09-14,0,
5964,2,7,OUT,SALE,6,2025-09-15,0,
5965,2,7,OUT,SALE,6,2025-09-16,0,
5966,2,7,OUT,SALE,7,2025-09-17,0,
5967,2,7,OUT,SALE,6,2025-09-18,0,
5968,2,7,OUT,SALE,5,2025-09-19,0,
5969,2,7,OUT,SALE,5,2025-09-20,0,
5970,2,7,OUT,SALE,6,2025-09-21,0,
5971,2,7,OUT,SALE,5,2025-09-22,0,
5972,2,7,OUT,SALE,6,2025-09-23,0,
5973,2,7,OUT,SALE,6,2025-09-24,0,
5974,2,7,OUT,SALE,6,2025-09-25,0,
5975,2,7,OUT,SALE,5,2025-09-26,0,
5976,2,7,OUT,SALE,8,2025-09-27,0,
5977,2,7,OUT,SALE,6,2025-09-28,0,
5978,2,7,OUT,SALE,6,2025-09-29,0,
5979,2,7,OUT,SALE,11,2025-09-30,0,
5980,2,7,OUT,SALE,8,2025-10-01,0,
5981,2,7,OUT,SALE,8,2025-10-02,0,
5982,2,7,OUT,SALE,7,2025-10-03,0,
5983,2,7,OUT,SALE,6,2025-10-04,0,
5984,2,7,OUT,SALE,4,2025-10-05,0,
5985,2,7,OUT,SALE,4,2025-10-06,0,
5986,2,7,OUT,SALE,5,2025-10-07,0,
5987,2,7,OUT,SALE,4,2025-10-08,0,
5988,2,7,OUT,SALE,5,2025-10-09,0,
5989,2,7,OUT,SALE,4,2025-10-10,0,
5990,2,7,OUT,SALE,6,2025-10-11,0,
5991,2,7,OUT,SALE,4,2025-10-12,0,
5992,2,7,OUT,SALE,3,2025-10-13,0,
5993,2,7,OUT,SALE,5,2025-10-14,0,
5994,2,7,OUT,SALE,3,2025-10-15,0,
5995,2,7,OUT,SALE,4,2025-10-16,0,
5996,2,7,OUT,SALE,5,2025-10-17,0,
5997,2,7,OUT,SALE,5,2025-10-18,0,
5998,2,7,OUT,SALE,5,2025-10-19,0,
5999,2,7,OUT,SALE,4,2025-10-20,0,
6000,2,7,OUT,SALE,4,2025-10-21,0,
6001,2,7,OUT,SALE,4,2025-10-22,0,
6002,2,7,OUT,SALE,4,2025-10-23,0,
6003,2,7,OUT,SALE,4,2025-10-24,0,
6004,2,7,OUT,SALE,5,2025-10-25,0,
6005,2,7,OUT,SALE,5,2025-10-26,0,
6006,2,7,OUT,SALE,4,2025-10-27,0,
6007,2,7,OUT,SALE,4,2025-10-28,0,
6008,2,7,OUT,SALE,4,2025-10-29,0,
6009,2,7,OUT,SALE,5,2025-10-30,0,
6010,2,7,OUT,SALE,4,2025-10-31,0,
6011,2,7,OUT,SALE,3,2025-11-01,0,
6012,2,7,OUT,SALE,3,2025-11-02,0,
6013,2,7,OUT,SALE,2,2025-11-03,0,
6014,2,7,OUT,SALE,2,2025-11-04,0,
6015,2,7,OUT,SALE,1,2025-11-05,0,
6016,2,7,OUT,SALE,3,2025-11-06,0,
6017,2,7,OUT,SALE,2,2025-11-07,0,
6018,2,7,OUT,SALE,3,2025-11-08,0,
6019,2,7,OUT,SALE,3,2025-11-09,0,
6020,2,7,OUT,SALE,2,2025-11-10,0,
6021,2,7,OUT,SALE,3,2025-11-11,0,
6022,2,7,OUT,SALE,3,2025-11-12,0,
6023,2,7,OUT,SALE,2,2025-11-13,0,
6024,2,7,OUT,SALE,2,2025-11-14,0,
6025,2,7,OUT,SALE,2,2025-11-15,0,
6026,2,7,OUT,SALE,3,2025-11-16,0,
6027,2,7,OUT,SALE,2,2025-11-17,0,
6028,2,7,OUT,SALE,2,2025-11-18,0,
6029,2,7,OUT,SALE,2,2025-11-19,0,
6030,2,7,OUT,SALE,2,2025-11-20,0,
6031,2,7,OUT,SALE,3,2025-11-21,0,
6032,2,7,OUT,SALE,3,2025-11-22,0,
6033,2,7,OUT,SALE,3,2025-11-23,0,
6034,2,7,OUT,SALE,3,2025-11-24,0,
6035,2,7,OUT,SALE,3,2025-11-25,0,
6036,2,7,OUT,SALE,2,2025-11-26,0,
6037,2,7,OUT,SALE,3,2025-11-27,0,
6038,2,7,OUT,SALE,6,2025-11-28,0,
6039,2,7,OUT,SALE,4,2025-11-29,0,
6040,2,7,OUT,SALE,6,2025-11-30,0,
6041,2,7,OUT,SALE,1,2025-12-01,0,
6042,2,7,OUT,SALE,1,2025-12-02,0,
6043,2,7,OUT,SALE,1,2025-12-03,0,
6044,2,7,OUT,SALE,1,2025-12-04,0,
6045,2,7,OUT,SALE,1,2025-12-05,0,
6046,2,7,OUT,SALE,1,2025-12-06,0,
6047,2,7,OUT,SALE,1,2025-12-07,0,
6048,2,7,OUT,SALE,1,2025-12-08,0,
6049,2,7,OUT,SALE,1,2025-12-09,0,
6050,2,7,OUT,SALE,1,2025-12-10,0,
6051,2,7,OUT,SALE,1,2025-12-11,0,
6052,2,7,OUT,SALE,1,2025-12-12,0,
6053,2,7,OUT,SALE,1,2025-12-13,0,
6054,2,7,OUT,SALE,1,2025-12-14,0,
6055,2,7,OUT,SALE,1,2025-12-15,0,
6056,2,7,OUT,SALE,1,2025-12-16,0,
6057,2,7,OUT,SALE,1,2025-12-17,0,
6058,2,7,OUT,SALE,1,2025-12-18,0,
6059,2,7,OUT,SALE,1,2025-12-19,0,
6060,2,7,OUT,SALE,1,2025-12-20,0,
6061,2,7,OUT,SALE,9999,2025-12-21,1,DATA_ERROR
6062,2,7,OUT,SALE,1,2025-12-22,0,
6063,2,7,OUT,SALE,1,2025-12-23,0,
6064,2,7,OUT,SALE,1,2025-12-24,0,
6065,2,7,OUT,SALE,2,2025-12-25,0,
6066,2,7,OUT,SALE,9999,2025-12-26,1,DATA_ERROR
6067,2,7,OUT,SALE,1,2025-12-27,0,
6068,2,7,OUT,SALE,1,2025-12-28,0,
6069,2,7,OUT,SALE,1,2025-12-29,0,
6070,2,7,OUT,SALE,1,2025-12-30,0,
6071,2,7,OUT,SALE,1,2025-12-31,0,
6072,2,8,OUT,SALE,2,2025-01-01,0,
6073,2,8,OUT,SALE,1,2025-01-02,0,
6074,2,8,OUT,SALE,1,2025-01-03,0,
6075,2,8,OUT,SALE,2,2025-01-04,0,
6076,2,8,OUT,SALE,1,2025-01-05,0,
6077,2,8,OUT,SALE,1,2025-01-06,0,
6078,2,8,OUT,SALE,1,2025-01-07,0,
6079,2,8,OUT,SALE,1,2025-01-08,0,
6080,2,8,OUT,SALE,1,2025-01-09,0,
6081,2,8,OUT,SALE,1,2025-01-10,0,
6082,2,8,OUT,SALE,2,2025-01-11,0,
6083,2,8,OUT,SALE,2,2025-01-12,0,
6084,2,8,OUT,SALE,1,2025-01-13,0,
6085,2,8,OUT,SALE,2,2025-01-14,0,
6086,2,8,OUT,SALE,1,2025-01-15,0,
6087,2,8,OUT,SALE,1,2025-01-16,0,
6088,2,8,OUT,SALE,1,2025-01-17,0,
6089,2,8,OUT,SALE,2,2025-01-18,0,
6090,2,8,OUT,SALE,2,2025-01-19,0,
6091,2,8,OUT,SALE,1,2025-01-20,0,
6092,2,8,OUT,SALE,2,2025-01-21,0,
6093,2,8,OUT,SALE,2,2025-01-22,0,
6094,2,8,OUT,DAMAGE,6,2025-01-23,1,THEFT_SPIKE
6095,2,8,OUT,SALE,1,2025-01-24,0,
6096,2,8,OUT,SALE,3,2025-01-25,0,
6097,2,8,OUT,SALE,3,2025-01-26,0,
6098,2,8,OUT,SALE,3,2025-01-27,0,
6099,2,8,OUT,SALE,2,2025-01-28,0,
6100,2,8,OUT,SALE,2,2025-01-29,0,
6101,2,8,OUT,SALE,1,2025-01-30,0,
6102,2,8,OUT,SALE,1,2025-01-31,0,
6103,2,8,OUT,SALE,2,2025-02-01,0,
6104,2,8,OUT,SALE,2,2025-02-02,0,
6105,2,8,OUT,SALE,2,2025-02-03,0,
6106,2,8,OUT,SALE,2,2025-02-04,0,
6107,2,8,OUT,SALE,3,2025-02-05,0,
6108,2,8,OUT,SALE,3,2025-02-06,0,
6109,2,8,OUT,SALE,2,2025-02-07,0,
6110,2,8,OUT,SALE,2,2025-02-08,0,
6111,2,8,OUT,SALE,2,2025-02-09,0,
6112,2,8,OUT,SALE,2,2025-02-10,0,
6113,2,8,OUT,SALE,2,2025-02-11,0,
6114,2,8,OUT,SALE,2,2025-02-12,0,
6115,2,8,OUT,SALE,2,2025-02-13,0,
6116,2,8,OUT,SALE,2,2025-02-14,0,
6117,2,8,OUT,SALE,3,2025-02-15,0,
6118,2,8,OUT,SALE,3,2025-02-16,0,
6119,2,8,OUT,SALE,2,2025-02-17,0,
6120,2,8,OUT,SALE,2,2025-02-18,0,
6121,2,8,OUT,SALE,2,2025-02-19,0,
6122,2,8,OUT,SALE,2,2025-02-20,0,
6123,2,8,OUT,SALE,2,2025-02-21,0,
6124,2,8,OUT,SALE,3,2025-02-22,0,
6125,2,8,OUT,SALE,3,2025-02-23,0,
6126,2,8,OUT,SALE,2,2025-02-24,0,
6127,2,8,OUT,SALE,2,2025-02-25,0,
6128,2,8,OUT,SALE,2,2025-02-26,0,
6129,2,8,OUT,SALE,3,2025-02-27,0,
6130,2,8,OUT,SALE,3,2025-02-28,0,
6131,2,8,OUT,SALE,6,2025-03-01,0,
6132,2,8,OUT,SALE,7,2025-03-02,0,
6133,2,8,OUT,DAMAGE,49,2025-03-03,1,THEFT_SPIKE
6134,2,8,OUT,SALE,5,2025-03-04,0,
6135,2,8,OUT,SALE,6,2025-03-05,0,
6136,2,8,OUT,SALE,5,2025-03-06,0,
6137,2,8,OUT,SALE,5,2025-03-07,0,
6138,2,8,OUT,SALE,5,2025-03-08,0,
6139,2,8,OUT,SALE,6,2025-03-09,0,
6140,2,8,OUT,SALE,5,2025-03-10,0,
6141,2,8,OUT,SALE,5,2025-03-11,0,
6142,2,8,OUT,SALE,5,2025-03-12,0,
6143,2,8,OUT,SALE,5,2025-03-13,0,
6144,2,8,OUT,SALE,6,2025-03-14,0,
6145,2,8,OUT,SALE,9,2025-03-15,0,
6146,2,8,OUT,SALE,8,2025-03-16,0,
6147,2,8,OUT,SALE,6,2025-03-17,0,
6148,2,8,OUT,SALE,9,2025-03-18,0,
6149,2,8,OUT,SALE,5,2025-03-19,0,
6150,2,8,OUT,SALE,4,2025-03-20,0,
6151,2,8,OUT,SALE,5,2025-03-21,0,
6152,2,8,OUT,SALE,6,2025-03-22,0,
6153,2,8,OUT,SALE,6,2025-03-23,0,
6154,2,8,OUT,SALE,5,2025-03-24,0,
6155,2,8,OUT,SALE,6,2025-03-25,0,
6156,2,8,OUT,SALE,6,2025-03-26,0,
6157,2,8,OUT,SALE,5,2025-03-27,0,
6158,2,8,OUT,SALE,5,2025-03-28,0,
6159,2,8,OUT,SALE,6,2025-03-29,0,
6160,2,8,OUT,SALE,6,2025-03-30,0,
6161,2,8,OUT,SALE,5,2025-03-31,0,
6162,2,8,OUT,SALE,9,2025-04-01,0,
6163,2,8,OUT,SALE,7,2025-04-02,0,
6164,2,8,OUT,SALE,9,2025-04-03,0,
6165,2,8,OUT,SALE,10,2025-04-04,0,
6166,2,8,OUT,SALE,10,2025-04-05,0,
6167,2,8,OUT,SALE,10,2025-04-06,0,
6168,2,8,OUT,SALE,8,2025-04-07,0,
6169,2,8,OUT,SALE,8,2025-04-08,0,
6170,2,8,OUT,SALE,9,2025-04-09,0,
6171,2,8,OUT,SALE,8,2025-04-10,0,
6172,2,8,OUT,SALE,7,2025-04-11,0,
6173,2,8,OUT,SALE,9,2025-04-12,0,
6174,2,8,OUT,SALE,9,2025-04-13,0,
6175,2,8,OUT,SALE,10,2025-04-14,0,
6176,2,8,OUT,SALE,9,2025-04-15,0,
6177,2,8,OUT,SALE,8,2025-04-16,0,
6178,2,8,OUT,SALE,8,2025-04-17,0,
6179,2,8,OUT,SALE,10,2025-04-18,0,
6180,2,8,OUT,SALE,12,2025-04-19,0,
6181,2,8,OUT,SALE,9,2025-04-20,0,
6182,2,8,OUT,SALE,10,2025-04-21,0,
6183,2,8,OUT,SALE,9,2025-04-22,0,
6184,2,8,OUT,SALE,10,2025-04-23,0,
6185,2,8,OUT,SALE,9,2025-04-24,0,
6186,2,8,OUT,SALE,10,2025-04-25,0,
6187,2,8,OUT,SALE,9,2025-04-26,0,
6188,2,8,OUT,SALE,10,2025-04-27,0,
6189,2,8,OUT,SALE,10,2025-04-28,0,
6190,2,8,OUT,SALE,6,2025-04-29,0,
6191,2,8,OUT,SALE,9,2025-04-30,0,
6192,2,8,OUT,SALE,12,2025-05-01,0,
6193,2,8,OUT,SALE,14,2025-05-02,0,
6194,2,8,OUT,SALE,17,2025-05-03,0,
6195,2,8,OUT,SALE,16,2025-05-04,0,
6196,2,8,OUT,SALE,13,2025-05-05,0,
6197,2,8,OUT,SALE,13,2025-05-06,0,
6198,2,8,OUT,SALE,12,2025-05-07,0,
6199,2,8,OUT,SALE,13,2025-05-08,0,
6200,2,8,OUT,SALE,15,2025-05-09,0,
6201,2,8,OUT,SALE,13,2025-05-10,0,
6202,2,8,OUT,SALE,14,2025-05-11,0,
6203,2,8,OUT,SALE,13,2025-05-12,0,
6204,2,8,OUT,SALE,14,2025-05-13,0,
6205,2,8,OUT,SALE,13,2025-05-14,0,
6206,2,8,OUT,SALE,14,2025-05-15,0,
6207,2,8,OUT,SALE,15,2025-05-16,0,
6208,2,8,OUT,SALE,16,2025-05-17,0,
6209,2,8,OUT,SALE,13,2025-05-18,0,
6210,2,8,OUT,SALE,15,2025-05-19,0,
6211,2,8,OUT,SALE,15,2025-05-20,0,
6212,2,8,OUT,SALE,13,2025-05-21,0,
6213,2,8,OUT,SALE,11,2025-05-22,0,
6214,2,8,OUT,SALE,10,2025-05-23,0,
6215,2,8,OUT,SALE,15,2025-05-24,0,
6216,2,8,OUT,SALE,14,2025-05-25,0,
6217,2,8,OUT,SALE,10,2025-05-26,0,
6218,2,8,OUT,SALE,10,2025-05-27,0,
6219,2,8,OUT,SALE,12,2025-05-28,0,
6220,2,8,OUT,DAMAGE,29,2025-05-29,1,REPEATED_LOSS
6221,2,8,OUT,SALE,15,2025-05-30,0,
6222,2,8,OUT,SALE,16,2025-05-31,0,
6223,2,8,OUT,SALE,17,2025-06-01,0,
6224,2,8,OUT,DAMAGE,154,2025-06-02,1,THEFT_SPIKE
6225,2,8,OUT,SALE,16,2025-06-03,0,
6226,2,8,OUT,SALE,17,2025-06-04,0,
6227,2,8,OUT,SALE,16,2025-06-05,0,
6228,2,8,OUT,SALE,18,2025-06-06,0,
6229,2,8,OUT,SALE,20,2025-06-07,0,
6230,2,8,OUT,SALE,18,2025-06-08,0,
6231,2,8,OUT,SALE,15,2025-06-09,0,
6232,2,8,OUT,SALE,17,2025-06-10,0,
6233,2,8,OUT,SALE,14,2025-06-11,0,
6234,2,8,OUT,SALE,13,2025-06-12,0,
6235,2,8,OUT,SALE,13,2025-06-13,0,
6236,2,8,OUT,SALE,16,2025-06-14,0,
6237,2,8,OUT,SALE,20,2025-06-15,0,
6238,2,8,OUT,SALE,15,2025-06-16,0,
6239,2,8,OUT,SALE,16,2025-06-17,0,
6240,2,8,OUT,SALE,15,2025-06-18,0,
6241,2,8,OUT,SALE,15,2025-06-19,0,
6242,2,8,OUT,SALE,14,2025-06-20,0,
6243,2,8,OUT,SALE,18,2025-06-21,0,
6244,2,8,OUT,SALE,18,2025-06-22,0,
6245,2,8,OUT,SALE,16,2025-06-23,0,
6246,2,8,OUT,SALE,16,2025-06-24,0,
6247,2,8,OUT,SALE,15,2025-06-25,0,
6248,2,8,OUT,SALE,13,2025-06-26,0,
6249,2,8,OUT,SALE,18,2025-06-27,0,
6250,2,8,OUT,SALE,18,2025-06-28,0,
6251,2,8,OUT,SALE,18,2025-06-29,0,
6252,2,8,OUT,SALE,19,2025-06-30,0,
6253,2,8,OUT,SALE,19,2025-07-01,0,
6254,2,8,OUT,SALE,18,2025-07-02,0,
6255,2,8,OUT,SALE,17,2025-07-03,0,
6256,2,8,OUT,SALE,17,2025-07-04,0,
6257,2,8,OUT,SALE,20,2025-07-05,0,
6258,2,8,OUT,SALE,20,2025-07-06,0,
6259,2,8,OUT,SALE,20,2025-07-07,0,
6260,2,8,OUT,SALE,22,2025-07-08,0,
6261,2,8,OUT,SALE,17,2025-07-09,0,
6262,2,8,OUT,SALE,12,2025-07-10,0,
6263,2,8,OUT,SALE,15,2025-07-11,0,
6264,2,8,OUT,SALE,23,2025-07-12,0,
6265,2,8,OUT,SALE,21,2025-07-13,0,
6266,2,8,OUT,SALE,18,2025-07-14,0,
6267,2,8,OUT,SALE,16,2025-07-15,0,
6268,2,8,OUT,SALE,14,2025-07-16,0,
6269,2,8,OUT,SALE,20,2025-07-17,0,
6270,2,8,OUT,SALE,15,2025-07-18,0,
6271,2,8,OUT,SALE,21,2025-07-19,0,
6272,2,8,OUT,SALE,36,2025-07-20,0,
6273,2,8,OUT,SALE,36,2025-07-21,0,
6274,2,8,OUT,SALE,41,2025-07-22,0,
6275,2,8,OUT,SALE,36,2025-07-23,0,
6276,2,8,OUT,SALE,35,2025-07-24,0,
6277,2,8,OUT,SALE,37,2025-07-25,0,
6278,2,8,OUT,SALE,16,2025-07-26,0,
6279,2,8,OUT,SALE,16,2025-07-27,0,
6280,2,8,OUT,SALE,18,2025-07-28,0,
6281,2,8,OUT,SALE,16,2025-07-29,0,
6282,2,8,OUT,SALE,18,2025-07-30,0,
6283,2,8,OUT,SALE,19,2025-07-31,0,
6284,2,8,OUT,SALE,18,2025-08-01,0,
6285,2,8,OUT,SALE,15,2025-08-02,0,
6286,2,8,OUT,SALE,17,2025-08-03,0,
6287,2,8,OUT,SALE,17,2025-08-04,0,
6288,2,8,OUT,SALE,17,2025-08-05,0,
6289,2,8,OUT,SALE,20,2025-08-06,0,
6290,2,8,OUT,SALE,14,2025-08-07,0,
6291,2,8,OUT,SALE,18,2025-08-08,0,
6292,2,8,OUT,SALE,19,2025-08-09,0,
6293,2,8,OUT,SALE,15,2025-08-10,0,
6294,2,8,OUT,SALE,15,2025-08-11,0,
6295,2,8,OUT,SALE,16,2025-08-12,0,
6296,2,8,OUT,SALE,13,2025-08-13,0,
6297,2,8,OUT,SALE,12,2025-08-14,0,
6298,2,8,OUT,SALE,12,2025-08-15,0,
6299,2,8,OUT,DAMAGE,169,2025-08-16,1,THEFT_SPIKE
6300,2,8,OUT,SALE,17,2025-08-17,0,
6301,2,8,OUT,SALE,15,2025-08-18,0,
6302,2,8,OUT,SALE,15,2025-08-19,0,
6303,2,8,OUT,SALE,13,2025-08-20,0,
6304,2,8,OUT,SALE,15,2025-08-21,0,
6305,2,8,OUT,SALE,12,2025-08-22,0,
6306,2,8,OUT,SALE,21,2025-08-23,0,
6307,2,8,OUT,SALE,22,2025-08-24,0,
6308,2,8,OUT,SALE,11,2025-08-25,0,
6309,2,8,OUT,SALE,15,2025-08-26,0,
6310,2,8,OUT,SALE,15,2025-08-27,0,
6311,2,8,OUT,SALE,15,2025-08-28,0,
6312,2,8,OUT,SALE,18,2025-08-29,0,
6313,2,8,OUT,SALE,17,2025-08-30,0,
6314,2,8,OUT,SALE,18,2025-08-31,0,
6315,2,8,OUT,SALE,18,2025-09-01,0,
6316,2,8,OUT,SALE,13,2025-09-02,0,
6317,2,8,OUT,SALE,16,2025-09-03,0,
6318,2,8,OUT,SALE,14,2025-09-04,0,
6319,2,8,OUT,SALE,12,2025-09-05,0,
6320,2,8,OUT,SALE,14,2025-09-06,0,
6321,2,8,OUT,SALE,15,2025-09-07,0,
6322,2,8,OUT,SALE,11,2025-09-08,0,
6323,2,8,OUT,SALE,12,2025-09-09,0,
6324,2,8,OUT,SALE,12,2025-09-10,0,
6325,2,8,OUT,SALE,13,2025-09-11,0,
6326,2,8,OUT,SALE,16,2025-09-12,0,
6327,2,8,OUT,SALE,14,2025-09-13,0,
6328,2,8,OUT,SALE,16,2025-09-14,0,
6329,2,8,OUT,SALE,10,2025-09-15,0,
6330,2,8,OUT,SALE,15,2025-09-16,0,
6331,2,8,OUT,SALE,10,2025-09-17,0,
6332,2,8,OUT,SALE,14,2025-09-18,0,
6333,2,8,OUT,SALE,13,2025-09-19,0,
6334,2,8,OUT,SALE,15,2025-09-20,0,
6335,2,8,OUT,SALE,14,2025-09-21,0,
6336,2,8,OUT,SALE,11,2025-09-22,0,
6337,2,8,OUT,SALE,11,2025-09-23,0,
6338,2,8,OUT,SALE,14,2025-09-24,0,
6339,2,8,OUT,SALE,13,2025-09-25,0,
6340,2,8,OUT,SALE,12,2025-09-26,0,
6341,2,8,OUT,SALE,16,2025-09-27,0,
6342,2,8,OUT,SALE,15,2025-09-28,0,
6343,2,8,OUT,SALE,12,2025-09-29,0,
6344,2,8,OUT,SALE,32,2025-09-30,0,
6345,2,8,OUT,SALE,19,2025-10-01,0,
6346,2,8,OUT,SALE,17,2025-10-02,0,
6347,2,8,OUT,SALE,16,2025-10-03,0,
6348,2,8,OUT,SALE,12,2025-10-04,0,
6349,2,8,OUT,SALE,9,2025-10-05,0,
6350,2,8,OUT,SALE,8,2025-10-06,0,
6351,2,8,OUT,SALE,11,2025-10-07,0,
6352,2,8,OUT,SALE,9,2025-10-08,0,
6353,2,8,OUT,SALE,8,2025-10-09,0,
6354,2,8,OUT,SALE,9,2025-10-10,0,
6355,2,8,OUT,SALE,11,2025-10-11,0,
6356,2,8,OUT,SALE,11,2025-10-12,0,
6357,2,8,OUT,SALE,10,2025-10-13,0,
6358,2,8,OUT,SALE,8,2025-10-14,0,
6359,2,8,OUT,SALE,10,2025-10-15,0,
6360,2,8,OUT,SALE,9,2025-10-16,0,
6361,2,8,OUT,SALE,9,2025-10-17,0,
6362,2,8,OUT,SALE,12,2025-10-18,0,
6363,2,8,OUT,SALE,11,2025-10-19,0,
6364,2,8,OUT,SALE,9,2025-10-20,0,
6365,2,8,OUT,SALE,7,2025-10-21,0,
6366,2,8,OUT,SALE,9,2025-10-22,0,
6367,2,8,OUT,SALE,8,2025-10-23,0,
6368,2,8,OUT,SALE,10,2025-10-24,0,
6369,2,8,OUT,SALE,12,2025-10-25,0,
6370,2,8,OUT,SALE,10,2025-10-26,0,
6371,2,8,OUT,SALE,8,2025-10-27,0,
6372,2,8,OUT,SALE,11,2025-10-28,0,
6373,2,8,OUT,SALE,8,2025-10-29,0,
6374,2,8,OUT,SALE,8,2025-10-30,0,
6375,2,8,OUT,SALE,8,2025-10-31,0,
6376,2,8,OUT,SALE,6,2025-11-01,0,
6377,2,8,OUT,SALE,5,2025-11-02,0,
6378,2,8,OUT,SALE,6,2025-11-03,0,
6379,2,8,OUT,SALE,4,2025-11-04,0,
6380,2,8,OUT,SALE,5,2025-11-05,0,
6381,2,8,OUT,SALE,5,2025-11-06,0,
6382,2,8,OUT,SALE,5,2025-11-07,0,
6383,2,8,OUT,SALE,7,2025-11-08,0,
6384,2,8,OUT,SALE,7,2025-11-09,0,
6385,2,8,OUT,SALE,4,2025-11-10,0,
6386,2,8,OUT,SALE,4,2025-11-11,0,
6387,2,8,OUT,SALE,5,2025-11-12,0,
6388,2,8,OUT,SALE,5,2025-11-13,0,
6389,2,8,OUT,SALE,4,2025-11-14,0,
6390,2,8,OUT,SALE,6,2025-11-15,0,
6391,2,8,OUT,SALE,6,2025-11-16,0,
6392,2,8,OUT,SALE,5,2025-11-17,0,
6393,2,8,OUT,SALE,5,2025-11-18,0,
6394,2,8,OUT,SALE,5,2025-11-19,0,
6395,2,8,OUT,SALE,5,2025-11-20,0,
6396,2,8,OUT,SALE,6,2025-11-21,0,
6397,2,8,OUT,SALE,5,2025-11-22,0,
6398,2,8,OUT,SALE,6,2025-11-23,0,
6399,2,8,OUT,SALE,5,2025-11-24,0,
6400,2,8,OUT,SALE,5,2025-11-25,0,
6401,2,8,OUT,SALE,5,2025-11-26,0,
6402,2,8,OUT,SALE,6,2025-11-27,0,
6403,2,8,OUT,SALE,14,2025-11-28,0,
6404,2,8,OUT,SALE,16,2025-11-29,0,
6405,2,8,OUT,SALE,14,2025-11-30,0,
6406,2,8,OUT,SALE,2,2025-12-01,0,
6407,2,8,OUT,SALE,2,2025-12-02,0,
6408,2,8,OUT,SALE,2,2025-12-03,0,
6409,2,8,OUT,SALE,3,2025-12-04,0,
6410,2,8,OUT,SALE,2,2025-12-05,0,
6411,2,8,OUT,SALE,3,2025-12-06,0,
6412,2,8,OUT,SALE,3,2025-12-07,0,
6413,2,8,OUT,SALE,3,2025-12-08,0,
6414,2,8,OUT,SALE,2,2025-12-09,0,
6415,2,8,OUT,SALE,2,2025-12-10,0,
6416,2,8,OUT,SALE,2,2025-12-11,0,
6417,2,8,OUT,SALE,2,2025-12-12,0,
6418,2,8,OUT,SALE,3,2025-12-13,0,
6419,2,8,OUT,SALE,3,2025-12-14,0,
6420,2,8,OUT,SALE,3,2025-12-15,0,
6421,2,8,OUT,SALE,2,2025-12-16,0,
6422,2,8,OUT,SALE,1,2025-12-17,0,
6423,2,8,OUT,SALE,2,2025-12-18,0,
6424,2,8,OUT,SALE,2,2025-12-19,0,
6425,2,8,OUT,SALE,3,2025-12-20,0,
6426,2,8,OUT,SALE,3,2025-12-21,0,
6427,2,8,OUT,SALE,2,2025-12-22,0,
6428,2,8,OUT,SALE,3,2025-12-23,0,
6429,2,8,OUT,SALE,4,2025-12-24,0,
6430,2,8,OUT,SALE,4,2025-12-25,0,
6431,2,8,OUT,SALE,4,2025-12-26,0,
6432,2,8,OUT,SALE,3,2025-12-27,0,
6433,2,8,OUT,SALE,3,2025-12-28,0,
6434,2,8,OUT,SALE,2,2025-12-29,0,
6435,2,8,OUT,SALE,2,2025-12-30,0,
6436,2,8,OUT,SALE,2,2025-12-31,0,
6437,2,9,OUT,SALE,14,2025-01-01,0,
6438,2,9,OUT,SALE,17,2025-01-02,0,
6439,2,9,OUT,SALE,14,2025-01-03,0,
6440,2,9,OUT,SALE,16,2025-01-04,0,
6441,2,9,OUT,SALE,19,2025-01-05,0,
6442,2,9,OUT,SALE,14,2025-01-06,0,
6443,2,9,OUT,SALE,17,2025-01-07,0,
6444,2,9,OUT,SALE,13,2025-01-08,0,
6445,2,9,OUT,SALE,16,2025-01-09,0,
6446,2,9,OUT,SALE,18,2025-01-10,0,
6447,2,9,OUT,SALE,19,2025-01-11,0,
6448,2,9,OUT,SALE,13,2025-01-12,0,
6449,2,9,OUT,SALE,14,2025-01-13,0,
6450,2,9,OUT,SALE,14,2025-01-14,0,
6451,2,9,OUT,SALE,17,2025-01-15,0,
6452,2,9,OUT,SALE,13,2025-01-16,0,
6453,2,9,OUT,SALE,13,2025-01-17,0,
6454,2,9,OUT,SALE,14,2025-01-18,0,
6455,2,9,OUT,SALE,15,2025-01-19,0,
6456,2,9,OUT,SALE,13,2025-01-20,0,
6457,2,9,OUT,SALE,18,2025-01-21,0,
6458,2,9,OUT,SALE,14,2025-01-22,0,
6459,2,9,OUT,SALE,16,2025-01-23,0,
6460,2,9,OUT,SALE,15,2025-01-24,0,
6461,2,9,OUT,SALE,31,2025-01-25,0,
6462,2,9,OUT,SALE,29,2025-01-26,0,
6463,2,9,OUT,SALE,29,2025-01-27,0,
6464,2,9,OUT,SALE,27,2025-01-28,0,
6465,2,9,OUT,SALE,15,2025-01-29,0,
6466,2,9,OUT,SALE,14,2025-01-30,0,
6467,2,9,OUT,SALE,14,2025-01-31,0,
6468,2,9,OUT,SALE,19,2025-02-01,0,
6469,2,9,OUT,SALE,18,2025-02-02,0,
6470,2,9,OUT,SALE,15,2025-02-03,0,
6471,2,9,OUT,SALE,14,2025-02-04,0,
6472,2,9,OUT,SALE,19,2025-02-05,0,
6473,2,9,OUT,SALE,14,2025-02-06,0,
6474,2,9,OUT,SALE,15,2025-02-07,0,
6475,2,9,OUT,SALE,17,2025-02-08,0,
6476,2,9,OUT,SALE,22,2025-02-09,0,
6477,2,9,OUT,SALE,15,2025-02-10,0,
6478,2,9,OUT,SALE,15,2025-02-11,0,
6479,2,9,OUT,SALE,15,2025-02-12,0,
6480,2,9,OUT,SALE,14,2025-02-13,0,
6481,2,9,OUT,SALE,15,2025-02-14,0,
6482,2,9,OUT,SALE,23,2025-02-15,0,
6483,2,9,OUT,SALE,18,2025-02-16,0,
6484,2,9,OUT,SALE,16,2025-02-17,0,
6485,2,9,OUT,SALE,14,2025-02-18,0,
6486,2,9,OUT,SALE,18,2025-02-19,0,
6487,2,9,OUT,SALE,19,2025-02-20,0,
6488,2,9,OUT,SALE,17,2025-02-21,0,
6489,2,9,OUT,SALE,19,2025-02-22,0,
6490,2,9,OUT,SALE,17,2025-02-23,0,
6491,2,9,OUT,SALE,16,2025-02-24,0,
6492,2,9,OUT,SALE,14,2025-02-25,0,
6493,2,9,OUT,SALE,13,2025-02-26,0,
6494,2,9,OUT,SALE,13,2025-02-27,0,
6495,2,9,OUT,SALE,16,2025-02-28,0,
6496,2,9,OUT,SALE,16,2025-03-01,0,
6497,2,9,OUT,SALE,18,2025-03-02,0,
6498,2,9,OUT,SALE,16,2025-03-03,0,
6499,2,9,OUT,SALE,18,2025-03-04,0,
6500,2,9,OUT,SALE,15,2025-03-05,0,
6501,2,9,OUT,SALE,18,2025-03-06,0,
6502,2,9,OUT,SALE,18,2025-03-07,0,
6503,2,9,OUT,SALE,16,2025-03-08,0,
6504,2,9,OUT,SALE,21,2025-03-09,0,
6505,2,9,OUT,SALE,16,2025-03-10,0,
6506,2,9,OUT,SALE,15,2025-03-11,0,
6507,2,9,OUT,SALE,16,2025-03-12,0,
6508,2,9,OUT,SALE,16,2025-03-13,0,
6509,2,9,OUT,SALE,15,2025-03-14,0,
6510,2,9,OUT,SALE,27,2025-03-15,0,
6511,2,9,OUT,SALE,27,2025-03-16,0,
6512,2,9,OUT,SALE,26,2025-03-17,0,
6513,2,9,OUT,SALE,25,2025-03-18,0,
6514,2,9,OUT,SALE,17,2025-03-19,0,
6515,2,9,OUT,SALE,16,2025-03-20,0,
6516,2,9,OUT,SALE,16,2025-03-21,0,
6517,2,9,OUT,SALE,20,2025-03-22,0,
6518,2,9,OUT,SALE,22,2025-03-23,0,
6519,2,9,OUT,SALE,19,2025-03-24,0,
6520,2,9,OUT,SALE,19,2025-03-25,0,
6521,2,9,OUT,SALE,18,2025-03-26,0,
6522,2,9,OUT,SALE,20,2025-03-27,0,
6523,2,9,OUT,SALE,17,2025-03-28,0,
6524,2,9,OUT,SALE,19,2025-03-29,0,
6525,2,9,OUT,SALE,24,2025-03-30,0,
6526,2,9,OUT,SALE,11,2025-03-31,0,
6527,2,9,OUT,SALE,17,2025-04-01,0,
6528,2,9,OUT,SALE,20,2025-04-02,0,
6529,2,9,OUT,SALE,20,2025-04-03,0,
6530,2,9,OUT,SALE,23,2025-04-04,0,
6531,2,9,OUT,SALE,20,2025-04-05,0,
6532,2,9,OUT,SALE,19,2025-04-06,0,
6533,2,9,OUT,SALE,17,2025-04-07,0,
6534,2,9,OUT,DAMAGE,42,2025-04-08,1,REPEATED_LOSS
6535,2,9,OUT,SALE,21,2025-04-09,0,
6536,2,9,OUT,SALE,21,2025-04-10,0,
6537,2,9,OUT,SALE,17,2025-04-11,0,
6538,2,9,OUT,SALE,21,2025-04-12,0,
6539,2,9,OUT,SALE,19,2025-04-13,0,
6540,2,9,OUT,SALE,16,2025-04-14,0,
6541,2,9,OUT,SALE,20,2025-04-15,0,
6542,2,9,OUT,SALE,21,2025-04-16,0,
6543,2,9,OUT,SALE,16,2025-04-17,0,
6544,2,9,OUT,SALE,18,2025-04-18,0,
6545,2,9,OUT,SALE,20,2025-04-19,0,
6546,2,9,OUT,SALE,22,2025-04-20,0,
6547,2,9,OUT,SALE,17,2025-04-21,0,
6548,2,9,OUT,SALE,13,2025-04-22,0,
6549,2,9,OUT,SALE,20,2025-04-23,0,
6550,2,9,OUT,SALE,17,2025-04-24,0,
6551,2,9,OUT,SALE,17,2025-04-25,0,
6552,2,9,OUT,SALE,21,2025-04-26,0,
6553,2,9,OUT,SALE,21,2025-04-27,0,
6554,2,9,OUT,SALE,18,2025-04-28,0,
6555,2,9,OUT,SALE,14,2025-04-29,0,
6556,2,9,OUT,SALE,19,2025-04-30,0,
6557,2,9,OUT,SALE,15,2025-05-01,0,
6558,2,9,OUT,SALE,21,2025-05-02,0,
6559,2,9,OUT,SALE,25,2025-05-03,0,
6560,2,9,OUT,SALE,18,2025-05-04,0,
6561,2,9,OUT,SALE,20,2025-05-05,0,
6562,2,9,OUT,SALE,21,2025-05-06,0,
6563,2,9,OUT,SALE,18,2025-05-07,0,
6564,2,9,OUT,SALE,20,2025-05-08,0,
6565,2,9,OUT,SALE,13,2025-05-09,0,
6566,2,9,OUT,SALE,25,2025-05-10,0,
6567,2,9,OUT,SALE,22,2025-05-11,0,
6568,2,9,OUT,SALE,18,2025-05-12,0,
6569,2,9,OUT,SALE,21,2025-05-13,0,
6570,2,9,OUT,SALE,23,2025-05-14,0,
6571,2,9,OUT,SALE,20,2025-05-15,0,
6572,2,9,OUT,SALE,22,2025-05-16,0,
6573,2,9,OUT,SALE,18,2025-05-17,0,
6574,2,9,OUT,SALE,23,2025-05-18,0,
6575,2,9,OUT,SALE,19,2025-05-19,0,
6576,2,9,OUT,DAMAGE,145,2025-05-20,1,THEFT_SPIKE
6577,2,9,OUT,SALE,14,2025-05-21,0,
6578,2,9,OUT,SALE,20,2025-05-22,0,
6579,2,9,OUT,SALE,21,2025-05-23,0,
6580,2,9,OUT,SALE,25,2025-05-24,0,
6581,2,9,OUT,SALE,25,2025-05-25,0,
6582,2,9,OUT,SALE,17,2025-05-26,0,
6583,2,9,OUT,SALE,22,2025-05-27,0,
6584,2,9,OUT,SALE,22,2025-05-28,0,
6585,2,9,OUT,SALE,18,2025-05-29,0,
6586,2,9,OUT,SALE,19,2025-05-30,0,
6587,2,9,OUT,SALE,19,2025-05-31,0,
6588,2,9,OUT,SALE,27,2025-06-01,0,
6589,2,9,OUT,SALE,16,2025-06-02,0,
6590,2,9,OUT,SALE,21,2025-06-03,0,
6591,2,9,OUT,SALE,18,2025-06-04,0,
6592,2,9,OUT,SALE,17,2025-06-05,0,
6593,2,9,OUT,SALE,15,2025-06-06,0,
6594,2,9,OUT,SALE,22,2025-06-07,0,
6595,2,9,OUT,SALE,19,2025-06-08,0,
6596,2,9,OUT,SALE,20,2025-06-09,0,
6597,2,9,OUT,SALE,24,2025-06-10,0,
6598,2,9,OUT,SALE,20,2025-06-11,0,
6599,2,9,OUT,SALE,25,2025-06-12,0,
6600,2,9,OUT,SALE,17,2025-06-13,0,
6601,2,9,OUT,SALE,19,2025-06-14,0,
6602,2,9,OUT,SALE,20,2025-06-15,0,
6603,2,9,OUT,SALE,20,2025-06-16,0,
6604,2,9,OUT,SALE,26,2025-06-17,0,
6605,2,9,OUT,SALE,16,2025-06-18,0,
6606,2,9,OUT,SALE,21,2025-06-19,0,
6607,2,9,OUT,SALE,18,2025-06-20,0,
6608,2,9,OUT,SALE,22,2025-06-21,0,
6609,2,9,OUT,SALE,19,2025-06-22,0,
6610,2,9,OUT,SALE,22,2025-06-23,0,
6611,2,9,OUT,SALE,20,2025-06-24,0,
6612,2,9,OUT,SALE,22,2025-06-25,0,
6613,2,9,OUT,SALE,20,2025-06-26,0,
6614,2,9,OUT,SALE,15,2025-06-27,0,
6615,2,9,OUT,SALE,26,2025-06-28,0,
6616,2,9,OUT,SALE,17,2025-06-29,0,
6617,2,9,OUT,SALE,15,2025-06-30,0,
6618,2,9,OUT,SALE,18,2025-07-01,0,
6619,2,9,OUT,SALE,18,2025-07-02,0,
6620,2,9,OUT,SALE,24,2025-07-03,0,
6621,2,9,OUT,SALE,20,2025-07-04,0,
6622,2,9,OUT,SALE,27,2025-07-05,0,
6623,2,9,OUT,SALE,22,2025-07-06,0,
6624,2,9,OUT,SALE,21,2025-07-07,0,
6625,2,9,OUT,SALE,21,2025-07-08,0,
6626,2,9,OUT,SALE,22,2025-07-09,0,
6627,2,9,OUT,SALE,9999,2025-07-10,1,DATA_ERROR
6628,2,9,OUT,SALE,19,2025-07-11,0,
6629,2,9,OUT,SALE,22,2025-07-12,0,
6630,2,9,OUT,SALE,19,2025-07-13,0,
6631,2,9,OUT,SALE,20,2025-07-14,0,
6632,2,9,OUT,SALE,19,2025-07-15,0,
6633,2,9,OUT,SALE,22,2025-07-16,0,
6634,2,9,OUT,SALE,20,2025-07-17,0,
6635,2,9,OUT,SALE,23,2025-07-18,0,
6636,2,9,OUT,SALE,23,2025-07-19,0,
6637,2,9,OUT,SALE,48,2025-07-20,0,
6638,2,9,OUT,SALE,45,2025-07-21,0,
6639,2,9,OUT,SALE,48,2025-07-22,0,
6640,2,9,OUT,SALE,35,2025-07-23,0,
6641,2,9,OUT,SALE,41,2025-07-24,0,
6642,2,9,OUT,SALE,41,2025-07-25,0,
6643,2,9,OUT,SALE,24,2025-07-26,0,
6644,2,9,OUT,SALE,25,2025-07-27,0,
6645,2,9,OUT,SALE,20,2025-07-28,0,
6646,2,9,OUT,SALE,14,2025-07-29,0,
6647,2,9,OUT,SALE,16,2025-07-30,0,
6648,2,9,OUT,SALE,20,2025-07-31,0,
6649,2,9,OUT,SALE,19,2025-08-01,0,
6650,2,9,OUT,SALE,23,2025-08-02,0,
6651,2,9,OUT,SALE,21,2025-08-03,0,
6652,2,9,OUT,SALE,23,2025-08-04,0,
6653,2,9,OUT,SALE,14,2025-08-05,0,
6654,2,9,OUT,SALE,21,2025-08-06,0,
6655,2,9,OUT,SALE,22,2025-08-07,0,
6656,2,9,OUT,SALE,21,2025-08-08,0,
6657,2,9,OUT,SALE,25,2025-08-09,0,
6658,2,9,OUT,SALE,25,2025-08-10,0,
6659,2,9,OUT,SALE,18,2025-08-11,0,
6660,2,9,OUT,SALE,17,2025-08-12,0,
6661,2,9,OUT,SALE,15,2025-08-13,0,
6662,2,9,OUT,SALE,19,2025-08-14,0,
6663,2,9,OUT,SALE,18,2025-08-15,0,
6664,2,9,OUT,SALE,26,2025-08-16,0,
6665,2,9,OUT,SALE,22,2025-08-17,0,
6666,2,9,OUT,SALE,17,2025-08-18,0,
6667,2,9,OUT,SALE,17,2025-08-19,0,
6668,2,9,OUT,SALE,25,2025-08-20,0,
6669,2,9,OUT,SALE,20,2025-08-21,0,
6670,2,9,OUT,SALE,18,2025-08-22,0,
6671,2,9,OUT,SALE,23,2025-08-23,0,
6672,2,9,OUT,SALE,28,2025-08-24,0,
6673,2,9,OUT,DAMAGE,140,2025-08-25,1,THEFT_SPIKE
6674,2,9,OUT,SALE,21,2025-08-26,0,
6675,2,9,OUT,SALE,23,2025-08-27,0,
6676,2,9,OUT,SALE,15,2025-08-28,0,
6677,2,9,OUT,SALE,18,2025-08-29,0,
6678,2,9,OUT,SALE,26,2025-08-30,0,
6679,2,9,OUT,SALE,21,2025-08-31,0,
6680,2,9,OUT,SALE,20,2025-09-01,0,
6681,2,9,OUT,SALE,17,2025-09-02,0,
6682,2,9,OUT,SALE,18,2025-09-03,0,
6683,2,9,OUT,SALE,18,2025-09-04,0,
6684,2,9,OUT,SALE,20,2025-09-05,0,
6685,2,9,OUT,SALE,22,2025-09-06,0,
6686,2,9,OUT,SALE,22,2025-09-07,0,
6687,2,9,OUT,SALE,24,2025-09-08,0,
6688,2,9,OUT,SALE,23,2025-09-09,0,
6689,2,9,OUT,SALE,14,2025-09-10,0,
6690,2,9,OUT,SALE,18,2025-09-11,0,
6691,2,9,OUT,SALE,24,2025-09-12,0,
6692,2,9,OUT,SALE,20,2025-09-13,0,
6693,2,9,OUT,SALE,27,2025-09-14,0,
6694,2,9,OUT,SALE,18,2025-09-15,0,
6695,2,9,OUT,SALE,18,2025-09-16,0,
6696,2,9,OUT,SALE,21,2025-09-17,0,
6697,2,9,OUT,SALE,19,2025-09-18,0,
6698,2,9,OUT,SALE,20,2025-09-19,0,
6699,2,9,OUT,SALE,26,2025-09-20,0,
6700,2,9,OUT,SALE,24,2025-09-21,0,
6701,2,9,OUT,SALE,19,2025-09-22,0,
6702,2,9,OUT,SALE,23,2025-09-23,0,
6703,2,9,OUT,SALE,21,2025-09-24,0,
6704,2,9,OUT,SALE,17,2025-09-25,0,
6705,2,9,OUT,SALE,23,2025-09-26,0,
6706,2,9,OUT,SALE,23,2025-09-27,0,
6707,2,9,OUT,SALE,21,2025-09-28,0,
6708,2,9,OUT,SALE,14,2025-09-29,0,
6709,2,9,OUT,SALE,30,2025-09-30,0,
6710,2,9,OUT,SALE,40,2025-10-01,0,
6711,2,9,OUT,SALE,40,2025-10-02,0,
6712,2,9,OUT,SALE,34,2025-10-03,0,
6713,2,9,OUT,SALE,16,2025-10-04,0,
6714,2,9,OUT,SALE,18,2025-10-05,0,
6715,2,9,OUT,SALE,14,2025-10-06,0,
6716,2,9,OUT,SALE,14,2025-10-07,0,
6717,2,9,OUT,SALE,22,2025-10-08,0,
6718,2,9,OUT,SALE,22,2025-10-09,0,
6719,2,9,OUT,SALE,15,2025-10-10,0,
6720,2,9,OUT,SALE,20,2025-10-11,0,
6721,2,9,OUT,SALE,17,2025-10-12,0,
6722,2,9,OUT,SALE,17,2025-10-13,0,
6723,2,9,OUT,SALE,21,2025-10-14,0,
6724,2,9,OUT,SALE,20,2025-10-15,0,
6725,2,9,OUT,SALE,19,2025-10-16,0,
6726,2,9,OUT,SALE,17,2025-10-17,0,
6727,2,9,OUT,SALE,23,2025-10-18,0,
6728,2,9,OUT,SALE,22,2025-10-19,0,
6729,2,9,OUT,SALE,18,2025-10-20,0,
6730,2,9,OUT,SALE,17,2025-10-21,0,
6731,2,9,OUT,SALE,18,2025-10-22,0,
6732,2,9,OUT,SALE,18,2025-10-23,0,
6733,2,9,OUT,SALE,16,2025-10-24,0,
6734,2,9,OUT,SALE,18,2025-10-25,0,
6735,2,9,OUT,SALE,18,2025-10-26,0,
6736,2,9,OUT,SALE,16,2025-10-27,0,
6737,2,9,OUT,SALE,17,2025-10-28,0,
6738,2,9,OUT,SALE,17,2025-10-29,0,
6739,2,9,OUT,SALE,16,2025-10-30,0,
6740,2,9,OUT,SALE,16,2025-10-31,0,
6741,2,9,OUT,SALE,19,2025-11-01,0,
6742,2,9,OUT,SALE,22,2025-11-02,0,
6743,2,9,OUT,SALE,16,2025-11-03,0,
6744,2,9,OUT,SALE,16,2025-11-04,0,
6745,2,9,OUT,SALE,14,2025-11-05,0,
6746,2,9,OUT,SALE,16,2025-11-06,0,
6747,2,9,OUT,SALE,19,2025-11-07,0,
6748,2,9,OUT,SALE,21,2025-11-08,0,
6749,2,9,OUT,SALE,21,2025-11-09,0,
6750,2,9,OUT,SALE,18,2025-11-10,0,
6751,2,9,OUT,SALE,17,2025-11-11,0,
6752,2,9,OUT,SALE,17,2025-11-12,0,
6753,2,9,OUT,SALE,17,2025-11-13,0,
6754,2,9,OUT,SALE,15,2025-11-14,0,
6755,2,9,OUT,SALE,19,2025-11-15,0,
6756,2,9,OUT,SALE,19,2025-11-16,0,
6757,2,9,OUT,SALE,17,2025-11-17,0,
6758,2,9,OUT,SALE,16,2025-11-18,0,
6759,2,9,OUT,SALE,20,2025-11-19,0,
6760,2,9,OUT,SALE,14,2025-11-20,0,
6761,2,9,OUT,SALE,18,2025-11-21,0,
6762,2,9,OUT,SALE,19,2025-11-22,0,
6763,2,9,OUT,SALE,19,2025-11-23,0,
6764,2,9,OUT,SALE,15,2025-11-24,0,
6765,2,9,OUT,SALE,18,2025-11-25,0,
6766,2,9,OUT,SALE,17,2025-11-26,0,
6767,2,9,OUT,SALE,18,2025-11-27,0,
6768,2,9,OUT,SALE,41,2025-11-28,0,
6769,2,9,OUT,SALE,45,2025-11-29,0,
6770,2,9,OUT,SALE,46,2025-11-30,0,
6771,2,9,OUT,SALE,16,2025-12-01,0,
6772,2,9,OUT,SALE,12,2025-12-02,0,
6773,2,9,OUT,SALE,17,2025-12-03,0,
6774,2,9,OUT,SALE,20,2025-12-04,0,
6775,2,9,OUT,SALE,16,2025-12-05,0,
6776,2,9,OUT,SALE,17,2025-12-06,0,
6777,2,9,OUT,SALE,17,2025-12-07,0,
6778,2,9,OUT,SALE,17,2025-12-08,0,
6779,2,9,OUT,SALE,15,2025-12-09,0,
6780,2,9,OUT,SALE,17,2025-12-10,0,
6781,2,9,OUT,SALE,15,2025-12-11,0,
6782,2,9,OUT,SALE,18,2025-12-12,0,
6783,2,9,OUT,SALE,21,2025-12-13,0,
6784,2,9,OUT,SALE,17,2025-12-14,0,
6785,2,9,OUT,SALE,15,2025-12-15,0,
6786,2,9,OUT,SALE,15,2025-12-16,0,
6787,2,9,OUT,SALE,15,2025-12-17,0,
6788,2,9,OUT,SALE,14,2025-12-18,0,
6789,2,9,OUT,SALE,13,2025-12-19,0,
6790,2,9,OUT,SALE,20,2025-12-20,0,
6791,2,9,OUT,SALE,20,2025-12-21,0,
6792,2,9,OUT,SALE,17,2025-12-22,0,
6793,2,9,OUT,SALE,15,2025-12-23,0,
6794,2,9,OUT,SALE,32,2025-12-24,0,
6795,2,9,OUT,SALE,26,2025-12-25,0,
6796,2,9,OUT,SALE,29,2025-12-26,0,
6797,2,9,OUT,SALE,15,2025-12-27,0,
6798,2,9,OUT,SALE,17,2025-12-28,0,
6799,2,9,OUT,SALE,15,2025-12-29,0,
6800,2,9,OUT,SALE,15,2025-12-30,0,
6801,2,9,OUT,SALE,13,2025-12-31,0,
6802,2,10,OUT,SALE,2,2025-01-01,0,
6803,2,10,OUT,SALE,2,2025-01-02,0,
6804,2,10,OUT,SALE,1,2025-01-03,0,
6805,2,10,OUT,SALE,2,2025-01-04,0,
6806,2,10,OUT,SALE,2,2025-01-05,0,
6807,2,10,OUT,SALE,2,2025-01-06,0,
6808,2,10,OUT,SALE,1,2025-01-07,0,
6809,2,10,OUT,SALE,2,2025-01-08,0,
6810,2,10,OUT,SALE,1,2025-01-09,0,
6811,2,10,OUT,SALE,2,2025-01-10,0,
6812,2,10,OUT,SALE,2,2025-01-11,0,
6813,2,10,OUT,SALE,2,2025-01-12,0,
6814,2,10,OUT,SALE,2,2025-01-13,0,
6815,2,10,OUT,SALE,2,2025-01-14,0,
6816,2,10,OUT,SALE,2,2025-01-15,0,
6817,2,10,OUT,SALE,1,2025-01-16,0,
6818,2,10,OUT,SALE,2,2025-01-17,0,
6819,2,10,OUT,SALE,2,2025-01-18,0,
6820,2,10,OUT,SALE,2,2025-01-19,0,
6821,2,10,OUT,SALE,2,2025-01-20,0,
6822,2,10,OUT,SALE,2,2025-01-21,0,
6823,2,10,OUT,SALE,2,2025-01-22,0,
6824,2,10,OUT,SALE,1,2025-01-23,0,
6825,2,10,OUT,SALE,1,2025-01-24,0,
6826,2,10,OUT,SALE,3,2025-01-25,0,
6827,2,10,OUT,SALE,3,2025-01-26,0,
6828,2,10,OUT,SALE,3,2025-01-27,0,
6829,2,10,OUT,SALE,3,2025-01-28,0,
6830,2,10,OUT,SALE,1,2025-01-29,0,
6831,2,10,OUT,SALE,2,2025-01-30,0,
6832,2,10,OUT,SALE,2,2025-01-31,0,
6833,2,10,OUT,SALE,2,2025-02-01,0,
6834,2,10,OUT,SALE,2,2025-02-02,0,
6835,2,10,OUT,SALE,2,2025-02-03,0,
6836,2,10,OUT,SALE,2,2025-02-04,0,
6837,2,10,OUT,SALE,2,2025-02-05,0,
6838,2,10,OUT,SALE,1,2025-02-06,0,
6839,2,10,OUT,SALE,2,2025-02-07,0,
6840,2,10,OUT,SALE,2,2025-02-08,0,
6841,2,10,OUT,SALE,2,2025-02-09,0,
6842,2,10,OUT,SALE,2,2025-02-10,0,
6843,2,10,OUT,SALE,2,2025-02-11,0,
6844,2,10,OUT,SALE,2,2025-02-12,0,
6845,2,10,OUT,SALE,2,2025-02-13,0,
6846,2,10,OUT,SALE,2,2025-02-14,0,
6847,2,10,OUT,SALE,2,2025-02-15,0,
6848,2,10,OUT,SALE,2,2025-02-16,0,
6849,2,10,OUT,SALE,2,2025-02-17,0,
6850,2,10,OUT,SALE,2,2025-02-18,0,
6851,2,10,OUT,SALE,1,2025-02-19,0,
6852,2,10,OUT,SALE,2,2025-02-20,0,
6853,2,10,OUT,SALE,1,2025-02-21,0,
6854,2,10,OUT,SALE,2,2025-02-22,0,
6855,2,10,OUT,SALE,2,2025-02-23,0,
6856,2,10,OUT,SALE,1,2025-02-24,0,
6857,2,10,OUT,SALE,2,2025-02-25,0,
6858,2,10,OUT,SALE,1,2025-02-26,0,
6859,2,10,OUT,SALE,2,2025-02-27,0,
6860,2,10,OUT,SALE,1,2025-02-28,0,
6861,2,10,OUT,SALE,2,2025-03-01,0,
6862,2,10,OUT,SALE,2,2025-03-02,0,
6863,2,10,OUT,SALE,2,2025-03-03,0,
6864,2,10,OUT,SALE,2,2025-03-04,0,
6865,2,10,OUT,SALE,1,2025-03-05,0,
6866,2,10,OUT,SALE,2,2025-03-06,0,
6867,2,10,OUT,SALE,2,2025-03-07,0,
6868,2,10,OUT,SALE,2,2025-03-08,0,
6869,2,10,OUT,SALE,2,2025-03-09,0,
6870,2,10,OUT,SALE,2,2025-03-10,0,
6871,2,10,OUT,SALE,2,2025-03-11,0,
6872,2,10,OUT,SALE,2,2025-03-12,0,
6873,2,10,OUT,SALE,2,2025-03-13,0,
6874,2,10,OUT,SALE,2,2025-03-14,0,
6875,2,10,OUT,SALE,3,2025-03-15,0,
6876,2,10,OUT,SALE,3,2025-03-16,0,
6877,2,10,OUT,SALE,3,2025-03-17,0,
6878,2,10,OUT,DAMAGE,7,2025-03-18,1,REPEATED_LOSS
6879,2,10,OUT,SALE,2,2025-03-19,0,
6880,2,10,OUT,SALE,2,2025-03-20,0,
6881,2,10,OUT,SALE,2,2025-03-21,0,
6882,2,10,OUT,SALE,2,2025-03-22,0,
6883,2,10,OUT,SALE,2,2025-03-23,0,
6884,2,10,OUT,SALE,2,2025-03-24,0,
6885,2,10,OUT,SALE,2,2025-03-25,0,
6886,2,10,OUT,SALE,2,2025-03-26,0,
6887,2,10,OUT,SALE,2,2025-03-27,0,
6888,2,10,OUT,SALE,2,2025-03-28,0,
6889,2,10,OUT,SALE,2,2025-03-29,0,
6890,2,10,OUT,SALE,2,2025-03-30,0,
6891,2,10,OUT,SALE,2,2025-03-31,0,
6892,2,10,OUT,SALE,2,2025-04-01,0,
6893,2,10,OUT,SALE,2,2025-04-02,0,
6894,2,10,OUT,SALE,2,2025-04-03,0,
6895,2,10,OUT,SALE,3,2025-04-04,0,
6896,2,10,OUT,SALE,2,2025-04-05,0,
6897,2,10,OUT,SALE,2,2025-04-06,0,
6898,2,10,OUT,SALE,2,2025-04-07,0,
6899,2,10,OUT,SALE,2,2025-04-08,0,
6900,2,10,OUT,SALE,2,2025-04-09,0,
6901,2,10,OUT,SALE,2,2025-04-10,0,
6902,2,10,OUT,SALE,2,2025-04-11,0,
6903,2,10,OUT,SALE,2,2025-04-12,0,
6904,2,10,OUT,SALE,2,2025-04-13,0,
6905,2,10,OUT,SALE,2,2025-04-14,0,
6906,2,10,OUT,SALE,1,2025-04-15,0,
6907,2,10,OUT,SALE,2,2025-04-16,0,
6908,2,10,OUT,SALE,1,2025-04-17,0,
6909,2,10,OUT,SALE,2,2025-04-18,0,
6910,2,10,OUT,SALE,2,2025-04-19,0,
6911,2,10,OUT,SALE,2,2025-04-20,0,
6912,2,10,OUT,SALE,2,2025-04-21,0,
6913,2,10,OUT,SALE,2,2025-04-22,0,
6914,2,10,OUT,SALE,2,2025-04-23,0,
6915,2,10,OUT,SALE,2,2025-04-24,0,
6916,2,10,OUT,SALE,1,2025-04-25,0,
6917,2,10,OUT,SALE,2,2025-04-26,0,
6918,2,10,OUT,SALE,2,2025-04-27,0,
6919,2,10,OUT,SALE,2,2025-04-28,0,
6920,2,10,OUT,SALE,2,2025-04-29,0,
6921,2,10,OUT,SALE,2,2025-04-30,0,
6922,2,10,OUT,SALE,2,2025-05-01,0,
6923,2,10,OUT,SALE,2,2025-05-02,0,
6924,2,10,OUT,SALE,2,2025-05-03,0,
6925,2,10,OUT,SALE,2,2025-05-04,0,
6926,2,10,OUT,SALE,2,2025-05-05,0,
6927,2,10,OUT,SALE,2,2025-05-06,0,
6928,2,10,OUT,SALE,2,2025-05-07,0,
6929,2,10,OUT,SALE,2,2025-05-08,0,
6930,2,10,OUT,SALE,2,2025-05-09,0,
6931,2,10,OUT,SALE,2,2025-05-10,0,
6932,2,10,OUT,SALE,2,2025-05-11,0,
6933,2,10,OUT,SALE,2,2025-05-12,0,
6934,2,10,OUT,SALE,2,2025-05-13,0,
6935,2,10,OUT,SALE,2,2025-05-14,0,
6936,2,10,OUT,SALE,2,2025-05-15,0,
6937,2,10,OUT,SALE,3,2025-05-16,0,
6938,2,10,OUT,SALE,3,2025-05-17,0,
6939,2,10,OUT,SALE,2,2025-05-18,0,
6940,2,10,OUT,SALE,2,2025-05-19,0,
6941,2,10,OUT,SALE,2,2025-05-20,0,
6942,2,10,OUT,SALE,2,2025-05-21,0,
6943,2,10,OUT,SALE,2,2025-05-22,0,
6944,2,10,OUT,SALE,2,2025-05-23,0,
6945,2,10,OUT,SALE,2,2025-05-24,0,
6946,2,10,OUT,SALE,2,2025-05-25,0,
6947,2,10,OUT,SALE,2,2025-05-26,0,
6948,2,10,OUT,SALE,2,2025-05-27,0,
6949,2,10,OUT,SALE,2,2025-05-28,0,
6950,2,10,OUT,SALE,2,2025-05-29,0,
6951,2,10,OUT,SALE,2,2025-05-30,0,
6952,2,10,OUT,SALE,2,2025-05-31,0,
6953,2,10,OUT,SALE,2,2025-06-01,0,
6954,2,10,OUT,SALE,2,2025-06-02,0,
6955,2,10,OUT,SALE,2,2025-06-03,0,
6956,2,10,OUT,SALE,2,2025-06-04,0,
6957,2,10,OUT,SALE,2,2025-06-05,0,
6958,2,10,OUT,SALE,2,2025-06-06,0,
6959,2,10,OUT,SALE,2,2025-06-07,0,
6960,2,10,OUT,SALE,3,2025-06-08,0,
6961,2,10,OUT,SALE,2,2025-06-09,0,
6962,2,10,OUT,SALE,2,2025-06-10,0,
6963,2,10,OUT,SALE,2,2025-06-11,0,
6964,2,10,OUT,SALE,2,2025-06-12,0,
6965,2,10,OUT,SALE,2,2025-06-13,0,
6966,2,10,OUT,SALE,2,2025-06-14,0,
6967,2,10,OUT,SALE,2,2025-06-15,0,
6968,2,10,OUT,SALE,2,2025-06-16,0,
6969,2,10,OUT,SALE,2,2025-06-17,0,
6970,2,10,OUT,SALE,2,2025-06-18,0,
6971,2,10,OUT,SALE,2,2025-06-19,0,
6972,2,10,OUT,SALE,2,2025-06-20,0,
6973,2,10,OUT,SALE,3,2025-06-21,0,
6974,2,10,OUT,SALE,2,2025-06-22,0,
6975,2,10,OUT,SALE,2,2025-06-23,0,
6976,2,10,OUT,DAMAGE,11,2025-06-24,1,THEFT_SPIKE
6977,2,10,OUT,SALE,2,2025-06-25,0,
6978,2,10,OUT,SALE,2,2025-06-26,0,
6979,2,10,OUT,SALE,2,2025-06-27,0,
6980,2,10,OUT,SALE,3,2025-06-28,0,
6981,2,10,OUT,SALE,2,2025-06-29,0,
6982,2,10,OUT,SALE,2,2025-06-30,0,
6983,2,10,OUT,SALE,2,2025-07-01,0,
6984,2,10,OUT,SALE,2,2025-07-02,0,
6985,2,10,OUT,SALE,2,2025-07-03,0,
6986,2,10,OUT,DAMAGE,4,2025-07-04,1,REPEATED_LOSS
6987,2,10,OUT,SALE,2,2025-07-05,0,
6988,2,10,OUT,SALE,2,2025-07-06,0,
6989,2,10,OUT,SALE,2,2025-07-07,0,
6990,2,10,OUT,SALE,2,2025-07-08,0,
6991,2,10,OUT,SALE,2,2025-07-09,0,
6992,2,10,OUT,SALE,1,2025-07-10,0,
6993,2,10,OUT,SALE,2,2025-07-11,0,
6994,2,10,OUT,SALE,2,2025-07-12,0,
6995,2,10,OUT,SALE,3,2025-07-13,0,
6996,2,10,OUT,SALE,2,2025-07-14,0,
6997,2,10,OUT,SALE,2,2025-07-15,0,
6998,2,10,OUT,SALE,3,2025-07-16,0,
6999,2,10,OUT,SALE,2,2025-07-17,0,
7000,2,10,OUT,SALE,2,2025-07-18,0,
7001,2,10,OUT,SALE,2,2025-07-19,0,
7002,2,10,OUT,SALE,5,2025-07-20,0,
7003,2,10,OUT,DAMAGE,20,2025-07-21,1,OFF_HOURS_BULK
7004,2,10,OUT,SALE,5,2025-07-22,0,
7005,2,10,OUT,SALE,5,2025-07-23,0,
7006,2,10,OUT,SALE,4,2025-07-24,0,
7007,2,10,OUT,SALE,4,2025-07-25,0,
7008,2,10,OUT,SALE,3,2025-07-26,0,
7009,2,10,OUT,SALE,3,2025-07-27,0,
7010,2,10,OUT,SALE,3,2025-07-28,0,
7011,2,10,OUT,SALE,2,2025-07-29,0,
7012,2,10,OUT,SALE,2,2025-07-30,0,
7013,2,10,OUT,SALE,2,2025-07-31,0,
7014,2,10,OUT,SALE,3,2025-08-01,0,
7015,2,10,OUT,SALE,2,2025-08-02,0,
7016,2,10,OUT,SALE,2,2025-08-03,0,
7017,2,10,OUT,SALE,2,2025-08-04,0,
7018,2,10,OUT,SALE,2,2025-08-05,0,
7019,2,10,OUT,SALE,2,2025-08-06,0,
7020,2,10,OUT,SALE,2,2025-08-07,0,
7021,2,10,OUT,SALE,2,2025-08-08,0,
7022,2,10,OUT,SALE,2,2025-08-09,0,
7023,2,10,OUT,SALE,2,2025-08-10,0,
7024,2,10,OUT,SALE,2,2025-08-11,0,
7025,2,10,OUT,SALE,2,2025-08-12,0,
7026,2,10,OUT,SALE,2,2025-08-13,0,
7027,2,10,OUT,SALE,3,2025-08-14,0,
7028,2,10,OUT,SALE,2,2025-08-15,0,
7029,2,10,OUT,SALE,2,2025-08-16,0,
7030,2,10,OUT,SALE,3,2025-08-17,0,
7031,2,10,OUT,SALE,2,2025-08-18,0,
7032,2,10,OUT,SALE,2,2025-08-19,0,
7033,2,10,OUT,SALE,2,2025-08-20,0,
7034,2,10,OUT,SALE,2,2025-08-21,0,
7035,2,10,OUT,SALE,2,2025-08-22,0,
7036,2,10,OUT,SALE,2,2025-08-23,0,
7037,2,10,OUT,SALE,3,2025-08-24,0,
7038,2,10,OUT,SALE,2,2025-08-25,0,
7039,2,10,OUT,SALE,3,2025-08-26,0,
7040,2,10,OUT,SALE,2,2025-08-27,0,
7041,2,10,OUT,SALE,2,2025-08-28,0,
7042,2,10,OUT,SALE,2,2025-08-29,0,
7043,2,10,OUT,SALE,3,2025-08-30,0,
7044,2,10,OUT,SALE,2,2025-08-31,0,
7045,2,10,OUT,SALE,1,2025-09-01,0,
7046,2,10,OUT,SALE,2,2025-09-02,0,
7047,2,10,OUT,SALE,2,2025-09-03,0,
7048,2,10,OUT,SALE,2,2025-09-04,0,
7049,2,10,OUT,SALE,2,2025-09-05,0,
7050,2,10,OUT,SALE,3,2025-09-06,0,
7051,2,10,OUT,SALE,2,2025-09-07,0,
7052,2,10,OUT,SALE,2,2025-09-08,0,
7053,2,10,OUT,SALE,2,2025-09-09,0,
7054,2,10,OUT,SALE,2,2025-09-10,0,
7055,2,10,OUT,SALE,2,2025-09-11,0,
7056,2,10,OUT,SALE,2,2025-09-12,0,
7057,2,10,OUT,SALE,2,2025-09-13,0,
7058,2,10,OUT,SALE,2,2025-09-14,0,
7059,2,10,OUT,SALE,2,2025-09-15,0,
7060,2,10,OUT,SALE,2,2025-09-16,0,
7061,2,10,OUT,SALE,2,2025-09-17,0,
7062,2,10,OUT,SALE,2,2025-09-18,0,
7063,2,10,OUT,SALE,2,2025-09-19,0,
7064,2,10,OUT,SALE,2,2025-09-20,0,
7065,2,10,OUT,SALE,2,2025-09-21,0,
7066,2,10,OUT,SALE,2,2025-09-22,0,
7067,2,10,OUT,SALE,2,2025-09-23,0,
7068,2,10,OUT,SALE,2,2025-09-24,0,
7069,2,10,OUT,SALE,2,2025-09-25,0,
7070,2,10,OUT,SALE,2,2025-09-26,0,
7071,2,10,OUT,SALE,2,2025-09-27,0,
7072,2,10,OUT,SALE,2,2025-09-28,0,
7073,2,10,OUT,SALE,2,2025-09-29,0,
7074,2,10,OUT,SALE,4,2025-09-30,0,
7075,2,10,OUT,SALE,3,2025-10-01,0,
7076,2,10,OUT,SALE,4,2025-10-02,0,
7077,2,10,OUT,SALE,3,2025-10-03,0,
7078,2,10,OUT,SALE,2,2025-10-04,0,
7079,2,10,OUT,SALE,2,2025-10-05,0,
7080,2,10,OUT,SALE,2,2025-10-06,0,
7081,2,10,OUT,SALE,2,2025-10-07,0,
7082,2,10,OUT,SALE,2,2025-10-08,0,
7083,2,10,OUT,SALE,2,2025-10-09,0,
7084,2,10,OUT,SALE,2,2025-10-10,0,
7085,2,10,OUT,SALE,2,2025-10-11,0,
7086,2,10,OUT,SALE,2,2025-10-12,0,
7087,2,10,OUT,SALE,2,2025-10-13,0,
7088,2,10,OUT,SALE,2,2025-10-14,0,
7089,2,10,OUT,SALE,2,2025-10-15,0,
7090,2,10,OUT,SALE,2,2025-10-16,0,
7091,2,10,OUT,SALE,2,2025-10-17,0,
7092,2,10,OUT,SALE,2,2025-10-18,0,
7093,2,10,OUT,SALE,2,2025-10-19,0,
7094,2,10,OUT,SALE,2,2025-10-20,0,
7095,2,10,OUT,SALE,2,2025-10-21,0,
7096,2,10,OUT,SALE,2,2025-10-22,0,
7097,2,10,OUT,SALE,2,2025-10-23,0,
7098,2,10,OUT,SALE,2,2025-10-24,0,
7099,2,10,OUT,SALE,2,2025-10-25,0,
7100,2,10,OUT,SALE,2,2025-10-26,0,
7101,2,10,OUT,SALE,2,2025-10-27,0,
7102,2,10,OUT,SALE,2,2025-10-28,0,
7103,2,10,OUT,SALE,2,2025-10-29,0,
7104,2,10,OUT,SALE,2,2025-10-30,0,
7105,2,10,OUT,SALE,2,2025-10-31,0,
7106,2,10,OUT,SALE,2,2025-11-01,0,
7107,2,10,OUT,SALE,2,2025-11-02,0,
7108,2,10,OUT,SALE,2,2025-11-03,0,
7109,2,10,OUT,SALE,2,2025-11-04,0,
7110,2,10,OUT,SALE,2,2025-11-05,0,
7111,2,10,OUT,SALE,1,2025-11-06,0,
7112,2,10,OUT,SALE,2,2025-11-07,0,
7113,2,10,OUT,SALE,2,2025-11-08,0,
7114,2,10,OUT,SALE,2,2025-11-09,0,
7115,2,10,OUT,SALE,2,2025-11-10,0,
7116,2,10,OUT,SALE,2,2025-11-11,0,
7117,2,10,OUT,SALE,2,2025-11-12,0,
7118,2,10,OUT,SALE,2,2025-11-13,0,
7119,2,10,OUT,SALE,2,2025-11-14,0,
7120,2,10,OUT,SALE,2,2025-11-15,0,
7121,2,10,OUT,SALE,2,2025-11-16,0,
7122,2,10,OUT,SALE,2,2025-11-17,0,
7123,2,10,OUT,SALE,2,2025-11-18,0,
7124,2,10,OUT,SALE,1,2025-11-19,0,
7125,2,10,OUT,SALE,2,2025-11-20,0,
7126,2,10,OUT,SALE,2,2025-11-21,0,
7127,2,10,OUT,SALE,2,2025-11-22,0,
7128,2,10,OUT,SALE,2,2025-11-23,0,
7129,2,10,OUT,SALE,2,2025-11-24,0,
7130,2,10,OUT,SALE,2,2025-11-25,0,
7131,2,10,OUT,SALE,2,2025-11-26,0,
7132,2,10,OUT,SALE,2,2025-11-27,0,
7133,2,10,OUT,SALE,5,2025-11-28,0,
7134,2,10,OUT,SALE,4,2025-11-29,0,
7135,2,10,OUT,SALE,5,2025-11-30,0,
7136,2,10,OUT,SALE,2,2025-12-01,0,
7137,2,10,OUT,SALE,1,2025-12-02,0,
7138,2,10,OUT,SALE,0,2025-12-03,1,DATA_ERROR
7139,2,10,OUT,SALE,2,2025-12-04,0,
7140,2,10,OUT,SALE,1,2025-12-05,0,
7141,2,10,OUT,SALE,2,2025-12-06,0,
7142,2,10,OUT,SALE,2,2025-12-07,0,
7143,2,10,OUT,SALE,2,2025-12-08,0,
7144,2,10,OUT,SALE,1,2025-12-09,0,
7145,2,10,OUT,SALE,2,2025-12-10,0,
7146,2,10,OUT,SALE,1,2025-12-11,0,
7147,2,10,OUT,SALE,2,2025-12-12,0,
7148,2,10,OUT,SALE,2,2025-12-13,0,
7149,2,10,OUT,SALE,1,2025-12-14,0,
7150,2,10,OUT,SALE,2,2025-12-15,0,
7151,2,10,OUT,SALE,1,2025-12-16,0,
7152,2,10,OUT,SALE,1,2025-12-17,0,
7153,2,10,OUT,SALE,1,2025-12-18,0,
7154,2,10,OUT,SALE,1,2025-12-19,0,
7155,2,10,OUT,SALE,2,2025-12-20,0,
7156,2,10,OUT,SALE,2,2025-12-21,0,
7157,2,10,OUT,SALE,1,2025-12-22,0,
7158,2,10,OUT,SALE,2,2025-12-23,0,
7159,2,10,OUT,SALE,3,2025-12-24,0,
7160,2,10,OUT,SALE,3,2025-12-25,0,
7161,2,10,OUT,SALE,3,2025-12-26,0,
7162,2,10,OUT,SALE,2,2025-12-27,0,
7163,2,10,OUT,SALE,2,2025-12-28,0,
7164,2,10,OUT,SALE,1,2025-12-29,0,
7165,2,10,OUT,SALE,2,2025-12-30,0,
7166,2,10,OUT,SALE,2,2025-12-31,0,
7167,2,11,OUT,SALE,7,2025-01-01,0,
7168,2,11,OUT,SALE,9,2025-01-02,0,
7169,2,11,OUT,SALE,8,2025-01-03,0,
7170,2,11,OUT,SALE,11,2025-01-04,0,
7171,2,11,OUT,SALE,11,2025-01-05,0,
7172,2,11,OUT,SALE,10,2025-01-06,0,
7173,2,11,OUT,SALE,10,2025-01-07,0,
7174,2,11,OUT,SALE,8,2025-01-08,0,
7175,2,11,OUT,SALE,8,2025-01-09,0,
7176,2,11,OUT,SALE,10,2025-01-10,0,
7177,2,11,OUT,SALE,10,2025-01-11,0,
7178,2,11,OUT,SALE,10,2025-01-12,0,
7179,2,11,OUT,SALE,11,2025-01-13,0,
7180,2,11,OUT,SALE,11,2025-01-14,0,
7181,2,11,OUT,SALE,12,2025-01-15,0,
7182,2,11,OUT,SALE,9,2025-01-16,0,
7183,2,11,OUT,SALE,9,2025-01-17,0,
7184,2,11,OUT,SALE,12,2025-01-18,0,
7185,2,11,OUT,SALE,10,2025-01-19,0,
7186,2,11,OUT,SALE,9,2025-01-20,0,
7187,2,11,OUT,SALE,9,2025-01-21,0,
7188,2,11,OUT,SALE,12,2025-01-22,0,
7189,2,11,OUT,SALE,11,2025-01-23,0,
7190,2,11,OUT,SALE,11,2025-01-24,0,
7191,2,11,OUT,SALE,24,2025-01-25,0,
7192,2,11,OUT,SALE,22,2025-01-26,0,
7193,2,11,OUT,SALE,15,2025-01-27,0,
7194,2,11,OUT,SALE,19,2025-01-28,0,
7195,2,11,OUT,SALE,11,2025-01-29,0,
7196,2,11,OUT,SALE,10,2025-01-30,0,
7197,2,11,OUT,SALE,9,2025-01-31,0,
7198,2,11,OUT,SALE,15,2025-02-01,0,
7199,2,11,OUT,SALE,14,2025-02-02,0,
7200,2,11,OUT,DAMAGE,105,2025-02-03,1,THEFT_SPIKE
7201,2,11,OUT,SALE,11,2025-02-04,0,
7202,2,11,OUT,SALE,13,2025-02-05,0,
7203,2,11,OUT,SALE,11,2025-02-06,0,
7204,2,11,OUT,SALE,11,2025-02-07,0,
7205,2,11,OUT,SALE,15,2025-02-08,0,
7206,2,11,OUT,SALE,14,2025-02-09,0,
7207,2,11,OUT,SALE,13,2025-02-10,0,
7208,2,11,OUT,SALE,10,2025-02-11,0,
7209,2,11,OUT,SALE,13,2025-02-12,0,
7210,2,11,OUT,SALE,11,2025-02-13,0,
7211,2,11,OUT,SALE,11,2025-02-14,0,
7212,2,11,OUT,SALE,13,2025-02-15,0,
7213,2,11,OUT,SALE,16,2025-02-16,0,
7214,2,11,OUT,SALE,12,2025-02-17,0,
7215,2,11,OUT,SALE,15,2025-02-18,0,
7216,2,11,OUT,SALE,9,2025-02-19,0,
7217,2,11,OUT,SALE,10,2025-02-20,0,
7218,2,11,OUT,SALE,14,2025-02-21,0,
7219,2,11,OUT,SALE,17,2025-02-22,0,
7220,2,11,OUT,SALE,12,2025-02-23,0,
7221,2,11,OUT,SALE,12,2025-02-24,0,
7222,2,11,OUT,SALE,13,2025-02-25,0,
7223,2,11,OUT,SALE,12,2025-02-26,0,
7224,2,11,OUT,SALE,12,2025-02-27,0,
7225,2,11,OUT,SALE,12,2025-02-28,0,
7226,2,11,OUT,SALE,13,2025-03-01,0,
7227,2,11,OUT,SALE,15,2025-03-02,0,
7228,2,11,OUT,SALE,14,2025-03-03,0,
7229,2,11,OUT,SALE,14,2025-03-04,0,
7230,2,11,OUT,SALE,11,2025-03-05,0,
7231,2,11,OUT,SALE,15,2025-03-06,0,
7232,2,11,OUT,SALE,14,2025-03-07,0,
7233,2,11,OUT,SALE,14,2025-03-08,0,
7234,2,11,OUT,SALE,19,2025-03-09,0,
7235,2,11,OUT,SALE,13,2025-03-10,0,
7236,2,11,OUT,SALE,13,2025-03-11,0,
7237,2,11,OUT,SALE,15,2025-03-12,0,
7238,2,11,OUT,SALE,17,2025-03-13,0,
7239,2,11,OUT,SALE,15,2025-03-14,0,
7240,2,11,OUT,SALE,28,2025-03-15,0,
7241,2,11,OUT,SALE,22,2025-03-16,0,
7242,2,11,OUT,SALE,22,2025-03-17,0,
7243,2,11,OUT,SALE,21,2025-03-18,0,
7244,2,11,OUT,SALE,15,2025-03-19,0,
7245,2,11,OUT,SALE,15,2025-03-20,0,
7246,2,11,OUT,SALE,17,2025-03-21,0,
7247,2,11,OUT,SALE,12,2025-03-22,0,
7248,2,11,OUT,SALE,15,2025-03-23,0,
7249,2,11,OUT,SALE,16,2025-03-24,0,
7250,2,11,OUT,SALE,12,2025-03-25,0,
7251,2,11,OUT,SALE,15,2025-03-26,0,
7252,2,11,OUT,SALE,16,2025-03-27,0,
7253,2,11,OUT,SALE,14,2025-03-28,0,
7254,2,11,OUT,SALE,13,2025-03-29,0,
7255,2,11,OUT,SALE,16,2025-03-30,0,
7256,2,11,OUT,SALE,16,2025-03-31,0,
7257,2,11,OUT,SALE,17,2025-04-01,0,
7258,2,11,OUT,SALE,15,2025-04-02,0,
7259,2,11,OUT,SALE,13,2025-04-03,0,
7260,2,11,OUT,SALE,18,2025-04-04,0,
7261,2,11,OUT,SALE,18,2025-04-05,0,
7262,2,11,OUT,SALE,15,2025-04-06,0,
7263,2,11,OUT,SALE,15,2025-04-07,0,
7264,2,11,OUT,SALE,15,2025-04-08,0,
7265,2,11,OUT,SALE,13,2025-04-09,0,
7266,2,11,OUT,SALE,15,2025-04-10,0,
7267,2,11,OUT,SALE,16,2025-04-11,0,
7268,2,11,OUT,SALE,16,2025-04-12,0,
7269,2,11,OUT,SALE,19,2025-04-13,0,
7270,2,11,OUT,SALE,11,2025-04-14,0,
7271,2,11,OUT,SALE,18,2025-04-15,0,
7272,2,11,OUT,SALE,15,2025-04-16,0,
7273,2,11,OUT,SALE,16,2025-04-17,0,
7274,2,11,OUT,SALE,15,2025-04-18,0,
7275,2,11,OUT,SALE,15,2025-04-19,0,
7276,2,11,OUT,SALE,17,2025-04-20,0,
7277,2,11,OUT,SALE,11,2025-04-21,0,
7278,2,11,OUT,DAMAGE,81,2025-04-22,1,THEFT_SPIKE
7279,2,11,OUT,SALE,15,2025-04-23,0,
7280,2,11,OUT,SALE,14,2025-04-24,0,
7281,2,11,OUT,SALE,16,2025-04-25,0,
7282,2,11,OUT,SALE,17,2025-04-26,0,
7283,2,11,OUT,SALE,18,2025-04-27,0,
7284,2,11,OUT,SALE,16,2025-04-28,0,
7285,2,11,OUT,SALE,14,2025-04-29,0,
7286,2,11,OUT,SALE,13,2025-04-30,0,
7287,2,11,OUT,SALE,11,2025-05-01,0,
7288,2,11,OUT,SALE,14,2025-05-02,0,
7289,2,11,OUT,SALE,17,2025-05-03,0,
7290,2,11,OUT,SALE,13,2025-05-04,0,
7291,2,11,OUT,SALE,16,2025-05-05,0,
7292,2,11,OUT,SALE,13,2025-05-06,0,
7293,2,11,OUT,SALE,10,2025-05-07,0,
7294,2,11,OUT,SALE,16,2025-05-08,0,
7295,2,11,OUT,SALE,11,2025-05-09,0,
7296,2,11,OUT,SALE,18,2025-05-10,0,
7297,2,11,OUT,SALE,17,2025-05-11,0,
7298,2,11,OUT,SALE,14,2025-05-12,0,
7299,2,11,OUT,DAMAGE,33,2025-05-13,1,REPEATED_LOSS
7300,2,11,OUT,SALE,15,2025-05-14,0,
7301,2,11,OUT,SALE,16,2025-05-15,0,
7302,2,11,OUT,SALE,12,2025-05-16,0,
7303,2,11,OUT,SALE,18,2025-05-17,0,
7304,2,11,OUT,SALE,18,2025-05-18,0,
7305,2,11,OUT,SALE,14,2025-05-19,0,
7306,2,11,OUT,SALE,13,2025-05-20,0,
7307,2,11,OUT,SALE,15,2025-05-21,0,
7308,2,11,OUT,SALE,15,2025-05-22,0,
7309,2,11,OUT,SALE,12,2025-05-23,0,
7310,2,11,OUT,SALE,15,2025-05-24,0,
7311,2,11,OUT,SALE,18,2025-05-25,0,
7312,2,11,OUT,SALE,14,2025-05-26,0,
7313,2,11,OUT,SALE,16,2025-05-27,0,
7314,2,11,OUT,SALE,13,2025-05-28,0,
7315,2,11,OUT,SALE,12,2025-05-29,0,
7316,2,11,OUT,SALE,18,2025-05-30,0,
7317,2,11,OUT,SALE,13,2025-05-31,0,
7318,2,11,OUT,SALE,13,2025-06-01,0,
7319,2,11,OUT,SALE,13,2025-06-02,0,
7320,2,11,OUT,SALE,14,2025-06-03,0,
7321,2,11,OUT,SALE,13,2025-06-04,0,
7322,2,11,OUT,SALE,15,2025-06-05,0,
7323,2,11,OUT,SALE,12,2025-06-06,0,
7324,2,11,OUT,SALE,12,2025-06-07,0,
7325,2,11,OUT,SALE,14,2025-06-08,0,
7326,2,11,OUT,SALE,12,2025-06-09,0,
7327,2,11,OUT,SALE,12,2025-06-10,0,
7328,2,11,OUT,SALE,11,2025-06-11,0,
7329,2,11,OUT,SALE,13,2025-06-12,0,
7330,2,11,OUT,SALE,13,2025-06-13,0,
7331,2,11,OUT,SALE,12,2025-06-14,0,
7332,2,11,OUT,SALE,16,2025-06-15,0,
7333,2,11,OUT,SALE,11,2025-06-16,0,
7334,2,11,OUT,SALE,10,2025-06-17,0,
7335,2,11,OUT,SALE,12,2025-06-18,0,
7336,2,11,OUT,SALE,10,2025-06-19,0,
7337,2,11,OUT,SALE,13,2025-06-20,0,
7338,2,11,OUT,SALE,9,2025-06-21,0,
7339,2,11,OUT,SALE,12,2025-06-22,0,
7340,2,11,OUT,SALE,14,2025-06-23,0,
7341,2,11,OUT,SALE,11,2025-06-24,0,
7342,2,11,OUT,SALE,11,2025-06-25,0,
7343,2,11,OUT,SALE,14,2025-06-26,0,
7344,2,11,OUT,SALE,11,2025-06-27,0,
7345,2,11,OUT,SALE,15,2025-06-28,0,
7346,2,11,OUT,SALE,16,2025-06-29,0,
7347,2,11,OUT,SALE,13,2025-06-30,0,
7348,2,11,OUT,SALE,8,2025-07-01,0,
7349,2,11,OUT,SALE,9,2025-07-02,0,
7350,2,11,OUT,SALE,13,2025-07-03,0,
7351,2,11,OUT,SALE,9,2025-07-04,0,
7352,2,11,OUT,SALE,15,2025-07-05,0,
7353,2,11,OUT,SALE,13,2025-07-06,0,
7354,2,11,OUT,SALE,10,2025-07-07,0,
7355,2,11,OUT,SALE,10,2025-07-08,0,
7356,2,11,OUT,SALE,9,2025-07-09,0,
7357,2,11,OUT,SALE,10,2025-07-10,0,
7358,2,11,OUT,SALE,9,2025-07-11,0,
7359,2,11,OUT,SALE,11,2025-07-12,0,
7360,2,11,OUT,SALE,9,2025-07-13,0,
7361,2,11,OUT,SALE,8,2025-07-14,0,
7362,2,11,OUT,SALE,11,2025-07-15,0,
7363,2,11,OUT,SALE,8,2025-07-16,0,
7364,2,11,OUT,SALE,11,2025-07-17,0,
7365,2,11,OUT,SALE,7,2025-07-18,0,
7366,2,11,OUT,SALE,12,2025-07-19,0,
7367,2,11,OUT,SALE,24,2025-07-20,0,
7368,2,11,OUT,SALE,25,2025-07-21,0,
7369,2,11,OUT,SALE,20,2025-07-22,0,
7370,2,11,OUT,SALE,16,2025-07-23,0,
7371,2,11,OUT,SALE,21,2025-07-24,0,
7372,2,11,OUT,SALE,22,2025-07-25,0,
7373,2,11,OUT,SALE,11,2025-07-26,0,
7374,2,11,OUT,SALE,12,2025-07-27,0,
7375,2,11,OUT,SALE,9,2025-07-28,0,
7376,2,11,OUT,SALE,8,2025-07-29,0,
7377,2,11,OUT,SALE,9,2025-07-30,0,
7378,2,11,OUT,SALE,9,2025-07-31,0,
7379,2,11,OUT,SALE,7,2025-08-01,0,
7380,2,11,OUT,SALE,11,2025-08-02,0,
7381,2,11,OUT,SALE,10,2025-08-03,0,
7382,2,11,OUT,SALE,8,2025-08-04,0,
7383,2,11,OUT,SALE,8,2025-08-05,0,
7384,2,11,OUT,SALE,8,2025-08-06,0,
7385,2,11,OUT,SALE,8,2025-08-07,0,
7386,2,11,OUT,SALE,7,2025-08-08,0,
7387,2,11,OUT,SALE,8,2025-08-09,0,
7388,2,11,OUT,SALE,6,2025-08-10,0,
7389,2,11,OUT,SALE,7,2025-08-11,0,
7390,2,11,OUT,SALE,7,2025-08-12,0,
7391,2,11,OUT,SALE,7,2025-08-13,0,
7392,2,11,OUT,SALE,7,2025-08-14,0,
7393,2,11,OUT,SALE,8,2025-08-15,0,
7394,2,11,OUT,SALE,9,2025-08-16,0,
7395,2,11,OUT,SALE,9,2025-08-17,0,
7396,2,11,OUT,SALE,8,2025-08-18,0,
7397,2,11,OUT,SALE,8,2025-08-19,0,
7398,2,11,OUT,SALE,7,2025-08-20,0,
7399,2,11,OUT,SALE,8,2025-08-21,0,
7400,2,11,OUT,SALE,6,2025-08-22,0,
7401,2,11,OUT,SALE,8,2025-08-23,0,
7402,2,11,OUT,SALE,8,2025-08-24,0,
7403,2,11,OUT,SALE,9,2025-08-25,0,
7404,2,11,OUT,SALE,8,2025-08-26,0,
7405,2,11,OUT,SALE,6,2025-08-27,0,
7406,2,11,OUT,DAMAGE,51,2025-08-28,1,THEFT_SPIKE
7407,2,11,OUT,SALE,8,2025-08-29,0,
7408,2,11,OUT,SALE,8,2025-08-30,0,
7409,2,11,OUT,SALE,9,2025-08-31,0,
7410,2,11,OUT,SALE,4,2025-09-01,0,
7411,2,11,OUT,SALE,4,2025-09-02,0,
7412,2,11,OUT,SALE,5,2025-09-03,0,
7413,2,11,OUT,SALE,6,2025-09-04,0,
7414,2,11,OUT,SALE,7,2025-09-05,0,
7415,2,11,OUT,SALE,5,2025-09-06,0,
7416,2,11,OUT,SALE,6,2025-09-07,0,
7417,2,11,OUT,SALE,6,2025-09-08,0,
7418,2,11,OUT,SALE,5,2025-09-09,0,
7419,2,11,OUT,SALE,5,2025-09-10,0,
7420,2,11,OUT,SALE,5,2025-09-11,0,
7421,2,11,OUT,SALE,6,2025-09-12,0,
7422,2,11,OUT,SALE,7,2025-09-13,0,
7423,2,11,OUT,SALE,6,2025-09-14,0,
7424,2,11,OUT,DAMAGE,56,2025-09-15,1,THEFT_SPIKE
7425,2,11,OUT,SALE,6,2025-09-16,0,
7426,2,11,OUT,SALE,6,2025-09-17,0,
7427,2,11,OUT,SALE,5,2025-09-18,0,
7428,2,11,OUT,SALE,5,2025-09-19,0,
7429,2,11,OUT,DAMAGE,59,2025-09-20,1,THEFT_SPIKE
7430,2,11,OUT,SALE,6,2025-09-21,0,
7431,2,11,OUT,SALE,6,2025-09-22,0,
7432,2,11,OUT,SALE,6,2025-09-23,0,
7433,2,11,OUT,SALE,7,2025-09-24,0,
7434,2,11,OUT,SALE,6,2025-09-25,0,
7435,2,11,OUT,SALE,5,2025-09-26,0,
7436,2,11,OUT,SALE,6,2025-09-27,0,
7437,2,11,OUT,SALE,7,2025-09-28,0,
7438,2,11,OUT,SALE,6,2025-09-29,0,
7439,2,11,OUT,SALE,12,2025-09-30,0,
7440,2,11,OUT,SALE,9,2025-10-01,0,
7441,2,11,OUT,SALE,8,2025-10-02,0,
7442,2,11,OUT,SALE,8,2025-10-03,0,
7443,2,11,OUT,SALE,5,2025-10-04,0,
7444,2,11,OUT,SALE,5,2025-10-05,0,
7445,2,11,OUT,SALE,5,2025-10-06,0,
7446,2,11,OUT,SALE,5,2025-10-07,0,
7447,2,11,OUT,SALE,6,2025-10-08,0,
7448,2,11,OUT,SALE,4,2025-10-09,0,
7449,2,11,OUT,SALE,4,2025-10-10,0,
7450,2,11,OUT,SALE,6,2025-10-11,0,
7451,2,11,OUT,SALE,6,2025-10-12,0,
7452,2,11,OUT,DAMAGE,38,2025-10-13,1,OFF_HOURS_BULK
7453,2,11,OUT,SALE,6,2025-10-14,0,
7454,2,11,OUT,SALE,4,2025-10-15,0,
7455,2,11,OUT,SALE,4,2025-10-16,0,
7456,2,11,OUT,SALE,4,2025-10-17,0,
7457,2,11,OUT,SALE,4,2025-10-18,0,
7458,2,11,OUT,SALE,6,2025-10-19,0,
7459,2,11,OUT,SALE,5,2025-10-20,0,
7460,2,11,OUT,SALE,4,2025-10-21,0,
7461,2,11,OUT,SALE,4,2025-10-22,0,
7462,2,11,OUT,SALE,5,2025-10-23,0,
7463,2,11,OUT,SALE,4,2025-10-24,0,
7464,2,11,OUT,SALE,6,2025-10-25,0,
7465,2,11,OUT,SALE,6,2025-10-26,0,
7466,2,11,OUT,SALE,5,2025-10-27,0,
7467,2,11,OUT,SALE,5,2025-10-28,0,
7468,2,11,OUT,SALE,5,2025-10-29,0,
7469,2,11,OUT,SALE,5,2025-10-30,0,
7470,2,11,OUT,SALE,6,2025-10-31,0,
7471,2,11,OUT,SALE,7,2025-11-01,0,
7472,2,11,OUT,SALE,7,2025-11-02,0,
7473,2,11,OUT,SALE,6,2025-11-03,0,
7474,2,11,OUT,SALE,5,2025-11-04,0,
7475,2,11,OUT,SALE,5,2025-11-05,0,
7476,2,11,OUT,SALE,5,2025-11-06,0,
7477,2,11,OUT,SALE,6,2025-11-07,0,
7478,2,11,OUT,SALE,8,2025-11-08,0,
7479,2,11,OUT,SALE,6,2025-11-09,0,
7480,2,11,OUT,DAMAGE,44,2025-11-10,1,OFF_HOURS_BULK
7481,2,11,OUT,SALE,6,2025-11-11,0,
7482,2,11,OUT,SALE,5,2025-11-12,0,
7483,2,11,OUT,SALE,7,2025-11-13,0,
7484,2,11,OUT,SALE,5,2025-11-14,0,
7485,2,11,OUT,SALE,7,2025-11-15,0,
7486,2,11,OUT,SALE,7,2025-11-16,0,
7487,2,11,OUT,SALE,6,2025-11-17,0,
7488,2,11,OUT,SALE,6,2025-11-18,0,
7489,2,11,OUT,SALE,6,2025-11-19,0,
7490,2,11,OUT,SALE,5,2025-11-20,0,
7491,2,11,OUT,SALE,5,2025-11-21,0,
7492,2,11,OUT,SALE,6,2025-11-22,0,
7493,2,11,OUT,SALE,5,2025-11-23,0,
7494,2,11,OUT,SALE,5,2025-11-24,0,
7495,2,11,OUT,SALE,6,2025-11-25,0,
7496,2,11,OUT,SALE,5,2025-11-26,0,
7497,2,11,OUT,SALE,6,2025-11-27,0,
7498,2,11,OUT,SALE,16,2025-11-28,0,
7499,2,11,OUT,SALE,15,2025-11-29,0,
7500,2,11,OUT,SALE,20,2025-11-30,0,
7501,2,11,OUT,SALE,8,2025-12-01,0,
7502,2,11,OUT,SALE,7,2025-12-02,0,
7503,2,11,OUT,SALE,7,2025-12-03,0,
7504,2,11,OUT,SALE,6,2025-12-04,0,
7505,2,11,OUT,SALE,7,2025-12-05,0,
7506,2,11,OUT,SALE,6,2025-12-06,0,
7507,2,11,OUT,SALE,10,2025-12-07,0,
7508,2,11,OUT,SALE,5,2025-12-08,0,
7509,2,11,OUT,SALE,7,2025-12-09,0,
7510,2,11,OUT,SALE,6,2025-12-10,0,
7511,2,11,OUT,SALE,7,2025-12-11,0,
7512,2,11,OUT,SALE,7,2025-12-12,0,
7513,2,11,OUT,SALE,10,2025-12-13,0,
7514,2,11,OUT,SALE,7,2025-12-14,0,
7515,2,11,OUT,SALE,8,2025-12-15,0,
7516,2,11,OUT,SALE,8,2025-12-16,0,
7517,2,11,OUT,SALE,5,2025-12-17,0,
7518,2,11,OUT,SALE,7,2025-12-18,0,
7519,2,11,OUT,SALE,9,2025-12-19,0,
7520,2,11,OUT,SALE,7,2025-12-20,0,
7521,2,11,OUT,SALE,10,2025-12-21,0,
7522,2,11,OUT,SALE,7,2025-12-22,0,
7523,2,11,OUT,SALE,7,2025-12-23,0,
7524,2,11,OUT,SALE,12,2025-12-24,0,
7525,2,11,OUT,SALE,13,2025-12-25,0,
7526,2,11,OUT,SALE,11,2025-12-26,0,
7527,2,11,OUT,SALE,8,2025-12-27,0,
7528,2,11,OUT,SALE,9,2025-12-28,0,
7529,2,11,OUT,SALE,7,2025-12-29,0,
7530,2,11,OUT,SALE,8,2025-12-30,0,
7531,2,11,OUT,SALE,7,2025-12-31,0,
7532,3,1,OUT,SALE,5,2025-01-01,0,
7533,3,1,OUT,SALE,4,2025-01-02,0,
7534,3,1,OUT,SALE,5,2025-01-03,0,
7535,3,1,OUT,SALE,5,2025-01-04,0,
7536,3,1,OUT,SALE,5,2025-01-05,0,
7537,3,1,OUT,SALE,5,2025-01-06,0,
7538,3,1,OUT,SALE,5,2025-01-07,0,
7539,3,1,OUT,SALE,5,2025-01-08,0,
7540,3,1,OUT,SALE,5,2025-01-09,0,
7541,3,1,OUT,SALE,5,2025-01-10,0,
7542,3,1,OUT,SALE,5,2025-01-11,0,
7543,3,1,OUT,SALE,6,2025-01-12,0,
7544,3,1,OUT,SALE,4,2025-01-13,0,
7545,3,1,OUT,SALE,5,2025-01-14,0,
7546,3,1,OUT,SALE,5,2025-01-15,0,
7547,3,1,OUT,SALE,4,2025-01-16,0,
7548,3,1,OUT,SALE,5,2025-01-17,0,
7549,3,1,OUT,SALE,5,2025-01-18,0,
7550,3,1,OUT,SALE,6,2025-01-19,0,
7551,3,1,OUT,SALE,6,2025-01-20,0,
7552,3,1,OUT,SALE,5,2025-01-21,0,
7553,3,1,OUT,SALE,5,2025-01-22,0,
7554,3,1,OUT,SALE,5,2025-01-23,0,
7555,3,1,OUT,SALE,5,2025-01-24,0,
7556,3,1,OUT,SALE,11,2025-01-25,0,
7557,3,1,OUT,SALE,9,2025-01-26,0,
7558,3,1,OUT,SALE,8,2025-01-27,0,
7559,3,1,OUT,SALE,7,2025-01-28,0,
7560,3,1,OUT,SALE,5,2025-01-29,0,
7561,3,1,OUT,SALE,5,2025-01-30,0,
7562,3,1,OUT,SALE,6,2025-01-31,0,
7563,3,1,OUT,SALE,5,2025-02-01,0,
7564,3,1,OUT,SALE,6,2025-02-02,0,
7565,3,1,OUT,SALE,4,2025-02-03,0,
7566,3,1,OUT,SALE,5,2025-02-04,0,
7567,3,1,OUT,SALE,4,2025-02-05,0,
7568,3,1,OUT,SALE,5,2025-02-06,0,
7569,3,1,OUT,SALE,4,2025-02-07,0,
7570,3,1,OUT,SALE,5,2025-02-08,0,
7571,3,1,OUT,SALE,4,2025-02-09,0,
7572,3,1,OUT,SALE,4,2025-02-10,0,
7573,3,1,OUT,SALE,5,2025-02-11,0,
7574,3,1,OUT,SALE,4,2025-02-12,0,
7575,3,1,OUT,SALE,4,2025-02-13,0,
7576,3,1,OUT,SALE,5,2025-02-14,0,
7577,3,1,OUT,SALE,5,2025-02-15,0,
7578,3,1,OUT,SALE,5,2025-02-16,0,
7579,3,1,OUT,SALE,5,2025-02-17,0,
7580,3,1,OUT,SALE,6,2025-02-18,0,
7581,3,1,OUT,SALE,5,2025-02-19,0,
7582,3,1,OUT,SALE,5,2025-02-20,0,
7583,3,1,OUT,SALE,5,2025-02-21,0,
7584,3,1,OUT,SALE,5,2025-02-22,0,
7585,3,1,OUT,SALE,4,2025-02-23,0,
7586,3,1,OUT,SALE,4,2025-02-24,0,
7587,3,1,OUT,SALE,4,2025-02-25,0,
7588,3,1,OUT,SALE,4,2025-02-26,0,
7589,3,1,OUT,SALE,4,2025-02-27,0,
7590,3,1,OUT,SALE,3,2025-02-28,0,
7591,3,1,OUT,SALE,4,2025-03-01,0,
7592,3,1,OUT,SALE,5,2025-03-02,0,
7593,3,1,OUT,SALE,4,2025-03-03,0,
7594,3,1,OUT,SALE,4,2025-03-04,0,
7595,3,1,OUT,SALE,3,2025-03-05,0,
7596,3,1,OUT,SALE,3,2025-03-06,0,
7597,3,1,OUT,SALE,3,2025-03-07,0,
7598,3,1,OUT,SALE,4,2025-03-08,0,
7599,3,1,OUT,SALE,4,2025-03-09,0,
7600,3,1,OUT,SALE,4,2025-03-10,0,
7601,3,1,OUT,SALE,3,2025-03-11,0,
7602,3,1,OUT,SALE,4,2025-03-12,0,
7603,3,1,OUT,SALE,4,2025-03-13,0,
7604,3,1,OUT,SALE,4,2025-03-14,0,
7605,3,1,OUT,SALE,8,2025-03-15,0,
7606,3,1,OUT,SALE,6,2025-03-16,0,
7607,3,1,OUT,SALE,6,2025-03-17,0,
7608,3,1,OUT,SALE,6,2025-03-18,0,
7609,3,1,OUT,SALE,4,2025-03-19,0,
7610,3,1,OUT,SALE,4,2025-03-20,0,
7611,3,1,OUT,SALE,4,2025-03-21,0,
7612,3,1,OUT,SALE,4,2025-03-22,0,
7613,3,1,OUT,SALE,4,2025-03-23,0,
7614,3,1,OUT,SALE,4,2025-03-24,0,
7615,3,1,OUT,SALE,4,2025-03-25,0,
7616,3,1,OUT,SALE,4,2025-03-26,0,
7617,3,1,OUT,SALE,4,2025-03-27,0,
7618,3,1,OUT,SALE,5,2025-03-28,0,
7619,3,1,OUT,SALE,3,2025-03-29,0,
7620,3,1,OUT,SALE,4,2025-03-30,0,
7621,3,1,OUT,SALE,3,2025-03-31,0,
7622,3,1,OUT,SALE,3,2025-04-01,0,
7623,3,1,OUT,SALE,2,2025-04-02,0,
7624,3,1,OUT,SALE,3,2025-04-03,0,
7625,3,1,OUT,SALE,2,2025-04-04,0,
7626,3,1,OUT,SALE,3,2025-04-05,0,
7627,3,1,OUT,SALE,2,2025-04-06,0,
7628,3,1,OUT,SALE,2,2025-04-07,0,
7629,3,1,OUT,SALE,3,2025-04-08,0,
7630,3,1,OUT,SALE,2,2025-04-09,0,
7631,3,1,OUT,SALE,3,2025-04-10,0,
7632,3,1,OUT,SALE,3,2025-04-11,0,
7633,3,1,OUT,SALE,3,2025-04-12,0,
7634,3,1,OUT,SALE,3,2025-04-13,0,
7635,3,1,OUT,SALE,3,2025-04-14,0,
7636,3,1,OUT,SALE,2,2025-04-15,0,
7637,3,1,OUT,SALE,2,2025-04-16,0,
7638,3,1,OUT,SALE,2,2025-04-17,0,
7639,3,1,OUT,SALE,3,2025-04-18,0,
7640,3,1,OUT,SALE,3,2025-04-19,0,
7641,3,1,OUT,SALE,3,2025-04-20,0,
7642,3,1,OUT,SALE,2,2025-04-21,0,
7643,3,1,OUT,SALE,3,2025-04-22,0,
7644,3,1,OUT,SALE,2,2025-04-23,0,
7645,3,1,OUT,SALE,2,2025-04-24,0,
7646,3,1,OUT,SALE,3,2025-04-25,0,
7647,3,1,OUT,SALE,3,2025-04-26,0,
7648,3,1,OUT,SALE,3,2025-04-27,0,
7649,3,1,OUT,SALE,2,2025-04-28,0,
7650,3,1,OUT,SALE,3,2025-04-29,0,
7651,3,1,OUT,SALE,3,2025-04-30,0,
7652,3,1,OUT,SALE,1,2025-05-01,0,
7653,3,1,OUT,SALE,9999,2025-05-02,1,DATA_ERROR
7654,3,1,OUT,SALE,1,2025-05-03,0,
7655,3,1,OUT,SALE,1,2025-05-04,0,
7656,3,1,OUT,SALE,2,2025-05-05,0,
7657,3,1,OUT,SALE,1,2025-05-06,0,
7658,3,1,OUT,SALE,1,2025-05-07,0,
7659,3,1,OUT,SALE,1,2025-05-08,0,
7660,3,1,OUT,SALE,1,2025-05-09,0,
7661,3,1,OUT,SALE,2,2025-05-10,0,
7662,3,1,OUT,SALE,2,2025-05-11,0,
7663,3,1,OUT,SALE,1,2025-05-12,0,
7664,3,1,OUT,SALE,1,2025-05-13,0,
7665,3,1,OUT,SALE,1,2025-05-14,0,
7666,3,1,OUT,SALE,1,2025-05-15,0,
7667,3,1,OUT,SALE,1,2025-05-16,0,
7668,3,1,OUT,SALE,2,2025-05-17,0,
7669,3,1,OUT,SALE,2,2025-05-18,0,
7670,3,1,OUT,SALE,1,2025-05-19,0,
7671,3,1,OUT,SALE,1,2025-05-20,0,
7672,3,1,OUT,SALE,1,2025-05-21,0,
7673,3,1,OUT,SALE,1,2025-05-22,0,
7674,3,1,OUT,SALE,1,2025-05-23,0,
7675,3,1,OUT,SALE,2,2025-05-24,0,
7676,3,1,OUT,SALE,1,2025-05-25,0,
7677,3,1,OUT,SALE,1,2025-05-26,0,
7678,3,1,OUT,SALE,1,2025-05-27,0,
7679,3,1,OUT,SALE,1,2025-05-28,0,
7680,3,1,OUT,SALE,1,2025-05-29,0,
7681,3,1,OUT,SALE,1,2025-05-30,0,
7682,3,1,OUT,SALE,2,2025-05-31,0,
7683,3,1,OUT,SALE,1,2025-06-01,0,
7684,3,1,OUT,SALE,1,2025-06-04,0,
7685,3,1,OUT,SALE,1,2025-06-14,0,
7686,3,1,OUT,SALE,1,2025-06-19,0,
7687,3,1,OUT,SALE,1,2025-06-30,0,
7688,3,1,OUT,SALE,1,2025-08-03,0,
7689,3,1,OUT,SALE,1,2025-08-13,0,
7690,3,1,OUT,SALE,1,2025-08-17,0,
7691,3,1,OUT,SALE,1,2025-08-18,0,
7692,3,1,OUT,SALE,1,2025-08-21,0,
7693,3,1,OUT,SALE,1,2025-08-23,0,
7694,3,1,OUT,SALE,1,2025-08-24,0,
7695,3,1,OUT,SALE,1,2025-09-01,0,
7696,3,1,OUT,SALE,2,2025-09-02,0,
7697,3,1,OUT,SALE,1,2025-09-03,0,
7698,3,1,OUT,SALE,2,2025-09-04,0,
7699,3,1,OUT,SALE,1,2025-09-05,0,
7700,3,1,OUT,SALE,2,2025-09-06,0,
7701,3,1,OUT,SALE,2,2025-09-07,0,
7702,3,1,OUT,SALE,1,2025-09-08,0,
7703,3,1,OUT,SALE,1,2025-09-09,0,
7704,3,1,OUT,SALE,1,2025-09-10,0,
7705,3,1,OUT,SALE,2,2025-09-11,0,
7706,3,1,OUT,SALE,1,2025-09-12,0,
7707,3,1,OUT,SALE,1,2025-09-13,0,
7708,3,1,OUT,SALE,2,2025-09-14,0,
7709,3,1,OUT,SALE,1,2025-09-15,0,
7710,3,1,OUT,SALE,1,2025-09-16,0,
7711,3,1,OUT,SALE,1,2025-09-17,0,
7712,3,1,OUT,SALE,2,2025-09-18,0,
7713,3,1,OUT,SALE,1,2025-09-19,0,
7714,3,1,OUT,SALE,1,2025-09-20,0,
7715,3,1,OUT,SALE,1,2025-09-21,0,
7716,3,1,OUT,SALE,2,2025-09-22,0,
7717,3,1,OUT,SALE,1,2025-09-23,0,
7718,3,1,OUT,SALE,1,2025-09-24,0,
7719,3,1,OUT,SALE,1,2025-09-25,0,
7720,3,1,OUT,SALE,1,2025-09-26,0,
7721,3,1,OUT,SALE,1,2025-09-27,0,
7722,3,1,OUT,SALE,2,2025-09-28,0,
7723,3,1,OUT,SALE,1,2025-09-29,0,
7724,3,1,OUT,SALE,2,2025-09-30,0,
7725,3,1,OUT,SALE,4,2025-10-01,0,
7726,3,1,OUT,SALE,4,2025-10-02,0,
7727,3,1,OUT,SALE,6,2025-10-03,0,
7728,3,1,OUT,SALE,3,2025-10-04,0,
7729,3,1,OUT,SALE,3,2025-10-05,0,
7730,3,1,OUT,SALE,3,2025-10-06,0,
7731,3,1,OUT,SALE,2,2025-10-07,0,
7732,3,1,OUT,SALE,2,2025-10-08,0,
7733,3,1,OUT,SALE,3,2025-10-09,0,
7734,3,1,OUT,SALE,2,2025-10-10,0,
7735,3,1,OUT,SALE,3,2025-10-11,0,
7736,3,1,OUT,SALE,3,2025-10-12,0,
7737,3,1,OUT,SALE,3,2025-10-13,0,
7738,3,1,OUT,SALE,3,2025-10-14,0,
7739,3,1,OUT,SALE,3,2025-10-15,0,
7740,3,1,OUT,SALE,3,2025-10-16,0,
7741,3,1,OUT,SALE,2,2025-10-17,0,
7742,3,1,OUT,SALE,2,2025-10-18,0,
7743,3,1,OUT,SALE,3,2025-10-19,0,
7744,3,1,OUT,SALE,2,2025-10-20,0,
7745,3,1,OUT,SALE,3,2025-10-21,0,
7746,3,1,OUT,SALE,3,2025-10-22,0,
7747,3,1,OUT,DAMAGE,14,2025-10-23,1,OFF_HOURS_BULK
7748,3,1,OUT,SALE,2,2025-10-24,0,
7749,3,1,OUT,SALE,2,2025-10-25,0,
7750,3,1,OUT,SALE,3,2025-10-26,0,
7751,3,1,OUT,SALE,2,2025-10-27,0,
7752,3,1,OUT,SALE,3,2025-10-28,0,
7753,3,1,OUT,SALE,3,2025-10-29,0,
7754,3,1,OUT,SALE,3,2025-10-30,0,
7755,3,1,OUT,SALE,2,2025-10-31,0,
7756,3,1,OUT,SALE,4,2025-11-01,0,
7757,3,1,OUT,SALE,4,2025-11-02,0,
7758,3,1,OUT,SALE,4,2025-11-03,0,
7759,3,1,OUT,SALE,5,2025-11-04,0,
7760,3,1,OUT,SALE,4,2025-11-05,0,
7761,3,1,OUT,SALE,4,2025-11-06,0,
7762,3,1,OUT,SALE,3,2025-11-07,0,
7763,3,1,OUT,SALE,4,2025-11-08,0,
7764,3,1,OUT,SALE,4,2025-11-09,0,
7765,3,1,OUT,SALE,4,2025-11-10,0,
7766,3,1,OUT,SALE,4,2025-11-11,0,
7767,3,1,OUT,SALE,3,2025-11-12,0,
7768,3,1,OUT,SALE,4,2025-11-13,0,
7769,3,1,OUT,SALE,4,2025-11-14,0,
7770,3,1,OUT,SALE,4,2025-11-15,0,
7771,3,1,OUT,SALE,5,2025-11-16,0,
7772,3,1,OUT,SALE,4,2025-11-17,0,
7773,3,1,OUT,SALE,4,2025-11-18,0,
7774,3,1,OUT,SALE,4,2025-11-19,0,
7775,3,1,OUT,SALE,4,2025-11-20,0,
7776,3,1,OUT,SALE,3,2025-11-21,0,
7777,3,1,OUT,SALE,4,2025-11-22,0,
7778,3,1,OUT,SALE,3,2025-11-23,0,
7779,3,1,OUT,SALE,4,2025-11-24,0,
7780,3,1,OUT,SALE,4,2025-11-25,0,
7781,3,1,OUT,SALE,3,2025-11-26,0,
7782,3,1,OUT,SALE,3,2025-11-27,0,
7783,3,1,OUT,SALE,10,2025-11-28,0,
7784,3,1,OUT,SALE,11,2025-11-29,0,
7785,3,1,OUT,SALE,11,2025-11-30,0,
7786,3,1,OUT,SALE,5,2025-12-01,0,
7787,3,1,OUT,SALE,5,2025-12-02,0,
7788,3,1,OUT,SALE,5,2025-12-03,0,
7789,3,1,OUT,SALE,5,2025-12-04,0,
7790,3,1,OUT,SALE,4,2025-12-05,0,
7791,3,1,OUT,SALE,6,2025-12-06,0,
7792,3,1,OUT,SALE,5,2025-12-07,0,
7793,3,1,OUT,SALE,4,2025-12-08,0,
7794,3,1,OUT,SALE,4,2025-12-09,0,
7795,3,1,OUT,SALE,5,2025-12-10,0,
7796,3,1,OUT,SALE,5,2025-12-11,0,
7797,3,1,OUT,SALE,5,2025-12-12,0,
7798,3,1,OUT,SALE,5,2025-12-13,0,
7799,3,1,OUT,SALE,5,2025-12-14,0,
7800,3,1,OUT,SALE,5,2025-12-15,0,
7801,3,1,OUT,SALE,5,2025-12-16,0,
7802,3,1,OUT,SALE,5,2025-12-17,0,
7803,3,1,OUT,SALE,5,2025-12-18,0,
7804,3,1,OUT,SALE,5,2025-12-19,0,
7805,3,1,OUT,SALE,5,2025-12-20,0,
7806,3,1,OUT,SALE,6,2025-12-21,0,
7807,3,1,OUT,SALE,5,2025-12-22,0,
7808,3,1,OUT,SALE,4,2025-12-23,0,
7809,3,1,OUT,SALE,9,2025-12-24,0,
7810,3,1,OUT,SALE,6,2025-12-25,0,
7811,3,1,OUT,SALE,10,2025-12-26,0,
7812,3,1,OUT,SALE,4,2025-12-27,0,
7813,3,1,OUT,SALE,5,2025-12-28,0,
7814,3,1,OUT,SALE,5,2025-12-29,0,
7815,3,1,OUT,SALE,4,2025-12-30,0,
7816,3,1,OUT,SALE,5,2025-12-31,0,
7817,3,2,OUT,SALE,3,2025-01-01,0,
7818,3,2,OUT,SALE,3,2025-01-02,0,
7819,3,2,OUT,SALE,3,2025-01-03,0,
7820,3,2,OUT,SALE,4,2025-01-04,0,
7821,3,2,OUT,SALE,3,2025-01-05,0,
7822,3,2,OUT,SALE,3,2025-01-06,0,
7823,3,2,OUT,SALE,3,2025-01-07,0,
7824,3,2,OUT,SALE,3,2025-01-08,0,
7825,3,2,OUT,SALE,3,2025-01-09,0,
7826,3,2,OUT,SALE,3,2025-01-10,0,
7827,3,2,OUT,DAMAGE,8,2025-01-11,1,REPEATED_LOSS
7828,3,2,OUT,SALE,3,2025-01-12,0,
7829,3,2,OUT,SALE,3,2025-01-13,0,
7830,3,2,OUT,SALE,3,2025-01-14,0,
7831,3,2,OUT,SALE,3,2025-01-15,0,
7832,3,2,OUT,SALE,3,2025-01-16,0,
7833,3,2,OUT,SALE,2,2025-01-17,0,
7834,3,2,OUT,SALE,3,2025-01-18,0,
7835,3,2,OUT,SALE,3,2025-01-19,0,
7836,3,2,OUT,SALE,3,2025-01-20,0,
7837,3,2,OUT,SALE,3,2025-01-21,0,
7838,3,2,OUT,SALE,3,2025-01-22,0,
7839,3,2,OUT,SALE,3,2025-01-23,0,
7840,3,2,OUT,SALE,3,2025-01-24,0,
7841,3,2,OUT,SALE,6,2025-01-25,0,
7842,3,2,OUT,SALE,6,2025-01-26,0,
7843,3,2,OUT,SALE,5,2025-01-27,0,
7844,3,2,OUT,SALE,6,2025-01-28,0,
7845,3,2,OUT,SALE,3,2025-01-29,0,
7846,3,2,OUT,SALE,4,2025-01-30,0,
7847,3,2,OUT,SALE,3,2025-01-31,0,
7848,3,2,OUT,SALE,3,2025-02-01,0,
7849,3,2,OUT,SALE,3,2025-02-02,0,
7850,3,2,OUT,SALE,3,2025-02-03,0,
7851,3,2,OUT,SALE,3,2025-02-04,0,
7852,3,2,OUT,SALE,4,2025-02-05,0,
7853,3,2,OUT,SALE,3,2025-02-06,0,
7854,3,2,OUT,SALE,3,2025-02-07,0,
7855,3,2,OUT,SALE,3,2025-02-08,0,
7856,3,2,OUT,SALE,3,2025-02-09,0,
7857,3,2,OUT,SALE,3,2025-02-10,0,
7858,3,2,OUT,SALE,3,2025-02-11,0,
7859,3,2,OUT,SALE,2,2025-02-12,0,
7860,3,2,OUT,SALE,3,2025-02-13,0,
7861,3,2,OUT,SALE,3,2025-02-14,0,
7862,3,2,OUT,SALE,3,2025-02-15,0,
7863,3,2,OUT,SALE,3,2025-02-16,0,
7864,3,2,OUT,SALE,3,2025-02-17,0,
7865,3,2,OUT,SALE,3,2025-02-18,0,
7866,3,2,OUT,SALE,2,2025-02-19,0,
7867,3,2,OUT,SALE,3,2025-02-20,0,
7868,3,2,OUT,SALE,2,2025-02-21,0,
7869,3,2,OUT,SALE,4,2025-02-22,0,
7870,3,2,OUT,SALE,3,2025-02-23,0,
7871,3,2,OUT,SALE,3,2025-02-24,0,
7872,3,2,OUT,SALE,3,2025-02-25,0,
7873,3,2,OUT,SALE,2,2025-02-26,0,
7874,3,2,OUT,SALE,3,2025-02-27,0,
7875,3,2,OUT,SALE,3,2025-02-28,0,
7876,3,2,OUT,SALE,3,2025-03-01,0,
7877,3,2,OUT,SALE,2,2025-03-02,0,
7878,3,2,OUT,SALE,2,2025-03-03,0,
7879,3,2,OUT,SALE,2,2025-03-04,0,
7880,3,2,OUT,SALE,2,2025-03-05,0,
7881,3,2,OUT,SALE,2,2025-03-06,0,
7882,3,2,OUT,SALE,2,2025-03-07,0,
7883,3,2,OUT,SALE,3,2025-03-08,0,
7884,3,2,OUT,SALE,2,2025-03-09,0,
7885,3,2,OUT,SALE,2,2025-03-10,0,
7886,3,2,OUT,SALE,2,2025-03-11,0,
7887,3,2,OUT,SALE,3,2025-03-12,0,
7888,3,2,OUT,SALE,2,2025-03-13,0,
7889,3,2,OUT,SALE,3,2025-03-14,0,
7890,3,2,OUT,SALE,5,2025-03-15,0,
7891,3,2,OUT,SALE,4,2025-03-16,0,
7892,3,2,OUT,SALE,3,2025-03-17,0,
7893,3,2,OUT,SALE,4,2025-03-18,0,
7894,3,2,OUT,SALE,2,2025-03-19,0,
7895,3,2,OUT,SALE,3,2025-03-20,0,
7896,3,2,OUT,SALE,2,2025-03-21,0,
7897,3,2,OUT,SALE,3,2025-03-22,0,
7898,3,2,OUT,SALE,2,2025-03-23,0,
7899,3,2,OUT,SALE,2,2025-03-24,0,
7900,3,2,OUT,SALE,3,2025-03-25,0,
7901,3,2,OUT,SALE,2,2025-03-26,0,
7902,3,2,OUT,SALE,3,2025-03-27,0,
7903,3,2,OUT,SALE,2,2025-03-28,0,
7904,3,2,OUT,SALE,3,2025-03-29,0,
7905,3,2,OUT,SALE,3,2025-03-30,0,
7906,3,2,OUT,SALE,2,2025-03-31,0,
7907,3,2,OUT,SALE,2,2025-04-01,0,
7908,3,2,OUT,SALE,2,2025-04-02,0,
7909,3,2,OUT,SALE,1,2025-04-03,0,
7910,3,2,OUT,SALE,2,2025-04-04,0,
7911,3,2,OUT,SALE,2,2025-04-05,0,
7912,3,2,OUT,SALE,2,2025-04-06,0,
7913,3,2,OUT,SALE,1,2025-04-07,0,
7914,3,2,OUT,SALE,2,2025-04-08,0,
7915,3,2,OUT,SALE,2,2025-04-09,0,
7916,3,2,OUT,SALE,2,2025-04-10,0,
7917,3,2,OUT,SALE,2,2025-04-11,0,
7918,3,2,OUT,DAMAGE,17,2025-04-12,1,THEFT_SPIKE
7919,3,2,OUT,SALE,2,2025-04-13,0,
7920,3,2,OUT,SALE,2,2025-04-14,0,
7921,3,2,OUT,SALE,1,2025-04-15,0,
7922,3,2,OUT,SALE,2,2025-04-16,0,
7923,3,2,OUT,SALE,1,2025-04-17,0,
7924,3,2,OUT,SALE,2,2025-04-18,0,
7925,3,2,OUT,SALE,2,2025-04-19,0,
7926,3,2,OUT,SALE,2,2025-04-20,0,
7927,3,2,OUT,SALE,1,2025-04-21,0,
7928,3,2,OUT,SALE,1,2025-04-22,0,
7929,3,2,OUT,SALE,1,2025-04-23,0,
7930,3,2,OUT,SALE,1,2025-04-24,0,
7931,3,2,OUT,SALE,2,2025-04-25,0,
7932,3,2,OUT,SALE,2,2025-04-26,0,
7933,3,2,OUT,SALE,2,2025-04-27,0,
7934,3,2,OUT,SALE,1,2025-04-28,0,
7935,3,2,OUT,SALE,1,2025-04-29,0,
7936,3,2,OUT,SALE,1,2025-04-30,0,
7937,3,2,OUT,SALE,1,2025-05-01,0,
7938,3,2,OUT,SALE,1,2025-05-02,0,
7939,3,2,OUT,SALE,1,2025-05-03,0,
7940,3,2,OUT,SALE,1,2025-05-04,0,
7941,3,2,OUT,SALE,1,2025-05-05,0,
7942,3,2,OUT,SALE,1,2025-05-06,0,
7943,3,2,OUT,SALE,1,2025-05-07,0,
7944,3,2,OUT,SALE,1,2025-05-08,0,
7945,3,2,OUT,SALE,1,2025-05-09,0,
7946,3,2,OUT,SALE,1,2025-05-10,0,
7947,3,2,OUT,SALE,1,2025-05-11,0,
7948,3,2,OUT,SALE,1,2025-05-12,0,
7949,3,2,OUT,SALE,1,2025-05-13,0,
7950,3,2,OUT,SALE,1,2025-05-14,0,
7951,3,2,OUT,SALE,1,2025-05-15,0,
7952,3,2,OUT,SALE,1,2025-05-16,0,
7953,3,2,OUT,SALE,1,2025-05-17,0,
7954,3,2,OUT,SALE,1,2025-05-18,0,
7955,3,2,OUT,SALE,1,2025-05-19,0,
7956,3,2,OUT,SALE,1,2025-05-20,0,
7957,3,2,OUT,SALE,1,2025-05-21,0,
7958,3,2,OUT,SALE,1,2025-05-22,0,
7959,3,2,OUT,SALE,1,2025-05-23,0,
7960,3,2,OUT,SALE,1,2025-05-24,0,
7961,3,2,OUT,SALE,1,2025-05-25,0,
7962,3,2,OUT,SALE,1,2025-05-26,0,
7963,3,2,OUT,SALE,1,2025-05-27,0,
7964,3,2,OUT,SALE,1,2025-05-28,0,
7965,3,2,OUT,SALE,1,2025-05-29,0,
7966,3,2,OUT,SALE,1,2025-05-30,0,
7967,3,2,OUT,SALE,1,2025-05-31,0,
7968,3,2,OUT,SALE,1,2025-09-01,0,
7969,3,2,OUT,SALE,1,2025-09-02,0,
7970,3,2,OUT,SALE,1,2025-09-03,0,
7971,3,2,OUT,SALE,1,2025-09-04,0,
7972,3,2,OUT,SALE,1,2025-09-05,0,
7973,3,2,OUT,SALE,1,2025-09-06,0,
7974,3,2,OUT,SALE,1,2025-09-07,0,
7975,3,2,OUT,SALE,1,2025-09-08,0,
7976,3,2,OUT,SALE,1,2025-09-09,0,
7977,3,2,OUT,SALE,1,2025-09-10,0,
7978,3,2,OUT,SALE,1,2025-09-11,0,
7979,3,2,OUT,SALE,1,2025-09-12,0,
7980,3,2,OUT,SALE,1,2025-09-13,0,
7981,3,2,OUT,SALE,1,2025-09-14,0,
7982,3,2,OUT,SALE,1,2025-09-15,0,
7983,3,2,OUT,SALE,1,2025-09-16,0,
7984,3,2,OUT,DAMAGE,2,2025-09-17,1,REPEATED_LOSS
7985,3,2,OUT,SALE,1,2025-09-18,0,
7986,3,2,OUT,SALE,1,2025-09-19,0,
7987,3,2,OUT,SALE,1,2025-09-20,0,
7988,3,2,OUT,SALE,1,2025-09-21,0,
7989,3,2,OUT,SALE,1,2025-09-22,0,
7990,3,2,OUT,SALE,1,2025-09-23,0,
7991,3,2,OUT,SALE,1,2025-09-24,0,
7992,3,2,OUT,SALE,1,2025-09-25,0,
7993,3,2,OUT,SALE,1,2025-09-26,0,
7994,3,2,OUT,SALE,1,2025-09-27,0,
7995,3,2,OUT,SALE,1,2025-09-28,0,
7996,3,2,OUT,SALE,1,2025-09-29,0,
7997,3,2,OUT,SALE,2,2025-09-30,0,
7998,3,2,OUT,SALE,3,2025-10-01,0,
7999,3,2,OUT,SALE,3,2025-10-02,0,
8000,3,2,OUT,SALE,3,2025-10-03,0,
8001,3,2,OUT,SALE,2,2025-10-04,0,
8002,3,2,OUT,SALE,2,2025-10-05,0,
8003,3,2,OUT,SALE,2,2025-10-06,0,
8004,3,2,OUT,SALE,2,2025-10-07,0,
8005,3,2,OUT,SALE,2,2025-10-08,0,
8006,3,2,OUT,SALE,2,2025-10-09,0,
8007,3,2,OUT,SALE,2,2025-10-10,0,
8008,3,2,OUT,SALE,2,2025-10-11,0,
8009,3,2,OUT,SALE,2,2025-10-12,0,
8010,3,2,OUT,SALE,1,2025-10-13,0,
8011,3,2,OUT,SALE,2,2025-10-14,0,
8012,3,2,OUT,SALE,1,2025-10-15,0,
8013,3,2,OUT,SALE,2,2025-10-16,0,
8014,3,2,OUT,SALE,1,2025-10-17,0,
8015,3,2,OUT,SALE,1,2025-10-18,0,
8016,3,2,OUT,SALE,2,2025-10-19,0,
8017,3,2,OUT,SALE,2,2025-10-20,0,
8018,3,2,OUT,SALE,2,2025-10-21,0,
8019,3,2,OUT,SALE,2,2025-10-22,0,
8020,3,2,OUT,SALE,2,2025-10-23,0,
8021,3,2,OUT,SALE,2,2025-10-24,0,
8022,3,2,OUT,SALE,2,2025-10-25,0,
8023,3,2,OUT,SALE,2,2025-10-26,0,
8024,3,2,OUT,SALE,1,2025-10-27,0,
8025,3,2,OUT,SALE,1,2025-10-28,0,
8026,3,2,OUT,SALE,2,2025-10-29,0,
8027,3,2,OUT,SALE,2,2025-10-30,0,
8028,3,2,OUT,SALE,2,2025-10-31,0,
8029,3,2,OUT,SALE,3,2025-11-01,0,
8030,3,2,OUT,SALE,3,2025-11-02,0,
8031,3,2,OUT,SALE,2,2025-11-03,0,
8032,3,2,OUT,SALE,2,2025-11-04,0,
8033,3,2,OUT,SALE,2,2025-11-05,0,
8034,3,2,OUT,SALE,2,2025-11-06,0,
8035,3,2,OUT,SALE,2,2025-11-07,0,
8036,3,2,OUT,SALE,3,2025-11-08,0,
8037,3,2,OUT,SALE,3,2025-11-09,0,
8038,3,2,OUT,SALE,2,2025-11-10,0,
8039,3,2,OUT,SALE,3,2025-11-11,0,
8040,3,2,OUT,SALE,3,2025-11-12,0,
8041,3,2,OUT,SALE,2,2025-11-13,0,
8042,3,2,OUT,SALE,2,2025-11-14,0,
8043,3,2,OUT,SALE,3,2025-11-15,0,
8044,3,2,OUT,SALE,3,2025-11-16,0,
8045,3,2,OUT,SALE,2,2025-11-17,0,
8046,3,2,OUT,SALE,2,2025-11-18,0,
8047,3,2,OUT,SALE,2,2025-11-19,0,
8048,3,2,OUT,SALE,2,2025-11-20,0,
8049,3,2,OUT,SALE,2,2025-11-21,0,
8050,3,2,OUT,SALE,3,2025-11-22,0,
8051,3,2,OUT,SALE,3,2025-11-23,0,
8052,3,2,OUT,SALE,2,2025-11-24,0,
8053,3,2,OUT,SALE,2,2025-11-25,0,
8054,3,2,OUT,SALE,3,2025-11-26,0,
8055,3,2,OUT,SALE,2,2025-11-27,0,
8056,3,2,OUT,DAMAGE,59,2025-11-28,1,THEFT_SPIKE
8057,3,2,OUT,SALE,8,2025-11-29,0,
8058,3,2,OUT,SALE,6,2025-11-30,0,
8059,3,2,OUT,SALE,3,2025-12-01,0,
8060,3,2,OUT,SALE,3,2025-12-02,0,
8061,3,2,OUT,SALE,2,2025-12-03,0,
8062,3,2,OUT,SALE,3,2025-12-04,0,
8063,3,2,OUT,SALE,3,2025-12-05,0,
8064,3,2,OUT,SALE,4,2025-12-06,0,
8065,3,2,OUT,SALE,4,2025-12-07,0,
8066,3,2,OUT,SALE,3,2025-12-08,0,
8067,3,2,OUT,SALE,3,2025-12-09,0,
8068,3,2,OUT,SALE,3,2025-12-10,0,
8069,3,2,OUT,SALE,3,2025-12-11,0,
8070,3,2,OUT,SALE,3,2025-12-12,0,
8071,3,2,OUT,SALE,3,2025-12-13,0,
8072,3,2,OUT,SALE,4,2025-12-14,0,
8073,3,2,OUT,SALE,3,2025-12-15,0,
8074,3,2,OUT,SALE,2,2025-12-16,0,
8075,3,2,OUT,SALE,2,2025-12-17,0,
8076,3,2,OUT,SALE,3,2025-12-18,0,
8077,3,2,OUT,SALE,3,2025-12-19,0,
8078,3,2,OUT,SALE,3,2025-12-20,0,
8079,3,2,OUT,SALE,4,2025-12-21,0,
8080,3,2,OUT,SALE,3,2025-12-22,0,
8081,3,2,OUT,SALE,3,2025-12-23,0,
8082,3,2,OUT,SALE,5,2025-12-24,0,
8083,3,2,OUT,SALE,5,2025-12-25,0,
8084,3,2,OUT,SALE,6,2025-12-26,0,
8085,3,2,OUT,SALE,3,2025-12-27,0,
8086,3,2,OUT,SALE,4,2025-12-28,0,
8087,3,2,OUT,SALE,3,2025-12-29,0,
8088,3,2,OUT,SALE,2,2025-12-30,0,
8089,3,2,OUT,SALE,3,2025-12-31,0,
8090,3,3,OUT,SALE,3,2025-01-01,0,
8091,3,3,OUT,SALE,3,2025-01-02,0,
8092,3,3,OUT,SALE,3,2025-01-03,0,
8093,3,3,OUT,SALE,3,2025-01-04,0,
8094,3,3,OUT,SALE,4,2025-01-05,0,
8095,3,3,OUT,SALE,3,2025-01-06,0,
8096,3,3,OUT,SALE,2,2025-01-07,0,
8097,3,3,OUT,SALE,2,2025-01-08,0,
8098,3,3,OUT,SALE,3,2025-01-09,0,
8099,3,3,OUT,SALE,3,2025-01-10,0,
8100,3,3,OUT,SALE,3,2025-01-11,0,
8101,3,3,OUT,SALE,4,2025-01-12,0,
8102,3,3,OUT,SALE,3,2025-01-13,0,
8103,3,3,OUT,SALE,2,2025-01-14,0,
8104,3,3,OUT,SALE,3,2025-01-15,0,
8105,3,3,OUT,SALE,3,2025-01-16,0,
8106,3,3,OUT,SALE,3,2025-01-17,0,
8107,3,3,OUT,SALE,3,2025-01-18,0,
8108,3,3,OUT,SALE,3,2025-01-19,0,
8109,3,3,OUT,SALE,3,2025-01-20,0,
8110,3,3,OUT,SALE,3,2025-01-21,0,
8111,3,3,OUT,SALE,3,2025-01-22,0,
8112,3,3,OUT,SALE,3,2025-01-23,0,
8113,3,3,OUT,SALE,3,2025-01-24,0,
8114,3,3,OUT,SALE,5,2025-01-25,0,
8115,3,3,OUT,SALE,6,2025-01-26,0,
8116,3,3,OUT,SALE,5,2025-01-27,0,
8117,3,3,OUT,SALE,5,2025-01-28,0,
8118,3,3,OUT,SALE,2,2025-01-29,0,
8119,3,3,OUT,SALE,3,2025-01-30,0,
8120,3,3,OUT,SALE,3,2025-01-31,0,
8121,3,3,OUT,SALE,3,2025-02-01,0,
8122,3,3,OUT,SALE,3,2025-02-02,0,
8123,3,3,OUT,SALE,3,2025-02-03,0,
8124,3,3,OUT,SALE,3,2025-02-04,0,
8125,3,3,OUT,SALE,3,2025-02-05,0,
8126,3,3,OUT,SALE,3,2025-02-06,0,
8127,3,3,OUT,SALE,3,2025-02-07,0,
8128,3,3,OUT,SALE,3,2025-02-08,0,
8129,3,3,OUT,SALE,3,2025-02-09,0,
8130,3,3,OUT,SALE,3,2025-02-10,0,
8131,3,3,OUT,SALE,3,2025-02-11,0,
8132,3,3,OUT,SALE,3,2025-02-12,0,
8133,3,3,OUT,SALE,3,2025-02-13,0,
8134,3,3,OUT,SALE,3,2025-02-14,0,
8135,3,3,OUT,SALE,3,2025-02-15,0,
8136,3,3,OUT,SALE,3,2025-02-16,0,
8137,3,3,OUT,SALE,3,2025-02-17,0,
8138,3,3,OUT,SALE,2,2025-02-18,0,
8139,3,3,OUT,SALE,2,2025-02-19,0,
8140,3,3,OUT,SALE,3,2025-02-20,0,
8141,3,3,OUT,SALE,3,2025-02-21,0,
8142,3,3,OUT,SALE,3,2025-02-22,0,
8143,3,3,OUT,SALE,3,2025-02-23,0,
8144,3,3,OUT,SALE,2,2025-02-24,0,
8145,3,3,OUT,SALE,2,2025-02-25,0,
8146,3,3,OUT,SALE,3,2025-02-26,0,
8147,3,3,OUT,SALE,3,2025-02-27,0,
8148,3,3,OUT,SALE,3,2025-02-28,0,
8149,3,3,OUT,SALE,2,2025-03-01,0,
8150,3,3,OUT,SALE,2,2025-03-02,0,
8151,3,3,OUT,SALE,2,2025-03-03,0,
8152,3,3,OUT,SALE,2,2025-03-04,0,
8153,3,3,OUT,SALE,2,2025-03-05,0,
8154,3,3,OUT,SALE,2,2025-03-06,0,
8155,3,3,OUT,SALE,2,2025-03-07,0,
8156,3,3,OUT,SALE,2,2025-03-08,0,
8157,3,3,OUT,SALE,3,2025-03-09,0,
8158,3,3,OUT,SALE,2,2025-03-10,0,
8159,3,3,OUT,SALE,2,2025-03-11,0,
8160,3,3,OUT,SALE,2,2025-03-12,0,
8161,3,3,OUT,SALE,2,2025-03-13,0,
8162,3,3,OUT,SALE,2,2025-03-14,0,
8163,3,3,OUT,SALE,5,2025-03-15,0,
8164,3,3,OUT,SALE,4,2025-03-16,0,
8165,3,3,OUT,SALE,3,2025-03-17,0,
8166,3,3,OUT,SALE,3,2025-03-18,0,
8167,3,3,OUT,SALE,2,2025-03-19,0,
8168,3,3,OUT,SALE,2,2025-03-20,0,
8169,3,3,OUT,SALE,2,2025-03-21,0,
8170,3,3,OUT,SALE,2,2025-03-22,0,
8171,3,3,OUT,SALE,2,2025-03-23,0,
8172,3,3,OUT,SALE,2,2025-03-24,0,
8173,3,3,OUT,SALE,2,2025-03-25,0,
8174,3,3,OUT,SALE,2,2025-03-26,0,
8175,3,3,OUT,SALE,2,2025-03-27,0,
8176,3,3,OUT,SALE,2,2025-03-28,0,
8177,3,3,OUT,SALE,3,2025-03-29,0,
8178,3,3,OUT,SALE,3,2025-03-30,0,
8179,3,3,OUT,SALE,2,2025-03-31,0,
8180,3,3,OUT,SALE,1,2025-04-01,0,
8181,3,3,OUT,SALE,1,2025-04-02,0,
8182,3,3,OUT,SALE,1,2025-04-03,0,
8183,3,3,OUT,SALE,2,2025-04-04,0,
8184,3,3,OUT,SALE,2,2025-04-05,0,
8185,3,3,OUT,SALE,1,2025-04-06,0,
8186,3,3,OUT,SALE,1,2025-04-07,0,
8187,3,3,OUT,SALE,2,2025-04-08,0,
8188,3,3,OUT,SALE,1,2025-04-09,0,
8189,3,3,OUT,SALE,1,2025-04-10,0,
8190,3,3,OUT,SALE,1,2025-04-11,0,
8191,3,3,OUT,SALE,2,2025-04-12,0,
8192,3,3,OUT,SALE,2,2025-04-13,0,
8193,3,3,OUT,SALE,1,2025-04-14,0,
8194,3,3,OUT,SALE,1,2025-04-15,0,
8195,3,3,OUT,SALE,2,2025-04-16,0,
8196,3,3,OUT,SALE,1,2025-04-17,0,
8197,3,3,OUT,SALE,2,2025-04-18,0,
8198,3,3,OUT,SALE,2,2025-04-19,0,
8199,3,3,OUT,SALE,2,2025-04-20,0,
8200,3,3,OUT,SALE,1,2025-04-21,0,
8201,3,3,OUT,SALE,1,2025-04-22,0,
8202,3,3,OUT,SALE,1,2025-04-23,0,
8203,3,3,OUT,SALE,1,2025-04-24,0,
8204,3,3,OUT,SALE,2,2025-04-25,0,
8205,3,3,OUT,SALE,1,2025-04-26,0,
8206,3,3,OUT,SALE,1,2025-04-27,0,
8207,3,3,OUT,SALE,1,2025-04-28,0,
8208,3,3,OUT,SALE,2,2025-04-29,0,
8209,3,3,OUT,SALE,2,2025-04-30,0,
8210,3,3,OUT,SALE,1,2025-05-01,0,
8211,3,3,OUT,SALE,1,2025-05-02,0,
8212,3,3,OUT,SALE,1,2025-05-03,0,
8213,3,3,OUT,SALE,1,2025-05-04,0,
8214,3,3,OUT,SALE,1,2025-05-05,0,
8215,3,3,OUT,SALE,1,2025-05-06,0,
8216,3,3,OUT,SALE,1,2025-05-07,0,
8217,3,3,OUT,SALE,1,2025-05-08,0,
8218,3,3,OUT,SALE,1,2025-05-09,0,
8219,3,3,OUT,SALE,1,2025-05-10,0,
8220,3,3,OUT,SALE,1,2025-05-11,0,
8221,3,3,OUT,SALE,1,2025-05-12,0,
8222,3,3,OUT,SALE,0,2025-05-13,1,DATA_ERROR
8223,3,3,OUT,SALE,1,2025-05-14,0,
8224,3,3,OUT,SALE,1,2025-05-15,0,
8225,3,3,OUT,SALE,1,2025-05-16,0,
8226,3,3,OUT,SALE,1,2025-05-17,0,
8227,3,3,OUT,SALE,1,2025-05-18,0,
8228,3,3,OUT,SALE,1,2025-05-19,0,
8229,3,3,OUT,SALE,1,2025-05-20,0,
8230,3,3,OUT,SALE,1,2025-05-21,0,
8231,3,3,OUT,SALE,1,2025-05-22,0,
8232,3,3,OUT,SALE,1,2025-05-23,0,
8233,3,3,OUT,SALE,1,2025-05-24,0,
8234,3,3,OUT,SALE,1,2025-05-25,0,
8235,3,3,OUT,SALE,1,2025-05-26,0,
8236,3,3,OUT,SALE,1,2025-05-27,0,
8237,3,3,OUT,SALE,1,2025-05-28,0,
8238,3,3,OUT,SALE,1,2025-05-29,0,
8239,3,3,OUT,SALE,1,2025-05-30,0,
8240,3,3,OUT,SALE,1,2025-05-31,0,
8241,3,3,OUT,SALE,1,2025-09-01,0,
8242,3,3,OUT,SALE,1,2025-09-02,0,
8243,3,3,OUT,SALE,1,2025-09-03,0,
8244,3,3,OUT,SALE,1,2025-09-04,0,
8245,3,3,OUT,SALE,1,2025-09-05,0,
8246,3,3,OUT,SALE,1,2025-09-06,0,
8247,3,3,OUT,SALE,1,2025-09-07,0,
8248,3,3,OUT,SALE,1,2025-09-08,0,
8249,3,3,OUT,SALE,1,2025-09-09,0,
8250,3,3,OUT,SALE,1,2025-09-10,0,
8251,3,3,OUT,SALE,1,2025-09-11,0,
8252,3,3,OUT,SALE,1,2025-09-12,0,
8253,3,3,OUT,SALE,1,2025-09-13,0,
8254,3,3,OUT,SALE,1,2025-09-14,0,
8255,3,3,OUT,SALE,1,2025-09-15,0,
8256,3,3,OUT,SALE,1,2025-09-16,0,
8257,3,3,OUT,SALE,1,2025-09-17,0,
8258,3,3,OUT,SALE,1,2025-09-18,0,
8259,3,3,OUT,SALE,1,2025-09-19,0,
8260,3,3,OUT,SALE,1,2025-09-20,0,
8261,3,3,OUT,SALE,1,2025-09-21,0,
8262,3,3,OUT,SALE,1,2025-09-22,0,
8263,3,3,OUT,SALE,1,2025-09-23,0,
8264,3,3,OUT,SALE,1,2025-09-24,0,
8265,3,3,OUT,SALE,1,2025-09-25,0,
8266,3,3,OUT,SALE,1,2025-09-26,0,
8267,3,3,OUT,SALE,1,2025-09-27,0,
8268,3,3,OUT,SALE,1,2025-09-28,0,
8269,3,3,OUT,SALE,1,2025-09-29,0,
8270,3,3,OUT,SALE,2,2025-09-30,0,
8271,3,3,OUT,SALE,3,2025-10-01,0,
8272,3,3,OUT,SALE,2,2025-10-02,0,
8273,3,3,OUT,SALE,3,2025-10-03,0,
8274,3,3,OUT,SALE,2,2025-10-04,0,
8275,3,3,OUT,SALE,1,2025-10-05,0,
8276,3,3,OUT,SALE,1,2025-10-06,0,
8277,3,3,OUT,SALE,1,2025-10-07,0,
8278,3,3,OUT,SALE,1,2025-10-08,0,
8279,3,3,OUT,SALE,1,2025-10-09,0,
8280,3,3,OUT,SALE,2,2025-10-10,0,
8281,3,3,OUT,SALE,2,2025-10-11,0,
8282,3,3,OUT,SALE,2,2025-10-12,0,
8283,3,3,OUT,SALE,2,2025-10-13,0,
8284,3,3,OUT,SALE,1,2025-10-14,0,
8285,3,3,OUT,SALE,2,2025-10-15,0,
8286,3,3,OUT,SALE,1,2025-10-16,0,
8287,3,3,OUT,SALE,1,2025-10-17,0,
8288,3,3,OUT,SALE,2,2025-10-18,0,
8289,3,3,OUT,SALE,2,2025-10-19,0,
8290,3,3,OUT,SALE,2,2025-10-20,0,
8291,3,3,OUT,SALE,2,2025-10-21,0,
8292,3,3,OUT,SALE,1,2025-10-22,0,
8293,3,3,OUT,SALE,1,2025-10-23,0,
8294,3,3,OUT,SALE,2,2025-10-24,0,
8295,3,3,OUT,SALE,2,2025-10-25,0,
8296,3,3,OUT,SALE,2,2025-10-26,0,
8297,3,3,OUT,SALE,1,2025-10-27,0,
8298,3,3,OUT,SALE,1,2025-10-28,0,
8299,3,3,OUT,SALE,1,2025-10-29,0,
8300,3,3,OUT,SALE,1,2025-10-30,0,
8301,3,3,OUT,SALE,1,2025-10-31,0,
8302,3,3,OUT,SALE,3,2025-11-01,0,
8303,3,3,OUT,SALE,2,2025-11-02,0,
8304,3,3,OUT,SALE,2,2025-11-03,0,
8305,3,3,OUT,SALE,2,2025-11-04,0,
8306,3,3,OUT,SALE,2,2025-11-05,0,
8307,3,3,OUT,SALE,3,2025-11-06,0,
8308,3,3,OUT,SALE,3,2025-11-07,0,
8309,3,3,OUT,SALE,2,2025-11-08,0,
8310,3,3,OUT,SALE,2,2025-11-09,0,
8311,3,3,OUT,SALE,2,2025-11-10,0,
8312,3,3,OUT,SALE,9999,2025-11-11,1,DATA_ERROR
8313,3,3,OUT,SALE,2,2025-11-12,0,
8314,3,3,OUT,SALE,2,2025-11-13,0,
8315,3,3,OUT,SALE,2,2025-11-14,0,
8316,3,3,OUT,SALE,2,2025-11-15,0,
8317,3,3,OUT,SALE,2,2025-11-16,0,
8318,3,3,OUT,SALE,2,2025-11-17,0,
8319,3,3,OUT,SALE,2,2025-11-18,0,
8320,3,3,OUT,SALE,2,2025-11-19,0,
8321,3,3,OUT,SALE,2,2025-11-20,0,
8322,3,3,OUT,SALE,2,2025-11-21,0,
8323,3,3,OUT,SALE,3,2025-11-22,0,
8324,3,3,OUT,SALE,3,2025-11-23,0,
8325,3,3,OUT,SALE,2,2025-11-24,0,
8326,3,3,OUT,SALE,2,2025-11-25,0,
8327,3,3,OUT,SALE,2,2025-11-26,0,
8328,3,3,OUT,SALE,2,2025-11-27,0,
8329,3,3,OUT,SALE,6,2025-11-28,0,
8330,3,3,OUT,SALE,6,2025-11-29,0,
8331,3,3,OUT,SALE,7,2025-11-30,0,
8332,3,3,OUT,SALE,3,2025-12-01,0,
8333,3,3,OUT,SALE,3,2025-12-02,0,
8334,3,3,OUT,SALE,3,2025-12-03,0,
8335,3,3,OUT,SALE,3,2025-12-04,0,
8336,3,3,OUT,SALE,3,2025-12-05,0,
8337,3,3,OUT,SALE,4,2025-12-06,0,
8338,3,3,OUT,SALE,3,2025-12-07,0,
8339,3,3,OUT,SALE,3,2025-12-08,0,
8340,3,3,OUT,SALE,3,2025-12-09,0,
8341,3,3,OUT,SALE,2,2025-12-10,0,
8342,3,3,OUT,SALE,2,2025-12-11,0,
8343,3,3,OUT,SALE,3,2025-12-12,0,
8344,3,3,OUT,SALE,3,2025-12-13,0,
8345,3,3,OUT,SALE,3,2025-12-14,0,
8346,3,3,OUT,SALE,3,2025-12-15,0,
8347,3,3,OUT,SALE,3,2025-12-16,0,
8348,3,3,OUT,SALE,2,2025-12-17,0,
8349,3,3,OUT,SALE,3,2025-12-18,0,
8350,3,3,OUT,SALE,3,2025-12-19,0,
8351,3,3,OUT,SALE,3,2025-12-20,0,
8352,3,3,OUT,SALE,4,2025-12-21,0,
8353,3,3,OUT,SALE,3,2025-12-22,0,
8354,3,3,OUT,SALE,3,2025-12-23,0,
8355,3,3,OUT,SALE,4,2025-12-24,0,
8356,3,3,OUT,SALE,4,2025-12-25,0,
8357,3,3,OUT,SALE,4,2025-12-26,0,
8358,3,3,OUT,SALE,3,2025-12-27,0,
8359,3,3,OUT,SALE,3,2025-12-28,0,
8360,3,3,OUT,SALE,3,2025-12-29,0,
8361,3,3,OUT,SALE,0,2025-12-30,1,DATA_ERROR
8362,3,3,OUT,SALE,3,2025-12-31,0,
8363,3,4,OUT,SALE,4,2025-01-01,0,
8364,3,4,OUT,SALE,4,2025-01-02,0,
8365,3,4,OUT,SALE,4,2025-01-03,0,
8366,3,4,OUT,SALE,4,2025-01-04,0,
8367,3,4,OUT,SALE,5,2025-01-05,0,
8368,3,4,OUT,SALE,4,2025-01-06,0,
8369,3,4,OUT,SALE,4,2025-01-07,0,
8370,3,4,OUT,SALE,4,2025-01-08,0,
8371,3,4,OUT,SALE,4,2025-01-09,0,
8372,3,4,OUT,SALE,4,2025-01-10,0,
8373,3,4,OUT,SALE,5,2025-01-11,0,
8374,3,4,OUT,SALE,5,2025-01-12,0,
8375,3,4,OUT,SALE,4,2025-01-13,0,
8376,3,4,OUT,SALE,4,2025-01-14,0,
8377,3,4,OUT,SALE,4,2025-01-15,0,
8378,3,4,OUT,SALE,4,2025-01-16,0,
8379,3,4,OUT,SALE,5,2025-01-17,0,
8380,3,4,OUT,SALE,5,2025-01-18,0,
8381,3,4,OUT,SALE,4,2025-01-19,0,
8382,3,4,OUT,SALE,4,2025-01-20,0,
8383,3,4,OUT,DAMAGE,39,2025-01-21,1,THEFT_SPIKE
8384,3,4,OUT,SALE,5,2025-01-22,0,
8385,3,4,OUT,SALE,5,2025-01-23,0,
8386,3,4,OUT,SALE,4,2025-01-24,0,
8387,3,4,OUT,SALE,7,2025-01-25,0,
8388,3,4,OUT,SALE,7,2025-01-26,0,
8389,3,4,OUT,SALE,8,2025-01-27,0,
8390,3,4,OUT,SALE,8,2025-01-28,0,
8391,3,4,OUT,SALE,4,2025-01-29,0,
8392,3,4,OUT,SALE,4,2025-01-30,0,
8393,3,4,OUT,SALE,4,2025-01-31,0,
8394,3,4,OUT,SALE,3,2025-02-01,0,
8395,3,4,OUT,SALE,4,2025-02-02,0,
8396,3,4,OUT,SALE,3,2025-02-03,0,
8397,3,4,OUT,SALE,4,2025-02-04,0,
8398,3,4,OUT,SALE,3,2025-02-05,0,
8399,3,4,OUT,SALE,3,2025-02-06,0,
8400,3,4,OUT,SALE,3,2025-02-07,0,
8401,3,4,OUT,SALE,4,2025-02-08,0,
8402,3,4,OUT,SALE,4,2025-02-09,0,
8403,3,4,OUT,SALE,3,2025-02-10,0,
8404,3,4,OUT,SALE,4,2025-02-11,0,
8405,3,4,OUT,SALE,3,2025-02-12,0,
8406,3,4,OUT,SALE,3,2025-02-13,0,
8407,3,4,OUT,SALE,3,2025-02-14,0,
8408,3,4,OUT,SALE,4,2025-02-15,0,
8409,3,4,OUT,SALE,4,2025-02-16,0,
8410,3,4,OUT,SALE,4,2025-02-17,0,
8411,3,4,OUT,SALE,3,2025-02-18,0,
8412,3,4,OUT,SALE,3,2025-02-19,0,
8413,3,4,OUT,SALE,4,2025-02-20,0,
8414,3,4,OUT,SALE,4,2025-02-21,0,
8415,3,4,OUT,SALE,3,2025-02-22,0,
8416,3,4,OUT,DAMAGE,8,2025-02-23,1,REPEATED_LOSS
8417,3,4,OUT,SALE,0,2025-02-24,1,DATA_ERROR
8418,3,4,OUT,SALE,4,2025-02-25,0,
8419,3,4,OUT,SALE,2,2025-02-26,0,
8420,3,4,OUT,SALE,3,2025-02-27,0,
8421,3,4,OUT,SALE,4,2025-02-28,0,
8422,3,4,OUT,SALE,3,2025-03-01,0,
8423,3,4,OUT,SALE,3,2025-03-02,0,
8424,3,4,OUT,SALE,2,2025-03-03,0,
8425,3,4,OUT,SALE,2,2025-03-04,0,
8426,3,4,OUT,SALE,2,2025-03-05,0,
8427,3,4,OUT,SALE,3,2025-03-06,0,
8428,3,4,OUT,SALE,2,2025-03-07,0,
8429,3,4,OUT,SALE,3,2025-03-08,0,
8430,3,4,OUT,SALE,3,2025-03-09,0,
8431,3,4,OUT,SALE,2,2025-03-10,0,
8432,3,4,OUT,SALE,2,2025-03-11,0,
8433,3,4,OUT,SALE,3,2025-03-12,0,
8434,3,4,OUT,SALE,3,2025-03-13,0,
8435,3,4,OUT,SALE,2,2025-03-14,0,
8436,3,4,OUT,SALE,5,2025-03-15,0,
8437,3,4,OUT,SALE,5,2025-03-16,0,
8438,3,4,OUT,SALE,4,2025-03-17,0,
8439,3,4,OUT,SALE,4,2025-03-18,0,
8440,3,4,OUT,SALE,2,2025-03-19,0,
8441,3,4,OUT,SALE,3,2025-03-20,0,
8442,3,4,OUT,SALE,2,2025-03-21,0,
8443,3,4,OUT,SALE,3,2025-03-22,0,
8444,3,4,OUT,SALE,2,2025-03-23,0,
8445,3,4,OUT,SALE,2,2025-03-24,0,
8446,3,4,OUT,SALE,3,2025-03-25,0,
8447,3,4,OUT,SALE,2,2025-03-26,0,
8448,3,4,OUT,SALE,2,2025-03-27,0,
8449,3,4,OUT,SALE,2,2025-03-28,0,
8450,3,4,OUT,SALE,3,2025-03-29,0,
8451,3,4,OUT,SALE,3,2025-03-30,0,
8452,3,4,OUT,SALE,3,2025-03-31,0,
8453,3,4,OUT,SALE,2,2025-04-01,0,
8454,3,4,OUT,SALE,2,2025-04-02,0,
8455,3,4,OUT,SALE,2,2025-04-03,0,
8456,3,4,OUT,SALE,1,2025-04-04,0,
8457,3,4,OUT,SALE,2,2025-04-05,0,
8458,3,4,OUT,SALE,2,2025-04-06,0,
8459,3,4,OUT,SALE,1,2025-04-07,0,
8460,3,4,OUT,SALE,1,2025-04-08,0,
8461,3,4,OUT,SALE,2,2025-04-09,0,
8462,3,4,OUT,SALE,2,2025-04-10,0,
8463,3,4,OUT,SALE,2,2025-04-11,0,
8464,3,4,OUT,SALE,2,2025-04-12,0,
8465,3,4,OUT,SALE,2,2025-04-13,0,
8466,3,4,OUT,SALE,1,2025-04-14,0,
8467,3,4,OUT,SALE,2,2025-04-15,0,
8468,3,4,OUT,SALE,1,2025-04-16,0,
8469,3,4,OUT,SALE,2,2025-04-17,0,
8470,3,4,OUT,SALE,1,2025-04-18,0,
8471,3,4,OUT,SALE,2,2025-04-19,0,
8472,3,4,OUT,SALE,2,2025-04-20,0,
8473,3,4,OUT,SALE,2,2025-04-21,0,
8474,3,4,OUT,SALE,1,2025-04-22,0,
8475,3,4,OUT,SALE,2,2025-04-23,0,
8476,3,4,OUT,SALE,2,2025-04-24,0,
8477,3,4,OUT,SALE,1,2025-04-25,0,
8478,3,4,OUT,SALE,2,2025-04-26,0,
8479,3,4,OUT,SALE,3,2025-04-27,0,
8480,3,4,OUT,SALE,2,2025-04-28,0,
8481,3,4,OUT,SALE,1,2025-04-29,0,
8482,3,4,OUT,SALE,2,2025-04-30,0,
8483,3,4,OUT,SALE,1,2025-05-01,0,
8484,3,4,OUT,DAMAGE,9,2025-05-02,1,THEFT_SPIKE
8485,3,4,OUT,SALE,1,2025-05-03,0,
8486,3,4,OUT,SALE,1,2025-05-04,0,
8487,3,4,OUT,SALE,1,2025-05-05,0,
8488,3,4,OUT,SALE,1,2025-05-06,0,
8489,3,4,OUT,SALE,1,2025-05-07,0,
8490,3,4,OUT,SALE,1,2025-05-08,0,
8491,3,4,OUT,SALE,1,2025-05-09,0,
8492,3,4,OUT,SALE,1,2025-05-10,0,
8493,3,4,OUT,SALE,1,2025-05-11,0,
8494,3,4,OUT,SALE,1,2025-05-12,0,
8495,3,4,OUT,SALE,1,2025-05-13,0,
8496,3,4,OUT,SALE,1,2025-05-14,0,
8497,3,4,OUT,SALE,1,2025-05-15,0,
8498,3,4,OUT,SALE,1,2025-05-16,0,
8499,3,4,OUT,SALE,1,2025-05-17,0,
8500,3,4,OUT,SALE,1,2025-05-18,0,
8501,3,4,OUT,SALE,1,2025-05-19,0,
8502,3,4,OUT,SALE,1,2025-05-20,0,
8503,3,4,OUT,SALE,1,2025-05-21,0,
8504,3,4,OUT,SALE,1,2025-05-22,0,
8505,3,4,OUT,SALE,1,2025-05-23,0,
8506,3,4,OUT,SALE,1,2025-05-24,0,
8507,3,4,OUT,SALE,1,2025-05-25,0,
8508,3,4,OUT,SALE,1,2025-05-26,0,
8509,3,4,OUT,SALE,1,2025-05-27,0,
8510,3,4,OUT,SALE,1,2025-05-28,0,
8511,3,4,OUT,SALE,1,2025-05-29,0,
8512,3,4,OUT,SALE,1,2025-05-30,0,
8513,3,4,OUT,SALE,1,2025-05-31,0,
8514,3,4,OUT,SALE,1,2025-06-01,0,
8515,3,4,OUT,SALE,1,2025-06-02,0,
8516,3,4,OUT,SALE,1,2025-06-03,0,
8517,3,4,OUT,SALE,1,2025-06-04,0,
8518,3,4,OUT,SALE,1,2025-06-05,0,
8519,3,4,OUT,SALE,1,2025-06-06,0,
8520,3,4,OUT,SALE,1,2025-06-07,0,
8521,3,4,OUT,SALE,1,2025-06-08,0,
8522,3,4,OUT,SALE,1,2025-06-09,0,
8523,3,4,OUT,SALE,1,2025-06-10,0,
8524,3,4,OUT,SALE,1,2025-06-11,0,
8525,3,4,OUT,SALE,1,2025-06-12,0,
8526,3,4,OUT,SALE,1,2025-06-13,0,
8527,3,4,OUT,SALE,1,2025-06-14,0,
8528,3,4,OUT,SALE,1,2025-06-15,0,
8529,3,4,OUT,SALE,1,2025-06-16,0,
8530,3,4,OUT,SALE,1,2025-06-17,0,
8531,3,4,OUT,SALE,1,2025-06-18,0,
8532,3,4,OUT,SALE,1,2025-06-19,0,
8533,3,4,OUT,SALE,1,2025-06-20,0,
8534,3,4,OUT,SALE,1,2025-06-21,0,
8535,3,4,OUT,SALE,1,2025-06-22,0,
8536,3,4,OUT,SALE,1,2025-06-23,0,
8537,3,4,OUT,SALE,1,2025-06-24,0,
8538,3,4,OUT,SALE,1,2025-06-25,0,
8539,3,4,OUT,SALE,1,2025-06-26,0,
8540,3,4,OUT,SALE,1,2025-06-27,0,
8541,3,4,OUT,SALE,1,2025-06-28,0,
8542,3,4,OUT,SALE,1,2025-06-29,0,
8543,3,4,OUT,SALE,1,2025-06-30,0,
8544,3,4,OUT,SALE,1,2025-07-01,0,
8545,3,4,OUT,SALE,1,2025-07-02,0,
8546,3,4,OUT,SALE,1,2025-07-03,0,
8547,3,4,OUT,SALE,1,2025-07-04,0,
8548,3,4,OUT,SALE,1,2025-07-05,0,
8549,3,4,OUT,SALE,1,2025-07-06,0,
8550,3,4,OUT,SALE,1,2025-07-07,0,
8551,3,4,OUT,SALE,1,2025-07-08,0,
8552,3,4,OUT,SALE,1,2025-07-09,0,
8553,3,4,OUT,SALE,1,2025-07-10,0,
8554,3,4,OUT,SALE,1,2025-07-11,0,
8555,3,4,OUT,SALE,1,2025-07-12,0,
8556,3,4,OUT,SALE,1,2025-07-13,0,
8557,3,4,OUT,SALE,1,2025-07-14,0,
8558,3,4,OUT,SALE,1,2025-07-15,0,
8559,3,4,OUT,SALE,1,2025-07-16,0,
8560,3,4,OUT,SALE,1,2025-07-17,0,
8561,3,4,OUT,SALE,1,2025-07-18,0,
8562,3,4,OUT,SALE,1,2025-07-19,0,
8563,3,4,OUT,SALE,3,2025-07-20,0,
8564,3,4,OUT,SALE,2,2025-07-21,0,
8565,3,4,OUT,SALE,2,2025-07-22,0,
8566,3,4,OUT,SALE,2,2025-07-23,0,
8567,3,4,OUT,SALE,2,2025-07-24,0,
8568,3,4,OUT,SALE,2,2025-07-25,0,
8569,3,4,OUT,SALE,1,2025-07-26,0,
8570,3,4,OUT,SALE,1,2025-07-27,0,
8571,3,4,OUT,SALE,1,2025-07-28,0,
8572,3,4,OUT,SALE,1,2025-07-29,0,
8573,3,4,OUT,SALE,1,2025-07-30,0,
8574,3,4,OUT,SALE,1,2025-07-31,0,
8575,3,4,OUT,SALE,1,2025-08-01,0,
8576,3,4,OUT,SALE,2,2025-08-02,0,
8577,3,4,OUT,SALE,2,2025-08-03,0,
8578,3,4,OUT,SALE,2,2025-08-04,0,
8579,3,4,OUT,SALE,2,2025-08-05,0,
8580,3,4,OUT,SALE,2,2025-08-06,0,
8581,3,4,OUT,SALE,2,2025-08-07,0,
8582,3,4,OUT,SALE,2,2025-08-08,0,
8583,3,4,OUT,SALE,2,2025-08-09,0,
8584,3,4,OUT,SALE,2,2025-08-10,0,
8585,3,4,OUT,SALE,2,2025-08-11,0,
8586,3,4,OUT,SALE,1,2025-08-12,0,
8587,3,4,OUT,SALE,2,2025-08-13,0,
8588,3,4,OUT,SALE,2,2025-08-14,0,
8589,3,4,OUT,SALE,2,2025-08-15,0,
8590,3,4,OUT,SALE,2,2025-08-16,0,
8591,3,4,OUT,SALE,2,2025-08-17,0,
8592,3,4,OUT,DAMAGE,14,2025-08-18,1,THEFT_SPIKE
8593,3,4,OUT,SALE,2,2025-08-19,0,
8594,3,4,OUT,SALE,2,2025-08-20,0,
8595,3,4,OUT,SALE,1,2025-08-21,0,
8596,3,4,OUT,SALE,1,2025-08-22,0,
8597,3,4,OUT,SALE,1,2025-08-23,0,
8598,3,4,OUT,SALE,2,2025-08-24,0,
8599,3,4,OUT,SALE,2,2025-08-25,0,
8600,3,4,OUT,SALE,2,2025-08-26,0,
8601,3,4,OUT,SALE,2,2025-08-27,0,
8602,3,4,OUT,SALE,1,2025-08-28,0,
8603,3,4,OUT,SALE,1,2025-08-29,0,
8604,3,4,OUT,SALE,2,2025-08-30,0,
8605,3,4,OUT,SALE,2,2025-08-31,0,
8606,3,4,OUT,SALE,3,2025-09-01,0,
8607,3,4,OUT,SALE,2,2025-09-02,0,
8608,3,4,OUT,SALE,3,2025-09-03,0,
8609,3,4,OUT,SALE,3,2025-09-04,0,
8610,3,4,OUT,SALE,3,2025-09-05,0,
8611,3,4,OUT,SALE,3,2025-09-06,0,
8612,3,4,OUT,SALE,3,2025-09-07,0,
8613,3,4,OUT,SALE,2,2025-09-08,0,
8614,3,4,OUT,SALE,3,2025-09-09,0,
8615,3,4,OUT,SALE,3,2025-09-10,0,
8616,3,4,OUT,SALE,3,2025-09-11,0,
8617,3,4,OUT,SALE,3,2025-09-12,0,
8618,3,4,OUT,SALE,3,2025-09-13,0,
8619,3,4,OUT,SALE,3,2025-09-14,0,
8620,3,4,OUT,SALE,3,2025-09-15,0,
8621,3,4,OUT,SALE,3,2025-09-16,0,
8622,3,4,OUT,SALE,2,2025-09-17,0,
8623,3,4,OUT,SALE,2,2025-09-18,0,
8624,3,4,OUT,SALE,2,2025-09-19,0,
8625,3,4,OUT,SALE,3,2025-09-20,0,
8626,3,4,OUT,SALE,4,2025-09-21,0,
8627,3,4,OUT,SALE,2,2025-09-22,0,
8628,3,4,OUT,SALE,2,2025-09-23,0,
8629,3,4,OUT,SALE,2,2025-09-24,0,
8630,3,4,OUT,SALE,3,2025-09-25,0,
8631,3,4,OUT,SALE,3,2025-09-26,0,
8632,3,4,OUT,SALE,3,2025-09-27,0,
8633,3,4,OUT,SALE,3,2025-09-28,0,
8634,3,4,OUT,SALE,2,2025-09-29,0,
8635,3,4,OUT,SALE,4,2025-09-30,0,
8636,3,4,OUT,SALE,6,2025-10-01,0,
8637,3,4,OUT,SALE,8,2025-10-02,0,
8638,3,4,OUT,SALE,7,2025-10-03,0,
8639,3,4,OUT,SALE,4,2025-10-04,0,
8640,3,4,OUT,SALE,4,2025-10-05,0,
8641,3,4,OUT,SALE,4,2025-10-06,0,
8642,3,4,OUT,SALE,4,2025-10-07,0,
8643,3,4,OUT,SALE,4,2025-10-08,0,
8644,3,4,OUT,SALE,3,2025-10-09,0,
8645,3,4,OUT,SALE,4,2025-10-10,0,
8646,3,4,OUT,SALE,4,2025-10-11,0,
8647,3,4,OUT,SALE,3,2025-10-12,0,
8648,3,4,OUT,SALE,3,2025-10-13,0,
8649,3,4,OUT,SALE,3,2025-10-14,0,
8650,3,4,OUT,SALE,4,2025-10-15,0,
8651,3,4,OUT,SALE,4,2025-10-16,0,
8652,3,4,OUT,SALE,3,2025-10-17,0,
8653,3,4,OUT,SALE,4,2025-10-18,0,
8654,3,4,OUT,SALE,4,2025-10-19,0,
8655,3,4,OUT,SALE,4,2025-10-20,0,
8656,3,4,OUT,SALE,3,2025-10-21,0,
8657,3,4,OUT,SALE,3,2025-10-22,0,
8658,3,4,OUT,SALE,3,2025-10-23,0,
8659,3,4,OUT,SALE,4,2025-10-24,0,
8660,3,4,OUT,SALE,4,2025-10-25,0,
8661,3,4,OUT,SALE,3,2025-10-26,0,
8662,3,4,OUT,SALE,3,2025-10-27,0,
8663,3,4,OUT,SALE,3,2025-10-28,0,
8664,3,4,OUT,SALE,3,2025-10-29,0,
8665,3,4,OUT,SALE,4,2025-10-30,0,
8666,3,4,OUT,SALE,3,2025-10-31,0,
8667,3,4,OUT,SALE,4,2025-11-01,0,
8668,3,4,OUT,SALE,4,2025-11-02,0,
8669,3,4,OUT,SALE,4,2025-11-03,0,
8670,3,4,OUT,SALE,4,2025-11-04,0,
8671,3,4,OUT,SALE,4,2025-11-05,0,
8672,3,4,OUT,SALE,4,2025-11-06,0,
8673,3,4,OUT,SALE,4,2025-11-07,0,
8674,3,4,OUT,SALE,5,2025-11-08,0,
8675,3,4,OUT,SALE,5,2025-11-09,0,
8676,3,4,OUT,SALE,4,2025-11-10,0,
8677,3,4,OUT,SALE,4,2025-11-11,0,
8678,3,4,OUT,SALE,4,2025-11-12,0,
8679,3,4,OUT,SALE,5,2025-11-13,0,
8680,3,4,OUT,SALE,4,2025-11-14,0,
8681,3,4,OUT,SALE,5,2025-11-15,0,
8682,3,4,OUT,SALE,5,2025-11-16,0,
8683,3,4,OUT,SALE,4,2025-11-17,0,
8684,3,4,OUT,SALE,4,2025-11-18,0,
8685,3,4,OUT,SALE,4,2025-11-19,0,
8686,3,4,OUT,SALE,3,2025-11-20,0,
8687,3,4,OUT,SALE,5,2025-11-21,0,
8688,3,4,OUT,SALE,4,2025-11-22,0,
8689,3,4,OUT,SALE,4,2025-11-23,0,
8690,3,4,OUT,SALE,4,2025-11-24,0,
8691,3,4,OUT,SALE,4,2025-11-25,0,
8692,3,4,OUT,SALE,5,2025-11-26,0,
8693,3,4,OUT,SALE,3,2025-11-27,0,
8694,3,4,OUT,SALE,10,2025-11-28,0,
8695,3,4,OUT,SALE,9,2025-11-29,0,
8696,3,4,OUT,SALE,12,2025-11-30,0,
8697,3,4,OUT,SALE,4,2025-12-01,0,
8698,3,4,OUT,SALE,5,2025-12-02,0,
8699,3,4,OUT,SALE,4,2025-12-03,0,
8700,3,4,OUT,SALE,5,2025-12-04,0,
8701,3,4,OUT,SALE,5,2025-12-05,0,
8702,3,4,OUT,SALE,5,2025-12-06,0,
8703,3,4,OUT,SALE,4,2025-12-07,0,
8704,3,4,OUT,SALE,4,2025-12-08,0,
8705,3,4,OUT,SALE,4,2025-12-09,0,
8706,3,4,OUT,SALE,5,2025-12-10,0,
8707,3,4,OUT,SALE,4,2025-12-11,0,
8708,3,4,OUT,SALE,5,2025-12-12,0,
8709,3,4,OUT,SALE,5,2025-12-13,0,
8710,3,4,OUT,SALE,5,2025-12-14,0,
8711,3,4,OUT,SALE,4,2025-12-15,0,
8712,3,4,OUT,SALE,4,2025-12-16,0,
8713,3,4,OUT,SALE,4,2025-12-17,0,
8714,3,4,OUT,SALE,5,2025-12-18,0,
8715,3,4,OUT,SALE,4,2025-12-19,0,
8716,3,4,OUT,SALE,4,2025-12-20,0,
8717,3,4,OUT,SALE,6,2025-12-21,0,
8718,3,4,OUT,SALE,5,2025-12-22,0,
8719,3,4,OUT,SALE,4,2025-12-23,0,
8720,3,4,OUT,SALE,9,2025-12-24,0,
8721,3,4,OUT,SALE,7,2025-12-25,0,
8722,3,4,OUT,SALE,8,2025-12-26,0,
8723,3,4,OUT,SALE,5,2025-12-27,0,
8724,3,4,OUT,SALE,4,2025-12-28,0,
8725,3,4,OUT,SALE,5,2025-12-29,0,
8726,3,4,OUT,SALE,5,2025-12-30,0,
8727,3,4,OUT,SALE,4,2025-12-31,0,
8728,3,5,OUT,SALE,15,2025-01-01,0,
8729,3,5,OUT,SALE,13,2025-01-02,0,
8730,3,5,OUT,SALE,15,2025-01-03,0,
8731,3,5,OUT,SALE,11,2025-01-04,0,
8732,3,5,OUT,SALE,14,2025-01-05,0,
8733,3,5,OUT,SALE,15,2025-01-06,0,
8734,3,5,OUT,SALE,13,2025-01-07,0,
8735,3,5,OUT,SALE,14,2025-01-08,0,
8736,3,5,OUT,SALE,11,2025-01-09,0,
8737,3,5,OUT,SALE,17,2025-01-10,0,
8738,3,5,OUT,SALE,18,2025-01-11,0,
8739,3,5,OUT,SALE,15,2025-01-12,0,
8740,3,5,OUT,SALE,13,2025-01-13,0,
8741,3,5,OUT,SALE,15,2025-01-14,0,
8742,3,5,OUT,SALE,17,2025-01-15,0,
8743,3,5,OUT,SALE,15,2025-01-16,0,
8744,3,5,OUT,SALE,17,2025-01-17,0,
8745,3,5,OUT,SALE,14,2025-01-18,0,
8746,3,5,OUT,SALE,14,2025-01-19,0,
8747,3,5,OUT,SALE,12,2025-01-20,0,
8748,3,5,OUT,SALE,14,2025-01-21,0,
8749,3,5,OUT,SALE,14,2025-01-22,0,
8750,3,5,OUT,SALE,13,2025-01-23,0,
8751,3,5,OUT,SALE,15,2025-01-24,0,
8752,3,5,OUT,SALE,32,2025-01-25,0,
8753,3,5,OUT,SALE,23,2025-01-26,0,
8754,3,5,OUT,SALE,23,2025-01-27,0,
8755,3,5,OUT,SALE,27,2025-01-28,0,
8756,3,5,OUT,SALE,13,2025-01-29,0,
8757,3,5,OUT,SALE,12,2025-01-30,0,
8758,3,5,OUT,SALE,15,2025-01-31,0,
8759,3,5,OUT,SALE,11,2025-02-01,0,
8760,3,5,OUT,SALE,13,2025-02-02,0,
8761,3,5,OUT,SALE,12,2025-02-03,0,
8762,3,5,OUT,SALE,11,2025-02-04,0,
8763,3,5,OUT,SALE,13,2025-02-05,0,
8764,3,5,OUT,SALE,11,2025-02-06,0,
8765,3,5,OUT,SALE,13,2025-02-07,0,
8766,3,5,OUT,SALE,13,2025-02-08,0,
8767,3,5,OUT,SALE,14,2025-02-09,0,
8768,3,5,OUT,SALE,13,2025-02-10,0,
8769,3,5,OUT,SALE,11,2025-02-11,0,
8770,3,5,OUT,SALE,9,2025-02-12,0,
8771,3,5,OUT,SALE,12,2025-02-13,0,
8772,3,5,OUT,SALE,12,2025-02-14,0,
8773,3,5,OUT,SALE,14,2025-02-15,0,
8774,3,5,OUT,SALE,13,2025-02-16,0,
8775,3,5,OUT,SALE,11,2025-02-17,0,
8776,3,5,OUT,SALE,14,2025-02-18,0,
8777,3,5,OUT,SALE,9,2025-02-19,0,
8778,3,5,OUT,SALE,13,2025-02-20,0,
8779,3,5,OUT,SALE,11,2025-02-21,0,
8780,3,5,OUT,SALE,13,2025-02-22,0,
8781,3,5,OUT,SALE,13,2025-02-23,0,
8782,3,5,OUT,SALE,10,2025-02-24,0,
8783,3,5,OUT,SALE,12,2025-02-25,0,
8784,3,5,OUT,SALE,13,2025-02-26,0,
8785,3,5,OUT,SALE,12,2025-02-27,0,
8786,3,5,OUT,SALE,12,2025-02-28,0,
8787,3,5,OUT,SALE,9,2025-03-01,0,
8788,3,5,OUT,SALE,10,2025-03-02,0,
8789,3,5,OUT,SALE,11,2025-03-03,0,
8790,3,5,OUT,SALE,8,2025-03-04,0,
8791,3,5,OUT,SALE,8,2025-03-05,0,
8792,3,5,OUT,SALE,8,2025-03-06,0,
8793,3,5,OUT,SALE,8,2025-03-07,0,
8794,3,5,OUT,SALE,7,2025-03-08,0,
8795,3,5,OUT,SALE,10,2025-03-09,0,
8796,3,5,OUT,SALE,8,2025-03-10,0,
8797,3,5,OUT,SALE,7,2025-03-11,0,
8798,3,5,OUT,SALE,9,2025-03-12,0,
8799,3,5,OUT,SALE,7,2025-03-13,0,
8800,3,5,OUT,SALE,8,2025-03-14,0,
8801,3,5,OUT,SALE,18,2025-03-15,0,
8802,3,5,OUT,SALE,13,2025-03-16,0,
8803,3,5,OUT,SALE,11,2025-03-17,0,
8804,3,5,OUT,SALE,14,2025-03-18,0,
8805,3,5,OUT,SALE,10,2025-03-19,0,
8806,3,5,OUT,SALE,7,2025-03-20,0,
8807,3,5,OUT,SALE,9,2025-03-21,0,
8808,3,5,OUT,SALE,10,2025-03-22,0,
8809,3,5,OUT,SALE,7,2025-03-23,0,
8810,3,5,OUT,SALE,9,2025-03-24,0,
8811,3,5,OUT,SALE,9,2025-03-25,0,
8812,3,5,OUT,SALE,8,2025-03-26,0,
8813,3,5,OUT,SALE,10,2025-03-27,0,
8814,3,5,OUT,SALE,10,2025-03-28,0,
8815,3,5,OUT,SALE,10,2025-03-29,0,
8816,3,5,OUT,SALE,9,2025-03-30,0,
8817,3,5,OUT,SALE,8,2025-03-31,0,
8818,3,5,OUT,SALE,6,2025-04-01,0,
8819,3,5,OUT,SALE,6,2025-04-02,0,
8820,3,5,OUT,SALE,5,2025-04-03,0,
8821,3,5,OUT,SALE,4,2025-04-04,0,
8822,3,5,OUT,SALE,7,2025-04-05,0,
8823,3,5,OUT,SALE,7,2025-04-06,0,
8824,3,5,OUT,SALE,5,2025-04-07,0,
8825,3,5,OUT,SALE,6,2025-04-08,0,
8826,3,5,OUT,SALE,7,2025-04-09,0,
8827,3,5,OUT,SALE,4,2025-04-10,0,
8828,3,5,OUT,SALE,6,2025-04-11,0,
8829,3,5,OUT,SALE,5,2025-04-12,0,
8830,3,5,OUT,SALE,7,2025-04-13,0,
8831,3,5,OUT,SALE,6,2025-04-14,0,
8832,3,5,OUT,SALE,6,2025-04-15,0,
8833,3,5,OUT,SALE,5,2025-04-16,0,
8834,3,5,OUT,SALE,4,2025-04-17,0,
8835,3,5,OUT,SALE,5,2025-04-18,0,
8836,3,5,OUT,SALE,7,2025-04-19,0,
8837,3,5,OUT,SALE,7,2025-04-20,0,
8838,3,5,OUT,SALE,5,2025-04-21,0,
8839,3,5,OUT,SALE,6,2025-04-22,0,
8840,3,5,OUT,SALE,5,2025-04-23,0,
8841,3,5,OUT,SALE,6,2025-04-24,0,
8842,3,5,OUT,SALE,5,2025-04-25,0,
8843,3,5,OUT,SALE,7,2025-04-26,0,
8844,3,5,OUT,SALE,7,2025-04-27,0,
8845,3,5,OUT,SALE,5,2025-04-28,0,
8846,3,5,OUT,SALE,5,2025-04-29,0,
8847,3,5,OUT,SALE,6,2025-04-30,0,
8848,3,5,OUT,SALE,4,2025-05-01,0,
8849,3,5,OUT,SALE,3,2025-05-02,0,
8850,3,5,OUT,SALE,5,2025-05-03,0,
8851,3,5,OUT,SALE,5,2025-05-04,0,
8852,3,5,OUT,SALE,3,2025-05-05,0,
8853,3,5,OUT,SALE,3,2025-05-06,0,
8854,3,5,OUT,SALE,3,2025-05-07,0,
8855,3,5,OUT,SALE,3,2025-05-08,0,
8856,3,5,OUT,SALE,3,2025-05-09,0,
8857,3,5,OUT,SALE,4,2025-05-10,0,
8858,3,5,OUT,SALE,5,2025-05-11,0,
8859,3,5,OUT,SALE,3,2025-05-12,0,
8860,3,5,OUT,SALE,3,2025-05-13,0,
8861,3,5,OUT,SALE,3,2025-05-14,0,
8862,3,5,OUT,SALE,4,2025-05-15,0,
8863,3,5,OUT,SALE,3,2025-05-16,0,
8864,3,5,OUT,SALE,4,2025-05-17,0,
8865,3,5,OUT,SALE,4,2025-05-18,0,
8866,3,5,OUT,SALE,3,2025-05-19,0,
8867,3,5,OUT,SALE,4,2025-05-20,0,
8868,3,5,OUT,SALE,3,2025-05-21,0,
8869,3,5,OUT,SALE,3,2025-05-22,0,
8870,3,5,OUT,SALE,3,2025-05-23,0,
8871,3,5,OUT,SALE,4,2025-05-24,0,
8872,3,5,OUT,SALE,4,2025-05-25,0,
8873,3,5,OUT,SALE,3,2025-05-26,0,
8874,3,5,OUT,SALE,4,2025-05-27,0,
8875,3,5,OUT,SALE,4,2025-05-28,0,
8876,3,5,OUT,SALE,4,2025-05-29,0,
8877,3,5,OUT,SALE,4,2025-05-30,0,
8878,3,5,OUT,SALE,3,2025-05-31,0,
8879,3,5,OUT,SALE,3,2025-06-01,0,
8880,3,5,OUT,SALE,3,2025-06-02,0,
8881,3,5,OUT,SALE,3,2025-06-03,0,
8882,3,5,OUT,SALE,3,2025-06-04,0,
8883,3,5,OUT,SALE,2,2025-06-05,0,
8884,3,5,OUT,SALE,3,2025-06-06,0,
8885,3,5,OUT,SALE,3,2025-06-07,0,
8886,3,5,OUT,SALE,3,2025-06-08,0,
8887,3,5,OUT,SALE,3,2025-06-09,0,
8888,3,5,OUT,SALE,2,2025-06-10,0,
8889,3,5,OUT,SALE,2,2025-06-11,0,
8890,3,5,OUT,SALE,3,2025-06-12,0,
8891,3,5,OUT,SALE,3,2025-06-13,0,
8892,3,5,OUT,SALE,3,2025-06-14,0,
8893,3,5,OUT,SALE,3,2025-06-15,0,
8894,3,5,OUT,SALE,2,2025-06-16,0,
8895,3,5,OUT,SALE,3,2025-06-17,0,
8896,3,5,OUT,SALE,3,2025-06-18,0,
8897,3,5,OUT,SALE,2,2025-06-19,0,
8898,3,5,OUT,SALE,3,2025-06-20,0,
8899,3,5,OUT,SALE,3,2025-06-21,0,
8900,3,5,OUT,SALE,3,2025-06-22,0,
8901,3,5,OUT,SALE,2,2025-06-23,0,
8902,3,5,OUT,SALE,2,2025-06-24,0,
8903,3,5,OUT,SALE,3,2025-06-25,0,
8904,3,5,OUT,SALE,2,2025-06-26,0,
8905,3,5,OUT,SALE,2,2025-06-27,0,
8906,3,5,OUT,SALE,3,2025-06-28,0,
8907,3,5,OUT,SALE,2,2025-06-29,0,
8908,3,5,OUT,SALE,2,2025-06-30,0,
8909,3,5,OUT,SALE,3,2025-07-01,0,
8910,3,5,OUT,SALE,3,2025-07-02,0,
8911,3,5,OUT,SALE,4,2025-07-03,0,
8912,3,5,OUT,SALE,3,2025-07-04,0,
8913,3,5,OUT,SALE,5,2025-07-05,0,
8914,3,5,OUT,SALE,4,2025-07-06,0,
8915,3,5,OUT,SALE,3,2025-07-07,0,
8916,3,5,OUT,DAMAGE,25,2025-07-08,1,THEFT_SPIKE
8917,3,5,OUT,SALE,3,2025-07-09,0,
8918,3,5,OUT,SALE,4,2025-07-10,0,
8919,3,5,OUT,SALE,4,2025-07-11,0,
8920,3,5,OUT,SALE,3,2025-07-12,0,
8921,3,5,OUT,SALE,4,2025-07-13,0,
8922,3,5,OUT,SALE,4,2025-07-14,0,
8923,3,5,OUT,SALE,4,2025-07-15,0,
8924,3,5,OUT,SALE,3,2025-07-16,0,
8925,3,5,OUT,DAMAGE,30,2025-07-17,1,THEFT_SPIKE
8926,3,5,OUT,SALE,3,2025-07-18,0,
8927,3,5,OUT,SALE,5,2025-07-19,0,
8928,3,5,OUT,SALE,9,2025-07-20,0,
8929,3,5,OUT,SALE,6,2025-07-21,0,
8930,3,5,OUT,SALE,6,2025-07-22,0,
8931,3,5,OUT,SALE,6,2025-07-23,0,
8932,3,5,OUT,SALE,8,2025-07-24,0,
8933,3,5,OUT,SALE,6,2025-07-25,0,
8934,3,5,OUT,SALE,4,2025-07-26,0,
8935,3,5,OUT,SALE,4,2025-07-27,0,
8936,3,5,OUT,SALE,3,2025-07-28,0,
8937,3,5,OUT,SALE,3,2025-07-29,0,
8938,3,5,OUT,SALE,3,2025-07-30,0,
8939,3,5,OUT,SALE,4,2025-07-31,0,
8940,3,5,OUT,SALE,5,2025-08-01,0,
8941,3,5,OUT,SALE,6,2025-08-02,0,
8942,3,5,OUT,SALE,7,2025-08-03,0,
8943,3,5,OUT,SALE,6,2025-08-04,0,
8944,3,5,OUT,SALE,6,2025-08-05,0,
8945,3,5,OUT,SALE,5,2025-08-06,0,
8946,3,5,OUT,SALE,5,2025-08-07,0,
8947,3,5,OUT,SALE,6,2025-08-08,0,
8948,3,5,OUT,SALE,5,2025-08-09,0,
8949,3,5,OUT,SALE,6,2025-08-10,0,
8950,3,5,OUT,SALE,6,2025-08-11,0,
8951,3,5,OUT,SALE,5,2025-08-12,0,
8952,3,5,OUT,SALE,6,2025-08-13,0,
8953,3,5,OUT,SALE,6,2025-08-14,0,
8954,3,5,OUT,SALE,5,2025-08-15,0,
8955,3,5,OUT,SALE,7,2025-08-16,0,
8956,3,5,OUT,SALE,6,2025-08-17,0,
8957,3,5,OUT,SALE,6,2025-08-18,0,
8958,3,5,OUT,SALE,5,2025-08-19,0,
8959,3,5,OUT,SALE,6,2025-08-20,0,
8960,3,5,OUT,SALE,6,2025-08-21,0,
8961,3,5,OUT,SALE,5,2025-08-22,0,
8962,3,5,OUT,SALE,5,2025-08-23,0,
8963,3,5,OUT,SALE,5,2025-08-24,0,
8964,3,5,OUT,SALE,6,2025-08-25,0,
8965,3,5,OUT,SALE,6,2025-08-26,0,
8966,3,5,OUT,SALE,6,2025-08-27,0,
8967,3,5,OUT,SALE,5,2025-08-28,0,
8968,3,5,OUT,SALE,5,2025-08-29,0,
8969,3,5,OUT,SALE,6,2025-08-30,0,
8970,3,5,OUT,SALE,7,2025-08-31,0,
8971,3,5,OUT,SALE,8,2025-09-01,0,
8972,3,5,OUT,SALE,9,2025-09-02,0,
8973,3,5,OUT,SALE,7,2025-09-03,0,
8974,3,5,OUT,SALE,9,2025-09-04,0,
8975,3,5,OUT,SALE,8,2025-09-05,0,
8976,3,5,OUT,SALE,11,2025-09-06,0,
8977,3,5,OUT,SALE,11,2025-09-07,0,
8978,3,5,OUT,SALE,8,2025-09-08,0,
8979,3,5,OUT,SALE,8,2025-09-09,0,
8980,3,5,OUT,SALE,8,2025-09-10,0,
8981,3,5,OUT,SALE,7,2025-09-11,0,
8982,3,5,OUT,SALE,8,2025-09-12,0,
8983,3,5,OUT,SALE,10,2025-09-13,0,
8984,3,5,OUT,SALE,10,2025-09-14,0,
8985,3,5,OUT,SALE,9,2025-09-15,0,
8986,3,5,OUT,SALE,8,2025-09-16,0,
8987,3,5,OUT,SALE,9,2025-09-17,0,
8988,3,5,OUT,SALE,9,2025-09-18,0,
8989,3,5,OUT,SALE,9,2025-09-19,0,
8990,3,5,OUT,SALE,8,2025-09-20,0,
8991,3,5,OUT,SALE,5,2025-09-21,0,
8992,3,5,OUT,DAMAGE,72,2025-09-22,1,THEFT_SPIKE
8993,3,5,OUT,SALE,7,2025-09-23,0,
8994,3,5,OUT,SALE,8,2025-09-24,0,
8995,3,5,OUT,SALE,8,2025-09-25,0,
8996,3,5,OUT,SALE,10,2025-09-26,0,
8997,3,5,OUT,SALE,10,2025-09-27,0,
8998,3,5,OUT,SALE,10,2025-09-28,0,
8999,3,5,OUT,SALE,9,2025-09-29,0,
9000,3,5,OUT,SALE,17,2025-09-30,0,
9001,3,5,OUT,SALE,21,2025-10-01,0,
9002,3,5,OUT,SALE,25,2025-10-02,0,
9003,3,5,OUT,SALE,19,2025-10-03,0,
9004,3,5,OUT,SALE,14,2025-10-04,0,
9005,3,5,OUT,SALE,11,2025-10-05,0,
9006,3,5,OUT,SALE,12,2025-10-06,0,
9007,3,5,OUT,SALE,12,2025-10-07,0,
9008,3,5,OUT,SALE,14,2025-10-08,0,
9009,3,5,OUT,SALE,9,2025-10-09,0,
9010,3,5,OUT,SALE,11,2025-10-10,0,
9011,3,5,OUT,SALE,15,2025-10-11,0,
9012,3,5,OUT,SALE,14,2025-10-12,0,
9013,3,5,OUT,SALE,12,2025-10-13,0,
9014,3,5,OUT,SALE,10,2025-10-14,0,
9015,3,5,OUT,SALE,11,2025-10-15,0,
9016,3,5,OUT,SALE,13,2025-10-16,0,
9017,3,5,OUT,SALE,11,2025-10-17,0,
9018,3,5,OUT,SALE,14,2025-10-18,0,
9019,3,5,OUT,SALE,13,2025-10-19,0,
9020,3,5,OUT,SALE,10,2025-10-20,0,
9021,3,5,OUT,SALE,13,2025-10-21,0,
9022,3,5,OUT,SALE,12,2025-10-22,0,
9023,3,5,OUT,SALE,15,2025-10-23,0,
9024,3,5,OUT,SALE,10,2025-10-24,0,
9025,3,5,OUT,SALE,15,2025-10-25,0,
9026,3,5,OUT,SALE,11,2025-10-26,0,
9027,3,5,OUT,SALE,12,2025-10-27,0,
9028,3,5,OUT,SALE,13,2025-10-28,0,
9029,3,5,OUT,SALE,9,2025-10-29,0,
9030,3,5,OUT,SALE,11,2025-10-30,0,
9031,3,5,OUT,SALE,11,2025-10-31,0,
9032,3,5,OUT,SALE,14,2025-11-01,0,
9033,3,5,OUT,SALE,16,2025-11-02,0,
9034,3,5,OUT,SALE,16,2025-11-03,0,
9035,3,5,OUT,SALE,13,2025-11-04,0,
9036,3,5,OUT,SALE,14,2025-11-05,0,
9037,3,5,OUT,SALE,14,2025-11-06,0,
9038,3,5,OUT,SALE,14,2025-11-07,0,
9039,3,5,OUT,SALE,14,2025-11-08,0,
9040,3,5,OUT,SALE,18,2025-11-09,0,
9041,3,5,OUT,SALE,14,2025-11-10,0,
9042,3,5,OUT,SALE,14,2025-11-11,0,
9043,3,5,OUT,SALE,12,2025-11-12,0,
9044,3,5,OUT,SALE,13,2025-11-13,0,
9045,3,5,OUT,SALE,13,2025-11-14,0,
9046,3,5,OUT,SALE,13,2025-11-15,0,
9047,3,5,OUT,SALE,13,2025-11-16,0,
9048,3,5,OUT,SALE,13,2025-11-17,0,
9049,3,5,OUT,SALE,15,2025-11-18,0,
9050,3,5,OUT,SALE,13,2025-11-19,0,
9051,3,5,OUT,DAMAGE,81,2025-11-20,1,THEFT_SPIKE
9052,3,5,OUT,SALE,12,2025-11-21,0,
9053,3,5,OUT,SALE,15,2025-11-22,0,
9054,3,5,OUT,SALE,15,2025-11-23,0,
9055,3,5,OUT,SALE,17,2025-11-24,0,
9056,3,5,OUT,SALE,15,2025-11-25,0,
9057,3,5,OUT,SALE,15,2025-11-26,0,
9058,3,5,OUT,SALE,16,2025-11-27,0,
9059,3,5,OUT,SALE,30,2025-11-28,0,
9060,3,5,OUT,SALE,34,2025-11-29,0,
9061,3,5,OUT,SALE,34,2025-11-30,0,
9062,3,5,OUT,SALE,17,2025-12-01,0,
9063,3,5,OUT,SALE,14,2025-12-02,0,
9064,3,5,OUT,SALE,12,2025-12-03,0,
9065,3,5,OUT,SALE,14,2025-12-04,0,
9066,3,5,OUT,SALE,14,2025-12-05,0,
9067,3,5,OUT,SALE,17,2025-12-06,0,
9068,3,5,OUT,SALE,17,2025-12-07,0,
9069,3,5,OUT,SALE,13,2025-12-08,0,
9070,3,5,OUT,DAMAGE,110,2025-12-09,1,THEFT_SPIKE
9071,3,5,OUT,SALE,13,2025-12-10,0,
9072,3,5,OUT,SALE,14,2025-12-11,0,
9073,3,5,OUT,SALE,16,2025-12-12,0,
9074,3,5,OUT,SALE,15,2025-12-13,0,
9075,3,5,OUT,SALE,16,2025-12-14,0,
9076,3,5,OUT,SALE,16,2025-12-15,0,
9077,3,5,OUT,SALE,13,2025-12-16,0,
9078,3,5,OUT,SALE,14,2025-12-17,0,
9079,3,5,OUT,SALE,15,2025-12-18,0,
9080,3,5,OUT,SALE,18,2025-12-19,0,
9081,3,5,OUT,SALE,18,2025-12-20,0,
9082,3,5,OUT,SALE,18,2025-12-21,0,
9083,3,5,OUT,SALE,15,2025-12-22,0,
9084,3,5,OUT,SALE,13,2025-12-23,0,
9085,3,5,OUT,SALE,25,2025-12-24,0,
9086,3,5,OUT,SALE,25,2025-12-25,0,
9087,3,5,OUT,SALE,26,2025-12-26,0,
9088,3,5,OUT,SALE,17,2025-12-27,0,
9089,3,5,OUT,SALE,17,2025-12-28,0,
9090,3,5,OUT,SALE,14,2025-12-29,0,
9091,3,5,OUT,SALE,15,2025-12-30,0,
9092,3,5,OUT,SALE,12,2025-12-31,0,
9093,3,6,OUT,SALE,1,2025-01-01,0,
9094,3,6,OUT,SALE,2,2025-01-02,0,
9095,3,6,OUT,SALE,1,2025-01-03,0,
9096,3,6,OUT,SALE,2,2025-01-04,0,
9097,3,6,OUT,SALE,2,2025-01-05,0,
9098,3,6,OUT,SALE,1,2025-01-06,0,
9099,3,6,OUT,SALE,1,2025-01-07,0,
9100,3,6,OUT,SALE,2,2025-01-08,0,
9101,3,6,OUT,SALE,1,2025-01-09,0,
9102,3,6,OUT,SALE,1,2025-01-10,0,
9103,3,6,OUT,SALE,1,2025-01-11,0,
9104,3,6,OUT,SALE,2,2025-01-12,0,
9105,3,6,OUT,SALE,1,2025-01-13,0,
9106,3,6,OUT,SALE,1,2025-01-14,0,
9107,3,6,OUT,SALE,1,2025-01-15,0,
9108,3,6,OUT,SALE,1,2025-01-16,0,
9109,3,6,OUT,SALE,1,2025-01-17,0,
9110,3,6,OUT,SALE,1,2025-01-18,0,
9111,3,6,OUT,SALE,2,2025-01-19,0,
9112,3,6,OUT,SALE,1,2025-01-20,0,
9113,3,6,OUT,SALE,1,2025-01-21,0,
9114,3,6,OUT,SALE,1,2025-01-22,0,
9115,3,6,OUT,SALE,1,2025-01-23,0,
9116,3,6,OUT,SALE,1,2025-01-24,0,
9117,3,6,OUT,SALE,3,2025-01-25,0,
9118,3,6,OUT,SALE,3,2025-01-26,0,
9119,3,6,OUT,SALE,3,2025-01-27,0,
9120,3,6,OUT,SALE,3,2025-01-28,0,
9121,3,6,OUT,SALE,1,2025-01-29,0,
9122,3,6,OUT,SALE,1,2025-01-30,0,
9123,3,6,OUT,SALE,1,2025-01-31,0,
9124,3,6,OUT,SALE,3,2025-02-01,0,
9125,3,6,OUT,SALE,3,2025-02-02,0,
9126,3,6,OUT,SALE,2,2025-02-03,0,
9127,3,6,OUT,SALE,3,2025-02-04,0,
9128,3,6,OUT,SALE,3,2025-02-05,0,
9129,3,6,OUT,SALE,3,2025-02-06,0,
9130,3,6,OUT,SALE,3,2025-02-07,0,
9131,3,6,OUT,SALE,3,2025-02-08,0,
9132,3,6,OUT,SALE,3,2025-02-09,0,
9133,3,6,OUT,SALE,2,2025-02-10,0,
9134,3,6,OUT,SALE,3,2025-02-11,0,
9135,3,6,OUT,SALE,3,2025-02-12,0,
9136,3,6,OUT,SALE,2,2025-02-13,0,
9137,3,6,OUT,SALE,3,2025-02-14,0,
9138,3,6,OUT,SALE,3,2025-02-15,0,
9139,3,6,OUT,SALE,3,2025-02-16,0,
9140,3,6,OUT,SALE,2,2025-02-17,0,
9141,3,6,OUT,SALE,2,2025-02-18,0,
9142,3,6,OUT,SALE,2,2025-02-19,0,
9143,3,6,OUT,SALE,2,2025-02-20,0,
9144,3,6,OUT,SALE,3,2025-02-21,0,
9145,3,6,OUT,SALE,3,2025-02-22,0,
9146,3,6,OUT,SALE,3,2025-02-23,0,
9147,3,6,OUT,SALE,2,2025-02-24,0,
9148,3,6,OUT,SALE,2,2025-02-25,0,
9149,3,6,OUT,SALE,3,2025-02-26,0,
9150,3,6,OUT,SALE,3,2025-02-27,0,
9151,3,6,OUT,SALE,2,2025-02-28,0,
9152,3,6,OUT,SALE,5,2025-03-01,0,
9153,3,6,OUT,SALE,6,2025-03-02,0,
9154,3,6,OUT,SALE,5,2025-03-03,0,
9155,3,6,OUT,SALE,5,2025-03-04,0,
9156,3,6,OUT,SALE,5,2025-03-05,0,
9157,3,6,OUT,SALE,5,2025-03-06,0,
9158,3,6,OUT,SALE,6,2025-03-07,0,
9159,3,6,OUT,SALE,5,2025-03-08,0,
9160,3,6,OUT,SALE,5,2025-03-09,0,
9161,3,6,OUT,SALE,5,2025-03-10,0,
9162,3,6,OUT,SALE,6,2025-03-11,0,
9163,3,6,OUT,SALE,6,2025-03-12,0,
9164,3,6,OUT,SALE,6,2025-03-13,0,
9165,3,6,OUT,SALE,5,2025-03-14,0,
9166,3,6,OUT,SALE,7,2025-03-15,0,
9167,3,6,OUT,SALE,7,2025-03-16,0,
9168,3,6,OUT,SALE,8,2025-03-17,0,
9169,3,6,OUT,SALE,8,2025-03-18,0,
9170,3,6,OUT,SALE,6,2025-03-19,0,
9171,3,6,OUT,SALE,6,2025-03-20,0,
9172,3,6,OUT,SALE,5,2025-03-21,0,
9173,3,6,OUT,SALE,5,2025-03-22,0,
9174,3,6,OUT,SALE,5,2025-03-23,0,
9175,3,6,OUT,SALE,5,2025-03-24,0,
9176,3,6,OUT,SALE,6,2025-03-25,0,
9177,3,6,OUT,SALE,5,2025-03-26,0,
9178,3,6,OUT,SALE,5,2025-03-27,0,
9179,3,6,OUT,SALE,6,2025-03-28,0,
9180,3,6,OUT,SALE,6,2025-03-29,0,
9181,3,6,OUT,SALE,5,2025-03-30,0,
9182,3,6,OUT,SALE,5,2025-03-31,0,
9183,3,6,OUT,SALE,10,2025-04-01,0,
9184,3,6,OUT,SALE,9,2025-04-02,0,
9185,3,6,OUT,SALE,11,2025-04-03,0,
9186,3,6,OUT,SALE,10,2025-04-04,0,
9187,3,6,OUT,SALE,10,2025-04-05,0,
9188,3,6,OUT,SALE,10,2025-04-06,0,
9189,3,6,OUT,SALE,9,2025-04-07,0,
9190,3,6,OUT,SALE,8,2025-04-08,0,
9191,3,6,OUT,SALE,8,2025-04-09,0,
9192,3,6,OUT,SALE,10,2025-04-10,0,
9193,3,6,OUT,SALE,10,2025-04-11,0,
9194,3,6,OUT,SALE,11,2025-04-12,0,
9195,3,6,OUT,SALE,12,2025-04-13,0,
9196,3,6,OUT,SALE,8,2025-04-14,0,
9197,3,6,OUT,SALE,11,2025-04-15,0,
9198,3,6,OUT,SALE,8,2025-04-16,0,
9199,3,6,OUT,SALE,8,2025-04-17,0,
9200,3,6,OUT,SALE,7,2025-04-18,0,
9201,3,6,OUT,SALE,10,2025-04-19,0,
9202,3,6,OUT,SALE,10,2025-04-20,0,
9203,3,6,OUT,SALE,10,2025-04-21,0,
9204,3,6,OUT,SALE,9,2025-04-22,0,
9205,3,6,OUT,SALE,8,2025-04-23,0,
9206,3,6,OUT,SALE,9,2025-04-24,0,
9207,3,6,OUT,SALE,9,2025-04-25,0,
9208,3,6,OUT,SALE,8,2025-04-26,0,
9209,3,6,OUT,SALE,9,2025-04-27,0,
9210,3,6,OUT,SALE,8,2025-04-28,0,
9211,3,6,OUT,SALE,11,2025-04-29,0,
9212,3,6,OUT,SALE,9,2025-04-30,0,
9213,3,6,OUT,SALE,14,2025-05-01,0,
9214,3,6,OUT,SALE,10,2025-05-02,0,
9215,3,6,OUT,SALE,17,2025-05-03,0,
9216,3,6,OUT,SALE,17,2025-05-04,0,
9217,3,6,OUT,SALE,10,2025-05-05,0,
9218,3,6,OUT,SALE,12,2025-05-06,0,
9219,3,6,OUT,SALE,14,2025-05-07,0,
9220,3,6,OUT,SALE,14,2025-05-08,0,
9221,3,6,OUT,SALE,12,2025-05-09,0,
9222,3,6,OUT,SALE,14,2025-05-10,0,
9223,3,6,OUT,SALE,14,2025-05-11,0,
9224,3,6,OUT,SALE,13,2025-05-12,0,
9225,3,6,OUT,SALE,15,2025-05-13,0,
9226,3,6,OUT,SALE,12,2025-05-14,0,
9227,3,6,OUT,SALE,14,2025-05-15,0,
9228,3,6,OUT,SALE,12,2025-05-16,0,
9229,3,6,OUT,DAMAGE,71,2025-05-17,1,OFF_HOURS_BULK
9230,3,6,OUT,SALE,16,2025-05-18,0,
9231,3,6,OUT,SALE,14,2025-05-19,0,
9232,3,6,OUT,SALE,14,2025-05-20,0,
9233,3,6,OUT,SALE,11,2025-05-21,0,
9234,3,6,OUT,SALE,12,2025-05-22,0,
9235,3,6,OUT,SALE,14,2025-05-23,0,
9236,3,6,OUT,SALE,15,2025-05-24,0,
9237,3,6,OUT,SALE,13,2025-05-25,0,
9238,3,6,OUT,SALE,13,2025-05-26,0,
9239,3,6,OUT,SALE,12,2025-05-27,0,
9240,3,6,OUT,SALE,16,2025-05-28,0,
9241,3,6,OUT,SALE,15,2025-05-29,0,
9242,3,6,OUT,SALE,14,2025-05-30,0,
9243,3,6,OUT,SALE,17,2025-05-31,0,
9244,3,6,OUT,SALE,18,2025-06-01,0,
9245,3,6,OUT,SALE,17,2025-06-02,0,
9246,3,6,OUT,SALE,18,2025-06-03,0,
9247,3,6,OUT,SALE,16,2025-06-04,0,
9248,3,6,OUT,SALE,15,2025-06-05,0,
9249,3,6,OUT,SALE,12,2025-06-06,0,
9250,3,6,OUT,SALE,18,2025-06-07,0,
9251,3,6,OUT,SALE,20,2025-06-08,0,
9252,3,6,OUT,SALE,17,2025-06-09,0,
9253,3,6,OUT,SALE,17,2025-06-10,0,
9254,3,6,OUT,SALE,15,2025-06-11,0,
9255,3,6,OUT,SALE,12,2025-06-12,0,
9256,3,6,OUT,SALE,15,2025-06-13,0,
9257,3,6,OUT,SALE,17,2025-06-14,0,
9258,3,6,OUT,SALE,17,2025-06-15,0,
9259,3,6,OUT,SALE,17,2025-06-16,0,
9260,3,6,OUT,SALE,19,2025-06-17,0,
9261,3,6,OUT,SALE,16,2025-06-18,0,
9262,3,6,OUT,SALE,15,2025-06-19,0,
9263,3,6,OUT,SALE,15,2025-06-20,0,
9264,3,6,OUT,SALE,18,2025-06-21,0,
9265,3,6,OUT,SALE,16,2025-06-22,0,
9266,3,6,OUT,SALE,16,2025-06-23,0,
9267,3,6,OUT,SALE,16,2025-06-24,0,
9268,3,6,OUT,SALE,16,2025-06-25,0,
9269,3,6,OUT,SALE,16,2025-06-26,0,
9270,3,6,OUT,SALE,16,2025-06-27,0,
9271,3,6,OUT,SALE,14,2025-06-28,0,
9272,3,6,OUT,SALE,19,2025-06-29,0,
9273,3,6,OUT,DAMAGE,101,2025-06-30,1,THEFT_SPIKE
9274,3,6,OUT,SALE,14,2025-07-01,0,
9275,3,6,OUT,SALE,14,2025-07-02,0,
9276,3,6,OUT,SALE,17,2025-07-03,0,
9277,3,6,OUT,SALE,16,2025-07-04,0,
9278,3,6,OUT,SALE,15,2025-07-05,0,
9279,3,6,OUT,SALE,20,2025-07-06,0,
9280,3,6,OUT,SALE,14,2025-07-07,0,
9281,3,6,OUT,SALE,17,2025-07-08,0,
9282,3,6,OUT,SALE,17,2025-07-09,0,
9283,3,6,OUT,SALE,18,2025-07-10,0,
9284,3,6,OUT,SALE,20,2025-07-11,0,
9285,3,6,OUT,SALE,16,2025-07-12,0,
9286,3,6,OUT,SALE,19,2025-07-13,0,
9287,3,6,OUT,SALE,16,2025-07-14,0,
9288,3,6,OUT,SALE,17,2025-07-15,0,
9289,3,6,OUT,SALE,17,2025-07-16,0,
9290,3,6,OUT,SALE,16,2025-07-17,0,
9291,3,6,OUT,SALE,16,2025-07-18,0,
9292,3,6,OUT,SALE,17,2025-07-19,0,
9293,3,6,OUT,SALE,47,2025-07-20,0,
9294,3,6,OUT,SALE,39,2025-07-21,0,
9295,3,6,OUT,SALE,41,2025-07-22,0,
9296,3,6,OUT,SALE,35,2025-07-23,0,
9297,3,6,OUT,SALE,34,2025-07-24,0,
9298,3,6,OUT,SALE,32,2025-07-25,0,
9299,3,6,OUT,SALE,20,2025-07-26,0,
9300,3,6,OUT,SALE,17,2025-07-27,0,
9301,3,6,OUT,SALE,20,2025-07-28,0,
9302,3,6,OUT,SALE,14,2025-07-29,0,
9303,3,6,OUT,SALE,17,2025-07-30,0,
9304,3,6,OUT,SALE,20,2025-07-31,0,
9305,3,6,OUT,SALE,17,2025-08-01,0,
9306,3,6,OUT,SALE,18,2025-08-02,0,
9307,3,6,OUT,SALE,16,2025-08-03,0,
9308,3,6,OUT,SALE,13,2025-08-04,0,
9309,3,6,OUT,SALE,17,2025-08-05,0,
9310,3,6,OUT,SALE,18,2025-08-06,0,
9311,3,6,OUT,SALE,15,2025-08-07,0,
9312,3,6,OUT,SALE,13,2025-08-08,0,
9313,3,6,OUT,SALE,13,2025-08-09,0,
9314,3,6,OUT,SALE,16,2025-08-10,0,
9315,3,6,OUT,SALE,15,2025-08-11,0,
9316,3,6,OUT,SALE,19,2025-08-12,0,
9317,3,6,OUT,SALE,17,2025-08-13,0,
9318,3,6,OUT,SALE,16,2025-08-14,0,
9319,3,6,OUT,SALE,15,2025-08-15,0,
9320,3,6,OUT,SALE,17,2025-08-16,0,
9321,3,6,OUT,SALE,21,2025-08-17,0,
9322,3,6,OUT,SALE,16,2025-08-18,0,
9323,3,6,OUT,SALE,12,2025-08-19,0,
9324,3,6,OUT,SALE,14,2025-08-20,0,
9325,3,6,OUT,SALE,9999,2025-08-21,1,DATA_ERROR
9326,3,6,OUT,DAMAGE,30,2025-08-22,1,REPEATED_LOSS
9327,3,6,OUT,SALE,19,2025-08-23,0,
9328,3,6,OUT,SALE,18,2025-08-24,0,
9329,3,6,OUT,SALE,15,2025-08-25,0,
9330,3,6,OUT,SALE,18,2025-08-26,0,
9331,3,6,OUT,SALE,14,2025-08-27,0,
9332,3,6,OUT,SALE,19,2025-08-28,0,
9333,3,6,OUT,SALE,14,2025-08-29,0,
9334,3,6,OUT,SALE,18,2025-08-30,0,
9335,3,6,OUT,SALE,17,2025-08-31,0,
9336,3,6,OUT,SALE,13,2025-09-01,0,
9337,3,6,OUT,SALE,13,2025-09-02,0,
9338,3,6,OUT,SALE,13,2025-09-03,0,
9339,3,6,OUT,SALE,12,2025-09-04,0,
9340,3,6,OUT,SALE,11,2025-09-05,0,
9341,3,6,OUT,SALE,19,2025-09-06,0,
9342,3,6,OUT,SALE,14,2025-09-07,0,
9343,3,6,OUT,SALE,14,2025-09-08,0,
9344,3,6,OUT,SALE,10,2025-09-09,0,
9345,3,6,OUT,SALE,12,2025-09-10,0,
9346,3,6,OUT,SALE,13,2025-09-11,0,
9347,3,6,OUT,SALE,14,2025-09-12,0,
9348,3,6,OUT,SALE,10,2025-09-13,0,
9349,3,6,OUT,SALE,15,2025-09-14,0,
9350,3,6,OUT,SALE,11,2025-09-15,0,
9351,3,6,OUT,SALE,13,2025-09-16,0,
9352,3,6,OUT,SALE,11,2025-09-17,0,
9353,3,6,OUT,SALE,11,2025-09-18,0,
9354,3,6,OUT,SALE,12,2025-09-19,0,
9355,3,6,OUT,SALE,13,2025-09-20,0,
9356,3,6,OUT,SALE,14,2025-09-21,0,
9357,3,6,OUT,SALE,11,2025-09-22,0,
9358,3,6,OUT,SALE,10,2025-09-23,0,
9359,3,6,OUT,SALE,14,2025-09-24,0,
9360,3,6,OUT,SALE,11,2025-09-25,0,
9361,3,6,OUT,SALE,13,2025-09-26,0,
9362,3,6,OUT,SALE,16,2025-09-27,0,
9363,3,6,OUT,SALE,14,2025-09-28,0,
9364,3,6,OUT,SALE,12,2025-09-29,0,
9365,3,6,OUT,SALE,25,2025-09-30,0,
9366,3,6,OUT,SALE,19,2025-10-01,0,
9367,3,6,OUT,SALE,15,2025-10-02,0,
9368,3,6,OUT,SALE,17,2025-10-03,0,
9369,3,6,OUT,SALE,8,2025-10-04,0,
9370,3,6,OUT,SALE,10,2025-10-05,0,
9371,3,6,OUT,SALE,9,2025-10-06,0,
9372,3,6,OUT,SALE,8,2025-10-07,0,
9373,3,6,OUT,SALE,8,2025-10-08,0,
9374,3,6,OUT,SALE,7,2025-10-09,0,
9375,3,6,OUT,SALE,9,2025-10-10,0,
9376,3,6,OUT,SALE,12,2025-10-11,0,
9377,3,6,OUT,SALE,9,2025-10-12,0,
9378,3,6,OUT,SALE,8,2025-10-13,0,
9379,3,6,OUT,SALE,10,2025-10-14,0,
9380,3,6,OUT,SALE,10,2025-10-15,0,
9381,3,6,OUT,SALE,7,2025-10-16,0,
9382,3,6,OUT,SALE,9,2025-10-17,0,
9383,3,6,OUT,SALE,11,2025-10-18,0,
9384,3,6,OUT,SALE,10,2025-10-19,0,
9385,3,6,OUT,SALE,6,2025-10-20,0,
9386,3,6,OUT,SALE,10,2025-10-21,0,
9387,3,6,OUT,SALE,11,2025-10-22,0,
9388,3,6,OUT,SALE,9,2025-10-23,0,
9389,3,6,OUT,SALE,8,2025-10-24,0,
9390,3,6,OUT,SALE,10,2025-10-25,0,
9391,3,6,OUT,SALE,13,2025-10-26,0,
9392,3,6,OUT,SALE,10,2025-10-27,0,
9393,3,6,OUT,SALE,10,2025-10-28,0,
9394,3,6,OUT,SALE,9,2025-10-29,0,
9395,3,6,OUT,SALE,8,2025-10-30,0,
9396,3,6,OUT,SALE,9,2025-10-31,0,
9397,3,6,OUT,SALE,6,2025-11-01,0,
9398,3,6,OUT,SALE,6,2025-11-02,0,
9399,3,6,OUT,SALE,6,2025-11-03,0,
9400,3,6,OUT,SALE,6,2025-11-04,0,
9401,3,6,OUT,SALE,4,2025-11-05,0,
9402,3,6,OUT,SALE,5,2025-11-06,0,
9403,3,6,OUT,SALE,6,2025-11-07,0,
9404,3,6,OUT,SALE,6,2025-11-08,0,
9405,3,6,OUT,SALE,5,2025-11-09,0,
9406,3,6,OUT,SALE,7,2025-11-10,0,
9407,3,6,OUT,SALE,4,2025-11-11,0,
9408,3,6,OUT,SALE,4,2025-11-12,0,
9409,3,6,OUT,SALE,5,2025-11-13,0,
9410,3,6,OUT,SALE,6,2025-11-14,0,
9411,3,6,OUT,SALE,5,2025-11-15,0,
9412,3,6,OUT,SALE,6,2025-11-16,0,
9413,3,6,OUT,SALE,6,2025-11-17,0,
9414,3,6,OUT,SALE,5,2025-11-18,0,
9415,3,6,OUT,SALE,5,2025-11-19,0,
9416,3,6,OUT,SALE,6,2025-11-20,0,
9417,3,6,OUT,SALE,5,2025-11-21,0,
9418,3,6,OUT,SALE,7,2025-11-22,0,
9419,3,6,OUT,SALE,7,2025-11-23,0,
9420,3,6,OUT,SALE,5,2025-11-24,0,
9421,3,6,OUT,SALE,5,2025-11-25,0,
9422,3,6,OUT,SALE,5,2025-11-26,0,
9423,3,6,OUT,SALE,5,2025-11-27,0,
9424,3,6,OUT,SALE,13,2025-11-28,0,
9425,3,6,OUT,SALE,15,2025-11-29,0,
9426,3,6,OUT,SALE,17,2025-11-30,0,
9427,3,6,OUT,SALE,3,2025-12-01,0,
9428,3,6,OUT,SALE,2,2025-12-02,0,
9429,3,6,OUT,SALE,2,2025-12-03,0,
9430,3,6,OUT,SALE,2,2025-12-04,0,
9431,3,6,OUT,SALE,2,2025-12-05,0,
9432,3,6,OUT,SALE,3,2025-12-06,0,
9433,3,6,OUT,SALE,3,2025-12-07,0,
9434,3,6,OUT,SALE,2,2025-12-08,0,
9435,3,6,OUT,SALE,2,2025-12-09,0,
9436,3,6,OUT,SALE,2,2025-12-10,0,
9437,3,6,OUT,SALE,3,2025-12-11,0,
9438,3,6,OUT,SALE,2,2025-12-12,0,
9439,3,6,OUT,SALE,3,2025-12-13,0,
9440,3,6,OUT,SALE,3,2025-12-14,0,
9441,3,6,OUT,SALE,3,2025-12-15,0,
9442,3,6,OUT,SALE,2,2025-12-16,0,
9443,3,6,OUT,SALE,2,2025-12-17,0,
9444,3,6,OUT,SALE,2,2025-12-18,0,
9445,3,6,OUT,SALE,3,2025-12-19,0,
9446,3,6,OUT,SALE,3,2025-12-20,0,
9447,3,6,OUT,SALE,3,2025-12-21,0,
9448,3,6,OUT,SALE,2,2025-12-22,0,
9449,3,6,OUT,SALE,2,2025-12-23,0,
9450,3,6,OUT,SALE,4,2025-12-24,0,
9451,3,6,OUT,SALE,4,2025-12-25,0,
9452,3,6,OUT,SALE,3,2025-12-26,0,
9453,3,6,OUT,SALE,2,2025-12-27,0,
9454,3,6,OUT,SALE,2,2025-12-28,0,
9455,3,6,OUT,SALE,2,2025-12-29,0,
9456,3,6,OUT,SALE,2,2025-12-30,0,
9457,3,6,OUT,DAMAGE,23,2025-12-31,1,THEFT_SPIKE
9458,3,7,OUT,SALE,1,2025-01-01,0,
9459,3,7,OUT,SALE,1,2025-01-03,0,
9460,3,7,OUT,SALE,1,2025-01-04,0,
9461,3,7,OUT,SALE,1,2025-01-05,0,
9462,3,7,OUT,SALE,1,2025-01-06,0,
9463,3,7,OUT,SALE,1,2025-01-07,0,
9464,3,7,OUT,SALE,1,2025-01-08,0,
9465,3,7,OUT,SALE,1,2025-01-11,0,
9466,3,7,OUT,SALE,1,2025-01-12,0,
9467,3,7,OUT,SALE,1,2025-01-13,0,
9468,3,7,OUT,SALE,1,2025-01-15,0,
9469,3,7,OUT,SALE,1,2025-01-16,0,
9470,3,7,OUT,SALE,1,2025-01-18,0,
9471,3,7,OUT,SALE,1,2025-01-19,0,
9472,3,7,OUT,SALE,1,2025-01-20,0,
9473,3,7,OUT,SALE,1,2025-01-21,0,
9474,3,7,OUT,SALE,1,2025-01-22,0,
9475,3,7,OUT,SALE,1,2025-01-23,0,
9476,3,7,OUT,SALE,1,2025-01-24,0,
9477,3,7,OUT,SALE,1,2025-01-25,0,
9478,3,7,OUT,SALE,1,2025-01-26,0,
9479,3,7,OUT,SALE,1,2025-01-27,0,
9480,3,7,OUT,SALE,1,2025-01-28,0,
9481,3,7,OUT,SALE,1,2025-01-29,0,
9482,3,7,OUT,SALE,1,2025-01-30,0,
9483,3,7,OUT,SALE,1,2025-01-31,0,
9484,3,7,OUT,SALE,1,2025-02-01,0,
9485,3,7,OUT,SALE,1,2025-02-02,0,
9486,3,7,OUT,SALE,1,2025-02-03,0,
9487,3,7,OUT,SALE,1,2025-02-04,0,
9488,3,7,OUT,SALE,1,2025-02-05,0,
9489,3,7,OUT,SALE,1,2025-02-06,0,
9490,3,7,OUT,SALE,1,2025-02-07,0,
9491,3,7,OUT,SALE,1,2025-02-08,0,
9492,3,7,OUT,SALE,1,2025-02-09,0,
9493,3,7,OUT,SALE,1,2025-02-10,0,
9494,3,7,OUT,SALE,1,2025-02-11,0,
9495,3,7,OUT,SALE,1,2025-02-12,0,
9496,3,7,OUT,SALE,1,2025-02-13,0,
9497,3,7,OUT,SALE,1,2025-02-14,0,
9498,3,7,OUT,SALE,1,2025-02-15,0,
9499,3,7,OUT,SALE,1,2025-02-16,0,
9500,3,7,OUT,SALE,1,2025-02-17,0,
9501,3,7,OUT,SALE,1,2025-02-18,0,
9502,3,7,OUT,SALE,1,2025-02-19,0,
9503,3,7,OUT,SALE,1,2025-02-20,0,
9504,3,7,OUT,SALE,1,2025-02-21,0,
9505,3,7,OUT,SALE,1,2025-02-22,0,
9506,3,7,OUT,SALE,1,2025-02-23,0,
9507,3,7,OUT,SALE,1,2025-02-24,0,
9508,3,7,OUT,SALE,1,2025-02-25,0,
9509,3,7,OUT,SALE,1,2025-02-26,0,
9510,3,7,OUT,SALE,1,2025-02-27,0,
9511,3,7,OUT,SALE,1,2025-02-28,0,
9512,3,7,OUT,SALE,2,2025-03-01,0,
9513,3,7,OUT,SALE,3,2025-03-02,0,
9514,3,7,OUT,SALE,2,2025-03-03,0,
9515,3,7,OUT,SALE,2,2025-03-04,0,
9516,3,7,OUT,SALE,3,2025-03-05,0,
9517,3,7,OUT,SALE,2,2025-03-06,0,
9518,3,7,OUT,SALE,2,2025-03-07,0,
9519,3,7,OUT,SALE,2,2025-03-08,0,
9520,3,7,OUT,SALE,2,2025-03-09,0,
9521,3,7,OUT,SALE,2,2025-03-10,0,
9522,3,7,OUT,SALE,2,2025-03-11,0,
9523,3,7,OUT,SALE,2,2025-03-12,0,
9524,3,7,OUT,SALE,2,2025-03-13,0,
9525,3,7,OUT,SALE,2,2025-03-14,0,
9526,3,7,OUT,SALE,4,2025-03-15,0,
9527,3,7,OUT,SALE,4,2025-03-16,0,
9528,3,7,OUT,SALE,3,2025-03-17,0,
9529,3,7,OUT,SALE,4,2025-03-18,0,
9530,3,7,OUT,SALE,2,2025-03-19,0,
9531,3,7,OUT,SALE,2,2025-03-20,0,
9532,3,7,OUT,SALE,2,2025-03-21,0,
9533,3,7,OUT,SALE,2,2025-03-22,0,
9534,3,7,OUT,SALE,3,2025-03-23,0,
9535,3,7,OUT,SALE,3,2025-03-24,0,
9536,3,7,OUT,SALE,2,2025-03-25,0,
9537,3,7,OUT,SALE,2,2025-03-26,0,
9538,3,7,OUT,SALE,2,2025-03-27,0,
9539,3,7,OUT,SALE,2,2025-03-28,0,
9540,3,7,OUT,SALE,2,2025-03-29,0,
9541,3,7,OUT,SALE,2,2025-03-30,0,
9542,3,7,OUT,SALE,2,2025-03-31,0,
9543,3,7,OUT,SALE,4,2025-04-01,0,
9544,3,7,OUT,SALE,4,2025-04-02,0,
9545,3,7,OUT,SALE,4,2025-04-03,0,
9546,3,7,OUT,SALE,3,2025-04-04,0,
9547,3,7,OUT,SALE,4,2025-04-05,0,
9548,3,7,OUT,SALE,5,2025-04-06,0,
9549,3,7,OUT,SALE,3,2025-04-07,0,
9550,3,7,OUT,SALE,4,2025-04-08,0,
9551,3,7,OUT,SALE,4,2025-04-09,0,
9552,3,7,OUT,SALE,3,2025-04-10,0,
9553,3,7,OUT,SALE,4,2025-04-11,0,
9554,3,7,OUT,SALE,4,2025-04-12,0,
9555,3,7,OUT,SALE,4,2025-04-13,0,
9556,3,7,OUT,SALE,3,2025-04-14,0,
9557,3,7,OUT,SALE,3,2025-04-15,0,
9558,3,7,OUT,SALE,3,2025-04-16,0,
9559,3,7,OUT,SALE,3,2025-04-17,0,
9560,3,7,OUT,SALE,4,2025-04-18,0,
9561,3,7,OUT,SALE,4,2025-04-19,0,
9562,3,7,OUT,SALE,5,2025-04-20,0,
9563,3,7,OUT,SALE,4,2025-04-21,0,
9564,3,7,OUT,SALE,4,2025-04-22,0,
9565,3,7,OUT,SALE,3,2025-04-23,0,
9566,3,7,OUT,SALE,4,2025-04-24,0,
9567,3,7,OUT,SALE,3,2025-04-25,0,
9568,3,7,OUT,SALE,4,2025-04-26,0,
9569,3,7,OUT,SALE,4,2025-04-27,0,
9570,3,7,OUT,SALE,4,2025-04-28,0,
9571,3,7,OUT,SALE,5,2025-04-29,0,
9572,3,7,OUT,SALE,4,2025-04-30,0,
9573,3,7,OUT,SALE,4,2025-05-01,0,
9574,3,7,OUT,SALE,5,2025-05-02,0,
9575,3,7,OUT,SALE,6,2025-05-03,0,
9576,3,7,OUT,SALE,6,2025-05-04,0,
9577,3,7,OUT,SALE,5,2025-05-05,0,
9578,3,7,OUT,SALE,5,2025-05-06,0,
9579,3,7,OUT,SALE,4,2025-05-07,0,
9580,3,7,OUT,SALE,4,2025-05-08,0,
9581,3,7,OUT,SALE,5,2025-05-09,0,
9582,3,7,OUT,SALE,5,2025-05-10,0,
9583,3,7,OUT,SALE,6,2025-05-11,0,
9584,3,7,OUT,SALE,4,2025-05-12,0,
9585,3,7,OUT,SALE,6,2025-05-13,0,
9586,3,7,OUT,SALE,5,2025-05-14,0,
9587,3,7,OUT,SALE,5,2025-05-15,0,
9588,3,7,OUT,SALE,5,2025-05-16,0,
9589,3,7,OUT,SALE,5,2025-05-17,0,
9590,3,7,OUT,SALE,6,2025-05-18,0,
9591,3,7,OUT,SALE,5,2025-05-19,0,
9592,3,7,OUT,SALE,6,2025-05-20,0,
9593,3,7,OUT,SALE,6,2025-05-21,0,
9594,3,7,OUT,SALE,5,2025-05-22,0,
9595,3,7,OUT,SALE,5,2025-05-23,0,
9596,3,7,OUT,SALE,7,2025-05-24,0,
9597,3,7,OUT,SALE,6,2025-05-25,0,
9598,3,7,OUT,SALE,4,2025-05-26,0,
9599,3,7,OUT,SALE,5,2025-05-27,0,
9600,3,7,OUT,SALE,5,2025-05-28,0,
9601,3,7,OUT,SALE,5,2025-05-29,0,
9602,3,7,OUT,SALE,4,2025-05-30,0,
9603,3,7,OUT,SALE,6,2025-05-31,0,
9604,3,7,OUT,SALE,9,2025-06-01,0,
9605,3,7,OUT,SALE,7,2025-06-02,0,
9606,3,7,OUT,SALE,4,2025-06-03,0,
9607,3,7,OUT,SALE,7,2025-06-04,0,
9608,3,7,OUT,SALE,7,2025-06-05,0,
9609,3,7,OUT,SALE,6,2025-06-06,0,
9610,3,7,OUT,SALE,8,2025-06-07,0,
9611,3,7,OUT,SALE,6,2025-06-08,0,
9612,3,7,OUT,SALE,6,2025-06-09,0,
9613,3,7,OUT,SALE,7,2025-06-10,0,
9614,3,7,OUT,SALE,6,2025-06-11,0,
9615,3,7,OUT,SALE,5,2025-06-12,0,
9616,3,7,OUT,SALE,6,2025-06-13,0,
9617,3,7,OUT,SALE,7,2025-06-14,0,
9618,3,7,OUT,SALE,8,2025-06-15,0,
9619,3,7,OUT,SALE,6,2025-06-16,0,
9620,3,7,OUT,SALE,6,2025-06-17,0,
9621,3,7,OUT,SALE,7,2025-06-18,0,
9622,3,7,OUT,SALE,6,2025-06-19,0,
9623,3,7,OUT,SALE,6,2025-06-20,0,
9624,3,7,OUT,SALE,8,2025-06-21,0,
9625,3,7,OUT,SALE,7,2025-06-22,0,
9626,3,7,OUT,SALE,6,2025-06-23,0,
9627,3,7,OUT,SALE,6,2025-06-24,0,
9628,3,7,OUT,SALE,5,2025-06-25,0,
9629,3,7,OUT,SALE,6,2025-06-26,0,
9630,3,7,OUT,SALE,6,2025-06-27,0,
9631,3,7,OUT,SALE,7,2025-06-28,0,
9632,3,7,OUT,SALE,8,2025-06-29,0,
9633,3,7,OUT,SALE,6,2025-06-30,0,
9634,3,7,OUT,SALE,7,2025-07-01,0,
9635,3,7,OUT,SALE,7,2025-07-02,0,
9636,3,7,OUT,SALE,7,2025-07-03,0,
9637,3,7,OUT,SALE,7,2025-07-04,0,
9638,3,7,OUT,SALE,8,2025-07-05,0,
9639,3,7,OUT,SALE,8,2025-07-06,0,
9640,3,7,OUT,SALE,6,2025-07-07,0,
9641,3,7,OUT,SALE,7,2025-07-08,0,
9642,3,7,OUT,SALE,7,2025-07-09,0,
9643,3,7,OUT,SALE,6,2025-07-10,0,
9644,3,7,OUT,SALE,7,2025-07-11,0,
9645,3,7,OUT,SALE,6,2025-07-12,0,
9646,3,7,OUT,SALE,7,2025-07-13,0,
9647,3,7,OUT,SALE,7,2025-07-14,0,
9648,3,7,OUT,SALE,7,2025-07-15,0,
9649,3,7,OUT,SALE,7,2025-07-16,0,
9650,3,7,OUT,SALE,7,2025-07-17,0,
9651,3,7,OUT,SALE,7,2025-07-18,0,
9652,3,7,OUT,SALE,6,2025-07-19,0,
9653,3,7,OUT,SALE,16,2025-07-20,0,
9654,3,7,OUT,SALE,17,2025-07-21,0,
9655,3,7,OUT,SALE,13,2025-07-22,0,
9656,3,7,OUT,SALE,14,2025-07-23,0,
9657,3,7,OUT,SALE,13,2025-07-24,0,
9658,3,7,OUT,SALE,14,2025-07-25,0,
9659,3,7,OUT,SALE,7,2025-07-26,0,
9660,3,7,OUT,SALE,8,2025-07-27,0,
9661,3,7,OUT,SALE,7,2025-07-28,0,
9662,3,7,OUT,SALE,7,2025-07-29,0,
9663,3,7,OUT,SALE,6,2025-07-30,0,
9664,3,7,OUT,SALE,6,2025-07-31,0,
9665,3,7,OUT,SALE,6,2025-08-01,0,
9666,3,7,OUT,SALE,7,2025-08-02,0,
9667,3,7,OUT,SALE,6,2025-08-03,0,
9668,3,7,OUT,SALE,7,2025-08-04,0,
9669,3,7,OUT,SALE,7,2025-08-05,0,
9670,3,7,OUT,SALE,5,2025-08-06,0,
9671,3,7,OUT,SALE,6,2025-08-07,0,
9672,3,7,OUT,SALE,6,2025-08-08,0,
9673,3,7,OUT,SALE,9,2025-08-09,0,
9674,3,7,OUT,SALE,7,2025-08-10,0,
9675,3,7,OUT,SALE,7,2025-08-11,0,
9676,3,7,OUT,SALE,5,2025-08-12,0,
9677,3,7,OUT,SALE,5,2025-08-13,0,
9678,3,7,OUT,SALE,6,2025-08-14,0,
9679,3,7,OUT,SALE,6,2025-08-15,0,
9680,3,7,OUT,SALE,7,2025-08-16,0,
9681,3,7,OUT,SALE,6,2025-08-17,0,
9682,3,7,OUT,SALE,6,2025-08-18,0,
9683,3,7,OUT,SALE,7,2025-08-19,0,
9684,3,7,OUT,SALE,7,2025-08-20,0,
9685,3,7,OUT,SALE,7,2025-08-21,0,
9686,3,7,OUT,SALE,7,2025-08-22,0,
9687,3,7,OUT,SALE,7,2025-08-23,0,
9688,3,7,OUT,SALE,7,2025-08-24,0,
9689,3,7,OUT,SALE,5,2025-08-25,0,
9690,3,7,OUT,SALE,6,2025-08-26,0,
9691,3,7,OUT,SALE,5,2025-08-27,0,
9692,3,7,OUT,SALE,5,2025-08-28,0,
9693,3,7,OUT,SALE,7,2025-08-29,0,
9694,3,7,OUT,SALE,9,2025-08-30,0,
9695,3,7,OUT,SALE,7,2025-08-31,0,
9696,3,7,OUT,SALE,6,2025-09-01,0,
9697,3,7,OUT,SALE,5,2025-09-02,0,
9698,3,7,OUT,SALE,4,2025-09-03,0,
9699,3,7,OUT,SALE,5,2025-09-04,0,
9700,3,7,OUT,SALE,5,2025-09-05,0,
9701,3,7,OUT,SALE,6,2025-09-06,0,
9702,3,7,OUT,SALE,6,2025-09-07,0,
9703,3,7,OUT,SALE,6,2025-09-08,0,
9704,3,7,OUT,SALE,4,2025-09-09,0,
9705,3,7,OUT,SALE,5,2025-09-10,0,
9706,3,7,OUT,SALE,4,2025-09-11,0,
9707,3,7,OUT,SALE,5,2025-09-12,0,
9708,3,7,OUT,SALE,5,2025-09-13,0,
9709,3,7,OUT,SALE,5,2025-09-14,0,
9710,3,7,OUT,SALE,5,2025-09-15,0,
9711,3,7,OUT,SALE,5,2025-09-16,0,
9712,3,7,OUT,SALE,4,2025-09-17,0,
9713,3,7,OUT,SALE,5,2025-09-18,0,
9714,3,7,OUT,SALE,6,2025-09-19,0,
9715,3,7,OUT,SALE,6,2025-09-20,0,
9716,3,7,OUT,SALE,7,2025-09-21,0,
9717,3,7,OUT,SALE,6,2025-09-22,0,
9718,3,7,OUT,SALE,6,2025-09-23,0,
9719,3,7,OUT,SALE,5,2025-09-24,0,
9720,3,7,OUT,SALE,5,2025-09-25,0,
9721,3,7,OUT,SALE,6,2025-09-26,0,
9722,3,7,OUT,SALE,6,2025-09-27,0,
9723,3,7,OUT,SALE,4,2025-09-28,0,
9724,3,7,OUT,SALE,5,2025-09-29,0,
9725,3,7,OUT,SALE,8,2025-09-30,0,
9726,3,7,OUT,SALE,6,2025-10-01,0,
9727,3,7,OUT,SALE,7,2025-10-02,0,
9728,3,7,OUT,SALE,7,2025-10-03,0,
9729,3,7,OUT,SALE,3,2025-10-04,0,
9730,3,7,OUT,SALE,4,2025-10-05,0,
9731,3,7,OUT,SALE,4,2025-10-06,0,
9732,3,7,OUT,SALE,3,2025-10-07,0,
9733,3,7,OUT,SALE,4,2025-10-08,0,
9734,3,7,OUT,SALE,3,2025-10-09,0,
9735,3,7,OUT,SALE,4,2025-10-10,0,
9736,3,7,OUT,SALE,4,2025-10-11,0,
9737,3,7,OUT,SALE,4,2025-10-12,0,
9738,3,7,OUT,SALE,3,2025-10-13,0,
9739,3,7,OUT,SALE,4,2025-10-14,0,
9740,3,7,OUT,SALE,4,2025-10-15,0,
9741,3,7,OUT,SALE,4,2025-10-16,0,
9742,3,7,OUT,SALE,3,2025-10-17,0,
9743,3,7,OUT,SALE,4,2025-10-18,0,
9744,3,7,OUT,SALE,5,2025-10-19,0,
9745,3,7,OUT,SALE,4,2025-10-20,0,
9746,3,7,OUT,SALE,4,2025-10-21,0,
9747,3,7,OUT,SALE,3,2025-10-22,0,
9748,3,7,OUT,SALE,3,2025-10-23,0,
9749,3,7,OUT,SALE,4,2025-10-24,0,
9750,3,7,OUT,SALE,3,2025-10-25,0,
9751,3,7,OUT,SALE,3,2025-10-26,0,
9752,3,7,OUT,SALE,4,2025-10-27,0,
9753,3,7,OUT,SALE,3,2025-10-28,0,
9754,3,7,OUT,SALE,3,2025-10-29,0,
9755,3,7,OUT,SALE,4,2025-10-30,0,
9756,3,7,OUT,SALE,3,2025-10-31,0,
9757,3,7,OUT,SALE,2,2025-11-01,0,
9758,3,7,OUT,SALE,2,2025-11-02,0,
9759,3,7,OUT,SALE,1,2025-11-03,0,
9760,3,7,OUT,SALE,2,2025-11-04,0,
9761,3,7,OUT,SALE,2,2025-11-05,0,
9762,3,7,OUT,SALE,2,2025-11-06,0,
9763,3,7,OUT,SALE,2,2025-11-07,0,
9764,3,7,OUT,SALE,2,2025-11-08,0,
9765,3,7,OUT,SALE,3,2025-11-09,0,
9766,3,7,OUT,SALE,2,2025-11-10,0,
9767,3,7,OUT,SALE,2,2025-11-11,0,
9768,3,7,OUT,SALE,2,2025-11-12,0,
9769,3,7,OUT,SALE,2,2025-11-13,0,
9770,3,7,OUT,SALE,2,2025-11-14,0,
9771,3,7,OUT,SALE,2,2025-11-15,0,
9772,3,7,OUT,SALE,2,2025-11-16,0,
9773,3,7,OUT,SALE,2,2025-11-17,0,
9774,3,7,OUT,SALE,2,2025-11-18,0,
9775,3,7,OUT,SALE,2,2025-11-19,0,
9776,3,7,OUT,SALE,2,2025-11-20,0,
9777,3,7,OUT,SALE,2,2025-11-21,0,
9778,3,7,OUT,SALE,2,2025-11-22,0,
9779,3,7,OUT,SALE,2,2025-11-23,0,
9780,3,7,OUT,SALE,3,2025-11-24,0,
9781,3,7,OUT,SALE,2,2025-11-25,0,
9782,3,7,OUT,SALE,2,2025-11-26,0,
9783,3,7,OUT,SALE,2,2025-11-27,0,
9784,3,7,OUT,SALE,5,2025-11-28,0,
9785,3,7,OUT,SALE,7,2025-11-29,0,
9786,3,7,OUT,SALE,5,2025-11-30,0,
9787,3,7,OUT,SALE,1,2025-12-01,0,
9788,3,7,OUT,SALE,1,2025-12-02,0,
9789,3,7,OUT,SALE,1,2025-12-03,0,
9790,3,7,OUT,SALE,1,2025-12-04,0,
9791,3,7,OUT,SALE,1,2025-12-05,0,
9792,3,7,OUT,SALE,1,2025-12-06,0,
9793,3,7,OUT,SALE,1,2025-12-07,0,
9794,3,7,OUT,SALE,1,2025-12-08,0,
9795,3,7,OUT,SALE,1,2025-12-09,0,
9796,3,7,OUT,SALE,1,2025-12-10,0,
9797,3,7,OUT,SALE,1,2025-12-11,0,
9798,3,7,OUT,SALE,1,2025-12-12,0,
9799,3,7,OUT,SALE,1,2025-12-13,0,
9800,3,7,OUT,SALE,1,2025-12-14,0,
9801,3,7,OUT,SALE,1,2025-12-15,0,
9802,3,7,OUT,SALE,1,2025-12-16,0,
9803,3,7,OUT,SALE,1,2025-12-17,0,
9804,3,7,OUT,SALE,1,2025-12-18,0,
9805,3,7,OUT,SALE,1,2025-12-19,0,
9806,3,7,OUT,SALE,1,2025-12-20,0,
9807,3,7,OUT,SALE,1,2025-12-21,0,
9808,3,7,OUT,SALE,1,2025-12-22,0,
9809,3,7,OUT,SALE,1,2025-12-23,0,
9810,3,7,OUT,SALE,2,2025-12-24,0,
9811,3,7,OUT,SALE,2,2025-12-25,0,
9812,3,7,OUT,SALE,2,2025-12-26,0,
9813,3,7,OUT,SALE,1,2025-12-27,0,
9814,3,7,OUT,SALE,1,2025-12-28,0,
9815,3,7,OUT,SALE,1,2025-12-29,0,
9816,3,7,OUT,SALE,1,2025-12-30,0,
9817,3,7,OUT,SALE,1,2025-12-31,0,
9818,3,8,OUT,SALE,1,2025-01-01,0,
9819,3,8,OUT,SALE,1,2025-01-02,0,
9820,3,8,OUT,SALE,1,2025-01-03,0,
9821,3,8,OUT,DAMAGE,7,2025-01-04,1,THEFT_SPIKE
9822,3,8,OUT,SALE,1,2025-01-05,0,
9823,3,8,OUT,SALE,1,2025-01-06,0,
9824,3,8,OUT,SALE,1,2025-01-07,0,
9825,3,8,OUT,SALE,1,2025-01-08,0,
9826,3,8,OUT,SALE,1,2025-01-09,0,
9827,3,8,OUT,SALE,1,2025-01-10,0,
9828,3,8,OUT,SALE,2,2025-01-11,0,
9829,3,8,OUT,SALE,1,2025-01-12,0,
9830,3,8,OUT,SALE,1,2025-01-13,0,
9831,3,8,OUT,SALE,1,2025-01-14,0,
9832,3,8,OUT,SALE,1,2025-01-15,0,
9833,3,8,OUT,SALE,1,2025-01-16,0,
9834,3,8,OUT,SALE,1,2025-01-17,0,
9835,3,8,OUT,SALE,1,2025-01-18,0,
9836,3,8,OUT,SALE,1,2025-01-19,0,
9837,3,8,OUT,SALE,1,2025-01-20,0,
9838,3,8,OUT,SALE,1,2025-01-21,0,
9839,3,8,OUT,SALE,1,2025-01-22,0,
9840,3,8,OUT,SALE,1,2025-01-23,0,
9841,3,8,OUT,SALE,1,2025-01-24,0,
9842,3,8,OUT,SALE,3,2025-01-25,0,
9843,3,8,OUT,SALE,2,2025-01-26,0,
9844,3,8,OUT,SALE,2,2025-01-27,0,
9845,3,8,OUT,SALE,3,2025-01-28,0,
9846,3,8,OUT,SALE,1,2025-01-29,0,
9847,3,8,OUT,SALE,1,2025-01-30,0,
9848,3,8,OUT,SALE,1,2025-01-31,0,
9849,3,8,OUT,SALE,2,2025-02-01,0,
9850,3,8,OUT,SALE,2,2025-02-02,0,
9851,3,8,OUT,SALE,2,2025-02-03,0,
9852,3,8,OUT,SALE,2,2025-02-04,0,
9853,3,8,OUT,SALE,2,2025-02-05,0,
9854,3,8,OUT,SALE,2,2025-02-06,0,
9855,3,8,OUT,SALE,2,2025-02-07,0,
9856,3,8,OUT,SALE,2,2025-02-08,0,
9857,3,8,OUT,SALE,2,2025-02-09,0,
9858,3,8,OUT,SALE,2,2025-02-10,0,
9859,3,8,OUT,SALE,2,2025-02-11,0,
9860,3,8,OUT,SALE,2,2025-02-12,0,
9861,3,8,OUT,SALE,2,2025-02-13,0,
9862,3,8,OUT,SALE,3,2025-02-14,0,
9863,3,8,OUT,SALE,2,2025-02-15,0,
9864,3,8,OUT,SALE,2,2025-02-16,0,
9865,3,8,OUT,SALE,2,2025-02-17,0,
9866,3,8,OUT,SALE,2,2025-02-18,0,
9867,3,8,OUT,SALE,2,2025-02-19,0,
9868,3,8,OUT,SALE,2,2025-02-20,0,
9869,3,8,OUT,SALE,2,2025-02-21,0,
9870,3,8,OUT,SALE,2,2025-02-22,0,
9871,3,8,OUT,SALE,3,2025-02-23,0,
9872,3,8,OUT,SALE,2,2025-02-24,0,
9873,3,8,OUT,SALE,2,2025-02-25,0,
9874,3,8,OUT,SALE,2,2025-02-26,0,
9875,3,8,OUT,SALE,2,2025-02-27,0,
9876,3,8,OUT,SALE,2,2025-02-28,0,
9877,3,8,OUT,SALE,5,2025-03-01,0,
9878,3,8,OUT,SALE,6,2025-03-02,0,
9879,3,8,OUT,SALE,4,2025-03-03,0,
9880,3,8,OUT,SALE,5,2025-03-04,0,
9881,3,8,OUT,SALE,4,2025-03-05,0,
9882,3,8,OUT,SALE,5,2025-03-06,0,
9883,3,8,OUT,SALE,5,2025-03-07,0,
9884,3,8,OUT,SALE,5,2025-03-08,0,
9885,3,8,OUT,SALE,5,2025-03-09,0,
9886,3,8,OUT,SALE,5,2025-03-10,0,
9887,3,8,OUT,SALE,4,2025-03-11,0,
9888,3,8,OUT,SALE,4,2025-03-12,0,
9889,3,8,OUT,SALE,4,2025-03-13,0,
9890,3,8,OUT,SALE,4,2025-03-14,0,
9891,3,8,OUT,SALE,8,2025-03-15,0,
9892,3,8,OUT,SALE,9,2025-03-16,0,
9893,3,8,OUT,SALE,7,2025-03-17,0,
9894,3,8,OUT,SALE,7,2025-03-18,0,
9895,3,8,OUT,SALE,5,2025-03-19,0,
9896,3,8,OUT,SALE,4,2025-03-20,0,
9897,3,8,OUT,SALE,4,2025-03-21,0,
9898,3,8,OUT,SALE,5,2025-03-22,0,
9899,3,8,OUT,SALE,6,2025-03-23,0,
9900,3,8,OUT,SALE,4,2025-03-24,0,
9901,3,8,OUT,SALE,4,2025-03-25,0,
9902,3,8,OUT,SALE,4,2025-03-26,0,
9903,3,8,OUT,SALE,4,2025-03-27,0,
9904,3,8,OUT,SALE,5,2025-03-28,0,
9905,3,8,OUT,SALE,5,2025-03-29,0,
9906,3,8,OUT,SALE,5,2025-03-30,0,
9907,3,8,OUT,SALE,5,2025-03-31,0,
9908,3,8,OUT,SALE,9,2025-04-01,0,
9909,3,8,OUT,SALE,8,2025-04-02,0,
9910,3,8,OUT,SALE,8,2025-04-03,0,
9911,3,8,OUT,SALE,7,2025-04-04,0,
9912,3,8,OUT,SALE,10,2025-04-05,0,
9913,3,8,OUT,SALE,11,2025-04-06,0,
9914,3,8,OUT,SALE,8,2025-04-07,0,
9915,3,8,OUT,SALE,6,2025-04-08,0,
9916,3,8,OUT,SALE,7,2025-04-09,0,
9917,3,8,OUT,SALE,8,2025-04-10,0,
9918,3,8,OUT,SALE,7,2025-04-11,0,
9919,3,8,OUT,SALE,10,2025-04-12,0,
9920,3,8,OUT,SALE,10,2025-04-13,0,
9921,3,8,OUT,SALE,7,2025-04-14,0,
9922,3,8,OUT,SALE,8,2025-04-15,0,
9923,3,8,OUT,SALE,7,2025-04-16,0,
9924,3,8,OUT,SALE,8,2025-04-17,0,
9925,3,8,OUT,SALE,7,2025-04-18,0,
9926,3,8,OUT,SALE,10,2025-04-19,0,
9927,3,8,OUT,SALE,11,2025-04-20,0,
9928,3,8,OUT,SALE,6,2025-04-21,0,
9929,3,8,OUT,SALE,6,2025-04-22,0,
9930,3,8,OUT,SALE,8,2025-04-23,0,
9931,3,8,OUT,SALE,6,2025-04-24,0,
9932,3,8,OUT,SALE,8,2025-04-25,0,
9933,3,8,OUT,SALE,10,2025-04-26,0,
9934,3,8,OUT,SALE,10,2025-04-27,0,
9935,3,8,OUT,SALE,8,2025-04-28,0,
9936,3,8,OUT,SALE,8,2025-04-29,0,
9937,3,8,OUT,SALE,6,2025-04-30,0,
9938,3,8,OUT,SALE,11,2025-05-01,0,
9939,3,8,OUT,SALE,11,2025-05-02,0,
9940,3,8,OUT,SALE,14,2025-05-03,0,
9941,3,8,OUT,SALE,12,2025-05-04,0,
9942,3,8,OUT,SALE,10,2025-05-05,0,
9943,3,8,OUT,SALE,9,2025-05-06,0,
9944,3,8,OUT,SALE,8,2025-05-07,0,
9945,3,8,OUT,SALE,10,2025-05-08,0,
9946,3,8,OUT,SALE,9,2025-05-09,0,
9947,3,8,OUT,SALE,13,2025-05-10,0,
9948,3,8,OUT,DAMAGE,98,2025-05-11,1,THEFT_SPIKE
9949,3,8,OUT,SALE,10,2025-05-12,0,
9950,3,8,OUT,SALE,10,2025-05-13,0,
9951,3,8,OUT,SALE,7,2025-05-14,0,
9952,3,8,OUT,SALE,9999,2025-05-15,1,DATA_ERROR
9953,3,8,OUT,SALE,10,2025-05-16,0,
9954,3,8,OUT,SALE,12,2025-05-17,0,
9955,3,8,OUT,SALE,10,2025-05-18,0,
9956,3,8,OUT,SALE,12,2025-05-19,0,
9957,3,8,OUT,SALE,11,2025-05-20,0,
9958,3,8,OUT,SALE,10,2025-05-21,0,
9959,3,8,OUT,SALE,11,2025-05-22,0,
9960,3,8,OUT,SALE,13,2025-05-23,0,
9961,3,8,OUT,SALE,13,2025-05-24,0,
9962,3,8,OUT,SALE,12,2025-05-25,0,
9963,3,8,OUT,DAMAGE,27,2025-05-26,1,REPEATED_LOSS
9964,3,8,OUT,SALE,9,2025-05-27,0,
9965,3,8,OUT,SALE,11,2025-05-28,0,
9966,3,8,OUT,SALE,11,2025-05-29,0,
9967,3,8,OUT,SALE,12,2025-05-30,0,
9968,3,8,OUT,SALE,9,2025-05-31,0,
9969,3,8,OUT,SALE,13,2025-06-01,0,
9970,3,8,OUT,SALE,12,2025-06-02,0,
9971,3,8,OUT,SALE,13,2025-06-03,0,
9972,3,8,OUT,SALE,13,2025-06-04,0,
9973,3,8,OUT,SALE,13,2025-06-05,0,
9974,3,8,OUT,SALE,14,2025-06-06,0,
9975,3,8,OUT,SALE,14,2025-06-07,0,
9976,3,8,OUT,SALE,17,2025-06-08,0,
9977,3,8,OUT,SALE,14,2025-06-09,0,
9978,3,8,OUT,SALE,13,2025-06-10,0,
9979,3,8,OUT,SALE,16,2025-06-11,0,
9980,3,8,OUT,SALE,16,2025-06-12,0,
9981,3,8,OUT,SALE,15,2025-06-13,0,
9982,3,8,OUT,SALE,10,2025-06-14,0,
9983,3,8,OUT,SALE,18,2025-06-15,0,
9984,3,8,OUT,SALE,15,2025-06-16,0,
9985,3,8,OUT,SALE,17,2025-06-17,0,
9986,3,8,OUT,SALE,15,2025-06-18,0,
9987,3,8,OUT,SALE,16,2025-06-19,0,
9988,3,8,OUT,SALE,15,2025-06-20,0,
9989,3,8,OUT,SALE,18,2025-06-21,0,
9990,3,8,OUT,SALE,19,2025-06-22,0,
9991,3,8,OUT,SALE,14,2025-06-23,0,
9992,3,8,OUT,SALE,11,2025-06-24,0,
9993,3,8,OUT,SALE,13,2025-06-25,0,
9994,3,8,OUT,SALE,14,2025-06-26,0,
9995,3,8,OUT,SALE,14,2025-06-27,0,
9996,3,8,OUT,SALE,13,2025-06-28,0,
9997,3,8,OUT,SALE,12,2025-06-29,0,
9998,3,8,OUT,SALE,12,2025-06-30,0,
9999,3,8,OUT,SALE,16,2025-07-01,0,
10000,3,8,OUT,SALE,17,2025-07-02,0,
10001,3,8,OUT,SALE,16,2025-07-03,0,
10002,3,8,OUT,SALE,16,2025-07-04,0,
10003,3,8,OUT,SALE,16,2025-07-05,0,
10004,3,8,OUT,SALE,13,2025-07-06,0,
10005,3,8,OUT,SALE,14,2025-07-07,0,
10006,3,8,OUT,SALE,14,2025-07-08,0,
10007,3,8,OUT,SALE,13,2025-07-09,0,
10008,3,8,OUT,SALE,14,2025-07-10,0,
10009,3,8,OUT,SALE,15,2025-07-11,0,
10010,3,8,OUT,SALE,18,2025-07-12,0,
10011,3,8,OUT,SALE,16,2025-07-13,0,
10012,3,8,OUT,SALE,11,2025-07-14,0,
10013,3,8,OUT,SALE,13,2025-07-15,0,
10014,3,8,OUT,SALE,14,2025-07-16,0,
10015,3,8,OUT,SALE,16,2025-07-17,0,
10016,3,8,OUT,SALE,13,2025-07-18,0,
10017,3,8,OUT,SALE,17,2025-07-19,0,
10018,3,8,OUT,SALE,37,2025-07-20,0,
10019,3,8,OUT,SALE,32,2025-07-21,0,
10020,3,8,OUT,SALE,35,2025-07-22,0,
10021,3,8,OUT,SALE,29,2025-07-23,0,
10022,3,8,OUT,SALE,29,2025-07-24,0,
10023,3,8,OUT,SALE,31,2025-07-25,0,
10024,3,8,OUT,SALE,15,2025-07-26,0,
10025,3,8,OUT,SALE,17,2025-07-27,0,
10026,3,8,OUT,SALE,13,2025-07-28,0,
10027,3,8,OUT,SALE,15,2025-07-29,0,
10028,3,8,OUT,SALE,14,2025-07-30,0,
10029,3,8,OUT,SALE,15,2025-07-31,0,
10030,3,8,OUT,SALE,13,2025-08-01,0,
10031,3,8,OUT,SALE,15,2025-08-02,0,
10032,3,8,OUT,SALE,16,2025-08-03,0,
10033,3,8,OUT,SALE,14,2025-08-04,0,
10034,3,8,OUT,SALE,13,2025-08-05,0,
10035,3,8,OUT,SALE,16,2025-08-06,0,
10036,3,8,OUT,SALE,12,2025-08-07,0,
10037,3,8,OUT,SALE,13,2025-08-08,0,
10038,3,8,OUT,SALE,13,2025-08-09,0,
10039,3,8,OUT,SALE,16,2025-08-10,0,
10040,3,8,OUT,SALE,12,2025-08-11,0,
10041,3,8,OUT,SALE,13,2025-08-12,0,
10042,3,8,OUT,SALE,13,2025-08-13,0,
10043,3,8,OUT,SALE,14,2025-08-14,0,
10044,3,8,OUT,SALE,13,2025-08-15,0,
10045,3,8,OUT,SALE,14,2025-08-16,0,
10046,3,8,OUT,SALE,18,2025-08-17,0,
10047,3,8,OUT,SALE,14,2025-08-18,0,
10048,3,8,OUT,SALE,13,2025-08-19,0,
10049,3,8,OUT,SALE,13,2025-08-20,0,
10050,3,8,OUT,SALE,16,2025-08-21,0,
10051,3,8,OUT,SALE,13,2025-08-22,0,
10052,3,8,OUT,SALE,14,2025-08-23,0,
10053,3,8,OUT,SALE,14,2025-08-24,0,
10054,3,8,OUT,SALE,13,2025-08-25,0,
10055,3,8,OUT,SALE,12,2025-08-26,0,
10056,3,8,OUT,SALE,11,2025-08-27,0,
10057,3,8,OUT,SALE,12,2025-08-28,0,
10058,3,8,OUT,SALE,12,2025-08-29,0,
10059,3,8,OUT,SALE,17,2025-08-30,0,
10060,3,8,OUT,SALE,15,2025-08-31,0,
10061,3,8,OUT,SALE,11,2025-09-01,0,
10062,3,8,OUT,SALE,13,2025-09-02,0,
10063,3,8,OUT,SALE,13,2025-09-03,0,
10064,3,8,OUT,SALE,11,2025-09-04,0,
10065,3,8,OUT,SALE,10,2025-09-05,0,
10066,3,8,OUT,SALE,11,2025-09-06,0,
10067,3,8,OUT,SALE,14,2025-09-07,0,
10068,3,8,OUT,SALE,11,2025-09-08,0,
10069,3,8,OUT,SALE,11,2025-09-09,0,
10070,3,8,OUT,SALE,10,2025-09-10,0,
10071,3,8,OUT,SALE,10,2025-09-11,0,
10072,3,8,OUT,SALE,11,2025-09-12,0,
10073,3,8,OUT,SALE,11,2025-09-13,0,
10074,3,8,OUT,SALE,14,2025-09-14,0,
10075,3,8,OUT,SALE,10,2025-09-15,0,
10076,3,8,OUT,SALE,11,2025-09-16,0,
10077,3,8,OUT,SALE,9,2025-09-17,0,
10078,3,8,OUT,SALE,11,2025-09-18,0,
10079,3,8,OUT,SALE,11,2025-09-19,0,
10080,3,8,OUT,SALE,13,2025-09-20,0,
10081,3,8,OUT,SALE,15,2025-09-21,0,
10082,3,8,OUT,SALE,11,2025-09-22,0,
10083,3,8,OUT,SALE,10,2025-09-23,0,
10084,3,8,OUT,SALE,10,2025-09-24,0,
10085,3,8,OUT,SALE,12,2025-09-25,0,
10086,3,8,OUT,SALE,13,2025-09-26,0,
10087,3,8,OUT,SALE,13,2025-09-27,0,
10088,3,8,OUT,SALE,14,2025-09-28,0,
10089,3,8,OUT,SALE,12,2025-09-29,0,
10090,3,8,OUT,SALE,25,2025-09-30,0,
10091,3,8,OUT,SALE,11,2025-10-01,0,
10092,3,8,OUT,SALE,16,2025-10-02,0,
10093,3,8,OUT,DAMAGE,109,2025-10-03,1,OFF_HOURS_BULK
10094,3,8,OUT,SALE,7,2025-10-04,0,
10095,3,8,OUT,SALE,8,2025-10-05,0,
10096,3,8,OUT,SALE,7,2025-10-06,0,
10097,3,8,OUT,SALE,7,2025-10-07,0,
10098,3,8,OUT,SALE,7,2025-10-08,0,
10099,3,8,OUT,SALE,8,2025-10-09,0,
10100,3,8,OUT,SALE,9,2025-10-10,0,
10101,3,8,OUT,SALE,10,2025-10-11,0,
10102,3,8,OUT,SALE,8,2025-10-12,0,
10103,3,8,OUT,SALE,7,2025-10-13,0,
10104,3,8,OUT,SALE,9,2025-10-14,0,
10105,3,8,OUT,SALE,8,2025-10-15,0,
10106,3,8,OUT,SALE,8,2025-10-16,0,
10107,3,8,OUT,SALE,8,2025-10-17,0,
10108,3,8,OUT,SALE,9,2025-10-18,0,
10109,3,8,OUT,SALE,9,2025-10-19,0,
10110,3,8,OUT,SALE,7,2025-10-20,0,
10111,3,8,OUT,SALE,8,2025-10-21,0,
10112,3,8,OUT,SALE,6,2025-10-22,0,
10113,3,8,OUT,SALE,7,2025-10-23,0,
10114,3,8,OUT,SALE,7,2025-10-24,0,
10115,3,8,OUT,SALE,8,2025-10-25,0,
10116,3,8,OUT,SALE,8,2025-10-26,0,
10117,3,8,OUT,SALE,7,2025-10-27,0,
10118,3,8,OUT,SALE,6,2025-10-28,0,
10119,3,8,OUT,SALE,8,2025-10-29,0,
10120,3,8,OUT,SALE,8,2025-10-30,0,
10121,3,8,OUT,SALE,6,2025-10-31,0,
10122,3,8,OUT,SALE,5,2025-11-01,0,
10123,3,8,OUT,SALE,5,2025-11-02,0,
10124,3,8,OUT,SALE,4,2025-11-03,0,
10125,3,8,OUT,SALE,4,2025-11-04,0,
10126,3,8,OUT,SALE,4,2025-11-05,0,
10127,3,8,OUT,SALE,5,2025-11-06,0,
10128,3,8,OUT,SALE,4,2025-11-07,0,
10129,3,8,OUT,SALE,5,2025-11-08,0,
10130,3,8,OUT,SALE,5,2025-11-09,0,
10131,3,8,OUT,SALE,4,2025-11-10,0,
10132,3,8,OUT,SALE,4,2025-11-11,0,
10133,3,8,OUT,SALE,4,2025-11-12,0,
10134,3,8,OUT,SALE,4,2025-11-13,0,
10135,3,8,OUT,SALE,4,2025-11-14,0,
10136,3,8,OUT,SALE,6,2025-11-15,0,
10137,3,8,OUT,SALE,4,2025-11-16,0,
10138,3,8,OUT,SALE,5,2025-11-17,0,
10139,3,8,OUT,SALE,4,2025-11-18,0,
10140,3,8,OUT,SALE,4,2025-11-19,0,
10141,3,8,OUT,SALE,4,2025-11-20,0,
10142,3,8,OUT,SALE,4,2025-11-21,0,
10143,3,8,OUT,SALE,5,2025-11-22,0,
10144,3,8,OUT,DAMAGE,33,2025-11-23,1,THEFT_SPIKE
10145,3,8,OUT,SALE,4,2025-11-24,0,
10146,3,8,OUT,SALE,4,2025-11-25,0,
10147,3,8,OUT,SALE,5,2025-11-26,0,
10148,3,8,OUT,SALE,4,2025-11-27,0,
10149,3,8,OUT,SALE,11,2025-11-28,0,
10150,3,8,OUT,SALE,13,2025-11-29,0,
10151,3,8,OUT,SALE,11,2025-11-30,0,
10152,3,8,OUT,SALE,2,2025-12-01,0,
10153,3,8,OUT,SALE,2,2025-12-02,0,
10154,3,8,OUT,SALE,1,2025-12-03,0,
10155,3,8,OUT,SALE,2,2025-12-04,0,
10156,3,8,OUT,SALE,2,2025-12-05,0,
10157,3,8,OUT,SALE,2,2025-12-06,0,
10158,3,8,OUT,SALE,3,2025-12-07,0,
10159,3,8,OUT,SALE,2,2025-12-08,0,
10160,3,8,OUT,SALE,2,2025-12-09,0,
10161,3,8,OUT,SALE,2,2025-12-10,0,
10162,3,8,OUT,SALE,2,2025-12-11,0,
10163,3,8,OUT,SALE,2,2025-12-12,0,
10164,3,8,OUT,SALE,2,2025-12-13,0,
10165,3,8,OUT,SALE,3,2025-12-14,0,
10166,3,8,OUT,SALE,2,2025-12-15,0,
10167,3,8,OUT,SALE,2,2025-12-16,0,
10168,3,8,OUT,SALE,2,2025-12-17,0,
10169,3,8,OUT,SALE,2,2025-12-18,0,
10170,3,8,OUT,SALE,2,2025-12-19,0,
10171,3,8,OUT,SALE,2,2025-12-20,0,
10172,3,8,OUT,SALE,2,2025-12-21,0,
10173,3,8,OUT,SALE,2,2025-12-22,0,
10174,3,8,OUT,SALE,2,2025-12-23,0,
10175,3,8,OUT,SALE,4,2025-12-24,0,
10176,3,8,OUT,SALE,2,2025-12-25,0,
10177,3,8,OUT,SALE,3,2025-12-26,0,
10178,3,8,OUT,SALE,2,2025-12-27,0,
10179,3,8,OUT,SALE,2,2025-12-28,0,
10180,3,8,OUT,SALE,2,2025-12-29,0,
10181,3,8,OUT,SALE,2,2025-12-30,0,
10182,3,8,OUT,SALE,2,2025-12-31,0,
10183,3,9,OUT,SALE,11,2025-01-01,0,
10184,3,9,OUT,SALE,14,2025-01-02,0,
10185,3,9,OUT,SALE,13,2025-01-03,0,
10186,3,9,OUT,SALE,15,2025-01-04,0,
10187,3,9,OUT,SALE,14,2025-01-05,0,
10188,3,9,OUT,SALE,16,2025-01-06,0,
10189,3,9,OUT,SALE,13,2025-01-07,0,
10190,3,9,OUT,SALE,11,2025-01-08,0,
10191,3,9,OUT,SALE,13,2025-01-09,0,
10192,3,9,OUT,SALE,14,2025-01-10,0,
10193,3,9,OUT,SALE,14,2025-01-11,0,
10194,3,9,OUT,SALE,17,2025-01-12,0,
10195,3,9,OUT,SALE,13,2025-01-13,0,
10196,3,9,OUT,SALE,9,2025-01-14,0,
10197,3,9,OUT,SALE,13,2025-01-15,0,
10198,3,9,OUT,SALE,9999,2025-01-16,1,DATA_ERROR
10199,3,9,OUT,SALE,14,2025-01-17,0,
10200,3,9,OUT,SALE,16,2025-01-18,0,
10201,3,9,OUT,SALE,15,2025-01-19,0,
10202,3,9,OUT,SALE,15,2025-01-20,0,
10203,3,9,OUT,SALE,12,2025-01-21,0,
10204,3,9,OUT,SALE,14,2025-01-22,0,
10205,3,9,OUT,SALE,14,2025-01-23,0,
10206,3,9,OUT,SALE,13,2025-01-24,0,
10207,3,9,OUT,SALE,29,2025-01-25,0,
10208,3,9,OUT,SALE,24,2025-01-26,0,
10209,3,9,OUT,SALE,22,2025-01-27,0,
10210,3,9,OUT,SALE,19,2025-01-28,0,
10211,3,9,OUT,SALE,13,2025-01-29,0,
10212,3,9,OUT,SALE,13,2025-01-30,0,
10213,3,9,OUT,SALE,15,2025-01-31,0,
10214,3,9,OUT,SALE,16,2025-02-01,0,
10215,3,9,OUT,SALE,14,2025-02-02,0,
10216,3,9,OUT,SALE,11,2025-02-03,0,
10217,3,9,OUT,SALE,14,2025-02-04,0,
10218,3,9,OUT,SALE,15,2025-02-05,0,
10219,3,9,OUT,SALE,14,2025-02-06,0,
10220,3,9,OUT,SALE,15,2025-02-07,0,
10221,3,9,OUT,SALE,15,2025-02-08,0,
10222,3,9,OUT,SALE,14,2025-02-09,0,
10223,3,9,OUT,DAMAGE,92,2025-02-10,1,OFF_HOURS_BULK
10224,3,9,OUT,SALE,13,2025-02-11,0,
10225,3,9,OUT,SALE,13,2025-02-12,0,
10226,3,9,OUT,SALE,13,2025-02-13,0,
10227,3,9,OUT,SALE,13,2025-02-14,0,
10228,3,9,OUT,SALE,15,2025-02-15,0,
10229,3,9,OUT,SALE,14,2025-02-16,0,
10230,3,9,OUT,SALE,14,2025-02-17,0,
10231,3,9,OUT,SALE,13,2025-02-18,0,
10232,3,9,OUT,SALE,13,2025-02-19,0,
10233,3,9,OUT,SALE,12,2025-02-20,0,
10234,3,9,OUT,SALE,11,2025-02-21,0,
10235,3,9,OUT,SALE,17,2025-02-22,0,
10236,3,9,OUT,SALE,16,2025-02-23,0,
10237,3,9,OUT,SALE,10,2025-02-24,0,
10238,3,9,OUT,SALE,14,2025-02-25,0,
10239,3,9,OUT,SALE,14,2025-02-26,0,
10240,3,9,OUT,SALE,13,2025-02-27,0,
10241,3,9,OUT,SALE,16,2025-02-28,0,
10242,3,9,OUT,DAMAGE,37,2025-03-01,1,REPEATED_LOSS
10243,3,9,OUT,SALE,13,2025-03-02,0,
10244,3,9,OUT,SALE,14,2025-03-03,0,
10245,3,9,OUT,SALE,14,2025-03-04,0,
10246,3,9,OUT,SALE,13,2025-03-05,0,
10247,3,9,OUT,SALE,15,2025-03-06,0,
10248,3,9,OUT,SALE,11,2025-03-07,0,
10249,3,9,OUT,SALE,18,2025-03-08,0,
10250,3,9,OUT,SALE,14,2025-03-09,0,
10251,3,9,OUT,SALE,12,2025-03-10,0,
10252,3,9,OUT,SALE,14,2025-03-11,0,
10253,3,9,OUT,SALE,15,2025-03-12,0,
10254,3,9,OUT,SALE,14,2025-03-13,0,
10255,3,9,OUT,SALE,13,2025-03-14,0,
10256,3,9,OUT,SALE,24,2025-03-15,0,
10257,3,9,OUT,SALE,22,2025-03-16,0,
10258,3,9,OUT,SALE,22,2025-03-17,0,
10259,3,9,OUT,SALE,25,2025-03-18,0,
10260,3,9,OUT,SALE,14,2025-03-19,0,
10261,3,9,OUT,SALE,15,2025-03-20,0,
10262,3,9,OUT,SALE,16,2025-03-21,0,
10263,3,9,OUT,SALE,15,2025-03-22,0,
10264,3,9,OUT,SALE,16,2025-03-23,0,
10265,3,9,OUT,SALE,17,2025-03-24,0,
10266,3,9,OUT,SALE,16,2025-03-25,0,
10267,3,9,OUT,SALE,11,2025-03-26,0,
10268,3,9,OUT,SALE,14,2025-03-27,0,
10269,3,9,OUT,SALE,14,2025-03-28,0,
10270,3,9,OUT,SALE,17,2025-03-29,0,
10271,3,9,OUT,SALE,14,2025-03-30,0,
10272,3,9,OUT,SALE,12,2025-03-31,0,
10273,3,9,OUT,SALE,14,2025-04-01,0,
10274,3,9,OUT,SALE,14,2025-04-02,0,
10275,3,9,OUT,SALE,16,2025-04-03,0,
10276,3,9,OUT,SALE,13,2025-04-04,0,
10277,3,9,OUT,SALE,16,2025-04-05,0,
10278,3,9,OUT,SALE,14,2025-04-06,0,
10279,3,9,OUT,SALE,17,2025-04-07,0,
10280,3,9,OUT,SALE,17,2025-04-08,0,
10281,3,9,OUT,SALE,14,2025-04-09,0,
10282,3,9,OUT,SALE,14,2025-04-10,0,
10283,3,9,OUT,SALE,16,2025-04-11,0,
10284,3,9,OUT,SALE,20,2025-04-12,0,
10285,3,9,OUT,SALE,18,2025-04-13,0,
10286,3,9,OUT,SALE,14,2025-04-14,0,
10287,3,9,OUT,SALE,12,2025-04-15,0,
10288,3,9,OUT,SALE,13,2025-04-16,0,
10289,3,9,OUT,SALE,15,2025-04-17,0,
10290,3,9,OUT,SALE,14,2025-04-18,0,
10291,3,9,OUT,SALE,18,2025-04-19,0,
10292,3,9,OUT,SALE,16,2025-04-20,0,
10293,3,9,OUT,SALE,13,2025-04-21,0,
10294,3,9,OUT,SALE,13,2025-04-22,0,
10295,3,9,OUT,SALE,18,2025-04-23,0,
10296,3,9,OUT,SALE,17,2025-04-24,0,
10297,3,9,OUT,SALE,18,2025-04-25,0,
10298,3,9,OUT,SALE,18,2025-04-26,0,
10299,3,9,OUT,SALE,16,2025-04-27,0,
10300,3,9,OUT,SALE,17,2025-04-28,0,
10301,3,9,OUT,SALE,15,2025-04-29,0,
10302,3,9,OUT,SALE,15,2025-04-30,0,
10303,3,9,OUT,SALE,16,2025-05-01,0,
10304,3,9,OUT,SALE,10,2025-05-02,0,
10305,3,9,OUT,SALE,22,2025-05-03,0,
10306,3,9,OUT,SALE,20,2025-05-04,0,
10307,3,9,OUT,SALE,9999,2025-05-05,1,DATA_ERROR
10308,3,9,OUT,SALE,16,2025-05-06,0,
10309,3,9,OUT,SALE,16,2025-05-07,0,
10310,3,9,OUT,SALE,15,2025-05-08,0,
10311,3,9,OUT,SALE,17,2025-05-09,0,
10312,3,9,OUT,SALE,16,2025-05-10,0,
10313,3,9,OUT,SALE,19,2025-05-11,0,
10314,3,9,OUT,SALE,17,2025-05-12,0,
10315,3,9,OUT,SALE,16,2025-05-13,0,
10316,3,9,OUT,SALE,17,2025-05-14,0,
10317,3,9,OUT,SALE,14,2025-05-15,0,
10318,3,9,OUT,SALE,14,2025-05-16,0,
10319,3,9,OUT,SALE,19,2025-05-17,0,
10320,3,9,OUT,SALE,20,2025-05-18,0,
10321,3,9,OUT,SALE,12,2025-05-19,0,
10322,3,9,OUT,SALE,17,2025-05-20,0,
10323,3,9,OUT,SALE,15,2025-05-21,0,
10324,3,9,OUT,SALE,16,2025-05-22,0,
10325,3,9,OUT,SALE,13,2025-05-23,0,
10326,3,9,OUT,SALE,17,2025-05-24,0,
10327,3,9,OUT,SALE,21,2025-05-25,0,
10328,3,9,OUT,SALE,16,2025-05-26,0,
10329,3,9,OUT,SALE,15,2025-05-27,0,
10330,3,9,OUT,SALE,16,2025-05-28,0,
10331,3,9,OUT,SALE,17,2025-05-29,0,
10332,3,9,OUT,SALE,17,2025-05-30,0,
10333,3,9,OUT,SALE,18,2025-05-31,0,
10334,3,9,OUT,SALE,22,2025-06-01,0,
10335,3,9,OUT,SALE,19,2025-06-02,0,
10336,3,9,OUT,SALE,18,2025-06-03,0,
10337,3,9,OUT,SALE,17,2025-06-04,0,
10338,3,9,OUT,SALE,18,2025-06-05,0,
10339,3,9,OUT,SALE,18,2025-06-06,0,
10340,3,9,OUT,SALE,22,2025-06-07,0,
10341,3,9,OUT,SALE,22,2025-06-08,0,
10342,3,9,OUT,SALE,15,2025-06-09,0,
10343,3,9,OUT,SALE,15,2025-06-10,0,
10344,3,9,OUT,SALE,15,2025-06-11,0,
10345,3,9,OUT,SALE,19,2025-06-12,0,
10346,3,9,OUT,SALE,14,2025-06-13,0,
10347,3,9,OUT,SALE,20,2025-06-14,0,
10348,3,9,OUT,DAMAGE,111,2025-06-15,1,THEFT_SPIKE
10349,3,9,OUT,SALE,19,2025-06-16,0,
10350,3,9,OUT,SALE,17,2025-06-17,0,
10351,3,9,OUT,SALE,14,2025-06-18,0,
10352,3,9,OUT,SALE,15,2025-06-19,0,
10353,3,9,OUT,SALE,15,2025-06-20,0,
10354,3,9,OUT,SALE,18,2025-06-21,0,
10355,3,9,OUT,SALE,19,2025-06-22,0,
10356,3,9,OUT,SALE,15,2025-06-23,0,
10357,3,9,OUT,SALE,20,2025-06-24,0,
10358,3,9,OUT,SALE,14,2025-06-25,0,
10359,3,9,OUT,SALE,20,2025-06-26,0,
10360,3,9,OUT,SALE,19,2025-06-27,0,
10361,3,9,OUT,SALE,22,2025-06-28,0,
10362,3,9,OUT,SALE,18,2025-06-29,0,
10363,3,9,OUT,SALE,18,2025-06-30,0,
10364,3,9,OUT,SALE,15,2025-07-01,0,
10365,3,9,OUT,SALE,19,2025-07-02,0,
10366,3,9,OUT,SALE,17,2025-07-03,0,
10367,3,9,OUT,SALE,16,2025-07-04,0,
10368,3,9,OUT,SALE,17,2025-07-05,0,
10369,3,9,OUT,SALE,14,2025-07-06,0,
10370,3,9,OUT,SALE,15,2025-07-07,0,
10371,3,9,OUT,SALE,19,2025-07-08,0,
10372,3,9,OUT,SALE,16,2025-07-09,0,
10373,3,9,OUT,SALE,17,2025-07-10,0,
10374,3,9,OUT,SALE,19,2025-07-11,0,
10375,3,9,OUT,SALE,24,2025-07-12,0,
10376,3,9,OUT,SALE,23,2025-07-13,0,
10377,3,9,OUT,SALE,15,2025-07-14,0,
10378,3,9,OUT,SALE,13,2025-07-15,0,
10379,3,9,OUT,SALE,22,2025-07-16,0,
10380,3,9,OUT,SALE,22,2025-07-17,0,
10381,3,9,OUT,SALE,9999,2025-07-18,1,DATA_ERROR
10382,3,9,OUT,SALE,17,2025-07-19,0,
10383,3,9,OUT,SALE,49,2025-07-20,0,
10384,3,9,OUT,SALE,37,2025-07-21,0,
10385,3,9,OUT,SALE,37,2025-07-22,0,
10386,3,9,OUT,SALE,42,2025-07-23,0,
10387,3,9,OUT,SALE,39,2025-07-24,0,
10388,3,9,OUT,SALE,32,2025-07-25,0,
10389,3,9,OUT,SALE,19,2025-07-26,0,
10390,3,9,OUT,SALE,21,2025-07-27,0,
10391,3,9,OUT,DAMAGE,86,2025-07-28,1,OFF_HOURS_BULK
10392,3,9,OUT,SALE,18,2025-07-29,0,
10393,3,9,OUT,SALE,19,2025-07-30,0,
10394,3,9,OUT,SALE,16,2025-07-31,0,
10395,3,9,OUT,SALE,17,2025-08-01,0,
10396,3,9,OUT,SALE,12,2025-08-02,0,
10397,3,9,OUT,SALE,18,2025-08-03,0,
10398,3,9,OUT,SALE,18,2025-08-04,0,
10399,3,9,OUT,SALE,16,2025-08-05,0,
10400,3,9,OUT,SALE,16,2025-08-06,0,
10401,3,9,OUT,SALE,15,2025-08-07,0,
10402,3,9,OUT,SALE,19,2025-08-08,0,
10403,3,9,OUT,SALE,21,2025-08-09,0,
10404,3,9,OUT,SALE,21,2025-08-10,0,
10405,3,9,OUT,SALE,13,2025-08-11,0,
10406,3,9,OUT,SALE,17,2025-08-12,0,
10407,3,9,OUT,SALE,16,2025-08-13,0,
10408,3,9,OUT,SALE,16,2025-08-14,0,
10409,3,9,OUT,SALE,16,2025-08-15,0,
10410,3,9,OUT,SALE,19,2025-08-16,0,
10411,3,9,OUT,SALE,21,2025-08-17,0,
10412,3,9,OUT,SALE,13,2025-08-18,0,
10413,3,9,OUT,SALE,21,2025-08-19,0,
10414,3,9,OUT,SALE,18,2025-08-20,0,
10415,3,9,OUT,SALE,17,2025-08-21,0,
10416,3,9,OUT,SALE,19,2025-08-22,0,
10417,3,9,OUT,SALE,16,2025-08-23,0,
10418,3,9,OUT,SALE,18,2025-08-24,0,
10419,3,9,OUT,SALE,17,2025-08-25,0,
10420,3,9,OUT,SALE,20,2025-08-26,0,
10421,3,9,OUT,SALE,17,2025-08-27,0,
10422,3,9,OUT,SALE,18,2025-08-28,0,
10423,3,9,OUT,SALE,16,2025-08-29,0,
10424,3,9,OUT,SALE,21,2025-08-30,0,
10425,3,9,OUT,SALE,23,2025-08-31,0,
10426,3,9,OUT,SALE,18,2025-09-01,0,
10427,3,9,OUT,SALE,16,2025-09-02,0,
10428,3,9,OUT,SALE,17,2025-09-03,0,
10429,3,9,OUT,SALE,17,2025-09-04,0,
10430,3,9,OUT,SALE,17,2025-09-05,0,
10431,3,9,OUT,SALE,21,2025-09-06,0,
10432,3,9,OUT,SALE,21,2025-09-07,0,
10433,3,9,OUT,SALE,16,2025-09-08,0,
10434,3,9,OUT,SALE,17,2025-09-09,0,
10435,3,9,OUT,SALE,15,2025-09-10,0,
10436,3,9,OUT,SALE,14,2025-09-11,0,
10437,3,9,OUT,SALE,16,2025-09-12,0,
10438,3,9,OUT,SALE,18,2025-09-13,0,
10439,3,9,OUT,SALE,15,2025-09-14,0,
10440,3,9,OUT,SALE,18,2025-09-15,0,
10441,3,9,OUT,SALE,11,2025-09-16,0,
10442,3,9,OUT,SALE,21,2025-09-17,0,
10443,3,9,OUT,SALE,19,2025-09-18,0,
10444,3,9,OUT,SALE,16,2025-09-19,0,
10445,3,9,OUT,SALE,19,2025-09-20,0,
10446,3,9,OUT,SALE,19,2025-09-21,0,
10447,3,9,OUT,SALE,15,2025-09-22,0,
10448,3,9,OUT,SALE,16,2025-09-23,0,
10449,3,9,OUT,SALE,16,2025-09-24,0,
10450,3,9,OUT,SALE,16,2025-09-25,0,
10451,3,9,OUT,SALE,16,2025-09-26,0,
10452,3,9,OUT,SALE,16,2025-09-27,0,
10453,3,9,OUT,SALE,19,2025-09-28,0,
10454,3,9,OUT,SALE,16,2025-09-29,0,
10455,3,9,OUT,SALE,31,2025-09-30,0,
10456,3,9,OUT,SALE,28,2025-10-01,0,
10457,3,9,OUT,SALE,32,2025-10-02,0,
10458,3,9,OUT,SALE,27,2025-10-03,0,
10459,3,9,OUT,SALE,18,2025-10-04,0,
10460,3,9,OUT,SALE,20,2025-10-05,0,
10461,3,9,OUT,SALE,15,2025-10-06,0,
10462,3,9,OUT,SALE,15,2025-10-07,0,
10463,3,9,OUT,SALE,15,2025-10-08,0,
10464,3,9,OUT,SALE,17,2025-10-09,0,
10465,3,9,OUT,SALE,14,2025-10-10,0,
10466,3,9,OUT,SALE,20,2025-10-11,0,
10467,3,9,OUT,SALE,17,2025-10-12,0,
10468,3,9,OUT,SALE,13,2025-10-13,0,
10469,3,9,OUT,SALE,16,2025-10-14,0,
10470,3,9,OUT,SALE,14,2025-10-15,0,
10471,3,9,OUT,SALE,16,2025-10-16,0,
10472,3,9,OUT,SALE,10,2025-10-17,0,
10473,3,9,OUT,SALE,17,2025-10-18,0,
10474,3,9,OUT,SALE,16,2025-10-19,0,
10475,3,9,OUT,SALE,13,2025-10-20,0,
10476,3,9,OUT,SALE,14,2025-10-21,0,
10477,3,9,OUT,SALE,14,2025-10-22,0,
10478,3,9,OUT,DAMAGE,31,2025-10-23,1,REPEATED_LOSS
10479,3,9,OUT,SALE,13,2025-10-24,0,
10480,3,9,OUT,SALE,18,2025-10-25,0,
10481,3,9,OUT,SALE,20,2025-10-26,0,
10482,3,9,OUT,SALE,15,2025-10-27,0,
10483,3,9,OUT,SALE,16,2025-10-28,0,
10484,3,9,OUT,SALE,17,2025-10-29,0,
10485,3,9,OUT,SALE,17,2025-10-30,0,
10486,3,9,OUT,SALE,18,2025-10-31,0,
10487,3,9,OUT,SALE,15,2025-11-01,0,
10488,3,9,OUT,SALE,15,2025-11-02,0,
10489,3,9,OUT,SALE,15,2025-11-03,0,
10490,3,9,OUT,SALE,15,2025-11-04,0,
10491,3,9,OUT,SALE,15,2025-11-05,0,
10492,3,9,OUT,SALE,17,2025-11-06,0,
10493,3,9,OUT,SALE,14,2025-11-07,0,
10494,3,9,OUT,SALE,17,2025-11-08,0,
10495,3,9,OUT,SALE,14,2025-11-09,0,
10496,3,9,OUT,SALE,17,2025-11-10,0,
10497,3,9,OUT,SALE,13,2025-11-11,0,
10498,3,9,OUT,SALE,13,2025-11-12,0,
10499,3,9,OUT,SALE,13,2025-11-13,0,
10500,3,9,OUT,SALE,13,2025-11-14,0,
10501,3,9,OUT,SALE,15,2025-11-15,0,
10502,3,9,OUT,SALE,15,2025-11-16,0,
10503,3,9,OUT,SALE,12,2025-11-17,0,
10504,3,9,OUT,SALE,13,2025-11-18,0,
10505,3,9,OUT,SALE,17,2025-11-19,0,
10506,3,9,OUT,SALE,15,2025-11-20,0,
10507,3,9,OUT,SALE,15,2025-11-21,0,
10508,3,9,OUT,SALE,18,2025-11-22,0,
10509,3,9,OUT,SALE,19,2025-11-23,0,
10510,3,9,OUT,SALE,11,2025-11-24,0,
10511,3,9,OUT,SALE,12,2025-11-25,0,
10512,3,9,OUT,SALE,13,2025-11-26,0,
10513,3,9,OUT,SALE,13,2025-11-27,0,
10514,3,9,OUT,SALE,33,2025-11-28,0,
10515,3,9,OUT,SALE,38,2025-11-29,0,
10516,3,9,OUT,SALE,41,2025-11-30,0,
10517,3,9,OUT,SALE,13,2025-12-01,0,
10518,3,9,OUT,SALE,12,2025-12-02,0,
10519,3,9,OUT,SALE,10,2025-12-03,0,
10520,3,9,OUT,SALE,11,2025-12-04,0,
10521,3,9,OUT,SALE,12,2025-12-05,0,
10522,3,9,OUT,SALE,15,2025-12-06,0,
10523,3,9,OUT,SALE,13,2025-12-07,0,
10524,3,9,OUT,SALE,12,2025-12-08,0,
10525,3,9,OUT,SALE,11,2025-12-09,0,
10526,3,9,OUT,SALE,13,2025-12-10,0,
10527,3,9,OUT,SALE,11,2025-12-11,0,
10528,3,9,OUT,SALE,12,2025-12-12,0,
10529,3,9,OUT,SALE,13,2025-12-13,0,
10530,3,9,OUT,SALE,15,2025-12-14,0,
10531,3,9,OUT,SALE,12,2025-12-15,0,
10532,3,9,OUT,SALE,14,2025-12-16,0,
10533,3,9,OUT,SALE,14,2025-12-17,0,
10534,3,9,OUT,SALE,13,2025-12-18,0,
10535,3,9,OUT,SALE,12,2025-12-19,0,
10536,3,9,OUT,SALE,16,2025-12-20,0,
10537,3,9,OUT,SALE,16,2025-12-21,0,
10538,3,9,OUT,SALE,13,2025-12-22,0,
10539,3,9,OUT,SALE,16,2025-12-23,0,
10540,3,9,OUT,SALE,23,2025-12-24,0,
10541,3,9,OUT,SALE,25,2025-12-25,0,
10542,3,9,OUT,SALE,22,2025-12-26,0,
10543,3,9,OUT,SALE,16,2025-12-27,0,
10544,3,9,OUT,SALE,14,2025-12-28,0,
10545,3,9,OUT,SALE,12,2025-12-29,0,
10546,3,9,OUT,SALE,14,2025-12-30,0,
10547,3,9,OUT,SALE,14,2025-12-31,0,
10548,3,10,OUT,SALE,1,2025-01-01,0,
10549,3,10,OUT,SALE,2,2025-01-02,0,
10550,3,10,OUT,SALE,1,2025-01-03,0,
10551,3,10,OUT,SALE,1,2025-01-04,0,
10552,3,10,OUT,SALE,2,2025-01-05,0,
10553,3,10,OUT,SALE,1,2025-01-06,0,
10554,3,10,OUT,SALE,2,2025-01-07,0,
10555,3,10,OUT,SALE,1,2025-01-08,0,
10556,3,10,OUT,SALE,1,2025-01-09,0,
10557,3,10,OUT,SALE,1,2025-01-10,0,
10558,3,10,OUT,SALE,1,2025-01-11,0,
10559,3,10,OUT,SALE,2,2025-01-12,0,
10560,3,10,OUT,SALE,1,2025-01-13,0,
10561,3,10,OUT,SALE,1,2025-01-14,0,
10562,3,10,OUT,SALE,1,2025-01-15,0,
10563,3,10,OUT,SALE,2,2025-01-16,0,
10564,3,10,OUT,SALE,2,2025-01-17,0,
10565,3,10,OUT,SALE,2,2025-01-18,0,
10566,3,10,OUT,SALE,1,2025-01-19,0,
10567,3,10,OUT,SALE,1,2025-01-20,0,
10568,3,10,OUT,SALE,2,2025-01-21,0,
10569,3,10,OUT,SALE,2,2025-01-22,0,
10570,3,10,OUT,SALE,1,2025-01-23,0,
10571,3,10,OUT,SALE,2,2025-01-24,0,
10572,3,10,OUT,SALE,3,2025-01-25,0,
10573,3,10,OUT,SALE,3,2025-01-26,0,
10574,3,10,OUT,SALE,2,2025-01-27,0,
10575,3,10,OUT,SALE,3,2025-01-28,0,
10576,3,10,OUT,SALE,2,2025-01-29,0,
10577,3,10,OUT,SALE,1,2025-01-30,0,
10578,3,10,OUT,SALE,1,2025-01-31,0,
10579,3,10,OUT,SALE,2,2025-02-01,0,
10580,3,10,OUT,SALE,2,2025-02-02,0,
10581,3,10,OUT,SALE,2,2025-02-03,0,
10582,3,10,OUT,SALE,1,2025-02-04,0,
10583,3,10,OUT,SALE,2,2025-02-05,0,
10584,3,10,OUT,SALE,1,2025-02-06,0,
10585,3,10,OUT,SALE,2,2025-02-07,0,
10586,3,10,OUT,SALE,1,2025-02-08,0,
10587,3,10,OUT,SALE,1,2025-02-09,0,
10588,3,10,OUT,SALE,1,2025-02-10,0,
10589,3,10,OUT,SALE,1,2025-02-11,0,
10590,3,10,OUT,SALE,1,2025-02-12,0,
10591,3,10,OUT,SALE,1,2025-02-13,0,
10592,3,10,OUT,SALE,1,2025-02-14,0,
10593,3,10,OUT,SALE,2,2025-02-15,0,
10594,3,10,OUT,SALE,2,2025-02-16,0,
10595,3,10,OUT,SALE,1,2025-02-17,0,
10596,3,10,OUT,SALE,1,2025-02-18,0,
10597,3,10,OUT,SALE,1,2025-02-19,0,
10598,3,10,OUT,SALE,1,2025-02-20,0,
10599,3,10,OUT,SALE,1,2025-02-21,0,
10600,3,10,OUT,SALE,2,2025-02-22,0,
10601,3,10,OUT,SALE,2,2025-02-23,0,
10602,3,10,OUT,SALE,2,2025-02-24,0,
10603,3,10,OUT,SALE,2,2025-02-25,0,
10604,3,10,OUT,SALE,1,2025-02-26,0,
10605,3,10,OUT,SALE,1,2025-02-27,0,
10606,3,10,OUT,SALE,1,2025-02-28,0,
10607,3,10,OUT,SALE,2,2025-03-01,0,
10608,3,10,OUT,SALE,2,2025-03-02,0,
10609,3,10,OUT,SALE,1,2025-03-03,0,
10610,3,10,OUT,DAMAGE,6,2025-03-04,1,THEFT_SPIKE
10611,3,10,OUT,SALE,1,2025-03-05,0,
10612,3,10,OUT,SALE,2,2025-03-06,0,
10613,3,10,OUT,SALE,1,2025-03-07,0,
10614,3,10,OUT,SALE,2,2025-03-08,0,
10615,3,10,OUT,SALE,2,2025-03-09,0,
10616,3,10,OUT,SALE,1,2025-03-10,0,
10617,3,10,OUT,SALE,1,2025-03-11,0,
10618,3,10,OUT,SALE,1,2025-03-12,0,
10619,3,10,OUT,SALE,1,2025-03-13,0,
10620,3,10,OUT,SALE,2,2025-03-14,0,
10621,3,10,OUT,SALE,3,2025-03-15,0,
10622,3,10,OUT,SALE,2,2025-03-16,0,
10623,3,10,OUT,SALE,3,2025-03-17,0,
10624,3,10,OUT,SALE,2,2025-03-18,0,
10625,3,10,OUT,SALE,2,2025-03-19,0,
10626,3,10,OUT,SALE,1,2025-03-20,0,
10627,3,10,OUT,SALE,1,2025-03-21,0,
10628,3,10,OUT,SALE,2,2025-03-22,0,
10629,3,10,OUT,SALE,2,2025-03-23,0,
10630,3,10,OUT,SALE,1,2025-03-24,0,
10631,3,10,OUT,SALE,1,2025-03-25,0,
10632,3,10,OUT,SALE,1,2025-03-26,0,
10633,3,10,OUT,SALE,1,2025-03-27,0,
10634,3,10,OUT,SALE,1,2025-03-28,0,
10635,3,10,OUT,SALE,2,2025-03-29,0,
10636,3,10,OUT,SALE,2,2025-03-30,0,
10637,3,10,OUT,SALE,2,2025-03-31,0,
10638,3,10,OUT,SALE,2,2025-04-01,0,
10639,3,10,OUT,SALE,2,2025-04-02,0,
10640,3,10,OUT,SALE,1,2025-04-03,0,
10641,3,10,OUT,SALE,2,2025-04-04,0,
10642,3,10,OUT,SALE,1,2025-04-05,0,
10643,3,10,OUT,SALE,2,2025-04-06,0,
10644,3,10,OUT,SALE,2,2025-04-07,0,
10645,3,10,OUT,SALE,2,2025-04-08,0,
10646,3,10,OUT,SALE,2,2025-04-09,0,
10647,3,10,OUT,SALE,2,2025-04-10,0,
10648,3,10,OUT,SALE,1,2025-04-11,0,
10649,3,10,OUT,SALE,2,2025-04-12,0,
10650,3,10,OUT,SALE,1,2025-04-13,0,
10651,3,10,OUT,SALE,1,2025-04-14,0,
10652,3,10,OUT,SALE,2,2025-04-15,0,
10653,3,10,OUT,SALE,2,2025-04-16,0,
10654,3,10,OUT,SALE,2,2025-04-17,0,
10655,3,10,OUT,SALE,2,2025-04-18,0,
10656,3,10,OUT,SALE,2,2025-04-19,0,
10657,3,10,OUT,SALE,2,2025-04-20,0,
10658,3,10,OUT,SALE,2,2025-04-21,0,
10659,3,10,OUT,SALE,2,2025-04-22,0,
10660,3,10,OUT,SALE,1,2025-04-23,0,
10661,3,10,OUT,SALE,2,2025-04-24,0,
10662,3,10,OUT,SALE,2,2025-04-25,0,
10663,3,10,OUT,SALE,2,2025-04-26,0,
10664,3,10,OUT,SALE,2,2025-04-27,0,
10665,3,10,OUT,SALE,1,2025-04-28,0,
10666,3,10,OUT,SALE,1,2025-04-29,0,
10667,3,10,OUT,SALE,1,2025-04-30,0,
10668,3,10,OUT,SALE,1,2025-05-01,0,
10669,3,10,OUT,SALE,2,2025-05-02,0,
10670,3,10,OUT,SALE,3,2025-05-03,0,
10671,3,10,OUT,SALE,2,2025-05-04,0,
10672,3,10,OUT,SALE,2,2025-05-05,0,
10673,3,10,OUT,SALE,2,2025-05-06,0,
10674,3,10,OUT,SALE,2,2025-05-07,0,
10675,3,10,OUT,SALE,2,2025-05-08,0,
10676,3,10,OUT,SALE,2,2025-05-09,0,
10677,3,10,OUT,SALE,2,2025-05-10,0,
10678,3,10,OUT,SALE,2,2025-05-11,0,
10679,3,10,OUT,SALE,1,2025-05-12,0,
10680,3,10,OUT,SALE,2,2025-05-13,0,
10681,3,10,OUT,SALE,2,2025-05-14,0,
10682,3,10,OUT,SALE,2,2025-05-15,0,
10683,3,10,OUT,SALE,2,2025-05-16,0,
10684,3,10,OUT,SALE,2,2025-05-17,0,
10685,3,10,OUT,SALE,2,2025-05-18,0,
10686,3,10,OUT,SALE,2,2025-05-19,0,
10687,3,10,OUT,SALE,2,2025-05-20,0,
10688,3,10,OUT,SALE,1,2025-05-21,0,
10689,3,10,OUT,SALE,2,2025-05-22,0,
10690,3,10,OUT,SALE,2,2025-05-23,0,
10691,3,10,OUT,SALE,2,2025-05-24,0,
10692,3,10,OUT,SALE,2,2025-05-25,0,
10693,3,10,OUT,SALE,2,2025-05-26,0,
10694,3,10,OUT,SALE,1,2025-05-27,0,
10695,3,10,OUT,SALE,1,2025-05-28,0,
10696,3,10,OUT,SALE,2,2025-05-29,0,
10697,3,10,OUT,SALE,2,2025-05-30,0,
10698,3,10,OUT,SALE,2,2025-05-31,0,
10699,3,10,OUT,SALE,2,2025-06-01,0,
10700,3,10,OUT,SALE,2,2025-06-02,0,
10701,3,10,OUT,SALE,2,2025-06-03,0,
10702,3,10,OUT,SALE,1,2025-06-04,0,
10703,3,10,OUT,SALE,2,2025-06-05,0,
10704,3,10,OUT,SALE,2,2025-06-06,0,
10705,3,10,OUT,SALE,2,2025-06-07,0,
10706,3,10,OUT,SALE,2,2025-06-08,0,
10707,3,10,OUT,SALE,2,2025-06-09,0,
10708,3,10,OUT,SALE,2,2025-06-10,0,
10709,3,10,OUT,SALE,2,2025-06-11,0,
10710,3,10,OUT,SALE,2,2025-06-12,0,
10711,3,10,OUT,SALE,2,2025-06-13,0,
10712,3,10,OUT,SALE,2,2025-06-14,0,
10713,3,10,OUT,SALE,2,2025-06-15,0,
10714,3,10,OUT,SALE,2,2025-06-16,0,
10715,3,10,OUT,SALE,2,2025-06-17,0,
10716,3,10,OUT,SALE,2,2025-06-18,0,
10717,3,10,OUT,SALE,2,2025-06-19,0,
10718,3,10,OUT,SALE,2,2025-06-20,0,
10719,3,10,OUT,DAMAGE,10,2025-06-21,1,OFF_HOURS_BULK
10720,3,10,OUT,SALE,3,2025-06-22,0,
10721,3,10,OUT,SALE,2,2025-06-23,0,
10722,3,10,OUT,SALE,2,2025-06-24,0,
10723,3,10,OUT,SALE,2,2025-06-25,0,
10724,3,10,OUT,SALE,2,2025-06-26,0,
10725,3,10,OUT,SALE,2,2025-06-27,0,
10726,3,10,OUT,DAMAGE,10,2025-06-28,1,THEFT_SPIKE
10727,3,10,OUT,DAMAGE,13,2025-06-29,1,OFF_HOURS_BULK
10728,3,10,OUT,SALE,2,2025-06-30,0,
10729,3,10,OUT,SALE,2,2025-07-01,0,
10730,3,10,OUT,SALE,2,2025-07-02,0,
10731,3,10,OUT,SALE,2,2025-07-03,0,
10732,3,10,OUT,SALE,2,2025-07-04,0,
10733,3,10,OUT,SALE,2,2025-07-05,0,
10734,3,10,OUT,SALE,2,2025-07-06,0,
10735,3,10,OUT,SALE,2,2025-07-07,0,
10736,3,10,OUT,SALE,2,2025-07-08,0,
10737,3,10,OUT,SALE,1,2025-07-09,0,
10738,3,10,OUT,SALE,2,2025-07-10,0,
10739,3,10,OUT,SALE,2,2025-07-11,0,
10740,3,10,OUT,SALE,2,2025-07-12,0,
10741,3,10,OUT,SALE,2,2025-07-13,0,
10742,3,10,OUT,SALE,2,2025-07-14,0,
10743,3,10,OUT,SALE,2,2025-07-15,0,
10744,3,10,OUT,SALE,2,2025-07-16,0,
10745,3,10,OUT,SALE,2,2025-07-17,0,
10746,3,10,OUT,SALE,2,2025-07-18,0,
10747,3,10,OUT,SALE,2,2025-07-19,0,
10748,3,10,OUT,SALE,4,2025-07-20,0,
10749,3,10,OUT,SALE,3,2025-07-21,0,
10750,3,10,OUT,SALE,5,2025-07-22,0,
10751,3,10,OUT,SALE,5,2025-07-23,0,
10752,3,10,OUT,SALE,5,2025-07-24,0,
10753,3,10,OUT,SALE,4,2025-07-25,0,
10754,3,10,OUT,SALE,2,2025-07-26,0,
10755,3,10,OUT,SALE,2,2025-07-27,0,
10756,3,10,OUT,SALE,2,2025-07-28,0,
10757,3,10,OUT,SALE,2,2025-07-29,0,
10758,3,10,OUT,SALE,2,2025-07-30,0,
10759,3,10,OUT,SALE,2,2025-07-31,0,
10760,3,10,OUT,SALE,2,2025-08-01,0,
10761,3,10,OUT,SALE,2,2025-08-02,0,
10762,3,10,OUT,SALE,2,2025-08-03,0,
10763,3,10,OUT,SALE,1,2025-08-04,0,
10764,3,10,OUT,SALE,2,2025-08-05,0,
10765,3,10,OUT,SALE,2,2025-08-06,0,
10766,3,10,OUT,SALE,2,2025-08-07,0,
10767,3,10,OUT,SALE,2,2025-08-08,0,
10768,3,10,OUT,SALE,2,2025-08-09,0,
10769,3,10,OUT,SALE,2,2025-08-10,0,
10770,3,10,OUT,SALE,2,2025-08-11,0,
10771,3,10,OUT,SALE,2,2025-08-12,0,
10772,3,10,OUT,SALE,2,2025-08-13,0,
10773,3,10,OUT,SALE,1,2025-08-14,0,
10774,3,10,OUT,SALE,2,2025-08-15,0,
10775,3,10,OUT,SALE,2,2025-08-16,0,
10776,3,10,OUT,SALE,2,2025-08-17,0,
10777,3,10,OUT,SALE,2,2025-08-18,0,
10778,3,10,OUT,SALE,2,2025-08-19,0,
10779,3,10,OUT,SALE,2,2025-08-20,0,
10780,3,10,OUT,SALE,2,2025-08-21,0,
10781,3,10,OUT,SALE,2,2025-08-22,0,
10782,3,10,OUT,SALE,2,2025-08-23,0,
10783,3,10,OUT,SALE,2,2025-08-24,0,
10784,3,10,OUT,SALE,2,2025-08-25,0,
10785,3,10,OUT,SALE,2,2025-08-26,0,
10786,3,10,OUT,SALE,2,2025-08-27,0,
10787,3,10,OUT,SALE,2,2025-08-28,0,
10788,3,10,OUT,SALE,2,2025-08-29,0,
10789,3,10,OUT,SALE,2,2025-08-30,0,
10790,3,10,OUT,SALE,2,2025-08-31,0,
10791,3,10,OUT,SALE,2,2025-09-01,0,
10792,3,10,OUT,SALE,2,2025-09-02,0,
10793,3,10,OUT,SALE,2,2025-09-03,0,
10794,3,10,OUT,SALE,2,2025-09-04,0,
10795,3,10,OUT,SALE,2,2025-09-05,0,
10796,3,10,OUT,SALE,2,2025-09-06,0,
10797,3,10,OUT,SALE,2,2025-09-07,0,
10798,3,10,OUT,SALE,2,2025-09-08,0,
10799,3,10,OUT,SALE,2,2025-09-09,0,
10800,3,10,OUT,SALE,2,2025-09-10,0,
10801,3,10,OUT,SALE,2,2025-09-11,0,
10802,3,10,OUT,SALE,2,2025-09-12,0,
10803,3,10,OUT,SALE,2,2025-09-13,0,
10804,3,10,OUT,SALE,2,2025-09-14,0,
10805,3,10,OUT,SALE,2,2025-09-15,0,
10806,3,10,OUT,SALE,2,2025-09-16,0,
10807,3,10,OUT,SALE,1,2025-09-17,0,
10808,3,10,OUT,SALE,2,2025-09-18,0,
10809,3,10,OUT,SALE,2,2025-09-19,0,
10810,3,10,OUT,SALE,2,2025-09-20,0,
10811,3,10,OUT,SALE,2,2025-09-21,0,
10812,3,10,OUT,SALE,1,2025-09-22,0,
10813,3,10,OUT,SALE,2,2025-09-23,0,
10814,3,10,OUT,SALE,2,2025-09-24,0,
10815,3,10,OUT,SALE,2,2025-09-25,0,
10816,3,10,OUT,SALE,1,2025-09-26,0,
10817,3,10,OUT,DAMAGE,12,2025-09-27,1,OFF_HOURS_BULK
10818,3,10,OUT,SALE,2,2025-09-28,0,
10819,3,10,OUT,SALE,2,2025-09-29,0,
10820,3,10,OUT,SALE,3,2025-09-30,0,
10821,3,10,OUT,SALE,3,2025-10-01,0,
10822,3,10,OUT,SALE,3,2025-10-02,0,
10823,3,10,OUT,SALE,3,2025-10-03,0,
10824,3,10,OUT,SALE,2,2025-10-04,0,
10825,3,10,OUT,SALE,2,2025-10-05,0,
10826,3,10,OUT,SALE,2,2025-10-06,0,
10827,3,10,OUT,SALE,2,2025-10-07,0,
10828,3,10,OUT,SALE,2,2025-10-08,0,
10829,3,10,OUT,SALE,1,2025-10-09,0,
10830,3,10,OUT,SALE,2,2025-10-10,0,
10831,3,10,OUT,SALE,2,2025-10-11,0,
10832,3,10,OUT,SALE,2,2025-10-12,0,
10833,3,10,OUT,SALE,2,2025-10-13,0,
10834,3,10,OUT,SALE,2,2025-10-14,0,
10835,3,10,OUT,SALE,2,2025-10-15,0,
10836,3,10,OUT,SALE,2,2025-10-16,0,
10837,3,10,OUT,SALE,2,2025-10-17,0,
10838,3,10,OUT,SALE,2,2025-10-18,0,
10839,3,10,OUT,SALE,2,2025-10-19,0,
10840,3,10,OUT,SALE,2,2025-10-20,0,
10841,3,10,OUT,SALE,1,2025-10-21,0,
10842,3,10,OUT,SALE,1,2025-10-22,0,
10843,3,10,OUT,SALE,1,2025-10-23,0,
10844,3,10,OUT,SALE,2,2025-10-24,0,
10845,3,10,OUT,SALE,2,2025-10-25,0,
10846,3,10,OUT,SALE,2,2025-10-26,0,
10847,3,10,OUT,SALE,2,2025-10-27,0,
10848,3,10,OUT,SALE,2,2025-10-28,0,
10849,3,10,OUT,SALE,2,2025-10-29,0,
10850,3,10,OUT,DAMAGE,4,2025-10-30,1,REPEATED_LOSS
10851,3,10,OUT,SALE,2,2025-10-31,0,
10852,3,10,OUT,SALE,2,2025-11-01,0,
10853,3,10,OUT,SALE,2,2025-11-02,0,
10854,3,10,OUT,SALE,1,2025-11-03,0,
10855,3,10,OUT,SALE,2,2025-11-04,0,
10856,3,10,OUT,SALE,2,2025-11-05,0,
10857,3,10,OUT,SALE,1,2025-11-06,0,
10858,3,10,OUT,SALE,2,2025-11-07,0,
10859,3,10,OUT,SALE,1,2025-11-08,0,
10860,3,10,OUT,SALE,2,2025-11-09,0,
10861,3,10,OUT,DAMAGE,11,2025-11-10,1,THEFT_SPIKE
10862,3,10,OUT,SALE,2,2025-11-11,0,
10863,3,10,OUT,SALE,1,2025-11-12,0,
10864,3,10,OUT,SALE,2,2025-11-13,0,
10865,3,10,OUT,SALE,2,2025-11-14,0,
10866,3,10,OUT,SALE,2,2025-11-15,0,
10867,3,10,OUT,SALE,2,2025-11-16,0,
10868,3,10,OUT,SALE,2,2025-11-17,0,
10869,3,10,OUT,SALE,2,2025-11-18,0,
10870,3,10,OUT,SALE,1,2025-11-19,0,
10871,3,10,OUT,SALE,1,2025-11-20,0,
10872,3,10,OUT,SALE,2,2025-11-21,0,
10873,3,10,OUT,SALE,2,2025-11-22,0,
10874,3,10,OUT,DAMAGE,4,2025-11-23,1,REPEATED_LOSS
10875,3,10,OUT,SALE,1,2025-11-24,0,
10876,3,10,OUT,SALE,1,2025-11-25,0,
10877,3,10,OUT,SALE,1,2025-11-26,0,
10878,3,10,OUT,SALE,2,2025-11-27,0,
10879,3,10,OUT,SALE,3,2025-11-28,0,
10880,3,10,OUT,SALE,4,2025-11-29,0,
10881,3,10,OUT,SALE,4,2025-11-30,0,
10882,3,10,OUT,SALE,2,2025-12-01,0,
10883,3,10,OUT,SALE,1,2025-12-02,0,
10884,3,10,OUT,SALE,1,2025-12-03,0,
10885,3,10,OUT,SALE,1,2025-12-04,0,
10886,3,10,OUT,SALE,1,2025-12-05,0,
10887,3,10,OUT,SALE,2,2025-12-06,0,
10888,3,10,OUT,SALE,1,2025-12-07,0,
10889,3,10,OUT,SALE,2,2025-12-08,0,
10890,3,10,OUT,SALE,1,2025-12-09,0,
10891,3,10,OUT,SALE,1,2025-12-10,0,
10892,3,10,OUT,SALE,1,2025-12-11,0,
10893,3,10,OUT,SALE,1,2025-12-12,0,
10894,3,10,OUT,SALE,1,2025-12-13,0,
10895,3,10,OUT,SALE,1,2025-12-14,0,
10896,3,10,OUT,SALE,1,2025-12-15,0,
10897,3,10,OUT,SALE,1,2025-12-16,0,
10898,3,10,OUT,SALE,2,2025-12-17,0,
10899,3,10,OUT,SALE,1,2025-12-18,0,
10900,3,10,OUT,SALE,2,2025-12-19,0,
10901,3,10,OUT,SALE,2,2025-12-20,0,
10902,3,10,OUT,SALE,2,2025-12-21,0,
10903,3,10,OUT,SALE,1,2025-12-22,0,
10904,3,10,OUT,SALE,1,2025-12-23,0,
10905,3,10,OUT,SALE,3,2025-12-24,0,
10906,3,10,OUT,SALE,2,2025-12-25,0,
10907,3,10,OUT,SALE,3,2025-12-26,0,
10908,3,10,OUT,SALE,2,2025-12-27,0,
10909,3,10,OUT,SALE,2,2025-12-28,0,
10910,3,10,OUT,SALE,1,2025-12-29,0,
10911,3,10,OUT,SALE,1,2025-12-30,0,
10912,3,10,OUT,SALE,1,2025-12-31,0,
10913,3,11,OUT,SALE,7,2025-01-01,0,
10914,3,11,OUT,SALE,9,2025-01-02,0,
10915,3,11,OUT,SALE,7,2025-01-03,0,
10916,3,11,OUT,SALE,10,2025-01-04,0,
10917,3,11,OUT,SALE,10,2025-01-05,0,
10918,3,11,OUT,SALE,7,2025-01-06,0,
10919,3,11,OUT,SALE,10,2025-01-07,0,
10920,3,11,OUT,SALE,9,2025-01-08,0,
10921,3,11,OUT,SALE,9,2025-01-09,0,
10922,3,11,OUT,SALE,8,2025-01-10,0,
10923,3,11,OUT,SALE,10,2025-01-11,0,
10924,3,11,OUT,SALE,11,2025-01-12,0,
10925,3,11,OUT,SALE,8,2025-01-13,0,
10926,3,11,OUT,SALE,10,2025-01-14,0,
10927,3,11,OUT,SALE,8,2025-01-15,0,
10928,3,11,OUT,SALE,9,2025-01-16,0,
10929,3,11,OUT,SALE,9,2025-01-17,0,
10930,3,11,OUT,SALE,10,2025-01-18,0,
10931,3,11,OUT,SALE,8,2025-01-19,0,
10932,3,11,OUT,SALE,9,2025-01-20,0,
10933,3,11,OUT,SALE,8,2025-01-21,0,
10934,3,11,OUT,SALE,7,2025-01-22,0,
10935,3,11,OUT,SALE,10,2025-01-23,0,
10936,3,11,OUT,SALE,8,2025-01-24,0,
10937,3,11,OUT,SALE,15,2025-01-25,0,
10938,3,11,OUT,SALE,16,2025-01-26,0,
10939,3,11,OUT,SALE,13,2025-01-27,0,
10940,3,11,OUT,SALE,17,2025-01-28,0,
10941,3,11,OUT,SALE,8,2025-01-29,0,
10942,3,11,OUT,SALE,9,2025-01-30,0,
10943,3,11,OUT,SALE,10,2025-01-31,0,
10944,3,11,OUT,SALE,11,2025-02-01,0,
10945,3,11,OUT,SALE,13,2025-02-02,0,
10946,3,11,OUT,SALE,9,2025-02-03,0,
10947,3,11,OUT,SALE,13,2025-02-04,0,
10948,3,11,OUT,SALE,12,2025-02-05,0,
10949,3,11,OUT,SALE,10,2025-02-06,0,
10950,3,11,OUT,SALE,9,2025-02-07,0,
10951,3,11,OUT,SALE,12,2025-02-08,0,
10952,3,11,OUT,SALE,11,2025-02-09,0,
10953,3,11,OUT,SALE,13,2025-02-10,0,
10954,3,11,OUT,SALE,9,2025-02-11,0,
10955,3,11,OUT,SALE,11,2025-02-12,0,
10956,3,11,OUT,SALE,10,2025-02-13,0,
10957,3,11,OUT,SALE,10,2025-02-14,0,
10958,3,11,OUT,SALE,12,2025-02-15,0,
10959,3,11,OUT,SALE,12,2025-02-16,0,
10960,3,11,OUT,SALE,11,2025-02-17,0,
10961,3,11,OUT,SALE,11,2025-02-18,0,
10962,3,11,OUT,SALE,11,2025-02-19,0,
10963,3,11,OUT,SALE,7,2025-02-20,0,
10964,3,11,OUT,SALE,11,2025-02-21,0,
10965,3,11,OUT,SALE,10,2025-02-22,0,
10966,3,11,OUT,SALE,13,2025-02-23,0,
10967,3,11,OUT,SALE,12,2025-02-24,0,
10968,3,11,OUT,SALE,9,2025-02-25,0,
10969,3,11,OUT,SALE,10,2025-02-26,0,
10970,3,11,OUT,SALE,10,2025-02-27,0,
10971,3,11,OUT,SALE,12,2025-02-28,0,
10972,3,11,OUT,SALE,14,2025-03-01,0,
10973,3,11,OUT,SALE,16,2025-03-02,0,
10974,3,11,OUT,SALE,12,2025-03-03,0,
10975,3,11,OUT,SALE,12,2025-03-04,0,
10976,3,11,OUT,SALE,12,2025-03-05,0,
10977,3,11,OUT,SALE,13,2025-03-06,0,
10978,3,11,OUT,SALE,9,2025-03-07,0,
10979,3,11,OUT,SALE,14,2025-03-08,0,
10980,3,11,OUT,SALE,14,2025-03-09,0,
10981,3,11,OUT,SALE,13,2025-03-10,0,
10982,3,11,OUT,SALE,12,2025-03-11,0,
10983,3,11,OUT,SALE,10,2025-03-12,0,
10984,3,11,OUT,SALE,12,2025-03-13,0,
10985,3,11,OUT,SALE,10,2025-03-14,0,
10986,3,11,OUT,SALE,17,2025-03-15,0,
10987,3,11,OUT,SALE,24,2025-03-16,0,
10988,3,11,OUT,SALE,20,2025-03-17,0,
10989,3,11,OUT,SALE,20,2025-03-18,0,
10990,3,11,OUT,SALE,14,2025-03-19,0,
10991,3,11,OUT,SALE,11,2025-03-20,0,
10992,3,11,OUT,SALE,10,2025-03-21,0,
10993,3,11,OUT,SALE,14,2025-03-22,0,
10994,3,11,OUT,SALE,13,2025-03-23,0,
10995,3,11,OUT,SALE,11,2025-03-24,0,
10996,3,11,OUT,SALE,12,2025-03-25,0,
10997,3,11,OUT,SALE,11,2025-03-26,0,
10998,3,11,OUT,SALE,9,2025-03-27,0,
10999,3,11,OUT,SALE,11,2025-03-28,0,
11000,3,11,OUT,SALE,12,2025-03-29,0,
11001,3,11,OUT,SALE,14,2025-03-30,0,
11002,3,11,OUT,SALE,11,2025-03-31,0,
11003,3,11,OUT,SALE,14,2025-04-01,0,
11004,3,11,OUT,SALE,15,2025-04-02,0,
11005,3,11,OUT,SALE,13,2025-04-03,0,
11006,3,11,OUT,SALE,10,2025-04-04,0,
11007,3,11,OUT,SALE,17,2025-04-05,0,
11008,3,11,OUT,SALE,17,2025-04-06,0,
11009,3,11,OUT,DAMAGE,57,2025-04-07,1,OFF_HOURS_BULK
11010,3,11,OUT,SALE,14,2025-04-08,0,
11011,3,11,OUT,SALE,12,2025-04-09,0,
11012,3,11,OUT,SALE,10,2025-04-10,0,
11013,3,11,OUT,SALE,11,2025-04-11,0,
11014,3,11,OUT,SALE,17,2025-04-12,0,
11015,3,11,OUT,SALE,12,2025-04-13,0,
11016,3,11,OUT,SALE,12,2025-04-14,0,
11017,3,11,OUT,SALE,12,2025-04-15,0,
11018,3,11,OUT,SALE,12,2025-04-16,0,
11019,3,11,OUT,SALE,12,2025-04-17,0,
11020,3,11,OUT,SALE,13,2025-04-18,0,
11021,3,11,OUT,SALE,13,2025-04-19,0,
11022,3,11,OUT,SALE,12,2025-04-20,0,
11023,3,11,OUT,SALE,13,2025-04-21,0,
11024,3,11,OUT,SALE,14,2025-04-22,0,
11025,3,11,OUT,SALE,14,2025-04-23,0,
11026,3,11,OUT,SALE,11,2025-04-24,0,
11027,3,11,OUT,SALE,11,2025-04-25,0,
11028,3,11,OUT,SALE,14,2025-04-26,0,
11029,3,11,OUT,SALE,17,2025-04-27,0,
11030,3,11,OUT,SALE,13,2025-04-28,0,
11031,3,11,OUT,SALE,13,2025-04-29,0,
11032,3,11,OUT,SALE,14,2025-04-30,0,
11033,3,11,OUT,SALE,12,2025-05-01,0,
11034,3,11,OUT,SALE,12,2025-05-02,0,
11035,3,11,OUT,SALE,15,2025-05-03,0,
11036,3,11,OUT,SALE,13,2025-05-04,0,
11037,3,11,OUT,SALE,10,2025-05-05,0,
11038,3,11,OUT,SALE,13,2025-05-06,0,
11039,3,11,OUT,SALE,14,2025-05-07,0,
11040,3,11,OUT,SALE,10,2025-05-08,0,
11041,3,11,OUT,SALE,13,2025-05-09,0,
11042,3,11,OUT,SALE,16,2025-05-10,0,
11043,3,11,OUT,SALE,14,2025-05-11,0,
11044,3,11,OUT,SALE,11,2025-05-12,0,
11045,3,11,OUT,SALE,12,2025-05-13,0,
11046,3,11,OUT,SALE,11,2025-05-14,0,
11047,3,11,OUT,SALE,11,2025-05-15,0,
11048,3,11,OUT,SALE,12,2025-05-16,0,
11049,3,11,OUT,SALE,11,2025-05-17,0,
11050,3,11,OUT,SALE,11,2025-05-18,0,
11051,3,11,OUT,SALE,12,2025-05-19,0,
11052,3,11,OUT,SALE,12,2025-05-20,0,
11053,3,11,OUT,SALE,12,2025-05-21,0,
11054,3,11,OUT,SALE,15,2025-05-22,0,
11055,3,11,OUT,SALE,12,2025-05-23,0,
11056,3,11,OUT,SALE,15,2025-05-24,0,
11057,3,11,OUT,SALE,12,2025-05-25,0,
11058,3,11,OUT,SALE,13,2025-05-26,0,
11059,3,11,OUT,SALE,11,2025-05-27,0,
11060,3,11,OUT,SALE,12,2025-05-28,0,
11061,3,11,OUT,SALE,12,2025-05-29,0,
11062,3,11,OUT,SALE,13,2025-05-30,0,
11063,3,11,OUT,SALE,12,2025-05-31,0,
11064,3,11,OUT,SALE,9,2025-06-01,0,
11065,3,11,OUT,SALE,10,2025-06-02,0,
11066,3,11,OUT,SALE,11,2025-06-03,0,
11067,3,11,OUT,SALE,11,2025-06-04,0,
11068,3,11,OUT,DAMAGE,81,2025-06-05,1,THEFT_SPIKE
11069,3,11,OUT,SALE,11,2025-06-06,0,
11070,3,11,OUT,SALE,11,2025-06-07,0,
11071,3,11,OUT,SALE,9,2025-06-08,0,
11072,3,11,OUT,SALE,10,2025-06-09,0,
11073,3,11,OUT,SALE,12,2025-06-10,0,
11074,3,11,OUT,DAMAGE,71,2025-06-11,1,OFF_HOURS_BULK
11075,3,11,OUT,SALE,10,2025-06-12,0,
11076,3,11,OUT,SALE,11,2025-06-13,0,
11077,3,11,OUT,SALE,10,2025-06-14,0,
11078,3,11,OUT,SALE,13,2025-06-15,0,
11079,3,11,OUT,SALE,12,2025-06-16,0,
11080,3,11,OUT,SALE,10,2025-06-17,0,
11081,3,11,OUT,SALE,9,2025-06-18,0,
11082,3,11,OUT,SALE,10,2025-06-19,0,
11083,3,11,OUT,SALE,8,2025-06-20,0,
11084,3,11,OUT,SALE,12,2025-06-21,0,
11085,3,11,OUT,SALE,13,2025-06-22,0,
11086,3,11,OUT,SALE,12,2025-06-23,0,
11087,3,11,OUT,SALE,10,2025-06-24,0,
11088,3,11,OUT,SALE,11,2025-06-25,0,
11089,3,11,OUT,SALE,9,2025-06-26,0,
11090,3,11,OUT,SALE,10,2025-06-27,0,
11091,3,11,OUT,SALE,10,2025-06-28,0,
11092,3,11,OUT,SALE,12,2025-06-29,0,
11093,3,11,OUT,SALE,10,2025-06-30,0,
11094,3,11,OUT,SALE,9,2025-07-01,0,
11095,3,11,OUT,SALE,8,2025-07-02,0,
11096,3,11,OUT,SALE,8,2025-07-03,0,
11097,3,11,OUT,SALE,8,2025-07-04,0,
11098,3,11,OUT,SALE,9,2025-07-05,0,
11099,3,11,OUT,SALE,10,2025-07-06,0,
11100,3,11,OUT,SALE,8,2025-07-07,0,
11101,3,11,OUT,SALE,9,2025-07-08,0,
11102,3,11,OUT,SALE,8,2025-07-09,0,
11103,3,11,OUT,SALE,8,2025-07-10,0,
11104,3,11,OUT,SALE,8,2025-07-11,0,
11105,3,11,OUT,SALE,9,2025-07-12,0,
11106,3,11,OUT,SALE,9,2025-07-13,0,
11107,3,11,OUT,SALE,10,2025-07-14,0,
11108,3,11,OUT,DAMAGE,16,2025-07-15,1,REPEATED_LOSS
11109,3,11,OUT,SALE,8,2025-07-16,0,
11110,3,11,OUT,SALE,8,2025-07-17,0,
11111,3,11,OUT,SALE,8,2025-07-18,0,
11112,3,11,OUT,SALE,9,2025-07-19,0,
11113,3,11,OUT,SALE,22,2025-07-20,0,
11114,3,11,OUT,SALE,14,2025-07-21,0,
11115,3,11,OUT,SALE,20,2025-07-22,0,
11116,3,11,OUT,SALE,20,2025-07-23,0,
11117,3,11,OUT,SALE,16,2025-07-24,0,
11118,3,11,OUT,SALE,13,2025-07-25,0,
11119,3,11,OUT,SALE,8,2025-07-26,0,
11120,3,11,OUT,SALE,9,2025-07-27,0,
11121,3,11,OUT,SALE,11,2025-07-28,0,
11122,3,11,OUT,SALE,9,2025-07-29,0,
11123,3,11,OUT,SALE,6,2025-07-30,0,
11124,3,11,OUT,SALE,8,2025-07-31,0,
11125,3,11,OUT,SALE,6,2025-08-01,0,
11126,3,11,OUT,SALE,7,2025-08-02,0,
11127,3,11,OUT,SALE,6,2025-08-03,0,
11128,3,11,OUT,SALE,6,2025-08-04,0,
11129,3,11,OUT,SALE,6,2025-08-05,0,
11130,3,11,OUT,SALE,5,2025-08-06,0,
11131,3,11,OUT,SALE,6,2025-08-07,0,
11132,3,11,OUT,SALE,7,2025-08-08,0,
11133,3,11,OUT,SALE,8,2025-08-09,0,
11134,3,11,OUT,SALE,8,2025-08-10,0,
11135,3,11,OUT,SALE,6,2025-08-11,0,
11136,3,11,OUT,SALE,7,2025-08-12,0,
11137,3,11,OUT,SALE,6,2025-08-13,0,
11138,3,11,OUT,SALE,6,2025-08-14,0,
11139,3,11,OUT,SALE,6,2025-08-15,0,
11140,3,11,OUT,SALE,7,2025-08-16,0,
11141,3,11,OUT,SALE,7,2025-08-17,0,
11142,3,11,OUT,SALE,8,2025-08-18,0,
11143,3,11,OUT,SALE,6,2025-08-19,0,
11144,3,11,OUT,SALE,6,2025-08-20,0,
11145,3,11,OUT,SALE,6,2025-08-21,0,
11146,3,11,OUT,SALE,6,2025-08-22,0,
11147,3,11,OUT,SALE,9,2025-08-23,0,
11148,3,11,OUT,SALE,7,2025-08-24,0,
11149,3,11,OUT,SALE,7,2025-08-25,0,
11150,3,11,OUT,SALE,6,2025-08-26,0,
11151,3,11,OUT,SALE,6,2025-08-27,0,
11152,3,11,OUT,SALE,7,2025-08-28,0,
11153,3,11,OUT,SALE,6,2025-08-29,0,
11154,3,11,OUT,SALE,7,2025-08-30,0,
11155,3,11,OUT,SALE,9,2025-08-31,0,
11156,3,11,OUT,SALE,5,2025-09-01,0,
11157,3,11,OUT,SALE,5,2025-09-02,0,
11158,3,11,OUT,SALE,5,2025-09-03,0,
11159,3,11,OUT,SALE,5,2025-09-04,0,
11160,3,11,OUT,SALE,6,2025-09-05,0,
11161,3,11,OUT,SALE,5,2025-09-06,0,
11162,3,11,OUT,SALE,6,2025-09-07,0,
11163,3,11,OUT,SALE,4,2025-09-08,0,
11164,3,11,OUT,SALE,4,2025-09-09,0,
11165,3,11,OUT,SALE,4,2025-09-10,0,
11166,3,11,OUT,SALE,5,2025-09-11,0,
11167,3,11,OUT,SALE,3,2025-09-12,0,
11168,3,11,OUT,SALE,5,2025-09-13,0,
11169,3,11,OUT,SALE,3,2025-09-14,0,
11170,3,11,OUT,SALE,4,2025-09-15,0,
11171,3,11,OUT,SALE,4,2025-09-16,0,
11172,3,11,OUT,SALE,5,2025-09-17,0,
11173,3,11,OUT,SALE,5,2025-09-18,0,
11174,3,11,OUT,SALE,4,2025-09-19,0,
11175,3,11,OUT,SALE,6,2025-09-20,0,
11176,3,11,OUT,SALE,5,2025-09-21,0,
11177,3,11,OUT,SALE,5,2025-09-22,0,
11178,3,11,OUT,SALE,4,2025-09-23,0,
11179,3,11,OUT,SALE,4,2025-09-24,0,
11180,3,11,OUT,SALE,4,2025-09-25,0,
11181,3,11,OUT,SALE,5,2025-09-26,0,
11182,3,11,OUT,SALE,5,2025-09-27,0,
11183,3,11,OUT,SALE,6,2025-09-28,0,
11184,3,11,OUT,SALE,5,2025-09-29,0,
11185,3,11,OUT,SALE,6,2025-09-30,0,
11186,3,11,OUT,SALE,8,2025-10-01,0,
11187,3,11,OUT,SALE,6,2025-10-02,0,
11188,3,11,OUT,SALE,7,2025-10-03,0,
11189,3,11,OUT,SALE,4,2025-10-04,0,
11190,3,11,OUT,SALE,4,2025-10-05,0,
11191,3,11,OUT,SALE,3,2025-10-06,0,
11192,3,11,OUT,SALE,4,2025-10-07,0,
11193,3,11,OUT,SALE,3,2025-10-08,0,
11194,3,11,OUT,SALE,4,2025-10-09,0,
11195,3,11,OUT,SALE,5,2025-10-10,0,
11196,3,11,OUT,SALE,4,2025-10-11,0,
11197,3,11,OUT,SALE,5,2025-10-12,0,
11198,3,11,OUT,SALE,3,2025-10-13,0,
11199,3,11,OUT,SALE,4,2025-10-14,0,
11200,3,11,OUT,SALE,4,2025-10-15,0,
11201,3,11,OUT,SALE,4,2025-10-16,0,
11202,3,11,OUT,SALE,4,2025-10-17,0,
11203,3,11,OUT,SALE,5,2025-10-18,0,
11204,3,11,OUT,SALE,6,2025-10-19,0,
11205,3,11,OUT,SALE,5,2025-10-20,0,
11206,3,11,OUT,SALE,4,2025-10-21,0,
11207,3,11,OUT,SALE,3,2025-10-22,0,
11208,3,11,OUT,SALE,4,2025-10-23,0,
11209,3,11,OUT,SALE,4,2025-10-24,0,
11210,3,11,OUT,SALE,5,2025-10-25,0,
11211,3,11,OUT,SALE,4,2025-10-26,0,
11212,3,11,OUT,SALE,4,2025-10-27,0,
11213,3,11,OUT,SALE,5,2025-10-28,0,
11214,3,11,OUT,SALE,4,2025-10-29,0,
11215,3,11,OUT,SALE,4,2025-10-30,0,
11216,3,11,OUT,SALE,5,2025-10-31,0,
11217,3,11,OUT,SALE,4,2025-11-01,0,
11218,3,11,OUT,SALE,5,2025-11-02,0,
11219,3,11,OUT,SALE,5,2025-11-03,0,
11220,3,11,OUT,SALE,5,2025-11-04,0,
11221,3,11,OUT,SALE,5,2025-11-05,0,
11222,3,11,OUT,SALE,5,2025-11-06,0,
11223,3,11,OUT,SALE,5,2025-11-07,0,
11224,3,11,OUT,SALE,5,2025-11-08,0,
11225,3,11,OUT,SALE,5,2025-11-09,0,
11226,3,11,OUT,SALE,4,2025-11-10,0,
11227,3,11,OUT,SALE,5,2025-11-11,0,
11228,3,11,OUT,SALE,4,2025-11-12,0,
11229,3,11,OUT,SALE,5,2025-11-13,0,
11230,3,11,OUT,SALE,5,2025-11-14,0,
11231,3,11,OUT,SALE,5,2025-11-15,0,
11232,3,11,OUT,SALE,6,2025-11-16,0,
11233,3,11,OUT,SALE,4,2025-11-17,0,
11234,3,11,OUT,SALE,5,2025-11-18,0,
11235,3,11,OUT,SALE,5,2025-11-19,0,
11236,3,11,OUT,SALE,4,2025-11-20,0,
11237,3,11,OUT,SALE,5,2025-11-21,0,
11238,3,11,OUT,SALE,6,2025-11-22,0,
11239,3,11,OUT,SALE,6,2025-11-23,0,
11240,3,11,OUT,SALE,5,2025-11-24,0,
11241,3,11,OUT,SALE,5,2025-11-25,0,
11242,3,11,OUT,SALE,4,2025-11-26,0,
11243,3,11,OUT,SALE,6,2025-11-27,0,
11244,3,11,OUT,SALE,10,2025-11-28,0,
11245,3,11,OUT,SALE,15,2025-11-29,0,
11246,3,11,OUT,SALE,14,2025-11-30,0,
11247,3,11,OUT,SALE,5,2025-12-01,0,
11248,3,11,OUT,SALE,6,2025-12-02,0,
11249,3,11,OUT,SALE,6,2025-12-03,0,
11250,3,11,OUT,SALE,7,2025-12-04,0,
11251,3,11,OUT,SALE,6,2025-12-05,0,
11252,3,11,OUT,SALE,7,2025-12-06,0,
11253,3,11,OUT,SALE,5,2025-12-07,0,
11254,3,11,OUT,SALE,8,2025-12-08,0,
11255,3,11,OUT,SALE,5,2025-12-09,0,
11256,3,11,OUT,SALE,6,2025-12-10,0,
11257,3,11,OUT,SALE,6,2025-12-11,0,
11258,3,11,OUT,SALE,6,2025-12-12,0,
11259,3,11,OUT,DAMAGE,50,2025-12-13,1,OFF_HOURS_BULK
11260,3,11,OUT,SALE,9,2025-12-14,0,
11261,3,11,OUT,SALE,6,2025-12-15,0,
11262,3,11,OUT,SALE,7,2025-12-16,0,
11263,3,11,OUT,SALE,6,2025-12-17,0,
11264,3,11,OUT,SALE,7,2025-12-18,0,
11265,3,11,OUT,SALE,6,2025-12-19,0,
11266,3,11,OUT,SALE,8,2025-12-20,0,
11267,3,11,OUT,SALE,8,2025-12-21,0,
11268,3,11,OUT,SALE,7,2025-12-22,0,
11269,3,11,OUT,SALE,6,2025-12-23,0,
11270,3,11,OUT,SALE,10,2025-12-24,0,
11271,3,11,OUT,SALE,11,2025-12-25,0,
11272,3,11,OUT,SALE,9,2025-12-26,0,
11273,3,11,OUT,SALE,9,2025-12-27,0,
11274,3,11,OUT,SALE,7,2025-12-28,0,
11275,3,11,OUT,SALE,6,2025-12-29,0,
11276,3,11,OUT,SALE,6,2025-12-30,0,
11277,3,11,OUT,SALE,5,2025-12-31,0,
11278,4,1,OUT,SALE,6,2025-01-01,0,
11279,4,1,OUT,SALE,5,2025-01-02,0,
11280,4,1,OUT,SALE,5,2025-01-03,0,
11281,4,1,OUT,SALE,7,2025-01-04,0,
11282,4,1,OUT,SALE,7,2025-01-05,0,
11283,4,1,OUT,SALE,5,2025-01-06,0,
11284,4,1,OUT,SALE,6,2025-01-07,0,
11285,4,1,OUT,SALE,6,2025-01-08,0,
11286,4,1,OUT,SALE,5,2025-01-09,0,
11287,4,1,OUT,SALE,6,2025-01-10,0,
11288,4,1,OUT,SALE,8,2025-01-11,0,
11289,4,1,OUT,SALE,7,2025-01-12,0,
11290,4,1,OUT,SALE,5,2025-01-13,0,
11291,4,1,OUT,SALE,6,2025-01-14,0,
11292,4,1,OUT,SALE,6,2025-01-15,0,
11293,4,1,OUT,SALE,6,2025-01-16,0,
11294,4,1,OUT,SALE,6,2025-01-17,0,
11295,4,1,OUT,SALE,8,2025-01-18,0,
11296,4,1,OUT,SALE,6,2025-01-19,0,
11297,4,1,OUT,SALE,4,2025-01-20,0,
11298,4,1,OUT,SALE,6,2025-01-21,0,
11299,4,1,OUT,SALE,5,2025-01-22,0,
11300,4,1,OUT,SALE,5,2025-01-23,0,
11301,4,1,OUT,SALE,5,2025-01-24,0,
11302,4,1,OUT,SALE,11,2025-01-25,0,
11303,4,1,OUT,SALE,13,2025-01-26,0,
11304,4,1,OUT,SALE,8,2025-01-27,0,
11305,4,1,OUT,SALE,10,2025-01-28,0,
11306,4,1,OUT,SALE,7,2025-01-29,0,
11307,4,1,OUT,SALE,5,2025-01-30,0,
11308,4,1,OUT,SALE,5,2025-01-31,0,
11309,4,1,OUT,SALE,6,2025-02-01,0,
11310,4,1,OUT,SALE,6,2025-02-02,0,
11311,4,1,OUT,SALE,6,2025-02-03,0,
11312,4,1,OUT,SALE,5,2025-02-04,0,
11313,4,1,OUT,SALE,6,2025-02-05,0,
11314,4,1,OUT,SALE,6,2025-02-06,0,
11315,4,1,OUT,SALE,5,2025-02-07,0,
11316,4,1,OUT,SALE,6,2025-02-08,0,
11317,4,1,OUT,SALE,6,2025-02-09,0,
11318,4,1,OUT,SALE,4,2025-02-10,0,
11319,4,1,OUT,SALE,5,2025-02-11,0,
11320,4,1,OUT,SALE,6,2025-02-12,0,
11321,4,1,OUT,SALE,6,2025-02-13,0,
11322,4,1,OUT,SALE,5,2025-02-14,0,
11323,4,1,OUT,SALE,6,2025-02-15,0,
11324,4,1,OUT,SALE,7,2025-02-16,0,
11325,4,1,OUT,SALE,5,2025-02-17,0,
11326,4,1,OUT,SALE,6,2025-02-18,0,
11327,4,1,OUT,SALE,6,2025-02-19,0,
11328,4,1,OUT,SALE,5,2025-02-20,0,
11329,4,1,OUT,SALE,5,2025-02-21,0,
11330,4,1,OUT,SALE,5,2025-02-22,0,
11331,4,1,OUT,SALE,6,2025-02-23,0,
11332,4,1,OUT,SALE,5,2025-02-24,0,
11333,4,1,OUT,SALE,4,2025-02-25,0,
11334,4,1,OUT,SALE,5,2025-02-26,0,
11335,4,1,OUT,SALE,6,2025-02-27,0,
11336,4,1,OUT,SALE,4,2025-02-28,0,
11337,4,1,OUT,SALE,4,2025-03-01,0,
11338,4,1,OUT,SALE,5,2025-03-02,0,
11339,4,1,OUT,SALE,5,2025-03-03,0,
11340,4,1,OUT,SALE,5,2025-03-04,0,
11341,4,1,OUT,SALE,5,2025-03-05,0,
11342,4,1,OUT,SALE,4,2025-03-06,0,
11343,4,1,OUT,SALE,4,2025-03-07,0,
11344,4,1,OUT,SALE,5,2025-03-08,0,
11345,4,1,OUT,SALE,4,2025-03-09,0,
11346,4,1,OUT,SALE,4,2025-03-10,0,
11347,4,1,OUT,SALE,4,2025-03-11,0,
11348,4,1,OUT,SALE,5,2025-03-12,0,
11349,4,1,OUT,SALE,4,2025-03-13,0,
11350,4,1,OUT,SALE,5,2025-03-14,0,
11351,4,1,OUT,SALE,8,2025-03-15,0,
11352,4,1,OUT,SALE,9,2025-03-16,0,
11353,4,1,OUT,SALE,6,2025-03-17,0,
11354,4,1,OUT,SALE,6,2025-03-18,0,
11355,4,1,OUT,SALE,4,2025-03-19,0,
11356,4,1,OUT,SALE,4,2025-03-20,0,
11357,4,1,OUT,SALE,3,2025-03-21,0,
11358,4,1,OUT,SALE,4,2025-03-22,0,
11359,4,1,OUT,SALE,4,2025-03-23,0,
11360,4,1,OUT,SALE,4,2025-03-24,0,
11361,4,1,OUT,SALE,5,2025-03-25,0,
11362,4,1,OUT,SALE,4,2025-03-26,0,
11363,4,1,OUT,SALE,4,2025-03-27,0,
11364,4,1,OUT,SALE,5,2025-03-28,0,
11365,4,1,OUT,SALE,6,2025-03-29,0,
11366,4,1,OUT,SALE,5,2025-03-30,0,
11367,4,1,OUT,SALE,3,2025-03-31,0,
11368,4,1,OUT,SALE,3,2025-04-01,0,
11369,4,1,OUT,SALE,3,2025-04-02,0,
11370,4,1,OUT,SALE,3,2025-04-03,0,
11371,4,1,OUT,SALE,3,2025-04-04,0,
11372,4,1,OUT,SALE,3,2025-04-05,0,
11373,4,1,OUT,SALE,3,2025-04-06,0,
11374,4,1,OUT,SALE,3,2025-04-07,0,
11375,4,1,OUT,SALE,4,2025-04-08,0,
11376,4,1,OUT,SALE,3,2025-04-09,0,
11377,4,1,OUT,SALE,2,2025-04-10,0,
11378,4,1,OUT,SALE,3,2025-04-11,0,
11379,4,1,OUT,SALE,3,2025-04-12,0,
11380,4,1,OUT,SALE,4,2025-04-13,0,
11381,4,1,OUT,SALE,2,2025-04-14,0,
11382,4,1,OUT,SALE,2,2025-04-15,0,
11383,4,1,OUT,SALE,3,2025-04-16,0,
11384,4,1,OUT,SALE,3,2025-04-17,0,
11385,4,1,OUT,SALE,3,2025-04-18,0,
11386,4,1,OUT,SALE,3,2025-04-19,0,
11387,4,1,OUT,SALE,3,2025-04-20,0,
11388,4,1,OUT,SALE,3,2025-04-21,0,
11389,4,1,OUT,SALE,3,2025-04-22,0,
11390,4,1,OUT,SALE,3,2025-04-23,0,
11391,4,1,OUT,SALE,3,2025-04-24,0,
11392,4,1,OUT,SALE,3,2025-04-25,0,
11393,4,1,OUT,SALE,3,2025-04-26,0,
11394,4,1,OUT,SALE,4,2025-04-27,0,
11395,4,1,OUT,SALE,3,2025-04-28,0,
11396,4,1,OUT,SALE,3,2025-04-29,0,
11397,4,1,OUT,SALE,3,2025-04-30,0,
11398,4,1,OUT,SALE,1,2025-05-01,0,
11399,4,1,OUT,SALE,1,2025-05-02,0,
11400,4,1,OUT,SALE,2,2025-05-03,0,
11401,4,1,OUT,SALE,2,2025-05-04,0,
11402,4,1,OUT,SALE,2,2025-05-05,0,
11403,4,1,OUT,SALE,2,2025-05-06,0,
11404,4,1,OUT,SALE,2,2025-05-07,0,
11405,4,1,OUT,SALE,1,2025-05-08,0,
11406,4,1,OUT,SALE,2,2025-05-09,0,
11407,4,1,OUT,SALE,1,2025-05-10,0,
11408,4,1,OUT,SALE,2,2025-05-11,0,
11409,4,1,OUT,SALE,2,2025-05-12,0,
11410,4,1,OUT,SALE,2,2025-05-13,0,
11411,4,1,OUT,SALE,2,2025-05-14,0,
11412,4,1,OUT,SALE,1,2025-05-15,0,
11413,4,1,OUT,SALE,1,2025-05-16,0,
11414,4,1,OUT,SALE,2,2025-05-17,0,
11415,4,1,OUT,SALE,2,2025-05-18,0,
11416,4,1,OUT,SALE,2,2025-05-19,0,
11417,4,1,OUT,SALE,1,2025-05-20,0,
11418,4,1,OUT,SALE,1,2025-05-21,0,
11419,4,1,OUT,SALE,1,2025-05-22,0,
11420,4,1,OUT,SALE,1,2025-05-23,0,
11421,4,1,OUT,SALE,2,2025-05-24,0,
11422,4,1,OUT,SALE,2,2025-05-25,0,
11423,4,1,OUT,SALE,2,2025-05-26,0,
11424,4,1,OUT,SALE,2,2025-05-27,0,
11425,4,1,OUT,SALE,2,2025-05-28,0,
11426,4,1,OUT,SALE,2,2025-05-29,0,
11427,4,1,OUT,SALE,2,2025-05-30,0,
11428,4,1,OUT,SALE,2,2025-05-31,0,
11429,4,1,OUT,SALE,1,2025-06-04,0,
11430,4,1,OUT,SALE,1,2025-06-05,0,
11431,4,1,OUT,SALE,1,2025-06-07,0,
11432,4,1,OUT,SALE,1,2025-06-08,0,
11433,4,1,OUT,SALE,1,2025-06-10,0,
11434,4,1,OUT,SALE,1,2025-06-11,0,
11435,4,1,OUT,SALE,1,2025-06-12,0,
11436,4,1,OUT,SALE,1,2025-06-14,0,
11437,4,1,OUT,SALE,1,2025-06-15,0,
11438,4,1,OUT,SALE,1,2025-06-17,0,
11439,4,1,OUT,SALE,1,2025-06-18,0,
11440,4,1,OUT,SALE,1,2025-06-19,0,
11441,4,1,OUT,SALE,1,2025-06-21,0,
11442,4,1,OUT,SALE,1,2025-06-22,0,
11443,4,1,OUT,SALE,1,2025-06-23,0,
11444,4,1,OUT,SALE,1,2025-06-24,0,
11445,4,1,OUT,SALE,1,2025-06-25,0,
11446,4,1,OUT,SALE,1,2025-06-27,0,
11447,4,1,OUT,SALE,1,2025-06-28,0,
11448,4,1,OUT,SALE,1,2025-06-29,0,
11449,4,1,OUT,SALE,1,2025-06-30,0,
11450,4,1,OUT,SALE,1,2025-08-02,0,
11451,4,1,OUT,SALE,1,2025-08-03,0,
11452,4,1,OUT,SALE,1,2025-08-07,0,
11453,4,1,OUT,SALE,1,2025-08-09,0,
11454,4,1,OUT,SALE,1,2025-08-10,0,
11455,4,1,OUT,SALE,1,2025-08-12,0,
11456,4,1,OUT,SALE,1,2025-08-15,0,
11457,4,1,OUT,SALE,0,2025-08-16,1,DATA_ERROR
11458,4,1,OUT,SALE,1,2025-08-17,0,
11459,4,1,OUT,SALE,0,2025-08-19,1,DATA_ERROR
11460,4,1,OUT,SALE,1,2025-08-20,0,
11461,4,1,OUT,SALE,1,2025-08-22,0,
11462,4,1,OUT,SALE,1,2025-08-23,0,
11463,4,1,OUT,SALE,1,2025-08-24,0,
11464,4,1,OUT,SALE,1,2025-08-25,0,
11465,4,1,OUT,DAMAGE,2,2025-08-26,1,REPEATED_LOSS
11466,4,1,OUT,SALE,1,2025-08-27,0,
11467,4,1,OUT,SALE,1,2025-08-28,0,
11468,4,1,OUT,SALE,1,2025-08-30,0,
11469,4,1,OUT,DAMAGE,4,2025-08-31,1,OFF_HOURS_BULK
11470,4,1,OUT,SALE,1,2025-09-01,0,
11471,4,1,OUT,SALE,2,2025-09-02,0,
11472,4,1,OUT,SALE,1,2025-09-03,0,
11473,4,1,OUT,SALE,1,2025-09-04,0,
11474,4,1,OUT,SALE,1,2025-09-05,0,
11475,4,1,OUT,SALE,2,2025-09-06,0,
11476,4,1,OUT,SALE,2,2025-09-07,0,
11477,4,1,OUT,SALE,1,2025-09-08,0,
11478,4,1,OUT,SALE,2,2025-09-09,0,
11479,4,1,OUT,SALE,2,2025-09-10,0,
11480,4,1,OUT,SALE,1,2025-09-11,0,
11481,4,1,OUT,SALE,1,2025-09-12,0,
11482,4,1,OUT,SALE,2,2025-09-13,0,
11483,4,1,OUT,SALE,2,2025-09-14,0,
11484,4,1,OUT,SALE,1,2025-09-15,0,
11485,4,1,OUT,SALE,1,2025-09-16,0,
11486,4,1,OUT,SALE,2,2025-09-17,0,
11487,4,1,OUT,SALE,2,2025-09-18,0,
11488,4,1,OUT,SALE,1,2025-09-19,0,
11489,4,1,OUT,SALE,2,2025-09-20,0,
11490,4,1,OUT,SALE,2,2025-09-21,0,
11491,4,1,OUT,SALE,2,2025-09-22,0,
11492,4,1,OUT,SALE,1,2025-09-23,0,
11493,4,1,OUT,SALE,1,2025-09-24,0,
11494,4,1,OUT,SALE,1,2025-09-25,0,
11495,4,1,OUT,SALE,1,2025-09-26,0,
11496,4,1,OUT,SALE,2,2025-09-27,0,
11497,4,1,OUT,SALE,2,2025-09-28,0,
11498,4,1,OUT,SALE,1,2025-09-29,0,
11499,4,1,OUT,SALE,3,2025-09-30,0,
11500,4,1,OUT,SALE,5,2025-10-01,0,
11501,4,1,OUT,SALE,5,2025-10-02,0,
11502,4,1,OUT,SALE,4,2025-10-03,0,
11503,4,1,OUT,SALE,3,2025-10-04,0,
11504,4,1,OUT,SALE,3,2025-10-05,0,
11505,4,1,OUT,SALE,3,2025-10-06,0,
11506,4,1,OUT,SALE,3,2025-10-07,0,
11507,4,1,OUT,SALE,3,2025-10-08,0,
11508,4,1,OUT,SALE,3,2025-10-09,0,
11509,4,1,OUT,SALE,3,2025-10-10,0,
11510,4,1,OUT,SALE,4,2025-10-11,0,
11511,4,1,OUT,SALE,3,2025-10-12,0,
11512,4,1,OUT,SALE,3,2025-10-13,0,
11513,4,1,OUT,SALE,3,2025-10-14,0,
11514,4,1,OUT,SALE,3,2025-10-15,0,
11515,4,1,OUT,SALE,3,2025-10-16,0,
11516,4,1,OUT,SALE,3,2025-10-17,0,
11517,4,1,OUT,SALE,3,2025-10-18,0,
11518,4,1,OUT,SALE,4,2025-10-19,0,
11519,4,1,OUT,SALE,3,2025-10-20,0,
11520,4,1,OUT,SALE,3,2025-10-21,0,
11521,4,1,OUT,SALE,3,2025-10-22,0,
11522,4,1,OUT,SALE,3,2025-10-23,0,
11523,4,1,OUT,SALE,3,2025-10-24,0,
11524,4,1,OUT,SALE,4,2025-10-25,0,
11525,4,1,OUT,SALE,3,2025-10-26,0,
11526,4,1,OUT,SALE,3,2025-10-27,0,
11527,4,1,OUT,SALE,3,2025-10-28,0,
11528,4,1,OUT,SALE,4,2025-10-29,0,
11529,4,1,OUT,SALE,3,2025-10-30,0,
11530,4,1,OUT,SALE,3,2025-10-31,0,
11531,4,1,OUT,SALE,6,2025-11-01,0,
11532,4,1,OUT,SALE,5,2025-11-02,0,
11533,4,1,OUT,SALE,5,2025-11-03,0,
11534,4,1,OUT,SALE,5,2025-11-04,0,
11535,4,1,OUT,SALE,3,2025-11-05,0,
11536,4,1,OUT,SALE,4,2025-11-06,0,
11537,4,1,OUT,SALE,4,2025-11-07,0,
11538,4,1,OUT,SALE,4,2025-11-08,0,
11539,4,1,OUT,SALE,4,2025-11-09,0,
11540,4,1,OUT,SALE,3,2025-11-10,0,
11541,4,1,OUT,DAMAGE,11,2025-11-11,1,REPEATED_LOSS
11542,4,1,OUT,SALE,4,2025-11-12,0,
11543,4,1,OUT,SALE,4,2025-11-13,0,
11544,4,1,OUT,SALE,4,2025-11-14,0,
11545,4,1,OUT,SALE,4,2025-11-15,0,
11546,4,1,OUT,SALE,6,2025-11-16,0,
11547,4,1,OUT,SALE,4,2025-11-17,0,
11548,4,1,OUT,SALE,5,2025-11-18,0,
11549,4,1,OUT,SALE,4,2025-11-19,0,
11550,4,1,OUT,SALE,4,2025-11-20,0,
11551,4,1,OUT,SALE,4,2025-11-21,0,
11552,4,1,OUT,SALE,6,2025-11-22,0,
11553,4,1,OUT,SALE,5,2025-11-23,0,
11554,4,1,OUT,SALE,4,2025-11-24,0,
11555,4,1,OUT,SALE,4,2025-11-25,0,
11556,4,1,OUT,SALE,3,2025-11-26,0,
11557,4,1,OUT,SALE,4,2025-11-27,0,
11558,4,1,OUT,SALE,10,2025-11-28,0,
11559,4,1,OUT,SALE,11,2025-11-29,0,
11560,4,1,OUT,SALE,14,2025-11-30,0,
11561,4,1,OUT,SALE,4,2025-12-01,0,
11562,4,1,OUT,SALE,4,2025-12-02,0,
11563,4,1,OUT,SALE,5,2025-12-03,0,
11564,4,1,OUT,SALE,5,2025-12-04,0,
11565,4,1,OUT,SALE,5,2025-12-05,0,
11566,4,1,OUT,SALE,7,2025-12-06,0,
11567,4,1,OUT,SALE,6,2025-12-07,0,
11568,4,1,OUT,SALE,6,2025-12-08,0,
11569,4,1,OUT,SALE,5,2025-12-09,0,
11570,4,1,OUT,SALE,5,2025-12-10,0,
11571,4,1,OUT,SALE,5,2025-12-11,0,
11572,4,1,OUT,SALE,6,2025-12-12,0,
11573,4,1,OUT,SALE,7,2025-12-13,0,
11574,4,1,OUT,SALE,6,2025-12-14,0,
11575,4,1,OUT,SALE,5,2025-12-15,0,
11576,4,1,OUT,SALE,6,2025-12-16,0,
11577,4,1,OUT,SALE,5,2025-12-17,0,
11578,4,1,OUT,SALE,5,2025-12-18,0,
11579,4,1,OUT,SALE,5,2025-12-19,0,
11580,4,1,OUT,SALE,5,2025-12-20,0,
11581,4,1,OUT,SALE,6,2025-12-21,0,
11582,4,1,OUT,SALE,4,2025-12-22,0,
11583,4,1,OUT,SALE,6,2025-12-23,0,
11584,4,1,OUT,SALE,11,2025-12-24,0,
11585,4,1,OUT,SALE,8,2025-12-25,0,
11586,4,1,OUT,SALE,7,2025-12-26,0,
11587,4,1,OUT,SALE,6,2025-12-27,0,
11588,4,1,OUT,SALE,6,2025-12-28,0,
11589,4,1,OUT,SALE,6,2025-12-29,0,
11590,4,1,OUT,SALE,5,2025-12-30,0,
11591,4,1,OUT,SALE,5,2025-12-31,0,
11592,4,2,OUT,SALE,4,2025-01-01,0,
11593,4,2,OUT,SALE,3,2025-01-02,0,
11594,4,2,OUT,SALE,4,2025-01-03,0,
11595,4,2,OUT,SALE,5,2025-01-04,0,
11596,4,2,OUT,SALE,3,2025-01-05,0,
11597,4,2,OUT,SALE,3,2025-01-06,0,
11598,4,2,OUT,SALE,3,2025-01-07,0,
11599,4,2,OUT,SALE,3,2025-01-08,0,
11600,4,2,OUT,SALE,3,2025-01-09,0,
11601,4,2,OUT,SALE,3,2025-01-10,0,
11602,4,2,OUT,SALE,4,2025-01-11,0,
11603,4,2,OUT,SALE,4,2025-01-12,0,
11604,4,2,OUT,SALE,4,2025-01-13,0,
11605,4,2,OUT,SALE,3,2025-01-14,0,
11606,4,2,OUT,SALE,3,2025-01-15,0,
11607,4,2,OUT,SALE,3,2025-01-16,0,
11608,4,2,OUT,DAMAGE,16,2025-01-17,1,OFF_HOURS_BULK
11609,4,2,OUT,SALE,4,2025-01-18,0,
11610,4,2,OUT,SALE,3,2025-01-19,0,
11611,4,2,OUT,SALE,3,2025-01-20,0,
11612,4,2,OUT,SALE,3,2025-01-21,0,
11613,4,2,OUT,SALE,3,2025-01-22,0,
11614,4,2,OUT,SALE,3,2025-01-23,0,
11615,4,2,OUT,SALE,4,2025-01-24,0,
11616,4,2,OUT,SALE,7,2025-01-25,0,
11617,4,2,OUT,SALE,6,2025-01-26,0,
11618,4,2,OUT,SALE,7,2025-01-27,0,
11619,4,2,OUT,SALE,7,2025-01-28,0,
11620,4,2,OUT,SALE,4,2025-01-29,0,
11621,4,2,OUT,SALE,4,2025-01-30,0,
11622,4,2,OUT,SALE,4,2025-01-31,0,
11623,4,2,OUT,SALE,3,2025-02-01,0,
11624,4,2,OUT,SALE,4,2025-02-02,0,
11625,4,2,OUT,SALE,3,2025-02-03,0,
11626,4,2,OUT,SALE,3,2025-02-04,0,
11627,4,2,OUT,SALE,3,2025-02-05,0,
11628,4,2,OUT,SALE,3,2025-02-06,0,
11629,4,2,OUT,SALE,3,2025-02-07,0,
11630,4,2,OUT,SALE,4,2025-02-08,0,
11631,4,2,OUT,SALE,4,2025-02-09,0,
11632,4,2,OUT,SALE,3,2025-02-10,0,
11633,4,2,OUT,SALE,3,2025-02-11,0,
11634,4,2,OUT,SALE,3,2025-02-12,0,
11635,4,2,OUT,SALE,4,2025-02-13,0,
11636,4,2,OUT,SALE,3,2025-02-14,0,
11637,4,2,OUT,SALE,4,2025-02-15,0,
11638,4,2,OUT,SALE,4,2025-02-16,0,
11639,4,2,OUT,SALE,3,2025-02-17,0,
11640,4,2,OUT,SALE,4,2025-02-18,0,
11641,4,2,OUT,SALE,3,2025-02-19,0,
11642,4,2,OUT,SALE,3,2025-02-20,0,
11643,4,2,OUT,SALE,3,2025-02-21,0,
11644,4,2,OUT,SALE,4,2025-02-22,0,
11645,4,2,OUT,SALE,4,2025-02-23,0,
11646,4,2,OUT,SALE,3,2025-02-24,0,
11647,4,2,OUT,SALE,3,2025-02-25,0,
11648,4,2,OUT,SALE,3,2025-02-26,0,
11649,4,2,OUT,SALE,3,2025-02-27,0,
11650,4,2,OUT,SALE,3,2025-02-28,0,
11651,4,2,OUT,SALE,3,2025-03-01,0,
11652,4,2,OUT,SALE,3,2025-03-02,0,
11653,4,2,OUT,SALE,3,2025-03-03,0,
11654,4,2,OUT,SALE,3,2025-03-04,0,
11655,4,2,OUT,SALE,3,2025-03-05,0,
11656,4,2,OUT,SALE,2,2025-03-06,0,
11657,4,2,OUT,SALE,2,2025-03-07,0,
11658,4,2,OUT,SALE,3,2025-03-08,0,
11659,4,2,OUT,SALE,3,2025-03-09,0,
11660,4,2,OUT,SALE,3,2025-03-10,0,
11661,4,2,OUT,SALE,3,2025-03-11,0,
11662,4,2,OUT,SALE,3,2025-03-12,0,
11663,4,2,OUT,SALE,3,2025-03-13,0,
11664,4,2,OUT,SALE,2,2025-03-14,0,
11665,4,2,OUT,SALE,4,2025-03-15,0,
11666,4,2,OUT,SALE,4,2025-03-16,0,
11667,4,2,OUT,SALE,4,2025-03-17,0,
11668,4,2,OUT,SALE,4,2025-03-18,0,
11669,4,2,OUT,DAMAGE,15,2025-03-19,1,THEFT_SPIKE
11670,4,2,OUT,SALE,3,2025-03-20,0,
11671,4,2,OUT,SALE,2,2025-03-21,0,
11672,4,2,OUT,SALE,3,2025-03-22,0,
11673,4,2,OUT,SALE,3,2025-03-23,0,
11674,4,2,OUT,SALE,2,2025-03-24,0,
11675,4,2,OUT,SALE,3,2025-03-25,0,
11676,4,2,OUT,SALE,2,2025-03-26,0,
11677,4,2,OUT,SALE,3,2025-03-27,0,
11678,4,2,OUT,SALE,2,2025-03-28,0,
11679,4,2,OUT,SALE,3,2025-03-29,0,
11680,4,2,OUT,SALE,3,2025-03-30,0,
11681,4,2,OUT,SALE,2,2025-03-31,0,
11682,4,2,OUT,SALE,2,2025-04-01,0,
11683,4,2,OUT,SALE,2,2025-04-02,0,
11684,4,2,OUT,SALE,2,2025-04-03,0,
11685,4,2,OUT,SALE,2,2025-04-04,0,
11686,4,2,OUT,SALE,2,2025-04-05,0,
11687,4,2,OUT,SALE,2,2025-04-06,0,
11688,4,2,OUT,SALE,2,2025-04-07,0,
11689,4,2,OUT,SALE,2,2025-04-08,0,
11690,4,2,OUT,SALE,2,2025-04-09,0,
11691,4,2,OUT,SALE,2,2025-04-10,0,
11692,4,2,OUT,SALE,2,2025-04-11,0,
11693,4,2,OUT,SALE,2,2025-04-12,0,
11694,4,2,OUT,SALE,2,2025-04-13,0,
11695,4,2,OUT,SALE,1,2025-04-14,0,
11696,4,2,OUT,SALE,2,2025-04-15,0,
11697,4,2,OUT,SALE,2,2025-04-16,0,
11698,4,2,OUT,SALE,2,2025-04-17,0,
11699,4,2,OUT,SALE,2,2025-04-18,0,
11700,4,2,OUT,SALE,2,2025-04-19,0,
11701,4,2,OUT,SALE,2,2025-04-20,0,
11702,4,2,OUT,SALE,2,2025-04-21,0,
11703,4,2,OUT,SALE,2,2025-04-22,0,
11704,4,2,OUT,SALE,2,2025-04-23,0,
11705,4,2,OUT,SALE,2,2025-04-24,0,
11706,4,2,OUT,SALE,2,2025-04-25,0,
11707,4,2,OUT,SALE,2,2025-04-26,0,
11708,4,2,OUT,SALE,2,2025-04-27,0,
11709,4,2,OUT,SALE,2,2025-04-28,0,
11710,4,2,OUT,SALE,2,2025-04-29,0,
11711,4,2,OUT,SALE,2,2025-04-30,0,
11712,4,2,OUT,SALE,1,2025-05-01,0,
11713,4,2,OUT,SALE,1,2025-05-02,0,
11714,4,2,OUT,SALE,1,2025-05-03,0,
11715,4,2,OUT,SALE,1,2025-05-04,0,
11716,4,2,OUT,SALE,1,2025-05-05,0,
11717,4,2,OUT,SALE,1,2025-05-06,0,
11718,4,2,OUT,SALE,1,2025-05-07,0,
11719,4,2,OUT,SALE,1,2025-05-08,0,
11720,4,2,OUT,SALE,1,2025-05-09,0,
11721,4,2,OUT,SALE,1,2025-05-10,0,
11722,4,2,OUT,SALE,1,2025-05-11,0,
11723,4,2,OUT,SALE,1,2025-05-12,0,
11724,4,2,OUT,SALE,1,2025-05-13,0,
11725,4,2,OUT,SALE,1,2025-05-14,0,
11726,4,2,OUT,SALE,1,2025-05-15,0,
11727,4,2,OUT,SALE,1,2025-05-16,0,
11728,4,2,OUT,SALE,1,2025-05-17,0,
11729,4,2,OUT,SALE,1,2025-05-18,0,
11730,4,2,OUT,SALE,1,2025-05-19,0,
11731,4,2,OUT,SALE,1,2025-05-20,0,
11732,4,2,OUT,SALE,1,2025-05-21,0,
11733,4,2,OUT,SALE,1,2025-05-22,0,
11734,4,2,OUT,SALE,1,2025-05-23,0,
11735,4,2,OUT,SALE,1,2025-05-24,0,
11736,4,2,OUT,SALE,1,2025-05-25,0,
11737,4,2,OUT,SALE,1,2025-05-26,0,
11738,4,2,OUT,SALE,1,2025-05-27,0,
11739,4,2,OUT,SALE,1,2025-05-28,0,
11740,4,2,OUT,SALE,1,2025-05-29,0,
11741,4,2,OUT,SALE,1,2025-05-30,0,
11742,4,2,OUT,SALE,1,2025-05-31,0,
11743,4,2,OUT,SALE,1,2025-09-01,0,
11744,4,2,OUT,SALE,1,2025-09-02,0,
11745,4,2,OUT,SALE,1,2025-09-03,0,
11746,4,2,OUT,SALE,1,2025-09-04,0,
11747,4,2,OUT,SALE,1,2025-09-05,0,
11748,4,2,OUT,SALE,1,2025-09-06,0,
11749,4,2,OUT,SALE,1,2025-09-07,0,
11750,4,2,OUT,SALE,1,2025-09-08,0,
11751,4,2,OUT,SALE,1,2025-09-09,0,
11752,4,2,OUT,SALE,1,2025-09-10,0,
11753,4,2,OUT,SALE,1,2025-09-11,0,
11754,4,2,OUT,SALE,1,2025-09-12,0,
11755,4,2,OUT,SALE,1,2025-09-13,0,
11756,4,2,OUT,SALE,1,2025-09-14,0,
11757,4,2,OUT,SALE,1,2025-09-15,0,
11758,4,2,OUT,SALE,1,2025-09-16,0,
11759,4,2,OUT,SALE,1,2025-09-17,0,
11760,4,2,OUT,SALE,1,2025-09-18,0,
11761,4,2,OUT,SALE,1,2025-09-19,0,
11762,4,2,OUT,SALE,1,2025-09-20,0,
11763,4,2,OUT,SALE,1,2025-09-21,0,
11764,4,2,OUT,SALE,1,2025-09-22,0,
11765,4,2,OUT,SALE,1,2025-09-23,0,
11766,4,2,OUT,SALE,1,2025-09-24,0,
11767,4,2,OUT,SALE,1,2025-09-25,0,
11768,4,2,OUT,SALE,1,2025-09-26,0,
11769,4,2,OUT,SALE,1,2025-09-27,0,
11770,4,2,OUT,SALE,1,2025-09-28,0,
11771,4,2,OUT,SALE,1,2025-09-29,0,
11772,4,2,OUT,SALE,2,2025-09-30,0,
11773,4,2,OUT,SALE,4,2025-10-01,0,
11774,4,2,OUT,SALE,3,2025-10-02,0,
11775,4,2,OUT,SALE,2,2025-10-03,0,
11776,4,2,OUT,SALE,2,2025-10-04,0,
11777,4,2,OUT,SALE,2,2025-10-05,0,
11778,4,2,OUT,SALE,2,2025-10-06,0,
11779,4,2,OUT,SALE,2,2025-10-07,0,
11780,4,2,OUT,SALE,2,2025-10-08,0,
11781,4,2,OUT,SALE,2,2025-10-09,0,
11782,4,2,OUT,SALE,2,2025-10-10,0,
11783,4,2,OUT,SALE,2,2025-10-11,0,
11784,4,2,OUT,SALE,2,2025-10-12,0,
11785,4,2,OUT,SALE,2,2025-10-13,0,
11786,4,2,OUT,SALE,2,2025-10-14,0,
11787,4,2,OUT,SALE,2,2025-10-15,0,
11788,4,2,OUT,SALE,2,2025-10-16,0,
11789,4,2,OUT,SALE,2,2025-10-17,0,
11790,4,2,OUT,SALE,2,2025-10-18,0,
11791,4,2,OUT,SALE,2,2025-10-19,0,
11792,4,2,OUT,SALE,9999,2025-10-20,1,DATA_ERROR
11793,4,2,OUT,SALE,1,2025-10-21,0,
11794,4,2,OUT,SALE,2,2025-10-22,0,
11795,4,2,OUT,SALE,2,2025-10-23,0,
11796,4,2,OUT,SALE,2,2025-10-24,0,
11797,4,2,OUT,SALE,2,2025-10-25,0,
11798,4,2,OUT,SALE,2,2025-10-26,0,
11799,4,2,OUT,SALE,2,2025-10-27,0,
11800,4,2,OUT,SALE,2,2025-10-28,0,
11801,4,2,OUT,SALE,2,2025-10-29,0,
11802,4,2,OUT,SALE,1,2025-10-30,0,
11803,4,2,OUT,DAMAGE,9,2025-10-31,1,OFF_HOURS_BULK
11804,4,2,OUT,SALE,3,2025-11-01,0,
11805,4,2,OUT,SALE,3,2025-11-02,0,
11806,4,2,OUT,SALE,3,2025-11-03,0,
11807,4,2,OUT,SALE,2,2025-11-04,0,
11808,4,2,OUT,SALE,3,2025-11-05,0,
11809,4,2,OUT,SALE,3,2025-11-06,0,
11810,4,2,OUT,SALE,3,2025-11-07,0,
11811,4,2,OUT,SALE,3,2025-11-08,0,
11812,4,2,OUT,SALE,2,2025-11-09,0,
11813,4,2,OUT,SALE,3,2025-11-10,0,
11814,4,2,OUT,SALE,2,2025-11-11,0,
11815,4,2,OUT,SALE,3,2025-11-12,0,
11816,4,2,OUT,SALE,3,2025-11-13,0,
11817,4,2,OUT,SALE,3,2025-11-14,0,
11818,4,2,OUT,SALE,3,2025-11-15,0,
11819,4,2,OUT,SALE,3,2025-11-16,0,
11820,4,2,OUT,SALE,2,2025-11-17,0,
11821,4,2,OUT,SALE,2,2025-11-18,0,
11822,4,2,OUT,SALE,3,2025-11-19,0,
11823,4,2,OUT,SALE,3,2025-11-20,0,
11824,4,2,OUT,SALE,3,2025-11-21,0,
11825,4,2,OUT,SALE,3,2025-11-22,0,
11826,4,2,OUT,SALE,4,2025-11-23,0,
11827,4,2,OUT,SALE,3,2025-11-24,0,
11828,4,2,OUT,SALE,3,2025-11-25,0,
11829,4,2,OUT,SALE,3,2025-11-26,0,
11830,4,2,OUT,SALE,2,2025-11-27,0,
11831,4,2,OUT,SALE,7,2025-11-28,0,
11832,4,2,OUT,SALE,8,2025-11-29,0,
11833,4,2,OUT,SALE,7,2025-11-30,0,
11834,4,2,OUT,SALE,4,2025-12-01,0,
11835,4,2,OUT,SALE,4,2025-12-02,0,
11836,4,2,OUT,SALE,3,2025-12-03,0,
11837,4,2,OUT,SALE,3,2025-12-04,0,
11838,4,2,OUT,SALE,3,2025-12-05,0,
11839,4,2,OUT,SALE,4,2025-12-06,0,
11840,4,2,OUT,SALE,3,2025-12-07,0,
11841,4,2,OUT,SALE,3,2025-12-08,0,
11842,4,2,OUT,SALE,3,2025-12-09,0,
11843,4,2,OUT,SALE,3,2025-12-10,0,
11844,4,2,OUT,SALE,3,2025-12-11,0,
11845,4,2,OUT,SALE,3,2025-12-12,0,
11846,4,2,OUT,SALE,4,2025-12-13,0,
11847,4,2,OUT,SALE,3,2025-12-14,0,
11848,4,2,OUT,SALE,3,2025-12-15,0,
11849,4,2,OUT,SALE,3,2025-12-16,0,
11850,4,2,OUT,SALE,3,2025-12-17,0,
11851,4,2,OUT,SALE,3,2025-12-18,0,
11852,4,2,OUT,SALE,3,2025-12-19,0,
11853,4,2,OUT,SALE,4,2025-12-20,0,
11854,4,2,OUT,SALE,3,2025-12-21,0,
11855,4,2,OUT,SALE,3,2025-12-22,0,
11856,4,2,OUT,SALE,3,2025-12-23,0,
11857,4,2,OUT,SALE,5,2025-12-24,0,
11858,4,2,OUT,SALE,6,2025-12-25,0,
11859,4,2,OUT,SALE,6,2025-12-26,0,
11860,4,2,OUT,SALE,5,2025-12-27,0,
11861,4,2,OUT,SALE,3,2025-12-28,0,
11862,4,2,OUT,SALE,4,2025-12-29,0,
11863,4,2,OUT,SALE,3,2025-12-30,0,
11864,4,2,OUT,SALE,3,2025-12-31,0,
11865,4,3,OUT,SALE,2,2025-01-01,0,
11866,4,3,OUT,SALE,3,2025-01-02,0,
11867,4,3,OUT,SALE,4,2025-01-03,0,
11868,4,3,OUT,SALE,4,2025-01-04,0,
11869,4,3,OUT,SALE,4,2025-01-05,0,
11870,4,3,OUT,SALE,3,2025-01-06,0,
11871,4,3,OUT,SALE,3,2025-01-07,0,
11872,4,3,OUT,SALE,3,2025-01-08,0,
11873,4,3,OUT,SALE,3,2025-01-09,0,
11874,4,3,OUT,SALE,4,2025-01-10,0,
11875,4,3,OUT,SALE,3,2025-01-11,0,
11876,4,3,OUT,SALE,4,2025-01-12,0,
11877,4,3,OUT,SALE,4,2025-01-13,0,
11878,4,3,OUT,SALE,4,2025-01-14,0,
11879,4,3,OUT,SALE,3,2025-01-15,0,
11880,4,3,OUT,SALE,3,2025-01-16,0,
11881,4,3,OUT,SALE,3,2025-01-17,0,
11882,4,3,OUT,SALE,4,2025-01-18,0,
11883,4,3,OUT,SALE,4,2025-01-19,0,
11884,4,3,OUT,SALE,3,2025-01-20,0,
11885,4,3,OUT,SALE,3,2025-01-21,0,
11886,4,3,OUT,SALE,3,2025-01-22,0,
11887,4,3,OUT,SALE,3,2025-01-23,0,
11888,4,3,OUT,SALE,3,2025-01-24,0,
11889,4,3,OUT,SALE,6,2025-01-25,0,
11890,4,3,OUT,SALE,7,2025-01-26,0,
11891,4,3,OUT,SALE,6,2025-01-27,0,
11892,4,3,OUT,SALE,6,2025-01-28,0,
11893,4,3,OUT,SALE,3,2025-01-29,0,
11894,4,3,OUT,SALE,3,2025-01-30,0,
11895,4,3,OUT,SALE,3,2025-01-31,0,
11896,4,3,OUT,SALE,3,2025-02-01,0,
11897,4,3,OUT,SALE,4,2025-02-02,0,
11898,4,3,OUT,SALE,3,2025-02-03,0,
11899,4,3,OUT,SALE,3,2025-02-04,0,
11900,4,3,OUT,SALE,3,2025-02-05,0,
11901,4,3,OUT,SALE,3,2025-02-06,0,
11902,4,3,OUT,SALE,3,2025-02-07,0,
11903,4,3,OUT,SALE,3,2025-02-08,0,
11904,4,3,OUT,SALE,4,2025-02-09,0,
11905,4,3,OUT,SALE,3,2025-02-10,0,
11906,4,3,OUT,SALE,4,2025-02-11,0,
11907,4,3,OUT,SALE,3,2025-02-12,0,
11908,4,3,OUT,SALE,4,2025-02-13,0,
11909,4,3,OUT,SALE,3,2025-02-14,0,
11910,4,3,OUT,SALE,3,2025-02-15,0,
11911,4,3,OUT,SALE,3,2025-02-16,0,
11912,4,3,OUT,SALE,3,2025-02-17,0,
11913,4,3,OUT,SALE,3,2025-02-18,0,
11914,4,3,OUT,SALE,3,2025-02-19,0,
11915,4,3,OUT,SALE,4,2025-02-20,0,
11916,4,3,OUT,SALE,3,2025-02-21,0,
11917,4,3,OUT,SALE,3,2025-02-22,0,
11918,4,3,OUT,SALE,3,2025-02-23,0,
11919,4,3,OUT,SALE,2,2025-02-24,0,
11920,4,3,OUT,DAMAGE,8,2025-02-25,1,REPEATED_LOSS
11921,4,3,OUT,SALE,3,2025-02-26,0,
11922,4,3,OUT,SALE,3,2025-02-27,0,
11923,4,3,OUT,SALE,3,2025-02-28,0,
11924,4,3,OUT,SALE,3,2025-03-01,0,
11925,4,3,OUT,SALE,3,2025-03-02,0,
11926,4,3,OUT,SALE,2,2025-03-03,0,
11927,4,3,OUT,SALE,2,2025-03-04,0,
11928,4,3,OUT,SALE,2,2025-03-05,0,
11929,4,3,OUT,SALE,3,2025-03-06,0,
11930,4,3,OUT,SALE,3,2025-03-07,0,
11931,4,3,OUT,SALE,3,2025-03-08,0,
11932,4,3,OUT,SALE,3,2025-03-09,0,
11933,4,3,OUT,SALE,2,2025-03-10,0,
11934,4,3,OUT,SALE,2,2025-03-11,0,
11935,4,3,OUT,SALE,3,2025-03-12,0,
11936,4,3,OUT,SALE,2,2025-03-13,0,
11937,4,3,OUT,SALE,3,2025-03-14,0,
11938,4,3,OUT,SALE,5,2025-03-15,0,
11939,4,3,OUT,SALE,4,2025-03-16,0,
11940,4,3,OUT,SALE,4,2025-03-17,0,
11941,4,3,OUT,SALE,3,2025-03-18,0,
11942,4,3,OUT,SALE,3,2025-03-19,0,
11943,4,3,OUT,SALE,2,2025-03-20,0,
11944,4,3,OUT,SALE,2,2025-03-21,0,
11945,4,3,OUT,DAMAGE,6,2025-03-22,1,REPEATED_LOSS
11946,4,3,OUT,SALE,3,2025-03-23,0,
11947,4,3,OUT,SALE,2,2025-03-24,0,
11948,4,3,OUT,SALE,3,2025-03-25,0,
11949,4,3,OUT,SALE,2,2025-03-26,0,
11950,4,3,OUT,SALE,3,2025-03-27,0,
11951,4,3,OUT,SALE,3,2025-03-28,0,
11952,4,3,OUT,SALE,3,2025-03-29,0,
11953,4,3,OUT,SALE,3,2025-03-30,0,
11954,4,3,OUT,SALE,2,2025-03-31,0,
11955,4,3,OUT,SALE,2,2025-04-01,0,
11956,4,3,OUT,SALE,1,2025-04-02,0,
11957,4,3,OUT,SALE,2,2025-04-03,0,
11958,4,3,OUT,SALE,0,2025-04-04,1,DATA_ERROR
11959,4,3,OUT,SALE,2,2025-04-05,0,
11960,4,3,OUT,SALE,2,2025-04-06,0,
11961,4,3,OUT,SALE,2,2025-04-07,0,
11962,4,3,OUT,SALE,2,2025-04-08,0,
11963,4,3,OUT,SALE,1,2025-04-09,0,
11964,4,3,OUT,SALE,2,2025-04-10,0,
11965,4,3,OUT,SALE,2,2025-04-11,0,
11966,4,3,OUT,SALE,2,2025-04-12,0,
11967,4,3,OUT,SALE,3,2025-04-13,0,
11968,4,3,OUT,SALE,1,2025-04-14,0,
11969,4,3,OUT,SALE,2,2025-04-15,0,
11970,4,3,OUT,DAMAGE,15,2025-04-16,1,THEFT_SPIKE
11971,4,3,OUT,SALE,2,2025-04-17,0,
11972,4,3,OUT,SALE,2,2025-04-18,0,
11973,4,3,OUT,SALE,2,2025-04-19,0,
11974,4,3,OUT,SALE,2,2025-04-20,0,
11975,4,3,OUT,SALE,2,2025-04-21,0,
11976,4,3,OUT,SALE,1,2025-04-22,0,
11977,4,3,OUT,SALE,2,2025-04-23,0,
11978,4,3,OUT,SALE,1,2025-04-24,0,
11979,4,3,OUT,SALE,1,2025-04-25,0,
11980,4,3,OUT,SALE,2,2025-04-26,0,
11981,4,3,OUT,SALE,2,2025-04-27,0,
11982,4,3,OUT,SALE,2,2025-04-28,0,
11983,4,3,OUT,SALE,2,2025-04-29,0,
11984,4,3,OUT,SALE,2,2025-04-30,0,
11985,4,3,OUT,SALE,1,2025-05-01,0,
11986,4,3,OUT,SALE,1,2025-05-02,0,
11987,4,3,OUT,SALE,1,2025-05-03,0,
11988,4,3,OUT,SALE,1,2025-05-04,0,
11989,4,3,OUT,SALE,1,2025-05-05,0,
11990,4,3,OUT,SALE,1,2025-05-06,0,
11991,4,3,OUT,SALE,1,2025-05-07,0,
11992,4,3,OUT,SALE,1,2025-05-08,0,
11993,4,3,OUT,SALE,1,2025-05-09,0,
11994,4,3,OUT,SALE,1,2025-05-10,0,
11995,4,3,OUT,SALE,1,2025-05-11,0,
11996,4,3,OUT,SALE,1,2025-05-12,0,
11997,4,3,OUT,SALE,1,2025-05-13,0,
11998,4,3,OUT,SALE,1,2025-05-14,0,
11999,4,3,OUT,SALE,1,2025-05-15,0,
12000,4,3,OUT,SALE,1,2025-05-16,0,
12001,4,3,OUT,SALE,1,2025-05-17,0,
12002,4,3,OUT,SALE,1,2025-05-18,0,
12003,4,3,OUT,SALE,1,2025-05-19,0,
12004,4,3,OUT,SALE,1,2025-05-20,0,
12005,4,3,OUT,SALE,1,2025-05-21,0,
12006,4,3,OUT,SALE,1,2025-05-22,0,
12007,4,3,OUT,SALE,1,2025-05-23,0,
12008,4,3,OUT,SALE,1,2025-05-24,0,
12009,4,3,OUT,SALE,1,2025-05-25,0,
12010,4,3,OUT,SALE,1,2025-05-26,0,
12011,4,3,OUT,SALE,1,2025-05-27,0,
12012,4,3,OUT,SALE,1,2025-05-28,0,
12013,4,3,OUT,SALE,1,2025-05-29,0,
12014,4,3,OUT,SALE,1,2025-05-30,0,
12015,4,3,OUT,SALE,1,2025-05-31,0,
12016,4,3,OUT,SALE,1,2025-09-01,0,
12017,4,3,OUT,SALE,1,2025-09-02,0,
12018,4,3,OUT,SALE,1,2025-09-03,0,
12019,4,3,OUT,SALE,1,2025-09-04,0,
12020,4,3,OUT,SALE,1,2025-09-05,0,
12021,4,3,OUT,SALE,1,2025-09-06,0,
12022,4,3,OUT,SALE,1,2025-09-07,0,
12023,4,3,OUT,SALE,1,2025-09-08,0,
12024,4,3,OUT,SALE,1,2025-09-09,0,
12025,4,3,OUT,SALE,1,2025-09-10,0,
12026,4,3,OUT,SALE,1,2025-09-11,0,
12027,4,3,OUT,SALE,1,2025-09-12,0,
12028,4,3,OUT,SALE,1,2025-09-13,0,
12029,4,3,OUT,SALE,1,2025-09-14,0,
12030,4,3,OUT,SALE,1,2025-09-15,0,
12031,4,3,OUT,SALE,1,2025-09-16,0,
12032,4,3,OUT,SALE,1,2025-09-17,0,
12033,4,3,OUT,SALE,1,2025-09-18,0,
12034,4,3,OUT,SALE,1,2025-09-19,0,
12035,4,3,OUT,SALE,1,2025-09-20,0,
12036,4,3,OUT,SALE,1,2025-09-21,0,
12037,4,3,OUT,SALE,1,2025-09-22,0,
12038,4,3,OUT,SALE,1,2025-09-23,0,
12039,4,3,OUT,SALE,1,2025-09-24,0,
12040,4,3,OUT,SALE,1,2025-09-25,0,
12041,4,3,OUT,SALE,1,2025-09-26,0,
12042,4,3,OUT,SALE,1,2025-09-27,0,
12043,4,3,OUT,SALE,1,2025-09-28,0,
12044,4,3,OUT,SALE,1,2025-09-29,0,
12045,4,3,OUT,SALE,2,2025-09-30,0,
12046,4,3,OUT,SALE,4,2025-10-01,0,
12047,4,3,OUT,SALE,3,2025-10-02,0,
12048,4,3,OUT,SALE,4,2025-10-03,0,
12049,4,3,OUT,SALE,2,2025-10-04,0,
12050,4,3,OUT,SALE,2,2025-10-05,0,
12051,4,3,OUT,SALE,2,2025-10-06,0,
12052,4,3,OUT,SALE,2,2025-10-07,0,
12053,4,3,OUT,SALE,1,2025-10-08,0,
12054,4,3,OUT,SALE,2,2025-10-09,0,
12055,4,3,OUT,SALE,1,2025-10-10,0,
12056,4,3,OUT,SALE,2,2025-10-11,0,
12057,4,3,OUT,SALE,2,2025-10-12,0,
12058,4,3,OUT,SALE,2,2025-10-13,0,
12059,4,3,OUT,SALE,1,2025-10-14,0,
12060,4,3,OUT,SALE,2,2025-10-15,0,
12061,4,3,OUT,SALE,2,2025-10-16,0,
12062,4,3,OUT,SALE,2,2025-10-17,0,
12063,4,3,OUT,SALE,2,2025-10-18,0,
12064,4,3,OUT,SALE,2,2025-10-19,0,
12065,4,3,OUT,SALE,2,2025-10-20,0,
12066,4,3,OUT,SALE,2,2025-10-21,0,
12067,4,3,OUT,SALE,2,2025-10-22,0,
12068,4,3,OUT,SALE,2,2025-10-23,0,
12069,4,3,OUT,SALE,2,2025-10-24,0,
12070,4,3,OUT,SALE,3,2025-10-25,0,
12071,4,3,OUT,SALE,2,2025-10-26,0,
12072,4,3,OUT,SALE,2,2025-10-27,0,
12073,4,3,OUT,SALE,2,2025-10-28,0,
12074,4,3,OUT,SALE,2,2025-10-29,0,
12075,4,3,OUT,SALE,2,2025-10-30,0,
12076,4,3,OUT,SALE,2,2025-10-31,0,
12077,4,3,OUT,SALE,3,2025-11-01,0,
12078,4,3,OUT,SALE,3,2025-11-02,0,
12079,4,3,OUT,SALE,3,2025-11-03,0,
12080,4,3,OUT,SALE,2,2025-11-04,0,
12081,4,3,OUT,SALE,2,2025-11-05,0,
12082,4,3,OUT,SALE,2,2025-11-06,0,
12083,4,3,OUT,DAMAGE,12,2025-11-07,1,OFF_HOURS_BULK
12084,4,3,OUT,SALE,3,2025-11-08,0,
12085,4,3,OUT,SALE,3,2025-11-09,0,
12086,4,3,OUT,SALE,2,2025-11-10,0,
12087,4,3,OUT,SALE,2,2025-11-11,0,
12088,4,3,OUT,SALE,1,2025-11-12,0,
12089,4,3,OUT,SALE,2,2025-11-13,0,
12090,4,3,OUT,SALE,2,2025-11-14,0,
12091,4,3,OUT,SALE,3,2025-11-15,0,
12092,4,3,OUT,SALE,3,2025-11-16,0,
12093,4,3,OUT,SALE,3,2025-11-17,0,
12094,4,3,OUT,SALE,3,2025-11-18,0,
12095,4,3,OUT,SALE,2,2025-11-19,0,
12096,4,3,OUT,SALE,3,2025-11-20,0,
12097,4,3,OUT,SALE,3,2025-11-21,0,
12098,4,3,OUT,SALE,2,2025-11-22,0,
12099,4,3,OUT,SALE,3,2025-11-23,0,
12100,4,3,OUT,SALE,3,2025-11-24,0,
12101,4,3,OUT,SALE,3,2025-11-25,0,
12102,4,3,OUT,SALE,2,2025-11-26,0,
12103,4,3,OUT,SALE,3,2025-11-27,0,
12104,4,3,OUT,SALE,7,2025-11-28,0,
12105,4,3,OUT,DAMAGE,69,2025-11-29,1,OFF_HOURS_BULK
12106,4,3,OUT,SALE,6,2025-11-30,0,
12107,4,3,OUT,SALE,3,2025-12-01,0,
12108,4,3,OUT,SALE,3,2025-12-02,0,
12109,4,3,OUT,SALE,3,2025-12-03,0,
12110,4,3,OUT,SALE,3,2025-12-04,0,
12111,4,3,OUT,SALE,3,2025-12-05,0,
12112,4,3,OUT,SALE,4,2025-12-06,0,
12113,4,3,OUT,SALE,3,2025-12-07,0,
12114,4,3,OUT,SALE,3,2025-12-08,0,
12115,4,3,OUT,SALE,3,2025-12-09,0,
12116,4,3,OUT,SALE,3,2025-12-10,0,
12117,4,3,OUT,SALE,3,2025-12-11,0,
12118,4,3,OUT,SALE,4,2025-12-12,0,
12119,4,3,OUT,SALE,4,2025-12-13,0,
12120,4,3,OUT,SALE,3,2025-12-14,0,
12121,4,3,OUT,SALE,3,2025-12-15,0,
12122,4,3,OUT,SALE,3,2025-12-16,0,
12123,4,3,OUT,SALE,3,2025-12-17,0,
12124,4,3,OUT,SALE,3,2025-12-18,0,
12125,4,3,OUT,SALE,3,2025-12-19,0,
12126,4,3,OUT,SALE,4,2025-12-20,0,
12127,4,3,OUT,SALE,4,2025-12-21,0,
12128,4,3,OUT,SALE,3,2025-12-22,0,
12129,4,3,OUT,SALE,4,2025-12-23,0,
12130,4,3,OUT,SALE,5,2025-12-24,0,
12131,4,3,OUT,SALE,5,2025-12-25,0,
12132,4,3,OUT,SALE,5,2025-12-26,0,
12133,4,3,OUT,SALE,4,2025-12-27,0,
12134,4,3,OUT,SALE,3,2025-12-28,0,
12135,4,3,OUT,SALE,3,2025-12-29,0,
12136,4,3,OUT,SALE,2,2025-12-30,0,
12137,4,3,OUT,SALE,3,2025-12-31,0,
12138,4,4,OUT,SALE,5,2025-01-01,0,
12139,4,4,OUT,SALE,4,2025-01-02,0,
12140,4,4,OUT,SALE,4,2025-01-03,0,
12141,4,4,OUT,SALE,4,2025-01-04,0,
12142,4,4,OUT,SALE,5,2025-01-05,0,
12143,4,4,OUT,SALE,5,2025-01-06,0,
12144,4,4,OUT,SALE,4,2025-01-07,0,
12145,4,4,OUT,SALE,5,2025-01-08,0,
12146,4,4,OUT,SALE,5,2025-01-09,0,
12147,4,4,OUT,SALE,6,2025-01-10,0,
12148,4,4,OUT,SALE,6,2025-01-11,0,
12149,4,4,OUT,SALE,6,2025-01-12,0,
12150,4,4,OUT,SALE,5,2025-01-13,0,
12151,4,4,OUT,SALE,5,2025-01-14,0,
12152,4,4,OUT,SALE,5,2025-01-15,0,
12153,4,4,OUT,SALE,5,2025-01-16,0,
12154,4,4,OUT,SALE,5,2025-01-17,0,
12155,4,4,OUT,SALE,6,2025-01-18,0,
12156,4,4,OUT,SALE,7,2025-01-19,0,
12157,4,4,OUT,SALE,5,2025-01-20,0,
12158,4,4,OUT,SALE,5,2025-01-21,0,
12159,4,4,OUT,SALE,5,2025-01-22,0,
12160,4,4,OUT,SALE,5,2025-01-23,0,
12161,4,4,OUT,SALE,5,2025-01-24,0,
12162,4,4,OUT,SALE,10,2025-01-25,0,
12163,4,4,OUT,SALE,10,2025-01-26,0,
12164,4,4,OUT,SALE,8,2025-01-27,0,
12165,4,4,OUT,SALE,9,2025-01-28,0,
12166,4,4,OUT,SALE,4,2025-01-29,0,
12167,4,4,OUT,SALE,4,2025-01-30,0,
12168,4,4,OUT,SALE,5,2025-01-31,0,
12169,4,4,OUT,SALE,6,2025-02-01,0,
12170,4,4,OUT,SALE,4,2025-02-02,0,
12171,4,4,OUT,SALE,3,2025-02-03,0,
12172,4,4,OUT,SALE,5,2025-02-04,0,
12173,4,4,OUT,SALE,4,2025-02-05,0,
12174,4,4,OUT,SALE,4,2025-02-06,0,
12175,4,4,OUT,SALE,4,2025-02-07,0,
12176,4,4,OUT,SALE,4,2025-02-08,0,
12177,4,4,OUT,SALE,5,2025-02-09,0,
12178,4,4,OUT,SALE,4,2025-02-10,0,
12179,4,4,OUT,SALE,4,2025-02-11,0,
12180,4,4,OUT,SALE,3,2025-02-12,0,
12181,4,4,OUT,SALE,4,2025-02-13,0,
12182,4,4,OUT,SALE,4,2025-02-14,0,
12183,4,4,OUT,SALE,5,2025-02-15,0,
12184,4,4,OUT,SALE,5,2025-02-16,0,
12185,4,4,OUT,SALE,4,2025-02-17,0,
12186,4,4,OUT,SALE,4,2025-02-18,0,
12187,4,4,OUT,SALE,4,2025-02-19,0,
12188,4,4,OUT,SALE,5,2025-02-20,0,
12189,4,4,OUT,SALE,5,2025-02-21,0,
12190,4,4,OUT,SALE,4,2025-02-22,0,
12191,4,4,OUT,SALE,4,2025-02-23,0,
12192,4,4,OUT,SALE,4,2025-02-24,0,
12193,4,4,OUT,SALE,3,2025-02-25,0,
12194,4,4,OUT,SALE,3,2025-02-26,0,
12195,4,4,OUT,SALE,4,2025-02-27,0,
12196,4,4,OUT,SALE,4,2025-02-28,0,
12197,4,4,OUT,SALE,2,2025-03-01,0,
12198,4,4,OUT,SALE,3,2025-03-02,0,
12199,4,4,OUT,SALE,2,2025-03-03,0,
12200,4,4,OUT,SALE,3,2025-03-04,0,
12201,4,4,OUT,SALE,3,2025-03-05,0,
12202,4,4,OUT,SALE,3,2025-03-06,0,
12203,4,4,OUT,SALE,3,2025-03-07,0,
12204,4,4,OUT,SALE,4,2025-03-08,0,
12205,4,4,OUT,SALE,3,2025-03-09,0,
12206,4,4,OUT,SALE,3,2025-03-10,0,
12207,4,4,OUT,SALE,3,2025-03-11,0,
12208,4,4,OUT,SALE,3,2025-03-12,0,
12209,4,4,OUT,SALE,3,2025-03-13,0,
12210,4,4,OUT,SALE,3,2025-03-14,0,
12211,4,4,OUT,SALE,5,2025-03-15,0,
12212,4,4,OUT,SALE,5,2025-03-16,0,
12213,4,4,OUT,SALE,5,2025-03-17,0,
12214,4,4,OUT,SALE,5,2025-03-18,0,
12215,4,4,OUT,SALE,3,2025-03-19,0,
12216,4,4,OUT,SALE,3,2025-03-20,0,
12217,4,4,OUT,SALE,3,2025-03-21,0,
12218,4,4,OUT,SALE,3,2025-03-22,0,
12219,4,4,OUT,SALE,4,2025-03-23,0,
12220,4,4,OUT,SALE,2,2025-03-24,0,
12221,4,4,OUT,SALE,3,2025-03-25,0,
12222,4,4,OUT,SALE,3,2025-03-26,0,
12223,4,4,OUT,SALE,3,2025-03-27,0,
12224,4,4,OUT,SALE,3,2025-03-28,0,
12225,4,4,OUT,SALE,3,2025-03-29,0,
12226,4,4,OUT,SALE,3,2025-03-30,0,
12227,4,4,OUT,SALE,3,2025-03-31,0,
12228,4,4,OUT,SALE,2,2025-04-01,0,
12229,4,4,OUT,SALE,2,2025-04-02,0,
12230,4,4,OUT,SALE,2,2025-04-03,0,
12231,4,4,OUT,SALE,2,2025-04-04,0,
12232,4,4,OUT,SALE,2,2025-04-05,0,
12233,4,4,OUT,SALE,2,2025-04-06,0,
12234,4,4,OUT,SALE,2,2025-04-07,0,
12235,4,4,OUT,SALE,2,2025-04-08,0,
12236,4,4,OUT,DAMAGE,11,2025-04-09,1,OFF_HOURS_BULK
12237,4,4,OUT,SALE,2,2025-04-10,0,
12238,4,4,OUT,SALE,2,2025-04-11,0,
12239,4,4,OUT,SALE,2,2025-04-12,0,
12240,4,4,OUT,SALE,2,2025-04-13,0,
12241,4,4,OUT,SALE,2,2025-04-14,0,
12242,4,4,OUT,SALE,2,2025-04-15,0,
12243,4,4,OUT,SALE,2,2025-04-16,0,
12244,4,4,OUT,SALE,2,2025-04-17,0,
12245,4,4,OUT,SALE,2,2025-04-18,0,
12246,4,4,OUT,SALE,2,2025-04-19,0,
12247,4,4,OUT,SALE,2,2025-04-20,0,
12248,4,4,OUT,SALE,2,2025-04-21,0,
12249,4,4,OUT,SALE,2,2025-04-22,0,
12250,4,4,OUT,SALE,2,2025-04-23,0,
12251,4,4,OUT,SALE,2,2025-04-24,0,
12252,4,4,OUT,SALE,2,2025-04-25,0,
12253,4,4,OUT,SALE,2,2025-04-26,0,
12254,4,4,OUT,SALE,2,2025-04-27,0,
12255,4,4,OUT,SALE,2,2025-04-28,0,
12256,4,4,OUT,SALE,2,2025-04-29,0,
12257,4,4,OUT,SALE,1,2025-04-30,0,
12258,4,4,OUT,SALE,1,2025-05-01,0,
12259,4,4,OUT,SALE,1,2025-05-02,0,
12260,4,4,OUT,SALE,1,2025-05-03,0,
12261,4,4,OUT,SALE,1,2025-05-04,0,
12262,4,4,OUT,SALE,1,2025-05-05,0,
12263,4,4,OUT,SALE,1,2025-05-06,0,
12264,4,4,OUT,SALE,1,2025-05-07,0,
12265,4,4,OUT,SALE,1,2025-05-08,0,
12266,4,4,OUT,SALE,1,2025-05-09,0,
12267,4,4,OUT,SALE,1,2025-05-10,0,
12268,4,4,OUT,SALE,1,2025-05-11,0,
12269,4,4,OUT,SALE,1,2025-05-12,0,
12270,4,4,OUT,SALE,1,2025-05-13,0,
12271,4,4,OUT,SALE,1,2025-05-14,0,
12272,4,4,OUT,SALE,1,2025-05-15,0,
12273,4,4,OUT,SALE,1,2025-05-16,0,
12274,4,4,OUT,SALE,1,2025-05-17,0,
12275,4,4,OUT,SALE,1,2025-05-18,0,
12276,4,4,OUT,SALE,1,2025-05-19,0,
12277,4,4,OUT,SALE,1,2025-05-20,0,
12278,4,4,OUT,SALE,1,2025-05-21,0,
12279,4,4,OUT,SALE,1,2025-05-22,0,
12280,4,4,OUT,SALE,1,2025-05-23,0,
12281,4,4,OUT,SALE,1,2025-05-24,0,
12282,4,4,OUT,SALE,1,2025-05-25,0,
12283,4,4,OUT,SALE,1,2025-05-26,0,
12284,4,4,OUT,SALE,1,2025-05-27,0,
12285,4,4,OUT,SALE,1,2025-05-28,0,
12286,4,4,OUT,SALE,1,2025-05-29,0,
12287,4,4,OUT,SALE,1,2025-05-30,0,
12288,4,4,OUT,SALE,1,2025-05-31,0,
12289,4,4,OUT,SALE,1,2025-06-01,0,
12290,4,4,OUT,SALE,1,2025-06-02,0,
12291,4,4,OUT,SALE,1,2025-06-03,0,
12292,4,4,OUT,SALE,1,2025-06-04,0,
12293,4,4,OUT,SALE,1,2025-06-05,0,
12294,4,4,OUT,SALE,1,2025-06-06,0,
12295,4,4,OUT,SALE,1,2025-06-07,0,
12296,4,4,OUT,SALE,9999,2025-06-08,1,DATA_ERROR
12297,4,4,OUT,SALE,1,2025-06-09,0,
12298,4,4,OUT,SALE,1,2025-06-10,0,
12299,4,4,OUT,SALE,1,2025-06-11,0,
12300,4,4,OUT,SALE,1,2025-06-12,0,
12301,4,4,OUT,SALE,1,2025-06-13,0,
12302,4,4,OUT,SALE,1,2025-06-14,0,
12303,4,4,OUT,SALE,1,2025-06-15,0,
12304,4,4,OUT,SALE,1,2025-06-16,0,
12305,4,4,OUT,SALE,1,2025-06-17,0,
12306,4,4,OUT,SALE,1,2025-06-18,0,
12307,4,4,OUT,SALE,1,2025-06-19,0,
12308,4,4,OUT,SALE,1,2025-06-20,0,
12309,4,4,OUT,SALE,1,2025-06-21,0,
12310,4,4,OUT,SALE,1,2025-06-22,0,
12311,4,4,OUT,SALE,1,2025-06-23,0,
12312,4,4,OUT,SALE,1,2025-06-24,0,
12313,4,4,OUT,SALE,1,2025-06-25,0,
12314,4,4,OUT,SALE,1,2025-06-26,0,
12315,4,4,OUT,SALE,1,2025-06-27,0,
12316,4,4,OUT,SALE,1,2025-06-28,0,
12317,4,4,OUT,SALE,1,2025-06-29,0,
12318,4,4,OUT,SALE,1,2025-06-30,0,
12319,4,4,OUT,SALE,1,2025-07-01,0,
12320,4,4,OUT,SALE,1,2025-07-02,0,
12321,4,4,OUT,SALE,1,2025-07-03,0,
12322,4,4,OUT,SALE,1,2025-07-04,0,
12323,4,4,OUT,SALE,1,2025-07-05,0,
12324,4,4,OUT,SALE,1,2025-07-06,0,
12325,4,4,OUT,SALE,1,2025-07-07,0,
12326,4,4,OUT,SALE,1,2025-07-08,0,
12327,4,4,OUT,SALE,1,2025-07-09,0,
12328,4,4,OUT,SALE,1,2025-07-10,0,
12329,4,4,OUT,SALE,1,2025-07-11,0,
12330,4,4,OUT,SALE,1,2025-07-12,0,
12331,4,4,OUT,SALE,1,2025-07-13,0,
12332,4,4,OUT,SALE,1,2025-07-14,0,
12333,4,4,OUT,SALE,1,2025-07-15,0,
12334,4,4,OUT,SALE,1,2025-07-16,0,
12335,4,4,OUT,SALE,1,2025-07-17,0,
12336,4,4,OUT,SALE,1,2025-07-18,0,
12337,4,4,OUT,SALE,1,2025-07-19,0,
12338,4,4,OUT,SALE,3,2025-07-20,0,
12339,4,4,OUT,SALE,3,2025-07-21,0,
12340,4,4,OUT,SALE,3,2025-07-22,0,
12341,4,4,OUT,SALE,3,2025-07-23,0,
12342,4,4,OUT,SALE,3,2025-07-24,0,
12343,4,4,OUT,SALE,3,2025-07-25,0,
12344,4,4,OUT,SALE,1,2025-07-26,0,
12345,4,4,OUT,SALE,1,2025-07-27,0,
12346,4,4,OUT,SALE,1,2025-07-28,0,
12347,4,4,OUT,SALE,1,2025-07-29,0,
12348,4,4,OUT,SALE,1,2025-07-30,0,
12349,4,4,OUT,SALE,1,2025-07-31,0,
12350,4,4,OUT,SALE,2,2025-08-01,0,
12351,4,4,OUT,SALE,2,2025-08-02,0,
12352,4,4,OUT,SALE,2,2025-08-03,0,
12353,4,4,OUT,SALE,2,2025-08-04,0,
12354,4,4,OUT,SALE,2,2025-08-05,0,
12355,4,4,OUT,SALE,2,2025-08-06,0,
12356,4,4,OUT,SALE,2,2025-08-07,0,
12357,4,4,OUT,SALE,2,2025-08-08,0,
12358,4,4,OUT,SALE,2,2025-08-09,0,
12359,4,4,OUT,SALE,3,2025-08-10,0,
12360,4,4,OUT,SALE,2,2025-08-11,0,
12361,4,4,OUT,SALE,2,2025-08-12,0,
12362,4,4,OUT,SALE,2,2025-08-13,0,
12363,4,4,OUT,SALE,2,2025-08-14,0,
12364,4,4,OUT,SALE,1,2025-08-15,0,
12365,4,4,OUT,SALE,2,2025-08-16,0,
12366,4,4,OUT,SALE,2,2025-08-17,0,
12367,4,4,OUT,SALE,2,2025-08-18,0,
12368,4,4,OUT,SALE,2,2025-08-19,0,
12369,4,4,OUT,SALE,2,2025-08-20,0,
12370,4,4,OUT,SALE,2,2025-08-21,0,
12371,4,4,OUT,SALE,2,2025-08-22,0,
12372,4,4,OUT,SALE,2,2025-08-23,0,
12373,4,4,OUT,SALE,2,2025-08-24,0,
12374,4,4,OUT,SALE,2,2025-08-25,0,
12375,4,4,OUT,SALE,2,2025-08-26,0,
12376,4,4,OUT,SALE,2,2025-08-27,0,
12377,4,4,OUT,SALE,2,2025-08-28,0,
12378,4,4,OUT,SALE,2,2025-08-29,0,
12379,4,4,OUT,SALE,2,2025-08-30,0,
12380,4,4,OUT,SALE,2,2025-08-31,0,
12381,4,4,OUT,SALE,3,2025-09-01,0,
12382,4,4,OUT,SALE,3,2025-09-02,0,
12383,4,4,OUT,SALE,3,2025-09-03,0,
12384,4,4,OUT,SALE,3,2025-09-04,0,
12385,4,4,OUT,SALE,3,2025-09-05,0,
12386,4,4,OUT,SALE,4,2025-09-06,0,
12387,4,4,OUT,SALE,3,2025-09-07,0,
12388,4,4,OUT,SALE,9999,2025-09-08,1,DATA_ERROR
12389,4,4,OUT,SALE,3,2025-09-09,0,
12390,4,4,OUT,SALE,3,2025-09-10,0,
12391,4,4,OUT,SALE,3,2025-09-11,0,
12392,4,4,OUT,SALE,3,2025-09-12,0,
12393,4,4,OUT,SALE,3,2025-09-13,0,
12394,4,4,OUT,SALE,2,2025-09-14,0,
12395,4,4,OUT,DAMAGE,11,2025-09-15,1,OFF_HOURS_BULK
12396,4,4,OUT,SALE,3,2025-09-16,0,
12397,4,4,OUT,SALE,3,2025-09-17,0,
12398,4,4,OUT,SALE,3,2025-09-18,0,
12399,4,4,OUT,SALE,3,2025-09-19,0,
12400,4,4,OUT,SALE,4,2025-09-20,0,
12401,4,4,OUT,SALE,3,2025-09-21,0,
12402,4,4,OUT,SALE,3,2025-09-22,0,
12403,4,4,OUT,SALE,3,2025-09-23,0,
12404,4,4,OUT,SALE,3,2025-09-24,0,
12405,4,4,OUT,SALE,3,2025-09-25,0,
12406,4,4,OUT,SALE,4,2025-09-26,0,
12407,4,4,OUT,SALE,3,2025-09-27,0,
12408,4,4,OUT,SALE,4,2025-09-28,0,
12409,4,4,OUT,SALE,3,2025-09-29,0,
12410,4,4,OUT,SALE,5,2025-09-30,0,
12411,4,4,OUT,SALE,7,2025-10-01,0,
12412,4,4,OUT,SALE,7,2025-10-02,0,
12413,4,4,OUT,SALE,7,2025-10-03,0,
12414,4,4,OUT,SALE,4,2025-10-04,0,
12415,4,4,OUT,SALE,5,2025-10-05,0,
12416,4,4,OUT,SALE,4,2025-10-06,0,
12417,4,4,OUT,SALE,4,2025-10-07,0,
12418,4,4,OUT,SALE,4,2025-10-08,0,
12419,4,4,OUT,SALE,5,2025-10-09,0,
12420,4,4,OUT,SALE,5,2025-10-10,0,
12421,4,4,OUT,SALE,4,2025-10-11,0,
12422,4,4,OUT,SALE,5,2025-10-12,0,
12423,4,4,OUT,SALE,5,2025-10-13,0,
12424,4,4,OUT,SALE,4,2025-10-14,0,
12425,4,4,OUT,SALE,4,2025-10-15,0,
12426,4,4,OUT,SALE,3,2025-10-16,0,
12427,4,4,OUT,SALE,4,2025-10-17,0,
12428,4,4,OUT,SALE,4,2025-10-18,0,
12429,4,4,OUT,SALE,5,2025-10-19,0,
12430,4,4,OUT,SALE,4,2025-10-20,0,
12431,4,4,OUT,SALE,4,2025-10-21,0,
12432,4,4,OUT,SALE,4,2025-10-22,0,
12433,4,4,OUT,SALE,4,2025-10-23,0,
12434,4,4,OUT,SALE,4,2025-10-24,0,
12435,4,4,OUT,SALE,5,2025-10-25,0,
12436,4,4,OUT,DAMAGE,14,2025-10-26,1,REPEATED_LOSS
12437,4,4,OUT,SALE,4,2025-10-27,0,
12438,4,4,OUT,DAMAGE,8,2025-10-28,1,REPEATED_LOSS
12439,4,4,OUT,SALE,4,2025-10-29,0,
12440,4,4,OUT,SALE,3,2025-10-30,0,
12441,4,4,OUT,SALE,4,2025-10-31,0,
12442,4,4,OUT,SALE,5,2025-11-01,0,
12443,4,4,OUT,DAMAGE,12,2025-11-02,1,REPEATED_LOSS
12444,4,4,OUT,SALE,4,2025-11-03,0,
12445,4,4,OUT,SALE,5,2025-11-04,0,
12446,4,4,OUT,SALE,5,2025-11-05,0,
12447,4,4,OUT,SALE,4,2025-11-06,0,
12448,4,4,OUT,SALE,4,2025-11-07,0,
12449,4,4,OUT,SALE,6,2025-11-08,0,
12450,4,4,OUT,SALE,6,2025-11-09,0,
12451,4,4,OUT,SALE,4,2025-11-10,0,
12452,4,4,OUT,SALE,4,2025-11-11,0,
12453,4,4,OUT,SALE,5,2025-11-12,0,
12454,4,4,OUT,SALE,5,2025-11-13,0,
12455,4,4,OUT,SALE,5,2025-11-14,0,
12456,4,4,OUT,SALE,6,2025-11-15,0,
12457,4,4,OUT,SALE,6,2025-11-16,0,
12458,4,4,OUT,SALE,5,2025-11-17,0,
12459,4,4,OUT,SALE,4,2025-11-18,0,
12460,4,4,OUT,DAMAGE,37,2025-11-19,1,OFF_HOURS_BULK
12461,4,4,OUT,SALE,5,2025-11-20,0,
12462,4,4,OUT,SALE,5,2025-11-21,0,
12463,4,4,OUT,SALE,5,2025-11-22,0,
12464,4,4,OUT,SALE,5,2025-11-23,0,
12465,4,4,OUT,SALE,5,2025-11-24,0,
12466,4,4,OUT,SALE,4,2025-11-25,0,
12467,4,4,OUT,SALE,4,2025-11-26,0,
12468,4,4,OUT,SALE,4,2025-11-27,0,
12469,4,4,OUT,SALE,10,2025-11-28,0,
12470,4,4,OUT,SALE,13,2025-11-29,0,
12471,4,4,OUT,SALE,13,2025-11-30,0,
12472,4,4,OUT,SALE,6,2025-12-01,0,
12473,4,4,OUT,SALE,4,2025-12-02,0,
12474,4,4,OUT,SALE,5,2025-12-03,0,
12475,4,4,OUT,SALE,4,2025-12-04,0,
12476,4,4,OUT,SALE,4,2025-12-05,0,
12477,4,4,OUT,SALE,6,2025-12-06,0,
12478,4,4,OUT,SALE,6,2025-12-07,0,
12479,4,4,OUT,SALE,5,2025-12-08,0,
12480,4,4,OUT,SALE,4,2025-12-09,0,
12481,4,4,OUT,SALE,5,2025-12-10,0,
12482,4,4,OUT,SALE,5,2025-12-11,0,
12483,4,4,OUT,SALE,5,2025-12-12,0,
12484,4,4,OUT,SALE,6,2025-12-13,0,
12485,4,4,OUT,SALE,6,2025-12-14,0,
12486,4,4,OUT,SALE,6,2025-12-15,0,
12487,4,4,OUT,SALE,5,2025-12-16,0,
12488,4,4,OUT,DAMAGE,23,2025-12-17,1,OFF_HOURS_BULK
12489,4,4,OUT,SALE,5,2025-12-18,0,
12490,4,4,OUT,SALE,5,2025-12-19,0,
12491,4,4,OUT,SALE,6,2025-12-20,0,
12492,4,4,OUT,SALE,6,2025-12-21,0,
12493,4,4,OUT,SALE,5,2025-12-22,0,
12494,4,4,OUT,SALE,4,2025-12-23,0,
12495,4,4,OUT,SALE,8,2025-12-24,0,
12496,4,4,OUT,SALE,7,2025-12-25,0,
12497,4,4,OUT,SALE,8,2025-12-26,0,
12498,4,4,OUT,SALE,6,2025-12-27,0,
12499,4,4,OUT,SALE,6,2025-12-28,0,
12500,4,4,OUT,SALE,5,2025-12-29,0,
12501,4,4,OUT,SALE,5,2025-12-30,0,
12502,4,4,OUT,SALE,5,2025-12-31,0,
12503,4,5,OUT,SALE,18,2025-01-01,0,
12504,4,5,OUT,SALE,17,2025-01-02,0,
12505,4,5,OUT,SALE,16,2025-01-03,0,
12506,4,5,OUT,SALE,14,2025-01-04,0,
12507,4,5,OUT,SALE,20,2025-01-05,0,
12508,4,5,OUT,SALE,19,2025-01-06,0,
12509,4,5,OUT,SALE,16,2025-01-07,0,
12510,4,5,OUT,SALE,16,2025-01-08,0,
12511,4,5,OUT,SALE,15,2025-01-09,0,
12512,4,5,OUT,SALE,13,2025-01-10,0,
12513,4,5,OUT,SALE,17,2025-01-11,0,
12514,4,5,OUT,SALE,21,2025-01-12,0,
12515,4,5,OUT,DAMAGE,112,2025-01-13,1,THEFT_SPIKE
12516,4,5,OUT,SALE,14,2025-01-14,0,
12517,4,5,OUT,SALE,14,2025-01-15,0,
12518,4,5,OUT,SALE,20,2025-01-16,0,
12519,4,5,OUT,SALE,14,2025-01-17,0,
12520,4,5,OUT,SALE,16,2025-01-18,0,
12521,4,5,OUT,SALE,17,2025-01-19,0,
12522,4,5,OUT,SALE,13,2025-01-20,0,
12523,4,5,OUT,SALE,15,2025-01-21,0,
12524,4,5,OUT,SALE,15,2025-01-22,0,
12525,4,5,OUT,SALE,14,2025-01-23,0,
12526,4,5,OUT,SALE,18,2025-01-24,0,
12527,4,5,OUT,SALE,28,2025-01-25,0,
12528,4,5,OUT,SALE,32,2025-01-26,0,
12529,4,5,OUT,SALE,25,2025-01-27,0,
12530,4,5,OUT,SALE,27,2025-01-28,0,
12531,4,5,OUT,SALE,14,2025-01-29,0,
12532,4,5,OUT,SALE,16,2025-01-30,0,
12533,4,5,OUT,SALE,16,2025-01-31,0,
12534,4,5,OUT,SALE,18,2025-02-01,0,
12535,4,5,OUT,SALE,14,2025-02-02,0,
12536,4,5,OUT,SALE,16,2025-02-03,0,
12537,4,5,OUT,SALE,12,2025-02-04,0,
12538,4,5,OUT,SALE,13,2025-02-05,0,
12539,4,5,OUT,SALE,16,2025-02-06,0,
12540,4,5,OUT,SALE,18,2025-02-07,0,
12541,4,5,OUT,SALE,18,2025-02-08,0,
12542,4,5,OUT,SALE,15,2025-02-09,0,
12543,4,5,OUT,SALE,14,2025-02-10,0,
12544,4,5,OUT,SALE,14,2025-02-11,0,
12545,4,5,OUT,SALE,14,2025-02-12,0,
12546,4,5,OUT,SALE,11,2025-02-13,0,
12547,4,5,OUT,SALE,13,2025-02-14,0,
12548,4,5,OUT,SALE,14,2025-02-15,0,
12549,4,5,OUT,SALE,13,2025-02-16,0,
12550,4,5,OUT,SALE,13,2025-02-17,0,
12551,4,5,OUT,SALE,14,2025-02-18,0,
12552,4,5,OUT,SALE,15,2025-02-19,0,
12553,4,5,OUT,SALE,13,2025-02-20,0,
12554,4,5,OUT,SALE,13,2025-02-21,0,
12555,4,5,OUT,SALE,16,2025-02-22,0,
12556,4,5,OUT,SALE,15,2025-02-23,0,
12557,4,5,OUT,SALE,14,2025-02-24,0,
12558,4,5,OUT,SALE,13,2025-02-25,0,
12559,4,5,OUT,SALE,13,2025-02-26,0,
12560,4,5,OUT,SALE,11,2025-02-27,0,
12561,4,5,OUT,SALE,13,2025-02-28,0,
12562,4,5,OUT,SALE,13,2025-03-01,0,
12563,4,5,OUT,SALE,11,2025-03-02,0,
12564,4,5,OUT,SALE,9,2025-03-03,0,
12565,4,5,OUT,SALE,11,2025-03-04,0,
12566,4,5,OUT,SALE,11,2025-03-05,0,
12567,4,5,OUT,SALE,11,2025-03-06,0,
12568,4,5,OUT,SALE,11,2025-03-07,0,
12569,4,5,OUT,SALE,10,2025-03-08,0,
12570,4,5,OUT,SALE,12,2025-03-09,0,
12571,4,5,OUT,SALE,11,2025-03-10,0,
12572,4,5,OUT,SALE,9,2025-03-11,0,
12573,4,5,OUT,SALE,7,2025-03-12,0,
12574,4,5,OUT,SALE,10,2025-03-13,0,
12575,4,5,OUT,SALE,10,2025-03-14,0,
12576,4,5,OUT,SALE,15,2025-03-15,0,
12577,4,5,OUT,SALE,19,2025-03-16,0,
12578,4,5,OUT,SALE,16,2025-03-17,0,
12579,4,5,OUT,SALE,13,2025-03-18,0,
12580,4,5,OUT,SALE,12,2025-03-19,0,
12581,4,5,OUT,SALE,11,2025-03-20,0,
12582,4,5,OUT,SALE,7,2025-03-21,0,
12583,4,5,OUT,SALE,12,2025-03-22,0,
12584,4,5,OUT,SALE,12,2025-03-23,0,
12585,4,5,OUT,SALE,11,2025-03-24,0,
12586,4,5,OUT,SALE,9,2025-03-25,0,
12587,4,5,OUT,SALE,11,2025-03-26,0,
12588,4,5,OUT,SALE,9,2025-03-27,0,
12589,4,5,OUT,SALE,9,2025-03-28,0,
12590,4,5,OUT,SALE,10,2025-03-29,0,
12591,4,5,OUT,SALE,9,2025-03-30,0,
12592,4,5,OUT,SALE,10,2025-03-31,0,
12593,4,5,OUT,SALE,6,2025-04-01,0,
12594,4,5,OUT,SALE,4,2025-04-02,0,
12595,4,5,OUT,SALE,6,2025-04-03,0,
12596,4,5,OUT,SALE,7,2025-04-04,0,
12597,4,5,OUT,SALE,6,2025-04-05,0,
12598,4,5,OUT,SALE,7,2025-04-06,0,
12599,4,5,OUT,SALE,7,2025-04-07,0,
12600,4,5,OUT,SALE,4,2025-04-08,0,
12601,4,5,OUT,SALE,6,2025-04-09,0,
12602,4,5,OUT,SALE,7,2025-04-10,0,
12603,4,5,OUT,SALE,6,2025-04-11,0,
12604,4,5,OUT,SALE,6,2025-04-12,0,
12605,4,5,OUT,SALE,6,2025-04-13,0,
12606,4,5,OUT,SALE,5,2025-04-14,0,
12607,4,5,OUT,SALE,6,2025-04-15,0,
12608,4,5,OUT,SALE,7,2025-04-16,0,
12609,4,5,OUT,SALE,8,2025-04-17,0,
12610,4,5,OUT,SALE,6,2025-04-18,0,
12611,4,5,OUT,SALE,8,2025-04-19,0,
12612,4,5,OUT,SALE,6,2025-04-20,0,
12613,4,5,OUT,SALE,5,2025-04-21,0,
12614,4,5,OUT,SALE,8,2025-04-22,0,
12615,4,5,OUT,SALE,6,2025-04-23,0,
12616,4,5,OUT,SALE,7,2025-04-24,0,
12617,4,5,OUT,SALE,6,2025-04-25,0,
12618,4,5,OUT,SALE,8,2025-04-26,0,
12619,4,5,OUT,SALE,8,2025-04-27,0,
12620,4,5,OUT,SALE,7,2025-04-28,0,
12621,4,5,OUT,SALE,7,2025-04-29,0,
12622,4,5,OUT,SALE,7,2025-04-30,0,
12623,4,5,OUT,SALE,4,2025-05-01,0,
12624,4,5,OUT,SALE,5,2025-05-02,0,
12625,4,5,OUT,SALE,4,2025-05-03,0,
12626,4,5,OUT,SALE,4,2025-05-04,0,
12627,4,5,OUT,SALE,4,2025-05-05,0,
12628,4,5,OUT,DAMAGE,27,2025-05-06,1,THEFT_SPIKE
12629,4,5,OUT,SALE,4,2025-05-07,0,
12630,4,5,OUT,SALE,4,2025-05-08,0,
12631,4,5,OUT,SALE,5,2025-05-09,0,
12632,4,5,OUT,SALE,5,2025-05-10,0,
12633,4,5,OUT,SALE,4,2025-05-11,0,
12634,4,5,OUT,SALE,5,2025-05-12,0,
12635,4,5,OUT,SALE,4,2025-05-13,0,
12636,4,5,OUT,SALE,4,2025-05-14,0,
12637,4,5,OUT,SALE,3,2025-05-15,0,
12638,4,5,OUT,SALE,3,2025-05-16,0,
12639,4,5,OUT,SALE,4,2025-05-17,0,
12640,4,5,OUT,SALE,4,2025-05-18,0,
12641,4,5,OUT,SALE,4,2025-05-19,0,
12642,4,5,OUT,SALE,4,2025-05-20,0,
12643,4,5,OUT,SALE,4,2025-05-21,0,
12644,4,5,OUT,SALE,3,2025-05-22,0,
12645,4,5,OUT,SALE,4,2025-05-23,0,
12646,4,5,OUT,SALE,4,2025-05-24,0,
12647,4,5,OUT,SALE,4,2025-05-25,0,
12648,4,5,OUT,SALE,4,2025-05-26,0,
12649,4,5,OUT,SALE,3,2025-05-27,0,
12650,4,5,OUT,SALE,4,2025-05-28,0,
12651,4,5,OUT,SALE,4,2025-05-29,0,
12652,4,5,OUT,SALE,4,2025-05-30,0,
12653,4,5,OUT,SALE,4,2025-05-31,0,
12654,4,5,OUT,SALE,3,2025-06-01,0,
12655,4,5,OUT,SALE,3,2025-06-02,0,
12656,4,5,OUT,SALE,4,2025-06-03,0,
12657,4,5,OUT,SALE,3,2025-06-04,0,
12658,4,5,OUT,SALE,3,2025-06-05,0,
12659,4,5,OUT,SALE,3,2025-06-06,0,
12660,4,5,OUT,SALE,3,2025-06-07,0,
12661,4,5,OUT,SALE,4,2025-06-08,0,
12662,4,5,OUT,SALE,3,2025-06-09,0,
12663,4,5,OUT,SALE,3,2025-06-10,0,
12664,4,5,OUT,SALE,3,2025-06-11,0,
12665,4,5,OUT,SALE,2,2025-06-12,0,
12666,4,5,OUT,SALE,3,2025-06-13,0,
12667,4,5,OUT,SALE,4,2025-06-14,0,
12668,4,5,OUT,SALE,3,2025-06-15,0,
12669,4,5,OUT,SALE,3,2025-06-16,0,
12670,4,5,OUT,SALE,4,2025-06-17,0,
12671,4,5,OUT,SALE,3,2025-06-18,0,
12672,4,5,OUT,SALE,3,2025-06-19,0,
12673,4,5,OUT,SALE,3,2025-06-20,0,
12674,4,5,OUT,SALE,3,2025-06-21,0,
12675,4,5,OUT,SALE,3,2025-06-22,0,
12676,4,5,OUT,SALE,3,2025-06-23,0,
12677,4,5,OUT,SALE,3,2025-06-24,0,
12678,4,5,OUT,SALE,3,2025-06-25,0,
12679,4,5,OUT,SALE,3,2025-06-26,0,
12680,4,5,OUT,SALE,3,2025-06-27,0,
12681,4,5,OUT,SALE,4,2025-06-28,0,
12682,4,5,OUT,SALE,3,2025-06-29,0,
12683,4,5,OUT,SALE,3,2025-06-30,0,
12684,4,5,OUT,SALE,3,2025-07-01,0,
12685,4,5,OUT,SALE,3,2025-07-02,0,
12686,4,5,OUT,SALE,4,2025-07-03,0,
12687,4,5,OUT,SALE,3,2025-07-04,0,
12688,4,5,OUT,SALE,4,2025-07-05,0,
12689,4,5,OUT,SALE,5,2025-07-06,0,
12690,4,5,OUT,SALE,4,2025-07-07,0,
12691,4,5,OUT,SALE,5,2025-07-08,0,
12692,4,5,OUT,SALE,4,2025-07-09,0,
12693,4,5,OUT,SALE,4,2025-07-10,0,
12694,4,5,OUT,SALE,3,2025-07-11,0,
12695,4,5,OUT,SALE,4,2025-07-12,0,
12696,4,5,OUT,SALE,0,2025-07-13,1,DATA_ERROR
12697,4,5,OUT,SALE,4,2025-07-14,0,
12698,4,5,OUT,SALE,4,2025-07-15,0,
12699,4,5,OUT,SALE,3,2025-07-16,0,
12700,4,5,OUT,SALE,4,2025-07-17,0,
12701,4,5,OUT,SALE,4,2025-07-18,0,
12702,4,5,OUT,SALE,5,2025-07-19,0,
12703,4,5,OUT,SALE,8,2025-07-20,0,
12704,4,5,OUT,SALE,9,2025-07-21,0,
12705,4,5,OUT,SALE,7,2025-07-22,0,
12706,4,5,OUT,SALE,8,2025-07-23,0,
12707,4,5,OUT,SALE,7,2025-07-24,0,
12708,4,5,OUT,SALE,8,2025-07-25,0,
12709,4,5,OUT,SALE,4,2025-07-26,0,
12710,4,5,OUT,SALE,4,2025-07-27,0,
12711,4,5,OUT,SALE,4,2025-07-28,0,
12712,4,5,OUT,SALE,4,2025-07-29,0,
12713,4,5,OUT,SALE,4,2025-07-30,0,
12714,4,5,OUT,SALE,3,2025-07-31,0,
12715,4,5,OUT,SALE,7,2025-08-01,0,
12716,4,5,OUT,SALE,7,2025-08-02,0,
12717,4,5,OUT,SALE,7,2025-08-03,0,
12718,4,5,OUT,SALE,6,2025-08-04,0,
12719,4,5,OUT,SALE,6,2025-08-05,0,
12720,4,5,OUT,SALE,6,2025-08-06,0,
12721,4,5,OUT,SALE,7,2025-08-07,0,
12722,4,5,OUT,SALE,6,2025-08-08,0,
12723,4,5,OUT,SALE,5,2025-08-09,0,
12724,4,5,OUT,SALE,7,2025-08-10,0,
12725,4,5,OUT,SALE,5,2025-08-11,0,
12726,4,5,OUT,SALE,8,2025-08-12,0,
12727,4,5,OUT,SALE,6,2025-08-13,0,
12728,4,5,OUT,SALE,7,2025-08-14,0,
12729,4,5,OUT,SALE,7,2025-08-15,0,
12730,4,5,OUT,SALE,8,2025-08-16,0,
12731,4,5,OUT,SALE,7,2025-08-17,0,
12732,4,5,OUT,SALE,6,2025-08-18,0,
12733,4,5,OUT,SALE,5,2025-08-19,0,
12734,4,5,OUT,SALE,6,2025-08-20,0,
12735,4,5,OUT,SALE,7,2025-08-21,0,
12736,4,5,OUT,SALE,6,2025-08-22,0,
12737,4,5,OUT,SALE,7,2025-08-23,0,
12738,4,5,OUT,SALE,6,2025-08-24,0,
12739,4,5,OUT,SALE,6,2025-08-25,0,
12740,4,5,OUT,SALE,6,2025-08-26,0,
12741,4,5,OUT,SALE,7,2025-08-27,0,
12742,4,5,OUT,SALE,6,2025-08-28,0,
12743,4,5,OUT,SALE,6,2025-08-29,0,
12744,4,5,OUT,SALE,7,2025-08-30,0,
12745,4,5,OUT,SALE,6,2025-08-31,0,
12746,4,5,OUT,SALE,9,2025-09-01,0,
12747,4,5,OUT,SALE,10,2025-09-02,0,
12748,4,5,OUT,SALE,8,2025-09-03,0,
12749,4,5,OUT,SALE,10,2025-09-04,0,
12750,4,5,OUT,SALE,9,2025-09-05,0,
12751,4,5,OUT,SALE,9,2025-09-06,0,
12752,4,5,OUT,SALE,14,2025-09-07,0,
12753,4,5,OUT,SALE,11,2025-09-08,0,
12754,4,5,OUT,SALE,9,2025-09-09,0,
12755,4,5,OUT,SALE,9,2025-09-10,0,
12756,4,5,OUT,DAMAGE,33,2025-09-11,1,OFF_HOURS_BULK
12757,4,5,OUT,SALE,8,2025-09-12,0,
12758,4,5,OUT,SALE,10,2025-09-13,0,
12759,4,5,OUT,SALE,11,2025-09-14,0,
12760,4,5,OUT,SALE,10,2025-09-15,0,
12761,4,5,OUT,SALE,10,2025-09-16,0,
12762,4,5,OUT,SALE,10,2025-09-17,0,
12763,4,5,OUT,SALE,10,2025-09-18,0,
12764,4,5,OUT,DAMAGE,54,2025-09-19,1,THEFT_SPIKE
12765,4,5,OUT,SALE,12,2025-09-20,0,
12766,4,5,OUT,SALE,12,2025-09-21,0,
12767,4,5,OUT,SALE,9,2025-09-22,0,
12768,4,5,OUT,SALE,8,2025-09-23,0,
12769,4,5,OUT,SALE,11,2025-09-24,0,
12770,4,5,OUT,SALE,10,2025-09-25,0,
12771,4,5,OUT,SALE,6,2025-09-26,0,
12772,4,5,OUT,SALE,14,2025-09-27,0,
12773,4,5,OUT,SALE,10,2025-09-28,0,
12774,4,5,OUT,SALE,13,2025-09-29,0,
12775,4,5,OUT,SALE,19,2025-09-30,0,
12776,4,5,OUT,SALE,24,2025-10-01,0,
12777,4,5,OUT,SALE,25,2025-10-02,0,
12778,4,5,OUT,SALE,23,2025-10-03,0,
12779,4,5,OUT,SALE,15,2025-10-04,0,
12780,4,5,OUT,SALE,19,2025-10-05,0,
12781,4,5,OUT,SALE,12,2025-10-06,0,
12782,4,5,OUT,SALE,14,2025-10-07,0,
12783,4,5,OUT,SALE,12,2025-10-08,0,
12784,4,5,OUT,SALE,13,2025-10-09,0,
12785,4,5,OUT,SALE,16,2025-10-10,0,
12786,4,5,OUT,SALE,16,2025-10-11,0,
12787,4,5,OUT,SALE,16,2025-10-12,0,
12788,4,5,OUT,SALE,13,2025-10-13,0,
12789,4,5,OUT,SALE,17,2025-10-14,0,
12790,4,5,OUT,SALE,12,2025-10-15,0,
12791,4,5,OUT,SALE,11,2025-10-16,0,
12792,4,5,OUT,SALE,16,2025-10-17,0,
12793,4,5,OUT,SALE,14,2025-10-18,0,
12794,4,5,OUT,SALE,16,2025-10-19,0,
12795,4,5,OUT,SALE,16,2025-10-20,0,
12796,4,5,OUT,SALE,14,2025-10-21,0,
12797,4,5,OUT,SALE,17,2025-10-22,0,
12798,4,5,OUT,SALE,13,2025-10-23,0,
12799,4,5,OUT,SALE,12,2025-10-24,0,
12800,4,5,OUT,SALE,11,2025-10-25,0,
12801,4,5,OUT,SALE,16,2025-10-26,0,
12802,4,5,OUT,SALE,10,2025-10-27,0,
12803,4,5,OUT,SALE,14,2025-10-28,0,
12804,4,5,OUT,SALE,15,2025-10-29,0,
12805,4,5,OUT,SALE,13,2025-10-30,0,
12806,4,5,OUT,SALE,13,2025-10-31,0,
12807,4,5,OUT,SALE,20,2025-11-01,0,
12808,4,5,OUT,SALE,19,2025-11-02,0,
12809,4,5,OUT,SALE,18,2025-11-03,0,
12810,4,5,OUT,SALE,16,2025-11-04,0,
12811,4,5,OUT,SALE,11,2025-11-05,0,
12812,4,5,OUT,SALE,18,2025-11-06,0,
12813,4,5,OUT,SALE,15,2025-11-07,0,
12814,4,5,OUT,SALE,16,2025-11-08,0,
12815,4,5,OUT,SALE,19,2025-11-09,0,
12816,4,5,OUT,SALE,16,2025-11-10,0,
12817,4,5,OUT,SALE,14,2025-11-11,0,
12818,4,5,OUT,SALE,13,2025-11-12,0,
12819,4,5,OUT,SALE,16,2025-11-13,0,
12820,4,5,OUT,SALE,14,2025-11-14,0,
12821,4,5,OUT,SALE,18,2025-11-15,0,
12822,4,5,OUT,SALE,19,2025-11-16,0,
12823,4,5,OUT,SALE,17,2025-11-17,0,
12824,4,5,OUT,SALE,19,2025-11-18,0,
12825,4,5,OUT,SALE,16,2025-11-19,0,
12826,4,5,OUT,SALE,15,2025-11-20,0,
12827,4,5,OUT,SALE,19,2025-11-21,0,
12828,4,5,OUT,SALE,20,2025-11-22,0,
12829,4,5,OUT,SALE,18,2025-11-23,0,
12830,4,5,OUT,SALE,16,2025-11-24,0,
12831,4,5,OUT,SALE,16,2025-11-25,0,
12832,4,5,OUT,SALE,16,2025-11-26,0,
12833,4,5,OUT,SALE,15,2025-11-27,0,
12834,4,5,OUT,SALE,34,2025-11-28,0,
12835,4,5,OUT,SALE,45,2025-11-29,0,
12836,4,5,OUT,SALE,54,2025-11-30,0,
12837,4,5,OUT,SALE,15,2025-12-01,0,
12838,4,5,OUT,SALE,16,2025-12-02,0,
12839,4,5,OUT,SALE,15,2025-12-03,0,
12840,4,5,OUT,SALE,19,2025-12-04,0,
12841,4,5,OUT,SALE,18,2025-12-05,0,
12842,4,5,OUT,SALE,16,2025-12-06,0,
12843,4,5,OUT,SALE,14,2025-12-07,0,
12844,4,5,OUT,SALE,18,2025-12-08,0,
12845,4,5,OUT,SALE,14,2025-12-09,0,
12846,4,5,OUT,SALE,18,2025-12-10,0,
12847,4,5,OUT,SALE,15,2025-12-11,0,
12848,4,5,OUT,SALE,18,2025-12-12,0,
12849,4,5,OUT,SALE,20,2025-12-13,0,
12850,4,5,OUT,SALE,18,2025-12-14,0,
12851,4,5,OUT,SALE,15,2025-12-15,0,
12852,4,5,OUT,SALE,18,2025-12-16,0,
12853,4,5,OUT,SALE,15,2025-12-17,0,
12854,4,5,OUT,SALE,19,2025-12-18,0,
12855,4,5,OUT,SALE,15,2025-12-19,0,
12856,4,5,OUT,SALE,20,2025-12-20,0,
12857,4,5,OUT,SALE,18,2025-12-21,0,
12858,4,5,OUT,SALE,16,2025-12-22,0,
12859,4,5,OUT,SALE,15,2025-12-23,0,
12860,4,5,OUT,SALE,27,2025-12-24,0,
12861,4,5,OUT,SALE,19,2025-12-25,0,
12862,4,5,OUT,SALE,25,2025-12-26,0,
12863,4,5,OUT,SALE,18,2025-12-27,0,
12864,4,5,OUT,SALE,19,2025-12-28,0,
12865,4,5,OUT,SALE,19,2025-12-29,0,
12866,4,5,OUT,SALE,15,2025-12-30,0,
12867,4,5,OUT,SALE,19,2025-12-31,0,
12868,4,6,OUT,SALE,1,2025-01-01,0,
12869,4,6,OUT,SALE,1,2025-01-02,0,
12870,4,6,OUT,SALE,1,2025-01-03,0,
12871,4,6,OUT,SALE,2,2025-01-04,0,
12872,4,6,OUT,SALE,2,2025-01-05,0,
12873,4,6,OUT,SALE,2,2025-01-06,0,
12874,4,6,OUT,DAMAGE,12,2025-01-07,1,THEFT_SPIKE
12875,4,6,OUT,SALE,2,2025-01-08,0,
12876,4,6,OUT,SALE,2,2025-01-09,0,
12877,4,6,OUT,SALE,2,2025-01-10,0,
12878,4,6,OUT,SALE,2,2025-01-11,0,
12879,4,6,OUT,SALE,2,2025-01-12,0,
12880,4,6,OUT,SALE,2,2025-01-13,0,
12881,4,6,OUT,SALE,2,2025-01-14,0,
12882,4,6,OUT,SALE,2,2025-01-15,0,
12883,4,6,OUT,SALE,1,2025-01-16,0,
12884,4,6,OUT,SALE,1,2025-01-17,0,
12885,4,6,OUT,SALE,2,2025-01-18,0,
12886,4,6,OUT,SALE,2,2025-01-19,0,
12887,4,6,OUT,SALE,1,2025-01-20,0,
12888,4,6,OUT,SALE,2,2025-01-21,0,
12889,4,6,OUT,SALE,2,2025-01-22,0,
12890,4,6,OUT,SALE,1,2025-01-23,0,
12891,4,6,OUT,SALE,1,2025-01-24,0,
12892,4,6,OUT,SALE,3,2025-01-25,0,
12893,4,6,OUT,SALE,2,2025-01-26,0,
12894,4,6,OUT,SALE,3,2025-01-27,0,
12895,4,6,OUT,SALE,2,2025-01-28,0,
12896,4,6,OUT,SALE,2,2025-01-29,0,
12897,4,6,OUT,SALE,2,2025-01-30,0,
12898,4,6,OUT,SALE,1,2025-01-31,0,
12899,4,6,OUT,SALE,3,2025-02-01,0,
12900,4,6,OUT,SALE,3,2025-02-02,0,
12901,4,6,OUT,SALE,3,2025-02-03,0,
12902,4,6,OUT,SALE,3,2025-02-04,0,
12903,4,6,OUT,SALE,3,2025-02-05,0,
12904,4,6,OUT,SALE,3,2025-02-06,0,
12905,4,6,OUT,SALE,3,2025-02-07,0,
12906,4,6,OUT,SALE,3,2025-02-08,0,
12907,4,6,OUT,SALE,3,2025-02-09,0,
12908,4,6,OUT,SALE,2,2025-02-10,0,
12909,4,6,OUT,DAMAGE,16,2025-02-11,1,OFF_HOURS_BULK
12910,4,6,OUT,SALE,4,2025-02-12,0,
12911,4,6,OUT,SALE,3,2025-02-13,0,
12912,4,6,OUT,SALE,3,2025-02-14,0,
12913,4,6,OUT,SALE,3,2025-02-15,0,
12914,4,6,OUT,SALE,3,2025-02-16,0,
12915,4,6,OUT,SALE,3,2025-02-17,0,
12916,4,6,OUT,SALE,2,2025-02-18,0,
12917,4,6,OUT,SALE,3,2025-02-19,0,
12918,4,6,OUT,SALE,3,2025-02-20,0,
12919,4,6,OUT,SALE,3,2025-02-21,0,
12920,4,6,OUT,SALE,3,2025-02-22,0,
12921,4,6,OUT,SALE,3,2025-02-23,0,
12922,4,6,OUT,SALE,2,2025-02-24,0,
12923,4,6,OUT,SALE,3,2025-02-25,0,
12924,4,6,OUT,SALE,3,2025-02-26,0,
12925,4,6,OUT,SALE,3,2025-02-27,0,
12926,4,6,OUT,SALE,2,2025-02-28,0,
12927,4,6,OUT,SALE,7,2025-03-01,0,
12928,4,6,OUT,SALE,7,2025-03-02,0,
12929,4,6,OUT,SALE,5,2025-03-03,0,
12930,4,6,OUT,SALE,7,2025-03-04,0,
12931,4,6,OUT,SALE,6,2025-03-05,0,
12932,4,6,OUT,SALE,6,2025-03-06,0,
12933,4,6,OUT,SALE,5,2025-03-07,0,
12934,4,6,OUT,SALE,7,2025-03-08,0,
12935,4,6,OUT,SALE,6,2025-03-09,0,
12936,4,6,OUT,SALE,6,2025-03-10,0,
12937,4,6,OUT,SALE,6,2025-03-11,0,
12938,4,6,OUT,SALE,7,2025-03-12,0,
12939,4,6,OUT,SALE,6,2025-03-13,0,
12940,4,6,OUT,SALE,6,2025-03-14,0,
12941,4,6,OUT,SALE,10,2025-03-15,0,
12942,4,6,OUT,SALE,10,2025-03-16,0,
12943,4,6,OUT,SALE,9,2025-03-17,0,
12944,4,6,OUT,SALE,11,2025-03-18,0,
12945,4,6,OUT,SALE,6,2025-03-19,0,
12946,4,6,OUT,SALE,6,2025-03-20,0,
12947,4,6,OUT,SALE,5,2025-03-21,0,
12948,4,6,OUT,SALE,7,2025-03-22,0,
12949,4,6,OUT,SALE,6,2025-03-23,0,
12950,4,6,OUT,SALE,5,2025-03-24,0,
12951,4,6,OUT,SALE,5,2025-03-25,0,
12952,4,6,OUT,SALE,5,2025-03-26,0,
12953,4,6,OUT,SALE,6,2025-03-27,0,
12954,4,6,OUT,SALE,6,2025-03-28,0,
12955,4,6,OUT,SALE,6,2025-03-29,0,
12956,4,6,OUT,SALE,6,2025-03-30,0,
12957,4,6,OUT,SALE,6,2025-03-31,0,
12958,4,6,OUT,SALE,11,2025-04-01,0,
12959,4,6,OUT,SALE,10,2025-04-02,0,
12960,4,6,OUT,SALE,9,2025-04-03,0,
12961,4,6,OUT,SALE,10,2025-04-04,0,
12962,4,6,OUT,SALE,15,2025-04-05,0,
12963,4,6,OUT,SALE,10,2025-04-06,0,
12964,4,6,OUT,SALE,11,2025-04-07,0,
12965,4,6,OUT,SALE,13,2025-04-08,0,
12966,4,6,OUT,SALE,10,2025-04-09,0,
12967,4,6,OUT,SALE,12,2025-04-10,0,
12968,4,6,OUT,SALE,9,2025-04-11,0,
12969,4,6,OUT,SALE,9,2025-04-12,0,
12970,4,6,OUT,SALE,11,2025-04-13,0,
12971,4,6,OUT,SALE,9,2025-04-14,0,
12972,4,6,OUT,SALE,8,2025-04-15,0,
12973,4,6,OUT,SALE,10,2025-04-16,0,
12974,4,6,OUT,SALE,11,2025-04-17,0,
12975,4,6,OUT,SALE,9,2025-04-18,0,
12976,4,6,OUT,SALE,11,2025-04-19,0,
12977,4,6,OUT,SALE,14,2025-04-20,0,
12978,4,6,OUT,SALE,9,2025-04-21,0,
12979,4,6,OUT,SALE,11,2025-04-22,0,
12980,4,6,OUT,SALE,8,2025-04-23,0,
12981,4,6,OUT,SALE,9,2025-04-24,0,
12982,4,6,OUT,SALE,10,2025-04-25,0,
12983,4,6,OUT,SALE,13,2025-04-26,0,
12984,4,6,OUT,SALE,10,2025-04-27,0,
12985,4,6,OUT,SALE,9,2025-04-28,0,
12986,4,6,OUT,SALE,11,2025-04-29,0,
12987,4,6,OUT,SALE,11,2025-04-30,0,
12988,4,6,OUT,SALE,13,2025-05-01,0,
12989,4,6,OUT,SALE,14,2025-05-02,0,
12990,4,6,OUT,SALE,19,2025-05-03,0,
12991,4,6,OUT,SALE,14,2025-05-04,0,
12992,4,6,OUT,SALE,15,2025-05-05,0,
12993,4,6,OUT,SALE,14,2025-05-06,0,
12994,4,6,OUT,SALE,17,2025-05-07,0,
12995,4,6,OUT,SALE,16,2025-05-08,0,
12996,4,6,OUT,SALE,16,2025-05-09,0,
12997,4,6,OUT,SALE,16,2025-05-10,0,
12998,4,6,OUT,SALE,18,2025-05-11,0,
12999,4,6,OUT,SALE,16,2025-05-12,0,
13000,4,6,OUT,SALE,15,2025-05-13,0,
13001,4,6,OUT,SALE,14,2025-05-14,0,
13002,4,6,OUT,SALE,15,2025-05-15,0,
13003,4,6,OUT,SALE,11,2025-05-16,0,
13004,4,6,OUT,SALE,20,2025-05-17,0,
13005,4,6,OUT,SALE,15,2025-05-18,0,
13006,4,6,OUT,SALE,14,2025-05-19,0,
13007,4,6,OUT,SALE,12,2025-05-20,0,
13008,4,6,OUT,SALE,16,2025-05-21,0,
13009,4,6,OUT,SALE,15,2025-05-22,0,
13010,4,6,OUT,SALE,14,2025-05-23,0,
13011,4,6,OUT,SALE,12,2025-05-24,0,
13012,4,6,OUT,SALE,15,2025-05-25,0,
13013,4,6,OUT,SALE,15,2025-05-26,0,
13014,4,6,OUT,SALE,15,2025-05-27,0,
13015,4,6,OUT,SALE,14,2025-05-28,0,
13016,4,6,OUT,SALE,14,2025-05-29,0,
13017,4,6,OUT,SALE,12,2025-05-30,0,
13018,4,6,OUT,SALE,19,2025-05-31,0,
13019,4,6,OUT,SALE,17,2025-06-01,0,
13020,4,6,OUT,SALE,17,2025-06-02,0,
13021,4,6,OUT,SALE,16,2025-06-03,0,
13022,4,6,OUT,SALE,20,2025-06-04,0,
13023,4,6,OUT,SALE,19,2025-06-05,0,
13024,4,6,OUT,SALE,17,2025-06-06,0,
13025,4,6,OUT,SALE,22,2025-06-07,0,
13026,4,6,OUT,SALE,17,2025-06-08,0,
13027,4,6,OUT,SALE,18,2025-06-09,0,
13028,4,6,OUT,SALE,15,2025-06-10,0,
13029,4,6,OUT,SALE,20,2025-06-11,0,
13030,4,6,OUT,SALE,18,2025-06-12,0,
13031,4,6,OUT,SALE,19,2025-06-13,0,
13032,4,6,OUT,SALE,19,2025-06-14,0,
13033,4,6,OUT,SALE,22,2025-06-15,0,
13034,4,6,OUT,SALE,15,2025-06-16,0,
13035,4,6,OUT,SALE,16,2025-06-17,0,
13036,4,6,OUT,SALE,17,2025-06-18,0,
13037,4,6,OUT,SALE,16,2025-06-19,0,
13038,4,6,OUT,SALE,19,2025-06-20,0,
13039,4,6,OUT,SALE,19,2025-06-21,0,
13040,4,6,OUT,SALE,18,2025-06-22,0,
13041,4,6,OUT,SALE,15,2025-06-23,0,
13042,4,6,OUT,SALE,19,2025-06-24,0,
13043,4,6,OUT,SALE,12,2025-06-25,0,
13044,4,6,OUT,SALE,16,2025-06-26,0,
13045,4,6,OUT,SALE,21,2025-06-27,0,
13046,4,6,OUT,SALE,20,2025-06-28,0,
13047,4,6,OUT,SALE,22,2025-06-29,0,
13048,4,6,OUT,SALE,19,2025-06-30,0,
13049,4,6,OUT,SALE,18,2025-07-01,0,
13050,4,6,OUT,SALE,15,2025-07-02,0,
13051,4,6,OUT,SALE,16,2025-07-03,0,
13052,4,6,OUT,SALE,16,2025-07-04,0,
13053,4,6,OUT,SALE,23,2025-07-05,0,
13054,4,6,OUT,SALE,23,2025-07-06,0,
13055,4,6,OUT,SALE,17,2025-07-07,0,
13056,4,6,OUT,SALE,19,2025-07-08,0,
13057,4,6,OUT,SALE,19,2025-07-09,0,
13058,4,6,OUT,SALE,19,2025-07-10,0,
13059,4,6,OUT,SALE,17,2025-07-11,0,
13060,4,6,OUT,SALE,26,2025-07-12,0,
13061,4,6,OUT,SALE,23,2025-07-13,0,
13062,4,6,OUT,SALE,19,2025-07-14,0,
13063,4,6,OUT,SALE,18,2025-07-15,0,
13064,4,6,OUT,SALE,17,2025-07-16,0,
13065,4,6,OUT,SALE,20,2025-07-17,0,
13066,4,6,OUT,SALE,18,2025-07-18,0,
13067,4,6,OUT,SALE,22,2025-07-19,0,
13068,4,6,OUT,SALE,37,2025-07-20,0,
13069,4,6,OUT,SALE,39,2025-07-21,0,
13070,4,6,OUT,SALE,41,2025-07-22,0,
13071,4,6,OUT,SALE,46,2025-07-23,0,
13072,4,6,OUT,SALE,37,2025-07-24,0,
13073,4,6,OUT,SALE,34,2025-07-25,0,
13074,4,6,OUT,SALE,23,2025-07-26,0,
13075,4,6,OUT,SALE,22,2025-07-27,0,
13076,4,6,OUT,SALE,15,2025-07-28,0,
13077,4,6,OUT,SALE,15,2025-07-29,0,
13078,4,6,OUT,SALE,17,2025-07-30,0,
13079,4,6,OUT,SALE,19,2025-07-31,0,
13080,4,6,OUT,SALE,21,2025-08-01,0,
13081,4,6,OUT,SALE,18,2025-08-02,0,
13082,4,6,OUT,SALE,22,2025-08-03,0,
13083,4,6,OUT,SALE,14,2025-08-04,0,
13084,4,6,OUT,SALE,18,2025-08-05,0,
13085,4,6,OUT,SALE,21,2025-08-06,0,
13086,4,6,OUT,SALE,18,2025-08-07,0,
13087,4,6,OUT,SALE,16,2025-08-08,0,
13088,4,6,OUT,SALE,23,2025-08-09,0,
13089,4,6,OUT,SALE,21,2025-08-10,0,
13090,4,6,OUT,SALE,18,2025-08-11,0,
13091,4,6,OUT,DAMAGE,92,2025-08-12,1,OFF_HOURS_BULK
13092,4,6,OUT,SALE,18,2025-08-13,0,
13093,4,6,OUT,SALE,16,2025-08-14,0,
13094,4,6,OUT,SALE,18,2025-08-15,0,
13095,4,6,OUT,SALE,20,2025-08-16,0,
13096,4,6,OUT,SALE,23,2025-08-17,0,
13097,4,6,OUT,SALE,16,2025-08-18,0,
13098,4,6,OUT,SALE,17,2025-08-19,0,
13099,4,6,OUT,SALE,19,2025-08-20,0,
13100,4,6,OUT,SALE,17,2025-08-21,0,
13101,4,6,OUT,SALE,18,2025-08-22,0,
13102,4,6,OUT,DAMAGE,47,2025-08-23,1,REPEATED_LOSS
13103,4,6,OUT,SALE,20,2025-08-24,0,
13104,4,6,OUT,SALE,19,2025-08-25,0,
13105,4,6,OUT,SALE,22,2025-08-26,0,
13106,4,6,OUT,SALE,14,2025-08-27,0,
13107,4,6,OUT,SALE,15,2025-08-28,0,
13108,4,6,OUT,SALE,17,2025-08-29,0,
13109,4,6,OUT,SALE,20,2025-08-30,0,
13110,4,6,OUT,SALE,20,2025-08-31,0,
13111,4,6,OUT,SALE,14,2025-09-01,0,
13112,4,6,OUT,SALE,12,2025-09-02,0,
13113,4,6,OUT,SALE,13,2025-09-03,0,
13114,4,6,OUT,DAMAGE,151,2025-09-04,1,THEFT_SPIKE
13115,4,6,OUT,SALE,15,2025-09-05,0,
13116,4,6,OUT,SALE,18,2025-09-06,0,
13117,4,6,OUT,SALE,14,2025-09-07,0,
13118,4,6,OUT,SALE,17,2025-09-08,0,
13119,4,6,OUT,SALE,14,2025-09-09,0,
13120,4,6,OUT,SALE,15,2025-09-10,0,
13121,4,6,OUT,SALE,14,2025-09-11,0,
13122,4,6,OUT,SALE,14,2025-09-12,0,
13123,4,6,OUT,SALE,18,2025-09-13,0,
13124,4,6,OUT,SALE,18,2025-09-14,0,
13125,4,6,OUT,SALE,19,2025-09-15,0,
13126,4,6,OUT,SALE,16,2025-09-16,0,
13127,4,6,OUT,SALE,16,2025-09-17,0,
13128,4,6,OUT,SALE,17,2025-09-18,0,
13129,4,6,OUT,SALE,15,2025-09-19,0,
13130,4,6,OUT,SALE,17,2025-09-20,0,
13131,4,6,OUT,SALE,17,2025-09-21,0,
13132,4,6,OUT,SALE,16,2025-09-22,0,
13133,4,6,OUT,SALE,17,2025-09-23,0,
13134,4,6,OUT,SALE,12,2025-09-24,0,
13135,4,6,OUT,SALE,11,2025-09-25,0,
13136,4,6,OUT,SALE,17,2025-09-26,0,
13137,4,6,OUT,SALE,15,2025-09-27,0,
13138,4,6,OUT,SALE,13,2025-09-28,0,
13139,4,6,OUT,SALE,11,2025-09-29,0,
13140,4,6,OUT,DAMAGE,327,2025-09-30,1,THEFT_SPIKE
13141,4,6,OUT,SALE,21,2025-10-01,0,
13142,4,6,OUT,SALE,18,2025-10-02,0,
13143,4,6,OUT,SALE,18,2025-10-03,0,
13144,4,6,OUT,SALE,12,2025-10-04,0,
13145,4,6,OUT,SALE,13,2025-10-05,0,
13146,4,6,OUT,SALE,10,2025-10-06,0,
13147,4,6,OUT,SALE,9,2025-10-07,0,
13148,4,6,OUT,SALE,12,2025-10-08,0,
13149,4,6,OUT,SALE,10,2025-10-09,0,
13150,4,6,OUT,SALE,10,2025-10-10,0,
13151,4,6,OUT,SALE,13,2025-10-11,0,
13152,4,6,OUT,SALE,9,2025-10-12,0,
13153,4,6,OUT,SALE,11,2025-10-13,0,
13154,4,6,OUT,SALE,11,2025-10-14,0,
13155,4,6,OUT,SALE,9,2025-10-15,0,
13156,4,6,OUT,SALE,8,2025-10-16,0,
13157,4,6,OUT,SALE,10,2025-10-17,0,
13158,4,6,OUT,SALE,12,2025-10-18,0,
13159,4,6,OUT,SALE,12,2025-10-19,0,
13160,4,6,OUT,SALE,12,2025-10-20,0,
13161,4,6,OUT,SALE,10,2025-10-21,0,
13162,4,6,OUT,SALE,8,2025-10-22,0,
13163,4,6,OUT,SALE,10,2025-10-23,0,
13164,4,6,OUT,SALE,9,2025-10-24,0,
13165,4,6,OUT,SALE,11,2025-10-25,0,
13166,4,6,OUT,SALE,14,2025-10-26,0,
13167,4,6,OUT,SALE,11,2025-10-27,0,
13168,4,6,OUT,SALE,9,2025-10-28,0,
13169,4,6,OUT,SALE,11,2025-10-29,0,
13170,4,6,OUT,SALE,9,2025-10-30,0,
13171,4,6,OUT,SALE,7,2025-10-31,0,
13172,4,6,OUT,SALE,6,2025-11-01,0,
13173,4,6,OUT,SALE,7,2025-11-02,0,
13174,4,6,OUT,SALE,6,2025-11-03,0,
13175,4,6,OUT,SALE,7,2025-11-04,0,
13176,4,6,OUT,SALE,6,2025-11-05,0,
13177,4,6,OUT,SALE,7,2025-11-06,0,
13178,4,6,OUT,SALE,6,2025-11-07,0,
13179,4,6,OUT,SALE,8,2025-11-08,0,
13180,4,6,OUT,SALE,8,2025-11-09,0,
13181,4,6,OUT,SALE,6,2025-11-10,0,
13182,4,6,OUT,SALE,7,2025-11-11,0,
13183,4,6,OUT,SALE,5,2025-11-12,0,
13184,4,6,OUT,SALE,4,2025-11-13,0,
13185,4,6,OUT,SALE,6,2025-11-14,0,
13186,4,6,OUT,SALE,7,2025-11-15,0,
13187,4,6,OUT,SALE,6,2025-11-16,0,
13188,4,6,OUT,SALE,5,2025-11-17,0,
13189,4,6,OUT,SALE,6,2025-11-18,0,
13190,4,6,OUT,SALE,6,2025-11-19,0,
13191,4,6,OUT,SALE,6,2025-11-20,0,
13192,4,6,OUT,SALE,5,2025-11-21,0,
13193,4,6,OUT,SALE,6,2025-11-22,0,
13194,4,6,OUT,SALE,7,2025-11-23,0,
13195,4,6,OUT,SALE,6,2025-11-24,0,
13196,4,6,OUT,SALE,7,2025-11-25,0,
13197,4,6,OUT,SALE,6,2025-11-26,0,
13198,4,6,OUT,SALE,6,2025-11-27,0,
13199,4,6,OUT,SALE,15,2025-11-28,0,
13200,4,6,OUT,SALE,15,2025-11-29,0,
13201,4,6,OUT,SALE,19,2025-11-30,0,
13202,4,6,OUT,SALE,2,2025-12-01,0,
13203,4,6,OUT,SALE,3,2025-12-02,0,
13204,4,6,OUT,SALE,3,2025-12-03,0,
13205,4,6,OUT,SALE,3,2025-12-04,0,
13206,4,6,OUT,SALE,3,2025-12-05,0,
13207,4,6,OUT,SALE,3,2025-12-06,0,
13208,4,6,OUT,SALE,3,2025-12-07,0,
13209,4,6,OUT,SALE,3,2025-12-08,0,
13210,4,6,OUT,SALE,3,2025-12-09,0,
13211,4,6,OUT,SALE,3,2025-12-10,0,
13212,4,6,OUT,SALE,3,2025-12-11,0,
13213,4,6,OUT,SALE,3,2025-12-12,0,
13214,4,6,OUT,SALE,3,2025-12-13,0,
13215,4,6,OUT,SALE,3,2025-12-14,0,
13216,4,6,OUT,SALE,3,2025-12-15,0,
13217,4,6,OUT,SALE,3,2025-12-16,0,
13218,4,6,OUT,SALE,3,2025-12-17,0,
13219,4,6,OUT,SALE,3,2025-12-18,0,
13220,4,6,OUT,SALE,3,2025-12-19,0,
13221,4,6,OUT,SALE,3,2025-12-20,0,
13222,4,6,OUT,SALE,3,2025-12-21,0,
13223,4,6,OUT,SALE,3,2025-12-22,0,
13224,4,6,OUT,SALE,3,2025-12-23,0,
13225,4,6,OUT,SALE,5,2025-12-24,0,
13226,4,6,OUT,SALE,5,2025-12-25,0,
13227,4,6,OUT,SALE,4,2025-12-26,0,
13228,4,6,OUT,SALE,3,2025-12-27,0,
13229,4,6,OUT,SALE,3,2025-12-28,0,
13230,4,6,OUT,SALE,3,2025-12-29,0,
13231,4,6,OUT,SALE,2,2025-12-30,0,
13232,4,6,OUT,SALE,2,2025-12-31,0,
13233,4,7,OUT,SALE,1,2025-01-01,0,
13234,4,7,OUT,SALE,1,2025-01-02,0,
13235,4,7,OUT,SALE,1,2025-01-03,0,
13236,4,7,OUT,SALE,1,2025-01-04,0,
13237,4,7,OUT,SALE,1,2025-01-05,0,
13238,4,7,OUT,SALE,1,2025-01-06,0,
13239,4,7,OUT,SALE,1,2025-01-07,0,
13240,4,7,OUT,SALE,1,2025-01-08,0,
13241,4,7,OUT,SALE,1,2025-01-09,0,
13242,4,7,OUT,SALE,1,2025-01-10,0,
13243,4,7,OUT,SALE,1,2025-01-11,0,
13244,4,7,OUT,SALE,1,2025-01-12,0,
13245,4,7,OUT,SALE,1,2025-01-13,0,
13246,4,7,OUT,SALE,1,2025-01-14,0,
13247,4,7,OUT,SALE,1,2025-01-16,0,
13248,4,7,OUT,SALE,1,2025-01-17,0,
13249,4,7,OUT,SALE,1,2025-01-18,0,
13250,4,7,OUT,SALE,1,2025-01-19,0,
13251,4,7,OUT,SALE,1,2025-01-20,0,
13252,4,7,OUT,SALE,1,2025-01-21,0,
13253,4,7,OUT,SALE,1,2025-01-23,0,
13254,4,7,OUT,SALE,1,2025-01-24,0,
13255,4,7,OUT,SALE,1,2025-01-25,0,
13256,4,7,OUT,SALE,1,2025-01-26,0,
13257,4,7,OUT,SALE,1,2025-01-27,0,
13258,4,7,OUT,SALE,1,2025-01-28,0,
13259,4,7,OUT,SALE,1,2025-01-29,0,
13260,4,7,OUT,SALE,1,2025-01-30,0,
13261,4,7,OUT,SALE,1,2025-01-31,0,
13262,4,7,OUT,SALE,1,2025-02-01,0,
13263,4,7,OUT,SALE,1,2025-02-02,0,
13264,4,7,OUT,SALE,0,2025-02-03,1,DATA_ERROR
13265,4,7,OUT,SALE,1,2025-02-04,0,
13266,4,7,OUT,SALE,1,2025-02-05,0,
13267,4,7,OUT,SALE,1,2025-02-06,0,
13268,4,7,OUT,SALE,1,2025-02-07,0,
13269,4,7,OUT,SALE,1,2025-02-08,0,
13270,4,7,OUT,SALE,1,2025-02-09,0,
13271,4,7,OUT,SALE,1,2025-02-10,0,
13272,4,7,OUT,SALE,1,2025-02-11,0,
13273,4,7,OUT,SALE,1,2025-02-12,0,
13274,4,7,OUT,SALE,1,2025-02-13,0,
13275,4,7,OUT,SALE,1,2025-02-14,0,
13276,4,7,OUT,SALE,1,2025-02-15,0,
13277,4,7,OUT,SALE,1,2025-02-16,0,
13278,4,7,OUT,SALE,1,2025-02-17,0,
13279,4,7,OUT,SALE,1,2025-02-18,0,
13280,4,7,OUT,SALE,1,2025-02-19,0,
13281,4,7,OUT,SALE,1,2025-02-20,0,
13282,4,7,OUT,SALE,1,2025-02-21,0,
13283,4,7,OUT,SALE,1,2025-02-22,0,
13284,4,7,OUT,SALE,1,2025-02-23,0,
13285,4,7,OUT,SALE,1,2025-02-24,0,
13286,4,7,OUT,SALE,1,2025-02-25,0,
13287,4,7,OUT,SALE,1,2025-02-26,0,
13288,4,7,OUT,SALE,1,2025-02-27,0,
13289,4,7,OUT,SALE,1,2025-02-28,0,
13290,4,7,OUT,SALE,3,2025-03-01,0,
13291,4,7,OUT,SALE,3,2025-03-02,0,
13292,4,7,OUT,SALE,2,2025-03-03,0,
13293,4,7,OUT,SALE,2,2025-03-04,0,
13294,4,7,OUT,SALE,2,2025-03-05,0,
13295,4,7,OUT,SALE,3,2025-03-06,0,
13296,4,7,OUT,SALE,2,2025-03-07,0,
13297,4,7,OUT,SALE,3,2025-03-08,0,
13298,4,7,OUT,SALE,2,2025-03-09,0,
13299,4,7,OUT,SALE,3,2025-03-10,0,
13300,4,7,OUT,SALE,3,2025-03-11,0,
13301,4,7,OUT,SALE,2,2025-03-12,0,
13302,4,7,OUT,SALE,3,2025-03-13,0,
13303,4,7,OUT,SALE,2,2025-03-14,0,
13304,4,7,OUT,SALE,4,2025-03-15,0,
13305,4,7,OUT,SALE,5,2025-03-16,0,
13306,4,7,OUT,SALE,3,2025-03-17,0,
13307,4,7,OUT,SALE,4,2025-03-18,0,
13308,4,7,OUT,SALE,3,2025-03-19,0,
13309,4,7,OUT,SALE,3,2025-03-20,0,
13310,4,7,OUT,SALE,2,2025-03-21,0,
13311,4,7,OUT,SALE,3,2025-03-22,0,
13312,4,7,OUT,SALE,3,2025-03-23,0,
13313,4,7,OUT,SALE,2,2025-03-24,0,
13314,4,7,OUT,SALE,2,2025-03-25,0,
13315,4,7,OUT,SALE,2,2025-03-26,0,
13316,4,7,OUT,SALE,2,2025-03-27,0,
13317,4,7,OUT,SALE,3,2025-03-28,0,
13318,4,7,OUT,SALE,2,2025-03-29,0,
13319,4,7,OUT,SALE,3,2025-03-30,0,
13320,4,7,OUT,SALE,2,2025-03-31,0,
13321,4,7,OUT,SALE,5,2025-04-01,0,
13322,4,7,OUT,SALE,3,2025-04-02,0,
13323,4,7,OUT,SALE,4,2025-04-03,0,
13324,4,7,OUT,SALE,4,2025-04-04,0,
13325,4,7,OUT,SALE,4,2025-04-05,0,
13326,4,7,OUT,SALE,4,2025-04-06,0,
13327,4,7,OUT,SALE,4,2025-04-07,0,
13328,4,7,OUT,SALE,4,2025-04-08,0,
13329,4,7,OUT,SALE,4,2025-04-09,0,
13330,4,7,OUT,SALE,4,2025-04-10,0,
13331,4,7,OUT,SALE,3,2025-04-11,0,
13332,4,7,OUT,SALE,5,2025-04-12,0,
13333,4,7,OUT,SALE,5,2025-04-13,0,
13334,4,7,OUT,SALE,3,2025-04-14,0,
13335,4,7,OUT,SALE,5,2025-04-15,0,
13336,4,7,OUT,SALE,4,2025-04-16,0,
13337,4,7,OUT,SALE,4,2025-04-17,0,
13338,4,7,OUT,SALE,5,2025-04-18,0,
13339,4,7,OUT,SALE,5,2025-04-19,0,
13340,4,7,OUT,SALE,5,2025-04-20,0,
13341,4,7,OUT,SALE,4,2025-04-21,0,
13342,4,7,OUT,SALE,3,2025-04-22,0,
13343,4,7,OUT,SALE,4,2025-04-23,0,
13344,4,7,OUT,SALE,5,2025-04-24,0,
13345,4,7,OUT,SALE,4,2025-04-25,0,
13346,4,7,OUT,SALE,5,2025-04-26,0,
13347,4,7,OUT,SALE,6,2025-04-27,0,
13348,4,7,OUT,SALE,4,2025-04-28,0,
13349,4,7,OUT,SALE,5,2025-04-29,0,
13350,4,7,OUT,SALE,3,2025-04-30,0,
13351,4,7,OUT,SALE,5,2025-05-01,0,
13352,4,7,OUT,SALE,7,2025-05-02,0,
13353,4,7,OUT,SALE,7,2025-05-03,0,
13354,4,7,OUT,DAMAGE,63,2025-05-04,1,THEFT_SPIKE
13355,4,7,OUT,SALE,6,2025-05-05,0,
13356,4,7,OUT,SALE,6,2025-05-06,0,
13357,4,7,OUT,DAMAGE,65,2025-05-07,1,THEFT_SPIKE
13358,4,7,OUT,SALE,6,2025-05-08,0,
13359,4,7,OUT,SALE,6,2025-05-09,0,
13360,4,7,OUT,SALE,7,2025-05-10,0,
13361,4,7,OUT,SALE,6,2025-05-11,0,
13362,4,7,OUT,SALE,5,2025-05-12,0,
13363,4,7,OUT,SALE,7,2025-05-13,0,
13364,4,7,OUT,SALE,6,2025-05-14,0,
13365,4,7,OUT,SALE,5,2025-05-15,0,
13366,4,7,OUT,SALE,6,2025-05-16,0,
13367,4,7,OUT,SALE,6,2025-05-17,0,
13368,4,7,OUT,SALE,7,2025-05-18,0,
13369,4,7,OUT,SALE,6,2025-05-19,0,
13370,4,7,OUT,DAMAGE,33,2025-05-20,1,OFF_HOURS_BULK
13371,4,7,OUT,SALE,6,2025-05-21,0,
13372,4,7,OUT,SALE,5,2025-05-22,0,
13373,4,7,OUT,SALE,6,2025-05-23,0,
13374,4,7,OUT,SALE,7,2025-05-24,0,
13375,4,7,OUT,SALE,6,2025-05-25,0,
13376,4,7,OUT,SALE,5,2025-05-26,0,
13377,4,7,OUT,SALE,5,2025-05-27,0,
13378,4,7,OUT,SALE,6,2025-05-28,0,
13379,4,7,OUT,SALE,5,2025-05-29,0,
13380,4,7,OUT,SALE,6,2025-05-30,0,
13381,4,7,OUT,SALE,6,2025-05-31,0,
13382,4,7,OUT,SALE,8,2025-06-01,0,
13383,4,7,OUT,SALE,7,2025-06-02,0,
13384,4,7,OUT,SALE,7,2025-06-03,0,
13385,4,7,OUT,SALE,8,2025-06-04,0,
13386,4,7,OUT,SALE,7,2025-06-05,0,
13387,4,7,OUT,SALE,8,2025-06-06,0,
13388,4,7,OUT,SALE,7,2025-06-07,0,
13389,4,7,OUT,SALE,7,2025-06-08,0,
13390,4,7,OUT,SALE,6,2025-06-09,0,
13391,4,7,OUT,SALE,7,2025-06-10,0,
13392,4,7,OUT,SALE,7,2025-06-11,0,
13393,4,7,OUT,SALE,7,2025-06-12,0,
13394,4,7,OUT,SALE,8,2025-06-13,0,
13395,4,7,OUT,SALE,9,2025-06-14,0,
13396,4,7,OUT,SALE,9,2025-06-15,0,
13397,4,7,OUT,SALE,6,2025-06-16,0,
13398,4,7,OUT,SALE,7,2025-06-17,0,
13399,4,7,OUT,SALE,6,2025-06-18,0,
13400,4,7,OUT,DAMAGE,49,2025-06-19,1,OFF_HOURS_BULK
13401,4,7,OUT,SALE,9,2025-06-20,0,
13402,4,7,OUT,SALE,7,2025-06-21,0,
13403,4,7,OUT,SALE,9,2025-06-22,0,
13404,4,7,OUT,SALE,8,2025-06-23,0,
13405,4,7,OUT,SALE,6,2025-06-24,0,
13406,4,7,OUT,SALE,7,2025-06-25,0,
13407,4,7,OUT,SALE,7,2025-06-26,0,
13408,4,7,OUT,SALE,7,2025-06-27,0,
13409,4,7,OUT,SALE,8,2025-06-28,0,
13410,4,7,OUT,SALE,8,2025-06-29,0,
13411,4,7,OUT,SALE,8,2025-06-30,0,
13412,4,7,OUT,SALE,7,2025-07-01,0,
13413,4,7,OUT,SALE,7,2025-07-02,0,
13414,4,7,OUT,SALE,8,2025-07-03,0,
13415,4,7,OUT,SALE,6,2025-07-04,0,
13416,4,7,OUT,SALE,8,2025-07-05,0,
13417,4,7,OUT,SALE,10,2025-07-06,0,
13418,4,7,OUT,SALE,7,2025-07-07,0,
13419,4,7,OUT,SALE,7,2025-07-08,0,
13420,4,7,OUT,SALE,8,2025-07-09,0,
13421,4,7,OUT,SALE,0,2025-07-10,1,DATA_ERROR
13422,4,7,OUT,SALE,9,2025-07-11,0,
13423,4,7,OUT,SALE,8,2025-07-12,0,
13424,4,7,OUT,SALE,8,2025-07-13,0,
13425,4,7,OUT,SALE,7,2025-07-14,0,
13426,4,7,OUT,SALE,8,2025-07-15,0,
13427,4,7,OUT,SALE,8,2025-07-16,0,
13428,4,7,OUT,SALE,9,2025-07-17,0,
13429,4,7,OUT,SALE,7,2025-07-18,0,
13430,4,7,OUT,SALE,10,2025-07-19,0,
13431,4,7,OUT,SALE,17,2025-07-20,0,
13432,4,7,OUT,SALE,14,2025-07-21,0,
13433,4,7,OUT,SALE,16,2025-07-22,0,
13434,4,7,OUT,SALE,19,2025-07-23,0,
13435,4,7,OUT,SALE,15,2025-07-24,0,
13436,4,7,OUT,SALE,15,2025-07-25,0,
13437,4,7,OUT,SALE,10,2025-07-26,0,
13438,4,7,OUT,SALE,9,2025-07-27,0,
13439,4,7,OUT,SALE,7,2025-07-28,0,
13440,4,7,OUT,SALE,7,2025-07-29,0,
13441,4,7,OUT,SALE,8,2025-07-30,0,
13442,4,7,OUT,SALE,6,2025-07-31,0,
13443,4,7,OUT,SALE,8,2025-08-01,0,
13444,4,7,OUT,SALE,9,2025-08-02,0,
13445,4,7,OUT,SALE,6,2025-08-03,0,
13446,4,7,OUT,SALE,7,2025-08-04,0,
13447,4,7,OUT,SALE,5,2025-08-05,0,
13448,4,7,OUT,SALE,6,2025-08-06,0,
13449,4,7,OUT,SALE,7,2025-08-07,0,
13450,4,7,OUT,SALE,6,2025-08-08,0,
13451,4,7,OUT,SALE,10,2025-08-09,0,
13452,4,7,OUT,SALE,9,2025-08-10,0,
13453,4,7,OUT,SALE,8,2025-08-11,0,
13454,4,7,OUT,SALE,7,2025-08-12,0,
13455,4,7,OUT,SALE,7,2025-08-13,0,
13456,4,7,OUT,SALE,8,2025-08-14,0,
13457,4,7,OUT,SALE,7,2025-08-15,0,
13458,4,7,OUT,SALE,9,2025-08-16,0,
13459,4,7,OUT,SALE,7,2025-08-17,0,
13460,4,7,OUT,SALE,6,2025-08-18,0,
13461,4,7,OUT,SALE,7,2025-08-19,0,
13462,4,7,OUT,SALE,7,2025-08-20,0,
13463,4,7,OUT,SALE,6,2025-08-21,0,
13464,4,7,OUT,SALE,7,2025-08-22,0,
13465,4,7,OUT,SALE,7,2025-08-23,0,
13466,4,7,OUT,SALE,8,2025-08-24,0,
13467,4,7,OUT,SALE,6,2025-08-25,0,
13468,4,7,OUT,SALE,8,2025-08-26,0,
13469,4,7,OUT,SALE,7,2025-08-27,0,
13470,4,7,OUT,SALE,6,2025-08-28,0,
13471,4,7,OUT,SALE,6,2025-08-29,0,
13472,4,7,OUT,SALE,7,2025-08-30,0,
13473,4,7,OUT,SALE,8,2025-08-31,0,
13474,4,7,OUT,SALE,6,2025-09-01,0,
13475,4,7,OUT,SALE,6,2025-09-02,0,
13476,4,7,OUT,SALE,7,2025-09-03,0,
13477,4,7,OUT,SALE,7,2025-09-04,0,
13478,4,7,OUT,SALE,6,2025-09-05,0,
13479,4,7,OUT,SALE,6,2025-09-06,0,
13480,4,7,OUT,SALE,7,2025-09-07,0,
13481,4,7,OUT,SALE,4,2025-09-08,0,
13482,4,7,OUT,SALE,6,2025-09-09,0,
13483,4,7,OUT,SALE,6,2025-09-10,0,
13484,4,7,OUT,SALE,7,2025-09-11,0,
13485,4,7,OUT,SALE,5,2025-09-12,0,
13486,4,7,OUT,SALE,7,2025-09-13,0,
13487,4,7,OUT,SALE,6,2025-09-14,0,
13488,4,7,OUT,SALE,6,2025-09-15,0,
13489,4,7,OUT,SALE,5,2025-09-16,0,
13490,4,7,OUT,SALE,7,2025-09-17,0,
13491,4,7,OUT,SALE,6,2025-09-18,0,
13492,4,7,OUT,SALE,5,2025-09-19,0,
13493,4,7,OUT,SALE,7,2025-09-20,0,
13494,4,7,OUT,SALE,7,2025-09-21,0,
13495,4,7,OUT,SALE,5,2025-09-22,0,
13496,4,7,OUT,SALE,6,2025-09-23,0,
13497,4,7,OUT,SALE,5,2025-09-24,0,
13498,4,7,OUT,SALE,6,2025-09-25,0,
13499,4,7,OUT,SALE,6,2025-09-26,0,
13500,4,7,OUT,SALE,8,2025-09-27,0,
13501,4,7,OUT,SALE,7,2025-09-28,0,
13502,4,7,OUT,SALE,6,2025-09-29,0,
13503,4,7,OUT,SALE,12,2025-09-30,0,
13504,4,7,OUT,SALE,8,2025-10-01,0,
13505,4,7,OUT,SALE,8,2025-10-02,0,
13506,4,7,OUT,SALE,8,2025-10-03,0,
13507,4,7,OUT,SALE,5,2025-10-04,0,
13508,4,7,OUT,SALE,4,2025-10-05,0,
13509,4,7,OUT,SALE,4,2025-10-06,0,
13510,4,7,OUT,SALE,4,2025-10-07,0,
13511,4,7,OUT,SALE,5,2025-10-08,0,
13512,4,7,OUT,SALE,3,2025-10-09,0,
13513,4,7,OUT,SALE,3,2025-10-10,0,
13514,4,7,OUT,SALE,4,2025-10-11,0,
13515,4,7,OUT,SALE,5,2025-10-12,0,
13516,4,7,OUT,SALE,4,2025-10-13,0,
13517,4,7,OUT,SALE,4,2025-10-14,0,
13518,4,7,OUT,SALE,5,2025-10-15,0,
13519,4,7,OUT,SALE,4,2025-10-16,0,
13520,4,7,OUT,SALE,5,2025-10-17,0,
13521,4,7,OUT,SALE,5,2025-10-18,0,
13522,4,7,OUT,SALE,4,2025-10-19,0,
13523,4,7,OUT,SALE,4,2025-10-20,0,
13524,4,7,OUT,SALE,4,2025-10-21,0,
13525,4,7,OUT,SALE,3,2025-10-22,0,
13526,4,7,OUT,SALE,4,2025-10-23,0,
13527,4,7,OUT,SALE,3,2025-10-24,0,
13528,4,7,OUT,SALE,5,2025-10-25,0,
13529,4,7,OUT,SALE,6,2025-10-26,0,
13530,4,7,OUT,SALE,4,2025-10-27,0,
13531,4,7,OUT,SALE,4,2025-10-28,0,
13532,4,7,OUT,SALE,4,2025-10-29,0,
13533,4,7,OUT,SALE,4,2025-10-30,0,
13534,4,7,OUT,SALE,5,2025-10-31,0,
13535,4,7,OUT,SALE,2,2025-11-01,0,
13536,4,7,OUT,SALE,3,2025-11-02,0,
13537,4,7,OUT,SALE,2,2025-11-03,0,
13538,4,7,OUT,SALE,3,2025-11-04,0,
13539,4,7,OUT,SALE,2,2025-11-05,0,
13540,4,7,OUT,SALE,2,2025-11-06,0,
13541,4,7,OUT,SALE,2,2025-11-07,0,
13542,4,7,OUT,SALE,3,2025-11-08,0,
13543,4,7,OUT,SALE,9999,2025-11-09,1,DATA_ERROR
13544,4,7,OUT,SALE,2,2025-11-10,0,
13545,4,7,OUT,SALE,2,2025-11-11,0,
13546,4,7,OUT,SALE,2,2025-11-12,0,
13547,4,7,OUT,SALE,2,2025-11-13,0,
13548,4,7,OUT,SALE,3,2025-11-14,0,
13549,4,7,OUT,SALE,3,2025-11-15,0,
13550,4,7,OUT,SALE,3,2025-11-16,0,
13551,4,7,OUT,SALE,3,2025-11-17,0,
13552,4,7,OUT,SALE,3,2025-11-18,0,
13553,4,7,OUT,SALE,3,2025-11-19,0,
13554,4,7,OUT,SALE,2,2025-11-20,0,
13555,4,7,OUT,SALE,2,2025-11-21,0,
13556,4,7,OUT,SALE,3,2025-11-22,0,
13557,4,7,OUT,SALE,3,2025-11-23,0,
13558,4,7,OUT,SALE,3,2025-11-24,0,
13559,4,7,OUT,SALE,2,2025-11-25,0,
13560,4,7,OUT,SALE,2,2025-11-26,0,
13561,4,7,OUT,SALE,3,2025-11-27,0,
13562,4,7,OUT,SALE,5,2025-11-28,0,
13563,4,7,OUT,SALE,7,2025-11-29,0,
13564,4,7,OUT,SALE,7,2025-11-30,0,
13565,4,7,OUT,SALE,1,2025-12-01,0,
13566,4,7,OUT,SALE,1,2025-12-02,0,
13567,4,7,OUT,SALE,1,2025-12-03,0,
13568,4,7,OUT,SALE,1,2025-12-04,0,
13569,4,7,OUT,SALE,1,2025-12-05,0,
13570,4,7,OUT,SALE,1,2025-12-06,0,
13571,4,7,OUT,SALE,1,2025-12-07,0,
13572,4,7,OUT,SALE,1,2025-12-08,0,
13573,4,7,OUT,SALE,1,2025-12-09,0,
13574,4,7,OUT,SALE,1,2025-12-10,0,
13575,4,7,OUT,SALE,1,2025-12-11,0,
13576,4,7,OUT,SALE,1,2025-12-12,0,
13577,4,7,OUT,SALE,1,2025-12-13,0,
13578,4,7,OUT,SALE,1,2025-12-14,0,
13579,4,7,OUT,SALE,1,2025-12-15,0,
13580,4,7,OUT,SALE,1,2025-12-16,0,
13581,4,7,OUT,SALE,1,2025-12-17,0,
13582,4,7,OUT,SALE,1,2025-12-18,0,
13583,4,7,OUT,SALE,1,2025-12-19,0,
13584,4,7,OUT,SALE,1,2025-12-20,0,
13585,4,7,OUT,SALE,1,2025-12-21,0,
13586,4,7,OUT,SALE,1,2025-12-22,0,
13587,4,7,OUT,SALE,1,2025-12-23,0,
13588,4,7,OUT,SALE,2,2025-12-24,0,
13589,4,7,OUT,SALE,2,2025-12-25,0,
13590,4,7,OUT,SALE,1,2025-12-26,0,
13591,4,7,OUT,SALE,1,2025-12-27,0,
13592,4,7,OUT,SALE,1,2025-12-28,0,
13593,4,7,OUT,SALE,1,2025-12-29,0,
13594,4,7,OUT,SALE,1,2025-12-30,0,
13595,4,7,OUT,SALE,1,2025-12-31,0,
13596,4,8,OUT,SALE,1,2025-01-01,0,
13597,4,8,OUT,SALE,1,2025-01-02,0,
13598,4,8,OUT,SALE,1,2025-01-03,0,
13599,4,8,OUT,SALE,1,2025-01-04,0,
13600,4,8,OUT,SALE,1,2025-01-05,0,
13601,4,8,OUT,SALE,2,2025-01-06,0,
13602,4,8,OUT,SALE,1,2025-01-07,0,
13603,4,8,OUT,SALE,1,2025-01-08,0,
13604,4,8,OUT,SALE,1,2025-01-09,0,
13605,4,8,OUT,SALE,1,2025-01-10,0,
13606,4,8,OUT,SALE,2,2025-01-11,0,
13607,4,8,OUT,SALE,2,2025-01-12,0,
13608,4,8,OUT,SALE,1,2025-01-13,0,
13609,4,8,OUT,SALE,1,2025-01-14,0,
13610,4,8,OUT,SALE,1,2025-01-15,0,
13611,4,8,OUT,SALE,1,2025-01-16,0,
13612,4,8,OUT,SALE,1,2025-01-17,0,
13613,4,8,OUT,SALE,1,2025-01-18,0,
13614,4,8,OUT,SALE,2,2025-01-19,0,
13615,4,8,OUT,SALE,1,2025-01-20,0,
13616,4,8,OUT,SALE,1,2025-01-21,0,
13617,4,8,OUT,SALE,1,2025-01-22,0,
13618,4,8,OUT,SALE,2,2025-01-23,0,
13619,4,8,OUT,SALE,1,2025-01-24,0,
13620,4,8,OUT,SALE,3,2025-01-25,0,
13621,4,8,OUT,SALE,3,2025-01-26,0,
13622,4,8,OUT,SALE,3,2025-01-27,0,
13623,4,8,OUT,SALE,2,2025-01-28,0,
13624,4,8,OUT,SALE,1,2025-01-29,0,
13625,4,8,OUT,SALE,1,2025-01-30,0,
13626,4,8,OUT,SALE,1,2025-01-31,0,
13627,4,8,OUT,SALE,3,2025-02-01,0,
13628,4,8,OUT,SALE,3,2025-02-02,0,
13629,4,8,OUT,SALE,3,2025-02-03,0,
13630,4,8,OUT,SALE,3,2025-02-04,0,
13631,4,8,OUT,SALE,2,2025-02-05,0,
13632,4,8,OUT,SALE,2,2025-02-06,0,
13633,4,8,OUT,SALE,2,2025-02-07,0,
13634,4,8,OUT,SALE,3,2025-02-08,0,
13635,4,8,OUT,SALE,2,2025-02-09,0,
13636,4,8,OUT,DAMAGE,9,2025-02-10,1,OFF_HOURS_BULK
13637,4,8,OUT,SALE,3,2025-02-11,0,
13638,4,8,OUT,SALE,3,2025-02-12,0,
13639,4,8,OUT,SALE,2,2025-02-13,0,
13640,4,8,OUT,SALE,2,2025-02-14,0,
13641,4,8,OUT,SALE,2,2025-02-15,0,
13642,4,8,OUT,SALE,2,2025-02-16,0,
13643,4,8,OUT,SALE,2,2025-02-17,0,
13644,4,8,OUT,SALE,2,2025-02-18,0,
13645,4,8,OUT,SALE,2,2025-02-19,0,
13646,4,8,OUT,SALE,3,2025-02-20,0,
13647,4,8,OUT,SALE,2,2025-02-21,0,
13648,4,8,OUT,SALE,2,2025-02-22,0,
13649,4,8,OUT,SALE,3,2025-02-23,0,
13650,4,8,OUT,SALE,3,2025-02-24,0,
13651,4,8,OUT,SALE,2,2025-02-25,0,
13652,4,8,OUT,SALE,2,2025-02-26,0,
13653,4,8,OUT,SALE,2,2025-02-27,0,
13654,4,8,OUT,SALE,2,2025-02-28,0,
13655,4,8,OUT,SALE,6,2025-03-01,0,
13656,4,8,OUT,SALE,6,2025-03-02,0,
13657,4,8,OUT,SALE,4,2025-03-03,0,
13658,4,8,OUT,SALE,4,2025-03-04,0,
13659,4,8,OUT,SALE,4,2025-03-05,0,
13660,4,8,OUT,SALE,5,2025-03-06,0,
13661,4,8,OUT,SALE,4,2025-03-07,0,
13662,4,8,OUT,SALE,7,2025-03-08,0,
13663,4,8,OUT,SALE,7,2025-03-09,0,
13664,4,8,OUT,SALE,5,2025-03-10,0,
13665,4,8,OUT,SALE,6,2025-03-11,0,
13666,4,8,OUT,SALE,5,2025-03-12,0,
13667,4,8,OUT,SALE,5,2025-03-13,0,
13668,4,8,OUT,SALE,4,2025-03-14,0,
13669,4,8,OUT,SALE,11,2025-03-15,0,
13670,4,8,OUT,SALE,9,2025-03-16,0,
13671,4,8,OUT,SALE,8,2025-03-17,0,
13672,4,8,OUT,SALE,11,2025-03-18,0,
13673,4,8,OUT,SALE,5,2025-03-19,0,
13674,4,8,OUT,SALE,6,2025-03-20,0,
13675,4,8,OUT,SALE,5,2025-03-21,0,
13676,4,8,OUT,SALE,5,2025-03-22,0,
13677,4,8,OUT,SALE,5,2025-03-23,0,
13678,4,8,OUT,SALE,6,2025-03-24,0,
13679,4,8,OUT,SALE,5,2025-03-25,0,
13680,4,8,OUT,SALE,5,2025-03-26,0,
13681,4,8,OUT,SALE,5,2025-03-27,0,
13682,4,8,OUT,SALE,5,2025-03-28,0,
13683,4,8,OUT,SALE,6,2025-03-29,0,
13684,4,8,OUT,SALE,6,2025-03-30,0,
13685,4,8,OUT,SALE,6,2025-03-31,0,
13686,4,8,OUT,SALE,8,2025-04-01,0,
13687,4,8,OUT,SALE,8,2025-04-02,0,
13688,4,8,OUT,SALE,10,2025-04-03,0,
13689,4,8,OUT,SALE,11,2025-04-04,0,
13690,4,8,OUT,SALE,11,2025-04-05,0,
13691,4,8,OUT,SALE,12,2025-04-06,0,
13692,4,8,OUT,SALE,9,2025-04-07,0,
13693,4,8,OUT,SALE,9,2025-04-08,0,
13694,4,8,OUT,DAMAGE,89,2025-04-09,1,THEFT_SPIKE
13695,4,8,OUT,SALE,9,2025-04-10,0,
13696,4,8,OUT,SALE,10,2025-04-11,0,
13697,4,8,OUT,SALE,11,2025-04-12,0,
13698,4,8,OUT,SALE,10,2025-04-13,0,
13699,4,8,OUT,SALE,7,2025-04-14,0,
13700,4,8,OUT,SALE,9,2025-04-15,0,
13701,4,8,OUT,SALE,8,2025-04-16,0,
13702,4,8,OUT,SALE,9,2025-04-17,0,
13703,4,8,OUT,SALE,8,2025-04-18,0,
13704,4,8,OUT,SALE,12,2025-04-19,0,
13705,4,8,OUT,SALE,11,2025-04-20,0,
13706,4,8,OUT,SALE,9,2025-04-21,0,
13707,4,8,OUT,SALE,10,2025-04-22,0,
13708,4,8,OUT,SALE,9,2025-04-23,0,
13709,4,8,OUT,SALE,9,2025-04-24,0,
13710,4,8,OUT,SALE,10,2025-04-25,0,
13711,4,8,OUT,SALE,10,2025-04-26,0,
13712,4,8,OUT,SALE,11,2025-04-27,0,
13713,4,8,OUT,SALE,8,2025-04-28,0,
13714,4,8,OUT,SALE,9,2025-04-29,0,
13715,4,8,OUT,SALE,11,2025-04-30,0,
13716,4,8,OUT,SALE,14,2025-05-01,0,
13717,4,8,OUT,SALE,12,2025-05-02,0,
13718,4,8,OUT,SALE,15,2025-05-03,0,
13719,4,8,OUT,SALE,14,2025-05-04,0,
13720,4,8,OUT,SALE,13,2025-05-05,0,
13721,4,8,OUT,SALE,12,2025-05-06,0,
13722,4,8,OUT,SALE,13,2025-05-07,0,
13723,4,8,OUT,SALE,13,2025-05-08,0,
13724,4,8,OUT,SALE,13,2025-05-09,0,
13725,4,8,OUT,SALE,15,2025-05-10,0,
13726,4,8,OUT,SALE,15,2025-05-11,0,
13727,4,8,OUT,SALE,12,2025-05-12,0,
13728,4,8,OUT,SALE,13,2025-05-13,0,
13729,4,8,OUT,SALE,14,2025-05-14,0,
13730,4,8,OUT,SALE,15,2025-05-15,0,
13731,4,8,OUT,SALE,13,2025-05-16,0,
13732,4,8,OUT,SALE,13,2025-05-17,0,
13733,4,8,OUT,SALE,14,2025-05-18,0,
13734,4,8,OUT,SALE,11,2025-05-19,0,
13735,4,8,OUT,SALE,14,2025-05-20,0,
13736,4,8,OUT,SALE,9,2025-05-21,0,
13737,4,8,OUT,SALE,14,2025-05-22,0,
13738,4,8,OUT,SALE,14,2025-05-23,0,
13739,4,8,OUT,SALE,9,2025-05-24,0,
13740,4,8,OUT,SALE,17,2025-05-25,0,
13741,4,8,OUT,SALE,14,2025-05-26,0,
13742,4,8,OUT,SALE,12,2025-05-27,0,
13743,4,8,OUT,SALE,11,2025-05-28,0,
13744,4,8,OUT,SALE,11,2025-05-29,0,
13745,4,8,OUT,SALE,11,2025-05-30,0,
13746,4,8,OUT,SALE,17,2025-05-31,0,
13747,4,8,OUT,SALE,17,2025-06-01,0,
13748,4,8,OUT,SALE,17,2025-06-02,0,
13749,4,8,OUT,SALE,15,2025-06-03,0,
13750,4,8,OUT,SALE,15,2025-06-04,0,
13751,4,8,OUT,SALE,12,2025-06-05,0,
13752,4,8,OUT,SALE,13,2025-06-06,0,
13753,4,8,OUT,SALE,20,2025-06-07,0,
13754,4,8,OUT,SALE,17,2025-06-08,0,
13755,4,8,OUT,SALE,16,2025-06-09,0,
13756,4,8,OUT,SALE,19,2025-06-10,0,
13757,4,8,OUT,SALE,15,2025-06-11,0,
13758,4,8,OUT,SALE,15,2025-06-12,0,
13759,4,8,OUT,SALE,17,2025-06-13,0,
13760,4,8,OUT,SALE,18,2025-06-14,0,
13761,4,8,OUT,SALE,18,2025-06-15,0,
13762,4,8,OUT,SALE,17,2025-06-16,0,
13763,4,8,OUT,SALE,15,2025-06-17,0,
13764,4,8,OUT,SALE,17,2025-06-18,0,
13765,4,8,OUT,SALE,15,2025-06-19,0,
13766,4,8,OUT,SALE,17,2025-06-20,0,
13767,4,8,OUT,SALE,18,2025-06-21,0,
13768,4,8,OUT,SALE,17,2025-06-22,0,
13769,4,8,OUT,SALE,15,2025-06-23,0,
13770,4,8,OUT,SALE,11,2025-06-24,0,
13771,4,8,OUT,SALE,17,2025-06-25,0,
13772,4,8,OUT,SALE,13,2025-06-26,0,
13773,4,8,OUT,SALE,13,2025-06-27,0,
13774,4,8,OUT,SALE,17,2025-06-28,0,
13775,4,8,OUT,SALE,14,2025-06-29,0,
13776,4,8,OUT,SALE,16,2025-06-30,0,
13777,4,8,OUT,SALE,0,2025-07-01,1,DATA_ERROR
13778,4,8,OUT,SALE,15,2025-07-02,0,
13779,4,8,OUT,SALE,15,2025-07-03,0,
13780,4,8,OUT,SALE,15,2025-07-04,0,
13781,4,8,OUT,SALE,20,2025-07-05,0,
13782,4,8,OUT,SALE,15,2025-07-06,0,
13783,4,8,OUT,DAMAGE,37,2025-07-07,1,REPEATED_LOSS
13784,4,8,OUT,SALE,13,2025-07-08,0,
13785,4,8,OUT,SALE,18,2025-07-09,0,
13786,4,8,OUT,SALE,16,2025-07-10,0,
13787,4,8,OUT,SALE,17,2025-07-11,0,
13788,4,8,OUT,SALE,22,2025-07-12,0,
13789,4,8,OUT,SALE,22,2025-07-13,0,
13790,4,8,OUT,SALE,14,2025-07-14,0,
13791,4,8,OUT,SALE,17,2025-07-15,0,
13792,4,8,OUT,DAMAGE,50,2025-07-16,1,REPEATED_LOSS
13793,4,8,OUT,SALE,18,2025-07-17,0,
13794,4,8,OUT,SALE,18,2025-07-18,0,
13795,4,8,OUT,SALE,15,2025-07-19,0,
13796,4,8,OUT,SALE,45,2025-07-20,0,
13797,4,8,OUT,SALE,32,2025-07-21,0,
13798,4,8,OUT,SALE,39,2025-07-22,0,
13799,4,8,OUT,SALE,39,2025-07-23,0,
13800,4,8,OUT,SALE,38,2025-07-24,0,
13801,4,8,OUT,SALE,35,2025-07-25,0,
13802,4,8,OUT,SALE,22,2025-07-26,0,
13803,4,8,OUT,SALE,20,2025-07-27,0,
13804,4,8,OUT,SALE,17,2025-07-28,0,
13805,4,8,OUT,SALE,14,2025-07-29,0,
13806,4,8,OUT,SALE,17,2025-07-30,0,
13807,4,8,OUT,SALE,20,2025-07-31,0,
13808,4,8,OUT,SALE,13,2025-08-01,0,
13809,4,8,OUT,SALE,19,2025-08-02,0,
13810,4,8,OUT,SALE,19,2025-08-03,0,
13811,4,8,OUT,SALE,18,2025-08-04,0,
13812,4,8,OUT,SALE,17,2025-08-05,0,
13813,4,8,OUT,SALE,15,2025-08-06,0,
13814,4,8,OUT,SALE,16,2025-08-07,0,
13815,4,8,OUT,SALE,15,2025-08-08,0,
13816,4,8,OUT,SALE,20,2025-08-09,0,
13817,4,8,OUT,SALE,14,2025-08-10,0,
13818,4,8,OUT,SALE,14,2025-08-11,0,
13819,4,8,OUT,SALE,16,2025-08-12,0,
13820,4,8,OUT,SALE,17,2025-08-13,0,
13821,4,8,OUT,SALE,15,2025-08-14,0,
13822,4,8,OUT,SALE,14,2025-08-15,0,
13823,4,8,OUT,SALE,17,2025-08-16,0,
13824,4,8,OUT,SALE,17,2025-08-17,0,
13825,4,8,OUT,SALE,15,2025-08-18,0,
13826,4,8,OUT,SALE,14,2025-08-19,0,
13827,4,8,OUT,SALE,14,2025-08-20,0,
13828,4,8,OUT,SALE,12,2025-08-21,0,
13829,4,8,OUT,SALE,16,2025-08-22,0,
13830,4,8,OUT,SALE,19,2025-08-23,0,
13831,4,8,OUT,SALE,21,2025-08-24,0,
13832,4,8,OUT,SALE,17,2025-08-25,0,
13833,4,8,OUT,DAMAGE,48,2025-08-26,1,REPEATED_LOSS
13834,4,8,OUT,SALE,16,2025-08-27,0,
13835,4,8,OUT,SALE,12,2025-08-28,0,
13836,4,8,OUT,SALE,16,2025-08-29,0,
13837,4,8,OUT,SALE,18,2025-08-30,0,
13838,4,8,OUT,SALE,20,2025-08-31,0,
13839,4,8,OUT,SALE,13,2025-09-01,0,
13840,4,8,OUT,SALE,12,2025-09-02,0,
13841,4,8,OUT,SALE,15,2025-09-03,0,
13842,4,8,OUT,SALE,14,2025-09-04,0,
13843,4,8,OUT,SALE,13,2025-09-05,0,
13844,4,8,OUT,SALE,15,2025-09-06,0,
13845,4,8,OUT,SALE,15,2025-09-07,0,
13846,4,8,OUT,SALE,13,2025-09-08,0,
13847,4,8,OUT,SALE,9,2025-09-09,0,
13848,4,8,OUT,SALE,11,2025-09-10,0,
13849,4,8,OUT,SALE,12,2025-09-11,0,
13850,4,8,OUT,SALE,13,2025-09-12,0,
13851,4,8,OUT,SALE,12,2025-09-13,0,
13852,4,8,OUT,SALE,14,2025-09-14,0,
13853,4,8,OUT,SALE,12,2025-09-15,0,
13854,4,8,OUT,SALE,13,2025-09-16,0,
13855,4,8,OUT,SALE,13,2025-09-17,0,
13856,4,8,OUT,SALE,12,2025-09-18,0,
13857,4,8,OUT,SALE,12,2025-09-19,0,
13858,4,8,OUT,SALE,13,2025-09-20,0,
13859,4,8,OUT,SALE,14,2025-09-21,0,
13860,4,8,OUT,SALE,12,2025-09-22,0,
13861,4,8,OUT,SALE,15,2025-09-23,0,
13862,4,8,OUT,SALE,11,2025-09-24,0,
13863,4,8,OUT,SALE,15,2025-09-25,0,
13864,4,8,OUT,SALE,11,2025-09-26,0,
13865,4,8,OUT,SALE,16,2025-09-27,0,
13866,4,8,OUT,SALE,14,2025-09-28,0,
13867,4,8,OUT,SALE,11,2025-09-29,0,
13868,4,8,OUT,SALE,28,2025-09-30,0,
13869,4,8,OUT,SALE,17,2025-10-01,0,
13870,4,8,OUT,SALE,17,2025-10-02,0,
13871,4,8,OUT,SALE,16,2025-10-03,0,
13872,4,8,OUT,SALE,9,2025-10-04,0,
13873,4,8,OUT,SALE,10,2025-10-05,0,
13874,4,8,OUT,SALE,5,2025-10-06,0,
13875,4,8,OUT,SALE,7,2025-10-07,0,
13876,4,8,OUT,SALE,9,2025-10-08,0,
13877,4,8,OUT,SALE,10,2025-10-09,0,
13878,4,8,OUT,SALE,10,2025-10-10,0,
13879,4,8,OUT,SALE,9,2025-10-11,0,
13880,4,8,OUT,SALE,10,2025-10-12,0,
13881,4,8,OUT,SALE,6,2025-10-13,0,
13882,4,8,OUT,SALE,8,2025-10-14,0,
13883,4,8,OUT,SALE,10,2025-10-15,0,
13884,4,8,OUT,SALE,9,2025-10-16,0,
13885,4,8,OUT,SALE,8,2025-10-17,0,
13886,4,8,OUT,SALE,10,2025-10-18,0,
13887,4,8,OUT,SALE,12,2025-10-19,0,
13888,4,8,OUT,SALE,9,2025-10-20,0,
13889,4,8,OUT,SALE,9,2025-10-21,0,
13890,4,8,OUT,SALE,10,2025-10-22,0,
13891,4,8,OUT,SALE,9,2025-10-23,0,
13892,4,8,OUT,SALE,7,2025-10-24,0,
13893,4,8,OUT,SALE,12,2025-10-25,0,
13894,4,8,OUT,SALE,11,2025-10-26,0,
13895,4,8,OUT,SALE,6,2025-10-27,0,
13896,4,8,OUT,SALE,9,2025-10-28,0,
13897,4,8,OUT,SALE,9,2025-10-29,0,
13898,4,8,OUT,SALE,10,2025-10-30,0,
13899,4,8,OUT,SALE,9,2025-10-31,0,
13900,4,8,OUT,SALE,6,2025-11-01,0,
13901,4,8,OUT,SALE,6,2025-11-02,0,
13902,4,8,OUT,SALE,5,2025-11-03,0,
13903,4,8,OUT,SALE,6,2025-11-04,0,
13904,4,8,OUT,SALE,5,2025-11-05,0,
13905,4,8,OUT,SALE,5,2025-11-06,0,
13906,4,8,OUT,SALE,5,2025-11-07,0,
13907,4,8,OUT,SALE,5,2025-11-08,0,
13908,4,8,OUT,SALE,7,2025-11-09,0,
13909,4,8,OUT,SALE,5,2025-11-10,0,
13910,4,8,OUT,SALE,6,2025-11-11,0,
13911,4,8,OUT,SALE,4,2025-11-12,0,
13912,4,8,OUT,SALE,5,2025-11-13,0,
13913,4,8,OUT,SALE,6,2025-11-14,0,
13914,4,8,OUT,SALE,6,2025-11-15,0,
13915,4,8,OUT,SALE,7,2025-11-16,0,
13916,4,8,OUT,SALE,5,2025-11-17,0,
13917,4,8,OUT,SALE,5,2025-11-18,0,
13918,4,8,OUT,SALE,5,2025-11-19,0,
13919,4,8,OUT,SALE,5,2025-11-20,0,
13920,4,8,OUT,SALE,5,2025-11-21,0,
13921,4,8,OUT,SALE,6,2025-11-22,0,
13922,4,8,OUT,SALE,7,2025-11-23,0,
13923,4,8,OUT,SALE,5,2025-11-24,0,
13924,4,8,OUT,SALE,5,2025-11-25,0,
13925,4,8,OUT,SALE,4,2025-11-26,0,
13926,4,8,OUT,SALE,6,2025-11-27,0,
13927,4,8,OUT,SALE,12,2025-11-28,0,
13928,4,8,OUT,SALE,16,2025-11-29,0,
13929,4,8,OUT,SALE,14,2025-11-30,0,
13930,4,8,OUT,SALE,3,2025-12-01,0,
13931,4,8,OUT,SALE,2,2025-12-02,0,
13932,4,8,OUT,SALE,3,2025-12-03,0,
13933,4,8,OUT,SALE,2,2025-12-04,0,
13934,4,8,OUT,SALE,2,2025-12-05,0,
13935,4,8,OUT,SALE,3,2025-12-06,0,
13936,4,8,OUT,SALE,2,2025-12-07,0,
13937,4,8,OUT,SALE,2,2025-12-08,0,
13938,4,8,OUT,SALE,2,2025-12-09,0,
13939,4,8,OUT,SALE,2,2025-12-10,0,
13940,4,8,OUT,SALE,1,2025-12-11,0,
13941,4,8,OUT,SALE,3,2025-12-12,0,
13942,4,8,OUT,SALE,2,2025-12-13,0,
13943,4,8,OUT,SALE,2,2025-12-14,0,
13944,4,8,OUT,SALE,3,2025-12-15,0,
13945,4,8,OUT,SALE,2,2025-12-16,0,
13946,4,8,OUT,SALE,3,2025-12-17,0,
13947,4,8,OUT,SALE,2,2025-12-18,0,
13948,4,8,OUT,SALE,3,2025-12-19,0,
13949,4,8,OUT,SALE,3,2025-12-20,0,
13950,4,8,OUT,SALE,3,2025-12-21,0,
13951,4,8,OUT,SALE,3,2025-12-22,0,
13952,4,8,OUT,SALE,2,2025-12-23,0,
13953,4,8,OUT,SALE,4,2025-12-24,0,
13954,4,8,OUT,SALE,4,2025-12-25,0,
13955,4,8,OUT,SALE,4,2025-12-26,0,
13956,4,8,OUT,SALE,2,2025-12-27,0,
13957,4,8,OUT,SALE,3,2025-12-28,0,
13958,4,8,OUT,SALE,2,2025-12-29,0,
13959,4,8,OUT,SALE,3,2025-12-30,0,
13960,4,8,OUT,SALE,2,2025-12-31,0,
13961,4,9,OUT,SALE,13,2025-01-01,0,
13962,4,9,OUT,SALE,12,2025-01-02,0,
13963,4,9,OUT,SALE,14,2025-01-03,0,
13964,4,9,OUT,SALE,19,2025-01-04,0,
13965,4,9,OUT,SALE,17,2025-01-05,0,
13966,4,9,OUT,SALE,14,2025-01-06,0,
13967,4,9,OUT,SALE,17,2025-01-07,0,
13968,4,9,OUT,SALE,14,2025-01-08,0,
13969,4,9,OUT,SALE,13,2025-01-09,0,
13970,4,9,OUT,SALE,0,2025-01-10,1,DATA_ERROR
13971,4,9,OUT,SALE,17,2025-01-11,0,
13972,4,9,OUT,SALE,15,2025-01-12,0,
13973,4,9,OUT,SALE,13,2025-01-13,0,
13974,4,9,OUT,SALE,17,2025-01-14,0,
13975,4,9,OUT,SALE,14,2025-01-15,0,
13976,4,9,OUT,SALE,12,2025-01-16,0,
13977,4,9,OUT,SALE,15,2025-01-17,0,
13978,4,9,OUT,SALE,18,2025-01-18,0,
13979,4,9,OUT,SALE,16,2025-01-19,0,
13980,4,9,OUT,SALE,15,2025-01-20,0,
13981,4,9,OUT,SALE,13,2025-01-21,0,
13982,4,9,OUT,SALE,16,2025-01-22,0,
13983,4,9,OUT,SALE,13,2025-01-23,0,
13984,4,9,OUT,SALE,15,2025-01-24,0,
13985,4,9,OUT,SALE,33,2025-01-25,0,
13986,4,9,OUT,SALE,30,2025-01-26,0,
13987,4,9,OUT,SALE,22,2025-01-27,0,
13988,4,9,OUT,SALE,22,2025-01-28,0,
13989,4,9,OUT,SALE,17,2025-01-29,0,
13990,4,9,OUT,SALE,13,2025-01-30,0,
13991,4,9,OUT,SALE,16,2025-01-31,0,
13992,4,9,OUT,SALE,17,2025-02-01,0,
13993,4,9,OUT,SALE,15,2025-02-02,0,
13994,4,9,OUT,SALE,14,2025-02-03,0,
13995,4,9,OUT,SALE,18,2025-02-04,0,
13996,4,9,OUT,SALE,21,2025-02-05,0,
13997,4,9,OUT,SALE,14,2025-02-06,0,
13998,4,9,OUT,SALE,14,2025-02-07,0,
13999,4,9,OUT,SALE,14,2025-02-08,0,
14000,4,9,OUT,SALE,14,2025-02-09,0,
14001,4,9,OUT,SALE,13,2025-02-10,0,
14002,4,9,OUT,SALE,14,2025-02-11,0,
14003,4,9,OUT,SALE,15,2025-02-12,0,
14004,4,9,OUT,SALE,16,2025-02-13,0,
14005,4,9,OUT,SALE,15,2025-02-14,0,
14006,4,9,OUT,SALE,18,2025-02-15,0,
14007,4,9,OUT,SALE,16,2025-02-16,0,
14008,4,9,OUT,SALE,15,2025-02-17,0,
14009,4,9,OUT,SALE,14,2025-02-18,0,
14010,4,9,OUT,SALE,13,2025-02-19,0,
14011,4,9,OUT,SALE,11,2025-02-20,0,
14012,4,9,OUT,SALE,14,2025-02-21,0,
14013,4,9,OUT,SALE,12,2025-02-22,0,
14014,4,9,OUT,SALE,15,2025-02-23,0,
14015,4,9,OUT,SALE,16,2025-02-24,0,
14016,4,9,OUT,SALE,15,2025-02-25,0,
14017,4,9,OUT,SALE,15,2025-02-26,0,
14018,4,9,OUT,SALE,17,2025-02-27,0,
14019,4,9,OUT,SALE,14,2025-02-28,0,
14020,4,9,OUT,SALE,20,2025-03-01,0,
14021,4,9,OUT,SALE,16,2025-03-02,0,
14022,4,9,OUT,SALE,16,2025-03-03,0,
14023,4,9,OUT,SALE,16,2025-03-04,0,
14024,4,9,OUT,SALE,16,2025-03-05,0,
14025,4,9,OUT,SALE,15,2025-03-06,0,
14026,4,9,OUT,SALE,16,2025-03-07,0,
14027,4,9,OUT,SALE,19,2025-03-08,0,
14028,4,9,OUT,SALE,15,2025-03-09,0,
14029,4,9,OUT,SALE,17,2025-03-10,0,
14030,4,9,OUT,SALE,13,2025-03-11,0,
14031,4,9,OUT,SALE,14,2025-03-12,0,
14032,4,9,OUT,SALE,16,2025-03-13,0,
14033,4,9,OUT,SALE,17,2025-03-14,0,
14034,4,9,OUT,SALE,30,2025-03-15,0,
14035,4,9,OUT,SALE,30,2025-03-16,0,
14036,4,9,OUT,SALE,22,2025-03-17,0,
14037,4,9,OUT,SALE,24,2025-03-18,0,
14038,4,9,OUT,SALE,12,2025-03-19,0,
14039,4,9,OUT,SALE,14,2025-03-20,0,
14040,4,9,OUT,SALE,13,2025-03-21,0,
14041,4,9,OUT,SALE,18,2025-03-22,0,
14042,4,9,OUT,SALE,23,2025-03-23,0,
14043,4,9,OUT,SALE,17,2025-03-24,0,
14044,4,9,OUT,SALE,11,2025-03-25,0,
14045,4,9,OUT,SALE,13,2025-03-26,0,
14046,4,9,OUT,SALE,13,2025-03-27,0,
14047,4,9,OUT,SALE,12,2025-03-28,0,
14048,4,9,OUT,SALE,17,2025-03-29,0,
14049,4,9,OUT,SALE,19,2025-03-30,0,
14050,4,9,OUT,SALE,13,2025-03-31,0,
14051,4,9,OUT,SALE,17,2025-04-01,0,
14052,4,9,OUT,SALE,17,2025-04-02,0,
14053,4,9,OUT,SALE,18,2025-04-03,0,
14054,4,9,OUT,SALE,17,2025-04-04,0,
14055,4,9,OUT,SALE,20,2025-04-05,0,
14056,4,9,OUT,SALE,19,2025-04-06,0,
14057,4,9,OUT,SALE,15,2025-04-07,0,
14058,4,9,OUT,SALE,15,2025-04-08,0,
14059,4,9,OUT,SALE,14,2025-04-09,0,
14060,4,9,OUT,SALE,20,2025-04-10,0,
14061,4,9,OUT,SALE,14,2025-04-11,0,
14062,4,9,OUT,SALE,22,2025-04-12,0,
14063,4,9,OUT,SALE,16,2025-04-13,0,
14064,4,9,OUT,SALE,19,2025-04-14,0,
14065,4,9,OUT,SALE,19,2025-04-15,0,
14066,4,9,OUT,SALE,19,2025-04-16,0,
14067,4,9,OUT,SALE,15,2025-04-17,0,
14068,4,9,OUT,SALE,17,2025-04-18,0,
14069,4,9,OUT,SALE,18,2025-04-19,0,
14070,4,9,OUT,SALE,17,2025-04-20,0,
14071,4,9,OUT,SALE,17,2025-04-21,0,
14072,4,9,OUT,SALE,19,2025-04-22,0,
14073,4,9,OUT,SALE,16,2025-04-23,0,
14074,4,9,OUT,SALE,18,2025-04-24,0,
14075,4,9,OUT,SALE,15,2025-04-25,0,
14076,4,9,OUT,SALE,17,2025-04-26,0,
14077,4,9,OUT,SALE,19,2025-04-27,0,
14078,4,9,OUT,SALE,16,2025-04-28,0,
14079,4,9,OUT,SALE,18,2025-04-29,0,
14080,4,9,OUT,SALE,14,2025-04-30,0,
14081,4,9,OUT,SALE,23,2025-05-01,0,
14082,4,9,OUT,SALE,14,2025-05-02,0,
14083,4,9,OUT,SALE,22,2025-05-03,0,
14084,4,9,OUT,SALE,20,2025-05-04,0,
14085,4,9,OUT,SALE,17,2025-05-05,0,
14086,4,9,OUT,SALE,18,2025-05-06,0,
14087,4,9,OUT,SALE,20,2025-05-07,0,
14088,4,9,OUT,SALE,20,2025-05-08,0,
14089,4,9,OUT,SALE,18,2025-05-09,0,
14090,4,9,OUT,SALE,22,2025-05-10,0,
14091,4,9,OUT,SALE,18,2025-05-11,0,
14092,4,9,OUT,SALE,18,2025-05-12,0,
14093,4,9,OUT,SALE,19,2025-05-13,0,
14094,4,9,OUT,SALE,13,2025-05-14,0,
14095,4,9,OUT,SALE,18,2025-05-15,0,
14096,4,9,OUT,SALE,18,2025-05-16,0,
14097,4,9,OUT,SALE,24,2025-05-17,0,
14098,4,9,OUT,SALE,21,2025-05-18,0,
14099,4,9,OUT,SALE,19,2025-05-19,0,
14100,4,9,OUT,SALE,18,2025-05-20,0,
14101,4,9,OUT,SALE,20,2025-05-21,0,
14102,4,9,OUT,SALE,20,2025-05-22,0,
14103,4,9,OUT,SALE,15,2025-05-23,0,
14104,4,9,OUT,SALE,22,2025-05-24,0,
14105,4,9,OUT,SALE,24,2025-05-25,0,
14106,4,9,OUT,SALE,20,2025-05-26,0,
14107,4,9,OUT,SALE,18,2025-05-27,0,
14108,4,9,OUT,SALE,19,2025-05-28,0,
14109,4,9,OUT,SALE,20,2025-05-29,0,
14110,4,9,OUT,SALE,16,2025-05-30,0,
14111,4,9,OUT,SALE,22,2025-05-31,0,
14112,4,9,OUT,SALE,17,2025-06-01,0,
14113,4,9,OUT,SALE,21,2025-06-02,0,
14114,4,9,OUT,SALE,18,2025-06-03,0,
14115,4,9,OUT,SALE,19,2025-06-04,0,
14116,4,9,OUT,SALE,18,2025-06-05,0,
14117,4,9,OUT,SALE,19,2025-06-06,0,
14118,4,9,OUT,SALE,23,2025-06-07,0,
14119,4,9,OUT,SALE,24,2025-06-08,0,
14120,4,9,OUT,SALE,22,2025-06-09,0,
14121,4,9,OUT,SALE,19,2025-06-10,0,
14122,4,9,OUT,SALE,15,2025-06-11,0,
14123,4,9,OUT,SALE,22,2025-06-12,0,
14124,4,9,OUT,SALE,16,2025-06-13,0,
14125,4,9,OUT,SALE,21,2025-06-14,0,
14126,4,9,OUT,SALE,21,2025-06-15,0,
14127,4,9,OUT,SALE,19,2025-06-16,0,
14128,4,9,OUT,SALE,16,2025-06-17,0,
14129,4,9,OUT,SALE,16,2025-06-18,0,
14130,4,9,OUT,SALE,19,2025-06-19,0,
14131,4,9,OUT,SALE,17,2025-06-20,0,
14132,4,9,OUT,SALE,26,2025-06-21,0,
14133,4,9,OUT,SALE,21,2025-06-22,0,
14134,4,9,OUT,SALE,17,2025-06-23,0,
14135,4,9,OUT,SALE,23,2025-06-24,0,
14136,4,9,OUT,SALE,20,2025-06-25,0,
14137,4,9,OUT,SALE,25,2025-06-26,0,
14138,4,9,OUT,SALE,15,2025-06-27,0,
14139,4,9,OUT,SALE,23,2025-06-28,0,
14140,4,9,OUT,SALE,23,2025-06-29,0,
14141,4,9,OUT,SALE,19,2025-06-30,0,
14142,4,9,OUT,SALE,19,2025-07-01,0,
14143,4,9,OUT,SALE,22,2025-07-02,0,
14144,4,9,OUT,SALE,21,2025-07-03,0,
14145,4,9,OUT,SALE,16,2025-07-04,0,
14146,4,9,OUT,SALE,20,2025-07-05,0,
14147,4,9,OUT,SALE,19,2025-07-06,0,
14148,4,9,OUT,SALE,19,2025-07-07,0,
14149,4,9,OUT,SALE,22,2025-07-08,0,
14150,4,9,OUT,SALE,19,2025-07-09,0,
14151,4,9,OUT,SALE,19,2025-07-10,0,
14152,4,9,OUT,SALE,17,2025-07-11,0,
14153,4,9,OUT,SALE,25,2025-07-12,0,
14154,4,9,OUT,SALE,26,2025-07-13,0,
14155,4,9,OUT,SALE,19,2025-07-14,0,
14156,4,9,OUT,SALE,23,2025-07-15,0,
14157,4,9,OUT,SALE,18,2025-07-16,0,
14158,4,9,OUT,SALE,16,2025-07-17,0,
14159,4,9,OUT,SALE,21,2025-07-18,0,
14160,4,9,OUT,SALE,22,2025-07-19,0,
14161,4,9,OUT,SALE,46,2025-07-20,0,
14162,4,9,OUT,SALE,43,2025-07-21,0,
14163,4,9,OUT,SALE,35,2025-07-22,0,
14164,4,9,OUT,SALE,34,2025-07-23,0,
14165,4,9,OUT,SALE,43,2025-07-24,0,
14166,4,9,OUT,SALE,45,2025-07-25,0,
14167,4,9,OUT,SALE,26,2025-07-26,0,
14168,4,9,OUT,SALE,25,2025-07-27,0,
14169,4,9,OUT,SALE,21,2025-07-28,0,
14170,4,9,OUT,SALE,23,2025-07-29,0,
14171,4,9,OUT,SALE,21,2025-07-30,0,
14172,4,9,OUT,SALE,19,2025-07-31,0,
14173,4,9,OUT,SALE,21,2025-08-01,0,
14174,4,9,OUT,SALE,24,2025-08-02,0,
14175,4,9,OUT,SALE,22,2025-08-03,0,
14176,4,9,OUT,SALE,16,2025-08-04,0,
14177,4,9,OUT,SALE,15,2025-08-05,0,
14178,4,9,OUT,SALE,21,2025-08-06,0,
14179,4,9,OUT,SALE,20,2025-08-07,0,
14180,4,9,OUT,SALE,21,2025-08-08,0,
14181,4,9,OUT,SALE,24,2025-08-09,0,
14182,4,9,OUT,DAMAGE,124,2025-08-10,1,THEFT_SPIKE
14183,4,9,OUT,SALE,15,2025-08-11,0,
14184,4,9,OUT,SALE,20,2025-08-12,0,
14185,4,9,OUT,SALE,22,2025-08-13,0,
14186,4,9,OUT,SALE,20,2025-08-14,0,
14187,4,9,OUT,SALE,16,2025-08-15,0,
14188,4,9,OUT,SALE,23,2025-08-16,0,
14189,4,9,OUT,SALE,19,2025-08-17,0,
14190,4,9,OUT,SALE,16,2025-08-18,0,
14191,4,9,OUT,SALE,19,2025-08-19,0,
14192,4,9,OUT,SALE,20,2025-08-20,0,
14193,4,9,OUT,SALE,19,2025-08-21,0,
14194,4,9,OUT,SALE,20,2025-08-22,0,
14195,4,9,OUT,SALE,20,2025-08-23,0,
14196,4,9,OUT,SALE,22,2025-08-24,0,
14197,4,9,OUT,SALE,18,2025-08-25,0,
14198,4,9,OUT,SALE,19,2025-08-26,0,
14199,4,9,OUT,SALE,20,2025-08-27,0,
14200,4,9,OUT,SALE,22,2025-08-28,0,
14201,4,9,OUT,SALE,20,2025-08-29,0,
14202,4,9,OUT,SALE,24,2025-08-30,0,
14203,4,9,OUT,SALE,22,2025-08-31,0,
14204,4,9,OUT,SALE,19,2025-09-01,0,
14205,4,9,OUT,SALE,21,2025-09-02,0,
14206,4,9,OUT,SALE,22,2025-09-03,0,
14207,4,9,OUT,SALE,21,2025-09-04,0,
14208,4,9,OUT,SALE,18,2025-09-05,0,
14209,4,9,OUT,SALE,24,2025-09-06,0,
14210,4,9,OUT,SALE,22,2025-09-07,0,
14211,4,9,OUT,SALE,17,2025-09-08,0,
14212,4,9,OUT,SALE,20,2025-09-09,0,
14213,4,9,OUT,SALE,16,2025-09-10,0,
14214,4,9,OUT,SALE,20,2025-09-11,0,
14215,4,9,OUT,SALE,22,2025-09-12,0,
14216,4,9,OUT,SALE,23,2025-09-13,0,
14217,4,9,OUT,SALE,24,2025-09-14,0,
14218,4,9,OUT,SALE,17,2025-09-15,0,
14219,4,9,OUT,SALE,19,2025-09-16,0,
14220,4,9,OUT,SALE,20,2025-09-17,0,
14221,4,9,OUT,SALE,18,2025-09-18,0,
14222,4,9,OUT,SALE,20,2025-09-19,0,
14223,4,9,OUT,SALE,22,2025-09-20,0,
14224,4,9,OUT,SALE,23,2025-09-21,0,
14225,4,9,OUT,SALE,16,2025-09-22,0,
14226,4,9,OUT,SALE,21,2025-09-23,0,
14227,4,9,OUT,SALE,19,2025-09-24,0,
14228,4,9,OUT,SALE,18,2025-09-25,0,
14229,4,9,OUT,SALE,18,2025-09-26,0,
14230,4,9,OUT,SALE,21,2025-09-27,0,
14231,4,9,OUT,SALE,19,2025-09-28,0,
14232,4,9,OUT,SALE,21,2025-09-29,0,
14233,4,9,OUT,SALE,39,2025-09-30,0,
14234,4,9,OUT,SALE,36,2025-10-01,0,
14235,4,9,OUT,SALE,38,2025-10-02,0,
14236,4,9,OUT,SALE,33,2025-10-03,0,
14237,4,9,OUT,SALE,16,2025-10-04,0,
14238,4,9,OUT,DAMAGE,131,2025-10-05,1,THEFT_SPIKE
14239,4,9,OUT,SALE,18,2025-10-06,0,
14240,4,9,OUT,SALE,20,2025-10-07,0,
14241,4,9,OUT,SALE,19,2025-10-08,0,
14242,4,9,OUT,SALE,17,2025-10-09,0,
14243,4,9,OUT,SALE,17,2025-10-10,0,
14244,4,9,OUT,SALE,22,2025-10-11,0,
14245,4,9,OUT,SALE,13,2025-10-12,0,
14246,4,9,OUT,SALE,17,2025-10-13,0,
14247,4,9,OUT,SALE,19,2025-10-14,0,
14248,4,9,OUT,SALE,17,2025-10-15,0,
14249,4,9,OUT,SALE,16,2025-10-16,0,
14250,4,9,OUT,SALE,18,2025-10-17,0,
14251,4,9,OUT,SALE,23,2025-10-18,0,
14252,4,9,OUT,SALE,21,2025-10-19,0,
14253,4,9,OUT,DAMAGE,33,2025-10-20,1,REPEATED_LOSS
14254,4,9,OUT,SALE,19,2025-10-21,0,
14255,4,9,OUT,SALE,20,2025-10-22,0,
14256,4,9,OUT,SALE,15,2025-10-23,0,
14257,4,9,OUT,SALE,23,2025-10-24,0,
14258,4,9,OUT,SALE,20,2025-10-25,0,
14259,4,9,OUT,SALE,22,2025-10-26,0,
14260,4,9,OUT,DAMAGE,42,2025-10-27,1,REPEATED_LOSS
14261,4,9,OUT,SALE,16,2025-10-28,0,
14262,4,9,OUT,SALE,16,2025-10-29,0,
14263,4,9,OUT,SALE,17,2025-10-30,0,
14264,4,9,OUT,SALE,13,2025-10-31,0,
14265,4,9,OUT,SALE,20,2025-11-01,0,
14266,4,9,OUT,SALE,14,2025-11-02,0,
14267,4,9,OUT,SALE,16,2025-11-03,0,
14268,4,9,OUT,SALE,14,2025-11-04,0,
14269,4,9,OUT,SALE,17,2025-11-05,0,
14270,4,9,OUT,SALE,12,2025-11-06,0,
14271,4,9,OUT,SALE,13,2025-11-07,0,
14272,4,9,OUT,SALE,17,2025-11-08,0,
14273,4,9,OUT,SALE,19,2025-11-09,0,
14274,4,9,OUT,SALE,16,2025-11-10,0,
14275,4,9,OUT,SALE,18,2025-11-11,0,
14276,4,9,OUT,SALE,16,2025-11-12,0,
14277,4,9,OUT,SALE,16,2025-11-13,0,
14278,4,9,OUT,SALE,14,2025-11-14,0,
14279,4,9,OUT,SALE,18,2025-11-15,0,
14280,4,9,OUT,SALE,18,2025-11-16,0,
14281,4,9,OUT,SALE,12,2025-11-17,0,
14282,4,9,OUT,SALE,14,2025-11-18,0,
14283,4,9,OUT,SALE,17,2025-11-19,0,
14284,4,9,OUT,SALE,16,2025-11-20,0,
14285,4,9,OUT,SALE,15,2025-11-21,0,
14286,4,9,OUT,SALE,17,2025-11-22,0,
14287,4,9,OUT,SALE,14,2025-11-23,0,
14288,4,9,OUT,SALE,12,2025-11-24,0,
14289,4,9,OUT,SALE,15,2025-11-25,0,
14290,4,9,OUT,SALE,19,2025-11-26,0,
14291,4,9,OUT,SALE,16,2025-11-27,0,
14292,4,9,OUT,SALE,44,2025-11-28,0,
14293,4,9,OUT,SALE,39,2025-11-29,0,
14294,4,9,OUT,DAMAGE,114,2025-11-30,1,REPEATED_LOSS
14295,4,9,OUT,SALE,14,2025-12-01,0,
14296,4,9,OUT,SALE,13,2025-12-02,0,
14297,4,9,OUT,SALE,16,2025-12-03,0,
14298,4,9,OUT,SALE,15,2025-12-04,0,
14299,4,9,OUT,SALE,12,2025-12-05,0,
14300,4,9,OUT,SALE,17,2025-12-06,0,
14301,4,9,OUT,SALE,16,2025-12-07,0,
14302,4,9,OUT,SALE,12,2025-12-08,0,
14303,4,9,OUT,SALE,13,2025-12-09,0,
14304,4,9,OUT,SALE,18,2025-12-10,0,
14305,4,9,OUT,SALE,17,2025-12-11,0,
14306,4,9,OUT,SALE,11,2025-12-12,0,
14307,4,9,OUT,SALE,17,2025-12-13,0,
14308,4,9,OUT,SALE,17,2025-12-14,0,
14309,4,9,OUT,SALE,14,2025-12-15,0,
14310,4,9,OUT,DAMAGE,33,2025-12-16,1,REPEATED_LOSS
14311,4,9,OUT,SALE,16,2025-12-17,0,
14312,4,9,OUT,SALE,16,2025-12-18,0,
14313,4,9,OUT,SALE,17,2025-12-19,0,
14314,4,9,OUT,SALE,18,2025-12-20,0,
14315,4,9,OUT,SALE,18,2025-12-21,0,
14316,4,9,OUT,SALE,14,2025-12-22,0,
14317,4,9,OUT,SALE,12,2025-12-23,0,
14318,4,9,OUT,SALE,20,2025-12-24,0,
14319,4,9,OUT,SALE,23,2025-12-25,0,
14320,4,9,OUT,SALE,25,2025-12-26,0,
14321,4,9,OUT,SALE,14,2025-12-27,0,
14322,4,9,OUT,SALE,15,2025-12-28,0,
14323,4,9,OUT,SALE,14,2025-12-29,0,
14324,4,9,OUT,SALE,16,2025-12-30,0,
14325,4,9,OUT,SALE,15,2025-12-31,0,
14326,4,10,OUT,SALE,1,2025-01-01,0,
14327,4,10,OUT,SALE,2,2025-01-02,0,
14328,4,10,OUT,SALE,1,2025-01-03,0,
14329,4,10,OUT,SALE,2,2025-01-04,0,
14330,4,10,OUT,SALE,1,2025-01-05,0,
14331,4,10,OUT,SALE,2,2025-01-06,0,
14332,4,10,OUT,SALE,1,2025-01-07,0,
14333,4,10,OUT,SALE,2,2025-01-08,0,
14334,4,10,OUT,SALE,2,2025-01-09,0,
14335,4,10,OUT,SALE,1,2025-01-10,0,
14336,4,10,OUT,SALE,2,2025-01-11,0,
14337,4,10,OUT,SALE,2,2025-01-12,0,
14338,4,10,OUT,SALE,1,2025-01-13,0,
14339,4,10,OUT,SALE,1,2025-01-14,0,
14340,4,10,OUT,SALE,1,2025-01-15,0,
14341,4,10,OUT,SALE,2,2025-01-16,0,
14342,4,10,OUT,SALE,2,2025-01-17,0,
14343,4,10,OUT,SALE,2,2025-01-18,0,
14344,4,10,OUT,SALE,2,2025-01-19,0,
14345,4,10,OUT,SALE,2,2025-01-20,0,
14346,4,10,OUT,SALE,2,2025-01-21,0,
14347,4,10,OUT,SALE,2,2025-01-22,0,
14348,4,10,OUT,SALE,2,2025-01-23,0,
14349,4,10,OUT,DAMAGE,6,2025-01-24,1,THEFT_SPIKE
14350,4,10,OUT,SALE,4,2025-01-25,0,
14351,4,10,OUT,SALE,4,2025-01-26,0,
14352,4,10,OUT,SALE,3,2025-01-27,0,
14353,4,10,OUT,SALE,3,2025-01-28,0,
14354,4,10,OUT,SALE,2,2025-01-29,0,
14355,4,10,OUT,SALE,2,2025-01-30,0,
14356,4,10,OUT,SALE,2,2025-01-31,0,
14357,4,10,OUT,SALE,2,2025-02-01,0,
14358,4,10,OUT,SALE,2,2025-02-02,0,
14359,4,10,OUT,SALE,1,2025-02-03,0,
14360,4,10,OUT,SALE,1,2025-02-04,0,
14361,4,10,OUT,SALE,1,2025-02-05,0,
14362,4,10,OUT,SALE,2,2025-02-06,0,
14363,4,10,OUT,SALE,1,2025-02-07,0,
14364,4,10,OUT,SALE,2,2025-02-08,0,
14365,4,10,OUT,SALE,2,2025-02-09,0,
14366,4,10,OUT,SALE,2,2025-02-10,0,
14367,4,10,OUT,SALE,2,2025-02-11,0,
14368,4,10,OUT,SALE,9999,2025-02-12,1,DATA_ERROR
14369,4,10,OUT,SALE,2,2025-02-13,0,
14370,4,10,OUT,SALE,2,2025-02-14,0,
14371,4,10,OUT,SALE,2,2025-02-15,0,
14372,4,10,OUT,SALE,2,2025-02-16,0,
14373,4,10,OUT,SALE,2,2025-02-17,0,
14374,4,10,OUT,SALE,2,2025-02-18,0,
14375,4,10,OUT,SALE,2,2025-02-19,0,
14376,4,10,OUT,SALE,2,2025-02-20,0,
14377,4,10,OUT,SALE,2,2025-02-21,0,
14378,4,10,OUT,SALE,2,2025-02-22,0,
14379,4,10,OUT,SALE,2,2025-02-23,0,
14380,4,10,OUT,SALE,1,2025-02-24,0,
14381,4,10,OUT,SALE,1,2025-02-25,0,
14382,4,10,OUT,SALE,1,2025-02-26,0,
14383,4,10,OUT,SALE,2,2025-02-27,0,
14384,4,10,OUT,SALE,2,2025-02-28,0,
14385,4,10,OUT,SALE,2,2025-03-01,0,
14386,4,10,OUT,SALE,2,2025-03-02,0,
14387,4,10,OUT,DAMAGE,15,2025-03-03,1,OFF_HOURS_BULK
14388,4,10,OUT,SALE,2,2025-03-04,0,
14389,4,10,OUT,SALE,2,2025-03-05,0,
14390,4,10,OUT,SALE,2,2025-03-06,0,
14391,4,10,OUT,SALE,2,2025-03-07,0,
14392,4,10,OUT,SALE,2,2025-03-08,0,
14393,4,10,OUT,SALE,2,2025-03-09,0,
14394,4,10,OUT,SALE,2,2025-03-10,0,
14395,4,10,OUT,SALE,2,2025-03-11,0,
14396,4,10,OUT,SALE,2,2025-03-12,0,
14397,4,10,OUT,SALE,2,2025-03-13,0,
14398,4,10,OUT,SALE,2,2025-03-14,0,
14399,4,10,OUT,SALE,3,2025-03-15,0,
14400,4,10,OUT,SALE,3,2025-03-16,0,
14401,4,10,OUT,SALE,3,2025-03-17,0,
14402,4,10,OUT,SALE,3,2025-03-18,0,
14403,4,10,OUT,SALE,2,2025-03-19,0,
14404,4,10,OUT,SALE,2,2025-03-20,0,
14405,4,10,OUT,SALE,2,2025-03-21,0,
14406,4,10,OUT,SALE,2,2025-03-22,0,
14407,4,10,OUT,SALE,2,2025-03-23,0,
14408,4,10,OUT,SALE,2,2025-03-24,0,
14409,4,10,OUT,SALE,2,2025-03-25,0,
14410,4,10,OUT,SALE,2,2025-03-26,0,
14411,4,10,OUT,SALE,2,2025-03-27,0,
14412,4,10,OUT,SALE,2,2025-03-28,0,
14413,4,10,OUT,SALE,2,2025-03-29,0,
14414,4,10,OUT,SALE,2,2025-03-30,0,
14415,4,10,OUT,SALE,1,2025-03-31,0,
14416,4,10,OUT,SALE,2,2025-04-01,0,
14417,4,10,OUT,SALE,2,2025-04-02,0,
14418,4,10,OUT,SALE,2,2025-04-03,0,
14419,4,10,OUT,SALE,2,2025-04-04,0,
14420,4,10,OUT,SALE,2,2025-04-05,0,
14421,4,10,OUT,SALE,2,2025-04-06,0,
14422,4,10,OUT,SALE,2,2025-04-07,0,
14423,4,10,OUT,SALE,2,2025-04-08,0,
14424,4,10,OUT,SALE,2,2025-04-09,0,
14425,4,10,OUT,SALE,2,2025-04-10,0,
14426,4,10,OUT,SALE,2,2025-04-11,0,
14427,4,10,OUT,SALE,2,2025-04-12,0,
14428,4,10,OUT,SALE,2,2025-04-13,0,
14429,4,10,OUT,SALE,2,2025-04-14,0,
14430,4,10,OUT,DAMAGE,5,2025-04-15,1,REPEATED_LOSS
14431,4,10,OUT,SALE,2,2025-04-16,0,
14432,4,10,OUT,SALE,2,2025-04-17,0,
14433,4,10,OUT,SALE,1,2025-04-18,0,
14434,4,10,OUT,SALE,2,2025-04-19,0,
14435,4,10,OUT,SALE,2,2025-04-20,0,
14436,4,10,OUT,SALE,2,2025-04-21,0,
14437,4,10,OUT,SALE,2,2025-04-22,0,
14438,4,10,OUT,SALE,2,2025-04-23,0,
14439,4,10,OUT,SALE,2,2025-04-24,0,
14440,4,10,OUT,SALE,2,2025-04-25,0,
14441,4,10,OUT,SALE,2,2025-04-26,0,
14442,4,10,OUT,SALE,3,2025-04-27,0,
14443,4,10,OUT,SALE,1,2025-04-28,0,
14444,4,10,OUT,DAMAGE,16,2025-04-29,1,THEFT_SPIKE
14445,4,10,OUT,SALE,2,2025-04-30,0,
14446,4,10,OUT,SALE,2,2025-05-01,0,
14447,4,10,OUT,SALE,2,2025-05-02,0,
14448,4,10,OUT,SALE,2,2025-05-03,0,
14449,4,10,OUT,SALE,2,2025-05-04,0,
14450,4,10,OUT,SALE,2,2025-05-05,0,
14451,4,10,OUT,SALE,2,2025-05-06,0,
14452,4,10,OUT,SALE,2,2025-05-07,0,
14453,4,10,OUT,SALE,2,2025-05-08,0,
14454,4,10,OUT,SALE,2,2025-05-09,0,
14455,4,10,OUT,SALE,2,2025-05-10,0,
14456,4,10,OUT,SALE,3,2025-05-11,0,
14457,4,10,OUT,SALE,2,2025-05-12,0,
14458,4,10,OUT,SALE,2,2025-05-13,0,
14459,4,10,OUT,SALE,2,2025-05-14,0,
14460,4,10,OUT,SALE,2,2025-05-15,0,
14461,4,10,OUT,SALE,2,2025-05-16,0,
14462,4,10,OUT,SALE,2,2025-05-17,0,
14463,4,10,OUT,SALE,2,2025-05-18,0,
14464,4,10,OUT,SALE,2,2025-05-19,0,
14465,4,10,OUT,SALE,2,2025-05-20,0,
14466,4,10,OUT,SALE,2,2025-05-21,0,
14467,4,10,OUT,SALE,2,2025-05-22,0,
14468,4,10,OUT,SALE,2,2025-05-23,0,
14469,4,10,OUT,SALE,2,2025-05-24,0,
14470,4,10,OUT,SALE,3,2025-05-25,0,
14471,4,10,OUT,SALE,2,2025-05-26,0,
14472,4,10,OUT,SALE,2,2025-05-27,0,
14473,4,10,OUT,SALE,2,2025-05-28,0,
14474,4,10,OUT,SALE,2,2025-05-29,0,
14475,4,10,OUT,SALE,2,2025-05-30,0,
14476,4,10,OUT,SALE,2,2025-05-31,0,
14477,4,10,OUT,SALE,3,2025-06-01,0,
14478,4,10,OUT,SALE,2,2025-06-02,0,
14479,4,10,OUT,SALE,2,2025-06-03,0,
14480,4,10,OUT,SALE,2,2025-06-04,0,
14481,4,10,OUT,SALE,2,2025-06-05,0,
14482,4,10,OUT,SALE,2,2025-06-06,0,
14483,4,10,OUT,SALE,1,2025-06-07,0,
14484,4,10,OUT,SALE,2,2025-06-08,0,
14485,4,10,OUT,SALE,2,2025-06-09,0,
14486,4,10,OUT,SALE,2,2025-06-10,0,
14487,4,10,OUT,SALE,2,2025-06-11,0,
14488,4,10,OUT,SALE,2,2025-06-12,0,
14489,4,10,OUT,SALE,2,2025-06-13,0,
14490,4,10,OUT,SALE,2,2025-06-14,0,
14491,4,10,OUT,SALE,3,2025-06-15,0,
14492,4,10,OUT,SALE,2,2025-06-16,0,
14493,4,10,OUT,SALE,2,2025-06-17,0,
14494,4,10,OUT,SALE,2,2025-06-18,0,
14495,4,10,OUT,SALE,2,2025-06-19,0,
14496,4,10,OUT,SALE,2,2025-06-20,0,
14497,4,10,OUT,SALE,2,2025-06-21,0,
14498,4,10,OUT,SALE,2,2025-06-22,0,
14499,4,10,OUT,DAMAGE,11,2025-06-23,1,THEFT_SPIKE
14500,4,10,OUT,SALE,2,2025-06-24,0,
14501,4,10,OUT,SALE,2,2025-06-25,0,
14502,4,10,OUT,SALE,2,2025-06-26,0,
14503,4,10,OUT,SALE,2,2025-06-27,0,
14504,4,10,OUT,SALE,2,2025-06-28,0,
14505,4,10,OUT,SALE,2,2025-06-29,0,
14506,4,10,OUT,SALE,2,2025-06-30,0,
14507,4,10,OUT,SALE,2,2025-07-01,0,
14508,4,10,OUT,SALE,2,2025-07-02,0,
14509,4,10,OUT,SALE,2,2025-07-03,0,
14510,4,10,OUT,SALE,2,2025-07-04,0,
14511,4,10,OUT,SALE,2,2025-07-05,0,
14512,4,10,OUT,SALE,2,2025-07-06,0,
14513,4,10,OUT,SALE,2,2025-07-07,0,
14514,4,10,OUT,SALE,2,2025-07-08,0,
14515,4,10,OUT,SALE,2,2025-07-09,0,
14516,4,10,OUT,SALE,2,2025-07-10,0,
14517,4,10,OUT,SALE,2,2025-07-11,0,
14518,4,10,OUT,SALE,3,2025-07-12,0,
14519,4,10,OUT,SALE,2,2025-07-13,0,
14520,4,10,OUT,SALE,1,2025-07-14,0,
14521,4,10,OUT,SALE,2,2025-07-15,0,
14522,4,10,OUT,SALE,2,2025-07-16,0,
14523,4,10,OUT,SALE,3,2025-07-17,0,
14524,4,10,OUT,SALE,2,2025-07-18,0,
14525,4,10,OUT,SALE,3,2025-07-19,0,
14526,4,10,OUT,SALE,6,2025-07-20,0,
14527,4,10,OUT,SALE,4,2025-07-21,0,
14528,4,10,OUT,SALE,4,2025-07-22,0,
14529,4,10,OUT,SALE,5,2025-07-23,0,
14530,4,10,OUT,SALE,3,2025-07-24,0,
14531,4,10,OUT,SALE,5,2025-07-25,0,
14532,4,10,OUT,SALE,2,2025-07-26,0,
14533,4,10,OUT,SALE,3,2025-07-27,0,
14534,4,10,OUT,SALE,2,2025-07-28,0,
14535,4,10,OUT,DAMAGE,10,2025-07-29,1,OFF_HOURS_BULK
14536,4,10,OUT,SALE,2,2025-07-30,0,
14537,4,10,OUT,SALE,2,2025-07-31,0,
14538,4,10,OUT,SALE,2,2025-08-01,0,
14539,4,10,OUT,SALE,2,2025-08-02,0,
14540,4,10,OUT,SALE,2,2025-08-03,0,
14541,4,10,OUT,SALE,3,2025-08-04,0,
14542,4,10,OUT,SALE,2,2025-08-05,0,
14543,4,10,OUT,SALE,2,2025-08-06,0,
14544,4,10,OUT,SALE,2,2025-08-07,0,
14545,4,10,OUT,SALE,2,2025-08-08,0,
14546,4,10,OUT,SALE,2,2025-08-09,0,
14547,4,10,OUT,SALE,2,2025-08-10,0,
14548,4,10,OUT,SALE,2,2025-08-11,0,
14549,4,10,OUT,SALE,2,2025-08-12,0,
14550,4,10,OUT,SALE,2,2025-08-13,0,
14551,4,10,OUT,SALE,2,2025-08-14,0,
14552,4,10,OUT,SALE,2,2025-08-15,0,
14553,4,10,OUT,SALE,2,2025-08-16,0,
14554,4,10,OUT,SALE,2,2025-08-17,0,
14555,4,10,OUT,SALE,2,2025-08-18,0,
14556,4,10,OUT,SALE,2,2025-08-19,0,
14557,4,10,OUT,SALE,2,2025-08-20,0,
14558,4,10,OUT,SALE,2,2025-08-21,0,
14559,4,10,OUT,SALE,2,2025-08-22,0,
14560,4,10,OUT,SALE,3,2025-08-23,0,
14561,4,10,OUT,SALE,2,2025-08-24,0,
14562,4,10,OUT,SALE,2,2025-08-25,0,
14563,4,10,OUT,SALE,2,2025-08-26,0,
14564,4,10,OUT,SALE,3,2025-08-27,0,
14565,4,10,OUT,SALE,2,2025-08-28,0,
14566,4,10,OUT,SALE,2,2025-08-29,0,
14567,4,10,OUT,SALE,2,2025-08-30,0,
14568,4,10,OUT,SALE,3,2025-08-31,0,
14569,4,10,OUT,SALE,2,2025-09-01,0,
14570,4,10,OUT,SALE,2,2025-09-02,0,
14571,4,10,OUT,SALE,2,2025-09-03,0,
14572,4,10,OUT,SALE,2,2025-09-04,0,
14573,4,10,OUT,SALE,2,2025-09-05,0,
14574,4,10,OUT,SALE,2,2025-09-06,0,
14575,4,10,OUT,SALE,2,2025-09-07,0,
14576,4,10,OUT,SALE,2,2025-09-08,0,
14577,4,10,OUT,SALE,2,2025-09-09,0,
14578,4,10,OUT,SALE,2,2025-09-10,0,
14579,4,10,OUT,SALE,2,2025-09-11,0,
14580,4,10,OUT,SALE,2,2025-09-12,0,
14581,4,10,OUT,SALE,2,2025-09-13,0,
14582,4,10,OUT,SALE,3,2025-09-14,0,
14583,4,10,OUT,SALE,2,2025-09-15,0,
14584,4,10,OUT,SALE,2,2025-09-16,0,
14585,4,10,OUT,SALE,2,2025-09-17,0,
14586,4,10,OUT,SALE,2,2025-09-18,0,
14587,4,10,OUT,SALE,2,2025-09-19,0,
14588,4,10,OUT,SALE,2,2025-09-20,0,
14589,4,10,OUT,SALE,3,2025-09-21,0,
14590,4,10,OUT,SALE,2,2025-09-22,0,
14591,4,10,OUT,SALE,2,2025-09-23,0,
14592,4,10,OUT,SALE,2,2025-09-24,0,
14593,4,10,OUT,SALE,2,2025-09-25,0,
14594,4,10,OUT,SALE,2,2025-09-26,0,
14595,4,10,OUT,SALE,2,2025-09-27,0,
14596,4,10,OUT,SALE,2,2025-09-28,0,
14597,4,10,OUT,SALE,1,2025-09-29,0,
14598,4,10,OUT,SALE,4,2025-09-30,0,
14599,4,10,OUT,SALE,3,2025-10-01,0,
14600,4,10,OUT,SALE,4,2025-10-02,0,
14601,4,10,OUT,SALE,4,2025-10-03,0,
14602,4,10,OUT,SALE,2,2025-10-04,0,
14603,4,10,OUT,SALE,2,2025-10-05,0,
14604,4,10,OUT,SALE,2,2025-10-06,0,
14605,4,10,OUT,SALE,2,2025-10-07,0,
14606,4,10,OUT,SALE,1,2025-10-08,0,
14607,4,10,OUT,SALE,2,2025-10-09,0,
14608,4,10,OUT,SALE,2,2025-10-10,0,
14609,4,10,OUT,SALE,2,2025-10-11,0,
14610,4,10,OUT,SALE,2,2025-10-12,0,
14611,4,10,OUT,SALE,2,2025-10-13,0,
14612,4,10,OUT,SALE,2,2025-10-14,0,
14613,4,10,OUT,SALE,2,2025-10-15,0,
14614,4,10,OUT,SALE,2,2025-10-16,0,
14615,4,10,OUT,SALE,2,2025-10-17,0,
14616,4,10,OUT,SALE,2,2025-10-18,0,
14617,4,10,OUT,SALE,2,2025-10-19,0,
14618,4,10,OUT,SALE,2,2025-10-20,0,
14619,4,10,OUT,SALE,2,2025-10-21,0,
14620,4,10,OUT,SALE,2,2025-10-22,0,
14621,4,10,OUT,SALE,2,2025-10-23,0,
14622,4,10,OUT,SALE,2,2025-10-24,0,
14623,4,10,OUT,SALE,3,2025-10-25,0,
14624,4,10,OUT,SALE,2,2025-10-26,0,
14625,4,10,OUT,SALE,2,2025-10-27,0,
14626,4,10,OUT,SALE,2,2025-10-28,0,
14627,4,10,OUT,SALE,2,2025-10-29,0,
14628,4,10,OUT,SALE,2,2025-10-30,0,
14629,4,10,OUT,SALE,1,2025-10-31,0,
14630,4,10,OUT,SALE,2,2025-11-01,0,
14631,4,10,OUT,SALE,2,2025-11-02,0,
14632,4,10,OUT,SALE,2,2025-11-03,0,
14633,4,10,OUT,SALE,2,2025-11-04,0,
14634,4,10,OUT,SALE,1,2025-11-05,0,
14635,4,10,OUT,SALE,2,2025-11-06,0,
14636,4,10,OUT,SALE,2,2025-11-07,0,
14637,4,10,OUT,SALE,2,2025-11-08,0,
14638,4,10,OUT,SALE,2,2025-11-09,0,
14639,4,10,OUT,SALE,2,2025-11-10,0,
14640,4,10,OUT,SALE,2,2025-11-11,0,
14641,4,10,OUT,SALE,2,2025-11-12,0,
14642,4,10,OUT,SALE,2,2025-11-13,0,
14643,4,10,OUT,SALE,2,2025-11-14,0,
14644,4,10,OUT,SALE,2,2025-11-15,0,
14645,4,10,OUT,SALE,2,2025-11-16,0,
14646,4,10,OUT,SALE,2,2025-11-17,0,
14647,4,10,OUT,SALE,2,2025-11-18,0,
14648,4,10,OUT,SALE,2,2025-11-19,0,
14649,4,10,OUT,SALE,1,2025-11-20,0,
14650,4,10,OUT,SALE,2,2025-11-21,0,
14651,4,10,OUT,SALE,2,2025-11-22,0,
14652,4,10,OUT,SALE,2,2025-11-23,0,
14653,4,10,OUT,SALE,2,2025-11-24,0,
14654,4,10,OUT,SALE,2,2025-11-25,0,
14655,4,10,OUT,SALE,2,2025-11-26,0,
14656,4,10,OUT,SALE,2,2025-11-27,0,
14657,4,10,OUT,SALE,4,2025-11-28,0,
14658,4,10,OUT,SALE,5,2025-11-29,0,
14659,4,10,OUT,SALE,4,2025-11-30,0,
14660,4,10,OUT,SALE,2,2025-12-01,0,
14661,4,10,OUT,SALE,2,2025-12-02,0,
14662,4,10,OUT,SALE,2,2025-12-03,0,
14663,4,10,OUT,SALE,2,2025-12-04,0,
14664,4,10,OUT,SALE,2,2025-12-05,0,
14665,4,10,OUT,SALE,2,2025-12-06,0,
14666,4,10,OUT,SALE,2,2025-12-07,0,
14667,4,10,OUT,SALE,2,2025-12-08,0,
14668,4,10,OUT,SALE,1,2025-12-09,0,
14669,4,10,OUT,SALE,2,2025-12-10,0,
14670,4,10,OUT,SALE,2,2025-12-11,0,
14671,4,10,OUT,DAMAGE,9,2025-12-12,1,OFF_HOURS_BULK
14672,4,10,OUT,SALE,2,2025-12-13,0,
14673,4,10,OUT,SALE,2,2025-12-14,0,
14674,4,10,OUT,SALE,2,2025-12-15,0,
14675,4,10,OUT,SALE,1,2025-12-16,0,
14676,4,10,OUT,SALE,2,2025-12-17,0,
14677,4,10,OUT,SALE,2,2025-12-18,0,
14678,4,10,OUT,SALE,2,2025-12-19,0,
14679,4,10,OUT,SALE,2,2025-12-20,0,
14680,4,10,OUT,SALE,2,2025-12-21,0,
14681,4,10,OUT,SALE,1,2025-12-22,0,
14682,4,10,OUT,SALE,2,2025-12-23,0,
14683,4,10,OUT,SALE,3,2025-12-24,0,
14684,4,10,OUT,SALE,3,2025-12-25,0,
14685,4,10,OUT,SALE,3,2025-12-26,0,
14686,4,10,OUT,SALE,2,2025-12-27,0,
14687,4,10,OUT,SALE,1,2025-12-28,0,
14688,4,10,OUT,SALE,2,2025-12-29,0,
14689,4,10,OUT,SALE,2,2025-12-30,0,
14690,4,10,OUT,SALE,1,2025-12-31,0,
14691,4,11,OUT,SALE,11,2025-01-01,0,
14692,4,11,OUT,SALE,6,2025-01-02,0,
14693,4,11,OUT,SALE,10,2025-01-03,0,
14694,4,11,OUT,SALE,12,2025-01-04,0,
14695,4,11,OUT,SALE,10,2025-01-05,0,
14696,4,11,OUT,SALE,10,2025-01-06,0,
14697,4,11,OUT,SALE,9,2025-01-07,0,
14698,4,11,OUT,SALE,11,2025-01-08,0,
14699,4,11,OUT,SALE,13,2025-01-09,0,
14700,4,11,OUT,SALE,10,2025-01-10,0,
14701,4,11,OUT,SALE,12,2025-01-11,0,
14702,4,11,OUT,SALE,10,2025-01-12,0,
14703,4,11,OUT,SALE,10,2025-01-13,0,
14704,4,11,OUT,SALE,9,2025-01-14,0,
14705,4,11,OUT,SALE,10,2025-01-15,0,
14706,4,11,OUT,SALE,8,2025-01-16,0,
14707,4,11,OUT,SALE,8,2025-01-17,0,
14708,4,11,OUT,SALE,12,2025-01-18,0,
14709,4,11,OUT,SALE,11,2025-01-19,0,
14710,4,11,OUT,SALE,11,2025-01-20,0,
14711,4,11,OUT,SALE,10,2025-01-21,0,
14712,4,11,OUT,SALE,10,2025-01-22,0,
14713,4,11,OUT,SALE,9,2025-01-23,0,
14714,4,11,OUT,SALE,9,2025-01-24,0,
14715,4,11,OUT,SALE,22,2025-01-25,0,
14716,4,11,OUT,SALE,19,2025-01-26,0,
14717,4,11,OUT,SALE,19,2025-01-27,0,
14718,4,11,OUT,SALE,17,2025-01-28,0,
14719,4,11,OUT,SALE,8,2025-01-29,0,
14720,4,11,OUT,SALE,8,2025-01-30,0,
14721,4,11,OUT,SALE,9,2025-01-31,0,
14722,4,11,OUT,SALE,15,2025-02-01,0,
14723,4,11,OUT,SALE,12,2025-02-02,0,
14724,4,11,OUT,SALE,13,2025-02-03,0,
14725,4,11,OUT,SALE,12,2025-02-04,0,
14726,4,11,OUT,SALE,13,2025-02-05,0,
14727,4,11,OUT,SALE,11,2025-02-06,0,
14728,4,11,OUT,SALE,12,2025-02-07,0,
14729,4,11,OUT,SALE,15,2025-02-08,0,
14730,4,11,OUT,SALE,14,2025-02-09,0,
14731,4,11,OUT,SALE,11,2025-02-10,0,
14732,4,11,OUT,SALE,9,2025-02-11,0,
14733,4,11,OUT,SALE,13,2025-02-12,0,
14734,4,11,OUT,SALE,11,2025-02-13,0,
14735,4,11,OUT,SALE,11,2025-02-14,0,
14736,4,11,OUT,SALE,12,2025-02-15,0,
14737,4,11,OUT,SALE,13,2025-02-16,0,
14738,4,11,OUT,SALE,15,2025-02-17,0,
14739,4,11,OUT,SALE,12,2025-02-18,0,
14740,4,11,OUT,SALE,11,2025-02-19,0,
14741,4,11,OUT,SALE,11,2025-02-20,0,
14742,4,11,OUT,SALE,10,2025-02-21,0,
14743,4,11,OUT,SALE,12,2025-02-22,0,
14744,4,11,OUT,SALE,11,2025-02-23,0,
14745,4,11,OUT,SALE,12,2025-02-24,0,
14746,4,11,OUT,SALE,12,2025-02-25,0,
14747,4,11,OUT,SALE,12,2025-02-26,0,
14748,4,11,OUT,SALE,12,2025-02-27,0,
14749,4,11,OUT,SALE,11,2025-02-28,0,
14750,4,11,OUT,SALE,13,2025-03-01,0,
14751,4,11,OUT,SALE,13,2025-03-02,0,
14752,4,11,OUT,SALE,12,2025-03-03,0,
14753,4,11,OUT,SALE,14,2025-03-04,0,
14754,4,11,OUT,SALE,17,2025-03-05,0,
14755,4,11,OUT,SALE,12,2025-03-06,0,
14756,4,11,OUT,SALE,13,2025-03-07,0,
14757,4,11,OUT,SALE,16,2025-03-08,0,
14758,4,11,OUT,SALE,15,2025-03-09,0,
14759,4,11,OUT,DAMAGE,32,2025-03-10,1,REPEATED_LOSS
14760,4,11,OUT,SALE,13,2025-03-11,0,
14761,4,11,OUT,SALE,12,2025-03-12,0,
14762,4,11,OUT,SALE,13,2025-03-13,0,
14763,4,11,OUT,SALE,14,2025-03-14,0,
14764,4,11,OUT,SALE,9999,2025-03-15,1,DATA_ERROR
14765,4,11,OUT,SALE,26,2025-03-16,0,
14766,4,11,OUT,SALE,21,2025-03-17,0,
14767,4,11,OUT,SALE,24,2025-03-18,0,
14768,4,11,OUT,SALE,15,2025-03-19,0,
14769,4,11,OUT,SALE,13,2025-03-20,0,
14770,4,11,OUT,SALE,13,2025-03-21,0,
14771,4,11,OUT,SALE,15,2025-03-22,0,
14772,4,11,OUT,SALE,17,2025-03-23,0,
14773,4,11,OUT,SALE,14,2025-03-24,0,
14774,4,11,OUT,SALE,11,2025-03-25,0,
14775,4,11,OUT,SALE,14,2025-03-26,0,
14776,4,11,OUT,SALE,16,2025-03-27,0,
14777,4,11,OUT,SALE,16,2025-03-28,0,
14778,4,11,OUT,SALE,15,2025-03-29,0,
14779,4,11,OUT,SALE,14,2025-03-30,0,
14780,4,11,OUT,SALE,17,2025-03-31,0,
14781,4,11,OUT,SALE,17,2025-04-01,0,
14782,4,11,OUT,SALE,15,2025-04-02,0,
14783,4,11,OUT,SALE,11,2025-04-03,0,
14784,4,11,OUT,SALE,13,2025-04-04,0,
14785,4,11,OUT,SALE,14,2025-04-05,0,
14786,4,11,OUT,SALE,20,2025-04-06,0,
14787,4,11,OUT,SALE,12,2025-04-07,0,
14788,4,11,OUT,SALE,17,2025-04-08,0,
14789,4,11,OUT,SALE,14,2025-04-09,0,
14790,4,11,OUT,SALE,12,2025-04-10,0,
14791,4,11,OUT,SALE,16,2025-04-11,0,
14792,4,11,OUT,SALE,17,2025-04-12,0,
14793,4,11,OUT,SALE,14,2025-04-13,0,
14794,4,11,OUT,SALE,14,2025-04-14,0,
14795,4,11,OUT,SALE,16,2025-04-15,0,
14796,4,11,OUT,SALE,13,2025-04-16,0,
14797,4,11,OUT,SALE,17,2025-04-17,0,
14798,4,11,OUT,SALE,13,2025-04-18,0,
14799,4,11,OUT,DAMAGE,77,2025-04-19,1,OFF_HOURS_BULK
14800,4,11,OUT,SALE,16,2025-04-20,0,
14801,4,11,OUT,SALE,12,2025-04-21,0,
14802,4,11,OUT,SALE,14,2025-04-22,0,
14803,4,11,OUT,SALE,14,2025-04-23,0,
14804,4,11,OUT,SALE,13,2025-04-24,0,
14805,4,11,OUT,DAMAGE,121,2025-04-25,1,OFF_HOURS_BULK
14806,4,11,OUT,DAMAGE,116,2025-04-26,1,OFF_HOURS_BULK
14807,4,11,OUT,SALE,18,2025-04-27,0,
14808,4,11,OUT,SALE,16,2025-04-28,0,
14809,4,11,OUT,DAMAGE,96,2025-04-29,1,THEFT_SPIKE
14810,4,11,OUT,SALE,12,2025-04-30,0,
14811,4,11,OUT,SALE,11,2025-05-01,0,
14812,4,11,OUT,SALE,16,2025-05-02,0,
14813,4,11,OUT,SALE,17,2025-05-03,0,
14814,4,11,OUT,SALE,16,2025-05-04,0,
14815,4,11,OUT,SALE,13,2025-05-05,0,
14816,4,11,OUT,SALE,13,2025-05-06,0,
14817,4,11,OUT,SALE,15,2025-05-07,0,
14818,4,11,OUT,SALE,11,2025-05-08,0,
14819,4,11,OUT,SALE,14,2025-05-09,0,
14820,4,11,OUT,SALE,17,2025-05-10,0,
14821,4,11,OUT,SALE,17,2025-05-11,0,
14822,4,11,OUT,SALE,13,2025-05-12,0,
14823,4,11,OUT,SALE,13,2025-05-13,0,
14824,4,11,OUT,SALE,16,2025-05-14,0,
14825,4,11,OUT,SALE,14,2025-05-15,0,
14826,4,11,OUT,SALE,16,2025-05-16,0,
14827,4,11,OUT,SALE,12,2025-05-17,0,
14828,4,11,OUT,SALE,17,2025-05-18,0,
14829,4,11,OUT,SALE,12,2025-05-19,0,
14830,4,11,OUT,SALE,13,2025-05-20,0,
14831,4,11,OUT,SALE,16,2025-05-21,0,
14832,4,11,OUT,SALE,12,2025-05-22,0,
14833,4,11,OUT,SALE,17,2025-05-23,0,
14834,4,11,OUT,SALE,18,2025-05-24,0,
14835,4,11,OUT,SALE,17,2025-05-25,0,
14836,4,11,OUT,SALE,12,2025-05-26,0,
14837,4,11,OUT,SALE,13,2025-05-27,0,
14838,4,11,OUT,SALE,13,2025-05-28,0,
14839,4,11,OUT,SALE,11,2025-05-29,0,
14840,4,11,OUT,SALE,15,2025-05-30,0,
14841,4,11,OUT,SALE,15,2025-05-31,0,
14842,4,11,OUT,SALE,13,2025-06-01,0,
14843,4,11,OUT,SALE,12,2025-06-02,0,
14844,4,11,OUT,SALE,11,2025-06-03,0,
14845,4,11,OUT,SALE,13,2025-06-04,0,
14846,4,11,OUT,SALE,11,2025-06-05,0,
14847,4,11,OUT,SALE,13,2025-06-06,0,
14848,4,11,OUT,SALE,13,2025-06-07,0,
14849,4,11,OUT,SALE,13,2025-06-08,0,
14850,4,11,OUT,SALE,10,2025-06-09,0,
14851,4,11,OUT,SALE,13,2025-06-10,0,
14852,4,11,OUT,SALE,14,2025-06-11,0,
14853,4,11,OUT,SALE,13,2025-06-12,0,
14854,4,11,OUT,SALE,12,2025-06-13,0,
14855,4,11,OUT,SALE,13,2025-06-14,0,
14856,4,11,OUT,SALE,11,2025-06-15,0,
14857,4,11,OUT,SALE,10,2025-06-16,0,
14858,4,11,OUT,SALE,13,2025-06-17,0,
14859,4,11,OUT,SALE,12,2025-06-18,0,
14860,4,11,OUT,SALE,10,2025-06-19,0,
14861,4,11,OUT,SALE,10,2025-06-20,0,
14862,4,11,OUT,SALE,15,2025-06-21,0,
14863,4,11,OUT,SALE,15,2025-06-22,0,
14864,4,11,OUT,SALE,10,2025-06-23,0,
14865,4,11,OUT,SALE,12,2025-06-24,0,
14866,4,11,OUT,SALE,12,2025-06-25,0,
14867,4,11,OUT,SALE,11,2025-06-26,0,
14868,4,11,OUT,SALE,14,2025-06-27,0,
14869,4,11,OUT,SALE,13,2025-06-28,0,
14870,4,11,OUT,SALE,11,2025-06-29,0,
14871,4,11,OUT,SALE,11,2025-06-30,0,
14872,4,11,OUT,SALE,11,2025-07-01,0,
14873,4,11,OUT,SALE,9,2025-07-02,0,
14874,4,11,OUT,SALE,8,2025-07-03,0,
14875,4,11,OUT,SALE,10,2025-07-04,0,
14876,4,11,OUT,SALE,11,2025-07-05,0,
14877,4,11,OUT,SALE,11,2025-07-06,0,
14878,4,11,OUT,SALE,10,2025-07-07,0,
14879,4,11,OUT,SALE,9,2025-07-08,0,
14880,4,11,OUT,SALE,9,2025-07-09,0,
14881,4,11,OUT,SALE,10,2025-07-10,0,
14882,4,11,OUT,SALE,8,2025-07-11,0,
14883,4,11,OUT,SALE,13,2025-07-12,0,
14884,4,11,OUT,SALE,12,2025-07-13,0,
14885,4,11,OUT,SALE,8,2025-07-14,0,
14886,4,11,OUT,SALE,11,2025-07-15,0,
14887,4,11,OUT,SALE,10,2025-07-16,0,
14888,4,11,OUT,SALE,11,2025-07-17,0,
14889,4,11,OUT,SALE,10,2025-07-18,0,
14890,4,11,OUT,SALE,11,2025-07-19,0,
14891,4,11,OUT,SALE,23,2025-07-20,0,
14892,4,11,OUT,SALE,15,2025-07-21,0,
14893,4,11,OUT,SALE,23,2025-07-22,0,
14894,4,11,OUT,SALE,19,2025-07-23,0,
14895,4,11,OUT,SALE,23,2025-07-24,0,
14896,4,11,OUT,SALE,25,2025-07-25,0,
14897,4,11,OUT,SALE,10,2025-07-26,0,
14898,4,11,OUT,SALE,10,2025-07-27,0,
14899,4,11,OUT,SALE,11,2025-07-28,0,
14900,4,11,OUT,SALE,9,2025-07-29,0,
14901,4,11,OUT,SALE,11,2025-07-30,0,
14902,4,11,OUT,SALE,9,2025-07-31,0,
14903,4,11,OUT,SALE,8,2025-08-01,0,
14904,4,11,OUT,SALE,8,2025-08-02,0,
14905,4,11,OUT,SALE,8,2025-08-03,0,
14906,4,11,OUT,SALE,8,2025-08-04,0,
14907,4,11,OUT,SALE,7,2025-08-05,0,
14908,4,11,OUT,SALE,8,2025-08-06,0,
14909,4,11,OUT,SALE,6,2025-08-07,0,
14910,4,11,OUT,SALE,7,2025-08-08,0,
14911,4,11,OUT,SALE,8,2025-08-09,0,
14912,4,11,OUT,SALE,7,2025-08-10,0,
14913,4,11,OUT,SALE,8,2025-08-11,0,
14914,4,11,OUT,SALE,7,2025-08-12,0,
14915,4,11,OUT,SALE,6,2025-08-13,0,
14916,4,11,OUT,SALE,8,2025-08-14,0,
14917,4,11,OUT,SALE,6,2025-08-15,0,
14918,4,11,OUT,SALE,7,2025-08-16,0,
14919,4,11,OUT,SALE,9,2025-08-17,0,
14920,4,11,OUT,SALE,8,2025-08-18,0,
14921,4,11,OUT,SALE,7,2025-08-19,0,
14922,4,11,OUT,SALE,6,2025-08-20,0,
14923,4,11,OUT,SALE,8,2025-08-21,0,
14924,4,11,OUT,SALE,7,2025-08-22,0,
14925,4,11,OUT,SALE,9,2025-08-23,0,
14926,4,11,OUT,SALE,8,2025-08-24,0,
14927,4,11,OUT,SALE,8,2025-08-25,0,
14928,4,11,OUT,SALE,7,2025-08-26,0,
14929,4,11,OUT,SALE,6,2025-08-27,0,
14930,4,11,OUT,SALE,5,2025-08-28,0,
14931,4,11,OUT,SALE,7,2025-08-29,0,
14932,4,11,OUT,SALE,8,2025-08-30,0,
14933,4,11,OUT,SALE,8,2025-08-31,0,
14934,4,11,OUT,SALE,6,2025-09-01,0,
14935,4,11,OUT,SALE,6,2025-09-02,0,
14936,4,11,OUT,SALE,5,2025-09-03,0,
14937,4,11,OUT,SALE,5,2025-09-04,0,
14938,4,11,OUT,SALE,6,2025-09-05,0,
14939,4,11,OUT,SALE,6,2025-09-06,0,
14940,4,11,OUT,SALE,5,2025-09-07,0,
14941,4,11,OUT,SALE,5,2025-09-08,0,
14942,4,11,OUT,SALE,4,2025-09-09,0,
14943,4,11,OUT,SALE,5,2025-09-10,0,
14944,4,11,OUT,SALE,4,2025-09-11,0,
14945,4,11,OUT,SALE,6,2025-09-12,0,
14946,4,11,OUT,SALE,7,2025-09-13,0,
14947,4,11,OUT,SALE,5,2025-09-14,0,
14948,4,11,OUT,SALE,5,2025-09-15,0,
14949,4,11,OUT,SALE,6,2025-09-16,0,
14950,4,11,OUT,SALE,5,2025-09-17,0,
14951,4,11,OUT,SALE,6,2025-09-18,0,
14952,4,11,OUT,SALE,6,2025-09-19,0,
14953,4,11,OUT,SALE,6,2025-09-20,0,
14954,4,11,OUT,SALE,6,2025-09-21,0,
14955,4,11,OUT,SALE,5,2025-09-22,0,
14956,4,11,OUT,SALE,4,2025-09-23,0,
14957,4,11,OUT,SALE,6,2025-09-24,0,
14958,4,11,OUT,SALE,6,2025-09-25,0,
14959,4,11,OUT,SALE,5,2025-09-26,0,
14960,4,11,OUT,SALE,7,2025-09-27,0,
14961,4,11,OUT,SALE,6,2025-09-28,0,
14962,4,11,OUT,SALE,6,2025-09-29,0,
14963,4,11,OUT,SALE,11,2025-09-30,0,
14964,4,11,OUT,SALE,8,2025-10-01,0,
14965,4,11,OUT,SALE,10,2025-10-02,0,
14966,4,11,OUT,SALE,9,2025-10-03,0,
14967,4,11,OUT,SALE,6,2025-10-04,0,
14968,4,11,OUT,SALE,5,2025-10-05,0,
14969,4,11,OUT,SALE,5,2025-10-06,0,
14970,4,11,OUT,SALE,4,2025-10-07,0,
14971,4,11,OUT,SALE,4,2025-10-08,0,
14972,4,11,OUT,SALE,6,2025-10-09,0,
14973,4,11,OUT,SALE,5,2025-10-10,0,
14974,4,11,OUT,SALE,4,2025-10-11,0,
14975,4,11,OUT,SALE,5,2025-10-12,0,
14976,4,11,OUT,SALE,5,2025-10-13,0,
14977,4,11,OUT,SALE,4,2025-10-14,0,
14978,4,11,OUT,SALE,4,2025-10-15,0,
14979,4,11,OUT,SALE,5,2025-10-16,0,
14980,4,11,OUT,SALE,0,2025-10-17,1,DATA_ERROR
14981,4,11,OUT,SALE,5,2025-10-18,0,
14982,4,11,OUT,SALE,6,2025-10-19,0,
14983,4,11,OUT,SALE,5,2025-10-20,0,
14984,4,11,OUT,SALE,5,2025-10-21,0,
14985,4,11,OUT,SALE,3,2025-10-22,0,
14986,4,11,OUT,SALE,5,2025-10-23,0,
14987,4,11,OUT,SALE,5,2025-10-24,0,
14988,4,11,OUT,SALE,6,2025-10-25,0,
14989,4,11,OUT,SALE,5,2025-10-26,0,
14990,4,11,OUT,SALE,4,2025-10-27,0,
14991,4,11,OUT,SALE,5,2025-10-28,0,
14992,4,11,OUT,SALE,6,2025-10-29,0,
14993,4,11,OUT,SALE,4,2025-10-30,0,
14994,4,11,OUT,SALE,5,2025-10-31,0,
14995,4,11,OUT,SALE,7,2025-11-01,0,
14996,4,11,OUT,SALE,7,2025-11-02,0,
14997,4,11,OUT,SALE,6,2025-11-03,0,
14998,4,11,OUT,SALE,5,2025-11-04,0,
14999,4,11,OUT,SALE,6,2025-11-05,0,
15000,4,11,OUT,SALE,5,2025-11-06,0,
15001,4,11,OUT,SALE,5,2025-11-07,0,
15002,4,11,OUT,SALE,6,2025-11-08,0,
15003,4,11,OUT,SALE,6,2025-11-09,0,
15004,4,11,OUT,SALE,4,2025-11-10,0,
15005,4,11,OUT,SALE,4,2025-11-11,0,
15006,4,11,OUT,SALE,6,2025-11-12,0,
15007,4,11,OUT,SALE,4,2025-11-13,0,
15008,4,11,OUT,SALE,5,2025-11-14,0,
15009,4,11,OUT,SALE,5,2025-11-15,0,
15010,4,11,OUT,SALE,6,2025-11-16,0,
15011,4,11,OUT,SALE,6,2025-11-17,0,
15012,4,11,OUT,SALE,5,2025-11-18,0,
15013,4,11,OUT,SALE,5,2025-11-19,0,
15014,4,11,OUT,SALE,6,2025-11-20,0,
15015,4,11,OUT,SALE,5,2025-11-21,0,
15016,4,11,OUT,SALE,7,2025-11-22,0,
15017,4,11,OUT,SALE,5,2025-11-23,0,
15018,4,11,OUT,SALE,5,2025-11-24,0,
15019,4,11,OUT,SALE,5,2025-11-25,0,
15020,4,11,OUT,SALE,5,2025-11-26,0,
15021,4,11,OUT,SALE,5,2025-11-27,0,
15022,4,11,OUT,SALE,13,2025-11-28,0,
15023,4,11,OUT,SALE,18,2025-11-29,0,
15024,4,11,OUT,SALE,15,2025-11-30,0,
15025,4,11,OUT,SALE,5,2025-12-01,0,
15026,4,11,OUT,SALE,6,2025-12-02,0,
15027,4,11,OUT,SALE,9,2025-12-03,0,
15028,4,11,OUT,SALE,8,2025-12-04,0,
15029,4,11,OUT,SALE,7,2025-12-05,0,
15030,4,11,OUT,SALE,9,2025-12-06,0,
15031,4,11,OUT,SALE,8,2025-12-07,0,
15032,4,11,OUT,SALE,8,2025-12-08,0,
15033,4,11,OUT,SALE,6,2025-12-09,0,
15034,4,11,OUT,SALE,6,2025-12-10,0,
15035,4,11,OUT,SALE,8,2025-12-11,0,
15036,4,11,OUT,SALE,6,2025-12-12,0,
15037,4,11,OUT,SALE,8,2025-12-13,0,
15038,4,11,OUT,SALE,8,2025-12-14,0,
15039,4,11,OUT,SALE,8,2025-12-15,0,
15040,4,11,OUT,SALE,7,2025-12-16,0,
15041,4,11,OUT,SALE,7,2025-12-17,0,
15042,4,11,OUT,SALE,7,2025-12-18,0,
15043,4,11,OUT,SALE,6,2025-12-19,0,
15044,4,11,OUT,SALE,8,2025-12-20,0,
15045,4,11,OUT,SALE,9,2025-12-21,0,
15046,4,11,OUT,SALE,7,2025-12-22,0,
15047,4,11,OUT,SALE,8,2025-12-23,0,
15048,4,11,OUT,SALE,13,2025-12-24,0,
15049,4,11,OUT,SALE,13,2025-12-25,0,
15050,4,11,OUT,SALE,12,2025-12-26,0,
15051,4,11,OUT,SALE,8,2025-12-27,0,
15052,4,11,OUT,SALE,10,2025-12-28,0,
15053,4,11,OUT,SALE,8,2025-12-29,0,
15054,4,11,OUT,SALE,7,2025-12-30,0,
15055,4,11,OUT,SALE,9,2025-12-31,0,
15056,5,1,OUT,SALE,6,2025-01-01,0,
15057,5,1,OUT,SALE,6,2025-01-02,0,
15058,5,1,OUT,SALE,5,2025-01-03,0,
15059,5,1,OUT,SALE,6,2025-01-04,0,
15060,5,1,OUT,SALE,8,2025-01-05,0,
15061,5,1,OUT,SALE,4,2025-01-06,0,
15062,5,1,OUT,SALE,6,2025-01-07,0,
15063,5,1,OUT,SALE,5,2025-01-08,0,
15064,5,1,OUT,SALE,6,2025-01-09,0,
15065,5,1,OUT,SALE,6,2025-01-10,0,
15066,5,1,OUT,SALE,6,2025-01-11,0,
15067,5,1,OUT,SALE,7,2025-01-12,0,
15068,5,1,OUT,SALE,7,2025-01-13,0,
15069,5,1,OUT,SALE,5,2025-01-14,0,
15070,5,1,OUT,SALE,6,2025-01-15,0,
15071,5,1,OUT,SALE,5,2025-01-16,0,
15072,5,1,OUT,SALE,5,2025-01-17,0,
15073,5,1,OUT,SALE,6,2025-01-18,0,
15074,5,1,OUT,SALE,7,2025-01-19,0,
15075,5,1,OUT,SALE,6,2025-01-20,0,
15076,5,1,OUT,DAMAGE,10,2025-01-21,1,REPEATED_LOSS
15077,5,1,OUT,SALE,6,2025-01-22,0,
15078,5,1,OUT,SALE,6,2025-01-23,0,
15079,5,1,OUT,SALE,6,2025-01-24,0,
15080,5,1,OUT,SALE,10,2025-01-25,0,
15081,5,1,OUT,SALE,10,2025-01-26,0,
15082,5,1,OUT,DAMAGE,45,2025-01-27,1,OFF_HOURS_BULK
15083,5,1,OUT,SALE,10,2025-01-28,0,
15084,5,1,OUT,SALE,4,2025-01-29,0,
15085,5,1,OUT,SALE,6,2025-01-30,0,
15086,5,1,OUT,SALE,5,2025-01-31,0,
15087,5,1,OUT,SALE,6,2025-02-01,0,
15088,5,1,OUT,SALE,6,2025-02-02,0,
15089,5,1,OUT,SALE,6,2025-02-03,0,
15090,5,1,OUT,SALE,6,2025-02-04,0,
15091,5,1,OUT,SALE,6,2025-02-05,0,
15092,5,1,OUT,SALE,6,2025-02-06,0,
15093,5,1,OUT,SALE,5,2025-02-07,0,
15094,5,1,OUT,SALE,5,2025-02-08,0,
15095,5,1,OUT,SALE,5,2025-02-09,0,
15096,5,1,OUT,SALE,4,2025-02-10,0,
15097,5,1,OUT,SALE,4,2025-02-11,0,
15098,5,1,OUT,SALE,5,2025-02-12,0,
15099,5,1,OUT,SALE,5,2025-02-13,0,
15100,5,1,OUT,SALE,5,2025-02-14,0,
15101,5,1,OUT,SALE,6,2025-02-15,0,
15102,5,1,OUT,SALE,5,2025-02-16,0,
15103,5,1,OUT,SALE,4,2025-02-17,0,
15104,5,1,OUT,SALE,5,2025-02-18,0,
15105,5,1,OUT,SALE,4,2025-02-19,0,
15106,5,1,OUT,SALE,5,2025-02-20,0,
15107,5,1,OUT,SALE,6,2025-02-21,0,
15108,5,1,OUT,SALE,5,2025-02-22,0,
15109,5,1,OUT,SALE,7,2025-02-23,0,
15110,5,1,OUT,SALE,6,2025-02-24,0,
15111,5,1,OUT,SALE,5,2025-02-25,0,
15112,5,1,OUT,SALE,4,2025-02-26,0,
15113,5,1,OUT,SALE,5,2025-02-27,0,
15114,5,1,OUT,SALE,6,2025-02-28,0,
15115,5,1,OUT,SALE,4,2025-03-01,0,
15116,5,1,OUT,SALE,5,2025-03-02,0,
15117,5,1,OUT,SALE,4,2025-03-03,0,
15118,5,1,OUT,SALE,4,2025-03-04,0,
15119,5,1,OUT,DAMAGE,11,2025-03-05,1,REPEATED_LOSS
15120,5,1,OUT,SALE,4,2025-03-06,0,
15121,5,1,OUT,SALE,4,2025-03-07,0,
15122,5,1,OUT,SALE,4,2025-03-08,0,
15123,5,1,OUT,SALE,4,2025-03-09,0,
15124,5,1,OUT,SALE,4,2025-03-10,0,
15125,5,1,OUT,SALE,3,2025-03-11,0,
15126,5,1,OUT,SALE,4,2025-03-12,0,
15127,5,1,OUT,SALE,4,2025-03-13,0,
15128,5,1,OUT,SALE,3,2025-03-14,0,
15129,5,1,OUT,SALE,7,2025-03-15,0,
15130,5,1,OUT,SALE,7,2025-03-16,0,
15131,5,1,OUT,SALE,8,2025-03-17,0,
15132,5,1,OUT,SALE,6,2025-03-18,0,
15133,5,1,OUT,SALE,3,2025-03-19,0,
15134,5,1,OUT,SALE,4,2025-03-20,0,
15135,5,1,OUT,SALE,4,2025-03-21,0,
15136,5,1,OUT,SALE,4,2025-03-22,0,
15137,5,1,OUT,SALE,5,2025-03-23,0,
15138,5,1,OUT,SALE,3,2025-03-24,0,
15139,5,1,OUT,SALE,3,2025-03-25,0,
15140,5,1,OUT,SALE,5,2025-03-26,0,
15141,5,1,OUT,SALE,4,2025-03-27,0,
15142,5,1,OUT,SALE,4,2025-03-28,0,
15143,5,1,OUT,SALE,5,2025-03-29,0,
15144,5,1,OUT,SALE,5,2025-03-30,0,
15145,5,1,OUT,SALE,4,2025-03-31,0,
15146,5,1,OUT,SALE,2,2025-04-01,0,
15147,5,1,OUT,SALE,3,2025-04-02,0,
15148,5,1,OUT,SALE,2,2025-04-03,0,
15149,5,1,OUT,SALE,3,2025-04-04,0,
15150,5,1,OUT,SALE,3,2025-04-05,0,
15151,5,1,OUT,SALE,3,2025-04-06,0,
15152,5,1,OUT,SALE,3,2025-04-07,0,
15153,5,1,OUT,SALE,3,2025-04-08,0,
15154,5,1,OUT,SALE,2,2025-04-09,0,
15155,5,1,OUT,SALE,2,2025-04-10,0,
15156,5,1,OUT,SALE,3,2025-04-11,0,
15157,5,1,OUT,SALE,4,2025-04-12,0,
15158,5,1,OUT,SALE,3,2025-04-13,0,
15159,5,1,OUT,SALE,3,2025-04-14,0,
15160,5,1,OUT,SALE,2,2025-04-15,0,
15161,5,1,OUT,SALE,2,2025-04-16,0,
15162,5,1,OUT,SALE,3,2025-04-17,0,
15163,5,1,OUT,SALE,3,2025-04-18,0,
15164,5,1,OUT,SALE,3,2025-04-19,0,
15165,5,1,OUT,SALE,3,2025-04-20,0,
15166,5,1,OUT,SALE,4,2025-04-21,0,
15167,5,1,OUT,SALE,3,2025-04-22,0,
15168,5,1,OUT,SALE,2,2025-04-23,0,
15169,5,1,OUT,SALE,3,2025-04-24,0,
15170,5,1,OUT,SALE,3,2025-04-25,0,
15171,5,1,OUT,SALE,4,2025-04-26,0,
15172,5,1,OUT,SALE,3,2025-04-27,0,
15173,5,1,OUT,SALE,3,2025-04-28,0,
15174,5,1,OUT,SALE,3,2025-04-29,0,
15175,5,1,OUT,SALE,3,2025-04-30,0,
15176,5,1,OUT,SALE,2,2025-05-01,0,
15177,5,1,OUT,SALE,1,2025-05-02,0,
15178,5,1,OUT,SALE,2,2025-05-03,0,
15179,5,1,OUT,SALE,1,2025-05-04,0,
15180,5,1,OUT,SALE,1,2025-05-05,0,
15181,5,1,OUT,SALE,1,2025-05-06,0,
15182,5,1,OUT,SALE,1,2025-05-07,0,
15183,5,1,OUT,SALE,1,2025-05-08,0,
15184,5,1,OUT,SALE,1,2025-05-09,0,
15185,5,1,OUT,SALE,2,2025-05-10,0,
15186,5,1,OUT,SALE,2,2025-05-11,0,
15187,5,1,OUT,SALE,2,2025-05-12,0,
15188,5,1,OUT,SALE,2,2025-05-13,0,
15189,5,1,OUT,SALE,2,2025-05-14,0,
15190,5,1,OUT,SALE,1,2025-05-15,0,
15191,5,1,OUT,DAMAGE,2,2025-05-16,1,REPEATED_LOSS
15192,5,1,OUT,SALE,2,2025-05-17,0,
15193,5,1,OUT,SALE,1,2025-05-18,0,
15194,5,1,OUT,SALE,1,2025-05-19,0,
15195,5,1,OUT,SALE,2,2025-05-20,0,
15196,5,1,OUT,SALE,1,2025-05-21,0,
15197,5,1,OUT,SALE,1,2025-05-22,0,
15198,5,1,OUT,SALE,1,2025-05-23,0,
15199,5,1,OUT,SALE,2,2025-05-24,0,
15200,5,1,OUT,SALE,2,2025-05-25,0,
15201,5,1,OUT,SALE,2,2025-05-26,0,
15202,5,1,OUT,SALE,1,2025-05-27,0,
15203,5,1,OUT,DAMAGE,12,2025-05-28,1,THEFT_SPIKE
15204,5,1,OUT,SALE,1,2025-05-29,0,
15205,5,1,OUT,SALE,1,2025-05-30,0,
15206,5,1,OUT,SALE,1,2025-05-31,0,
15207,5,1,OUT,SALE,1,2025-06-01,0,
15208,5,1,OUT,DAMAGE,6,2025-06-02,1,OFF_HOURS_BULK
15209,5,1,OUT,SALE,1,2025-06-03,0,
15210,5,1,OUT,SALE,1,2025-06-06,0,
15211,5,1,OUT,SALE,1,2025-06-07,0,
15212,5,1,OUT,SALE,1,2025-06-10,0,
15213,5,1,OUT,SALE,1,2025-06-15,0,
15214,5,1,OUT,SALE,1,2025-06-17,0,
15215,5,1,OUT,SALE,1,2025-06-18,0,
15216,5,1,OUT,SALE,1,2025-06-21,0,
15217,5,1,OUT,SALE,1,2025-06-22,0,
15218,5,1,OUT,SALE,1,2025-06-24,0,
15219,5,1,OUT,SALE,1,2025-06-28,0,
15220,5,1,OUT,SALE,1,2025-08-04,0,
15221,5,1,OUT,SALE,1,2025-08-09,0,
15222,5,1,OUT,SALE,1,2025-08-10,0,
15223,5,1,OUT,SALE,1,2025-08-11,0,
15224,5,1,OUT,SALE,1,2025-08-15,0,
15225,5,1,OUT,SALE,1,2025-08-16,0,
15226,5,1,OUT,SALE,1,2025-08-21,0,
15227,5,1,OUT,SALE,1,2025-08-22,0,
15228,5,1,OUT,SALE,1,2025-08-23,0,
15229,5,1,OUT,SALE,1,2025-08-24,0,
15230,5,1,OUT,SALE,1,2025-08-25,0,
15231,5,1,OUT,SALE,1,2025-08-26,0,
15232,5,1,OUT,SALE,1,2025-08-30,0,
15233,5,1,OUT,SALE,1,2025-09-01,0,
15234,5,1,OUT,SALE,1,2025-09-02,0,
15235,5,1,OUT,SALE,1,2025-09-03,0,
15236,5,1,OUT,SALE,1,2025-09-04,0,
15237,5,1,OUT,SALE,1,2025-09-05,0,
15238,5,1,OUT,SALE,2,2025-09-06,0,
15239,5,1,OUT,SALE,2,2025-09-07,0,
15240,5,1,OUT,SALE,2,2025-09-08,0,
15241,5,1,OUT,SALE,1,2025-09-09,0,
15242,5,1,OUT,SALE,2,2025-09-10,0,
15243,5,1,OUT,SALE,1,2025-09-11,0,
15244,5,1,OUT,SALE,1,2025-09-12,0,
15245,5,1,OUT,SALE,2,2025-09-13,0,
15246,5,1,OUT,SALE,2,2025-09-14,0,
15247,5,1,OUT,SALE,1,2025-09-15,0,
15248,5,1,OUT,SALE,1,2025-09-16,0,
15249,5,1,OUT,SALE,1,2025-09-17,0,
15250,5,1,OUT,SALE,1,2025-09-18,0,
15251,5,1,OUT,SALE,1,2025-09-19,0,
15252,5,1,OUT,SALE,2,2025-09-20,0,
15253,5,1,OUT,SALE,1,2025-09-21,0,
15254,5,1,OUT,SALE,1,2025-09-22,0,
15255,5,1,OUT,SALE,1,2025-09-23,0,
15256,5,1,OUT,SALE,2,2025-09-24,0,
15257,5,1,OUT,SALE,1,2025-09-25,0,
15258,5,1,OUT,SALE,1,2025-09-26,0,
15259,5,1,OUT,SALE,1,2025-09-27,0,
15260,5,1,OUT,SALE,1,2025-09-28,0,
15261,5,1,OUT,SALE,1,2025-09-29,0,
15262,5,1,OUT,SALE,3,2025-09-30,0,
15263,5,1,OUT,SALE,6,2025-10-01,0,
15264,5,1,OUT,SALE,5,2025-10-02,0,
15265,5,1,OUT,SALE,4,2025-10-03,0,
15266,5,1,OUT,SALE,3,2025-10-04,0,
15267,5,1,OUT,SALE,3,2025-10-05,0,
15268,5,1,OUT,SALE,3,2025-10-06,0,
15269,5,1,OUT,SALE,3,2025-10-07,0,
15270,5,1,OUT,SALE,3,2025-10-08,0,
15271,5,1,OUT,SALE,2,2025-10-09,0,
15272,5,1,OUT,SALE,3,2025-10-10,0,
15273,5,1,OUT,SALE,4,2025-10-11,0,
15274,5,1,OUT,SALE,3,2025-10-12,0,
15275,5,1,OUT,SALE,2,2025-10-13,0,
15276,5,1,OUT,SALE,2,2025-10-14,0,
15277,5,1,OUT,SALE,2,2025-10-15,0,
15278,5,1,OUT,SALE,3,2025-10-16,0,
15279,5,1,OUT,SALE,2,2025-10-17,0,
15280,5,1,OUT,SALE,3,2025-10-18,0,
15281,5,1,OUT,SALE,3,2025-10-19,0,
15282,5,1,OUT,SALE,2,2025-10-20,0,
15283,5,1,OUT,SALE,3,2025-10-21,0,
15284,5,1,OUT,SALE,3,2025-10-22,0,
15285,5,1,OUT,SALE,3,2025-10-23,0,
15286,5,1,OUT,SALE,2,2025-10-24,0,
15287,5,1,OUT,SALE,3,2025-10-25,0,
15288,5,1,OUT,SALE,3,2025-10-26,0,
15289,5,1,OUT,SALE,3,2025-10-27,0,
15290,5,1,OUT,SALE,3,2025-10-28,0,
15291,5,1,OUT,SALE,3,2025-10-29,0,
15292,5,1,OUT,SALE,3,2025-10-30,0,
15293,5,1,OUT,SALE,2,2025-10-31,0,
15294,5,1,OUT,SALE,5,2025-11-01,0,
15295,5,1,OUT,SALE,5,2025-11-02,0,
15296,5,1,OUT,SALE,4,2025-11-03,0,
15297,5,1,OUT,SALE,4,2025-11-04,0,
15298,5,1,OUT,SALE,4,2025-11-05,0,
15299,5,1,OUT,SALE,4,2025-11-06,0,
15300,5,1,OUT,SALE,5,2025-11-07,0,
15301,5,1,OUT,SALE,5,2025-11-08,0,
15302,5,1,OUT,SALE,5,2025-11-09,0,
15303,5,1,OUT,SALE,3,2025-11-10,0,
15304,5,1,OUT,SALE,4,2025-11-11,0,
15305,5,1,OUT,SALE,4,2025-11-12,0,
15306,5,1,OUT,SALE,4,2025-11-13,0,
15307,5,1,OUT,SALE,5,2025-11-14,0,
15308,5,1,OUT,SALE,4,2025-11-15,0,
15309,5,1,OUT,SALE,6,2025-11-16,0,
15310,5,1,OUT,SALE,3,2025-11-17,0,
15311,5,1,OUT,SALE,4,2025-11-18,0,
15312,5,1,OUT,SALE,4,2025-11-19,0,
15313,5,1,OUT,SALE,3,2025-11-20,0,
15314,5,1,OUT,SALE,4,2025-11-21,0,
15315,5,1,OUT,SALE,4,2025-11-22,0,
15316,5,1,OUT,SALE,4,2025-11-23,0,
15317,5,1,OUT,SALE,4,2025-11-24,0,
15318,5,1,OUT,SALE,4,2025-11-25,0,
15319,5,1,OUT,SALE,3,2025-11-26,0,
15320,5,1,OUT,SALE,4,2025-11-27,0,
15321,5,1,OUT,SALE,10,2025-11-28,0,
15322,5,1,OUT,SALE,13,2025-11-29,0,
15323,5,1,OUT,SALE,11,2025-11-30,0,
15324,5,1,OUT,SALE,4,2025-12-01,0,
15325,5,1,OUT,SALE,4,2025-12-02,0,
15326,5,1,OUT,SALE,4,2025-12-03,0,
15327,5,1,OUT,SALE,5,2025-12-04,0,
15328,5,1,OUT,SALE,6,2025-12-05,0,
15329,5,1,OUT,SALE,5,2025-12-06,0,
15330,5,1,OUT,SALE,6,2025-12-07,0,
15331,5,1,OUT,SALE,4,2025-12-08,0,
15332,5,1,OUT,SALE,5,2025-12-09,0,
15333,5,1,OUT,SALE,5,2025-12-10,0,
15334,5,1,OUT,SALE,4,2025-12-11,0,
15335,5,1,OUT,SALE,5,2025-12-12,0,
15336,5,1,OUT,SALE,6,2025-12-13,0,
15337,5,1,OUT,SALE,4,2025-12-14,0,
15338,5,1,OUT,SALE,6,2025-12-15,0,
15339,5,1,OUT,SALE,5,2025-12-16,0,
15340,5,1,OUT,SALE,5,2025-12-17,0,
15341,5,1,OUT,SALE,5,2025-12-18,0,
15342,5,1,OUT,SALE,4,2025-12-19,0,
15343,5,1,OUT,SALE,6,2025-12-20,0,
15344,5,1,OUT,SALE,6,2025-12-21,0,
15345,5,1,OUT,SALE,5,2025-12-22,0,
15346,5,1,OUT,SALE,5,2025-12-23,0,
15347,5,1,OUT,SALE,9,2025-12-24,0,
15348,5,1,OUT,SALE,10,2025-12-25,0,
15349,5,1,OUT,SALE,8,2025-12-26,0,
15350,5,1,OUT,SALE,5,2025-12-27,0,
15351,5,1,OUT,SALE,5,2025-12-28,0,
15352,5,1,OUT,SALE,5,2025-12-29,0,
15353,5,1,OUT,SALE,5,2025-12-30,0,
15354,5,1,OUT,SALE,4,2025-12-31,0,
15355,5,2,OUT,SALE,3,2025-01-01,0,
15356,5,2,OUT,SALE,4,2025-01-02,0,
15357,5,2,OUT,SALE,3,2025-01-03,0,
15358,5,2,OUT,SALE,4,2025-01-04,0,
15359,5,2,OUT,SALE,4,2025-01-05,0,
15360,5,2,OUT,SALE,4,2025-01-06,0,
15361,5,2,OUT,SALE,3,2025-01-07,0,
15362,5,2,OUT,SALE,3,2025-01-08,0,
15363,5,2,OUT,SALE,3,2025-01-09,0,
15364,5,2,OUT,SALE,3,2025-01-10,0,
15365,5,2,OUT,SALE,4,2025-01-11,0,
15366,5,2,OUT,SALE,4,2025-01-12,0,
15367,5,2,OUT,SALE,4,2025-01-13,0,
15368,5,2,OUT,SALE,3,2025-01-14,0,
15369,5,2,OUT,SALE,3,2025-01-15,0,
15370,5,2,OUT,SALE,4,2025-01-16,0,
15371,5,2,OUT,SALE,3,2025-01-17,0,
15372,5,2,OUT,SALE,4,2025-01-18,0,
15373,5,2,OUT,SALE,5,2025-01-19,0,
15374,5,2,OUT,SALE,3,2025-01-20,0,
15375,5,2,OUT,SALE,4,2025-01-21,0,
15376,5,2,OUT,SALE,4,2025-01-22,0,
15377,5,2,OUT,SALE,3,2025-01-23,0,
15378,5,2,OUT,SALE,3,2025-01-24,0,
15379,5,2,OUT,SALE,7,2025-01-25,0,
15380,5,2,OUT,SALE,7,2025-01-26,0,
15381,5,2,OUT,SALE,5,2025-01-27,0,
15382,5,2,OUT,SALE,5,2025-01-28,0,
15383,5,2,OUT,SALE,3,2025-01-29,0,
15384,5,2,OUT,SALE,3,2025-01-30,0,
15385,5,2,OUT,SALE,4,2025-01-31,0,
15386,5,2,OUT,DAMAGE,26,2025-02-01,1,OFF_HOURS_BULK
15387,5,2,OUT,SALE,4,2025-02-02,0,
15388,5,2,OUT,SALE,3,2025-02-03,0,
15389,5,2,OUT,SALE,3,2025-02-04,0,
15390,5,2,OUT,SALE,3,2025-02-05,0,
15391,5,2,OUT,SALE,3,2025-02-06,0,
15392,5,2,OUT,SALE,3,2025-02-07,0,
15393,5,2,OUT,DAMAGE,35,2025-02-08,1,THEFT_SPIKE
15394,5,2,OUT,SALE,4,2025-02-09,0,
15395,5,2,OUT,SALE,3,2025-02-10,0,
15396,5,2,OUT,SALE,3,2025-02-11,0,
15397,5,2,OUT,SALE,3,2025-02-12,0,
15398,5,2,OUT,SALE,3,2025-02-13,0,
15399,5,2,OUT,SALE,3,2025-02-14,0,
15400,5,2,OUT,SALE,3,2025-02-15,0,
15401,5,2,OUT,SALE,4,2025-02-16,0,
15402,5,2,OUT,DAMAGE,6,2025-02-17,1,REPEATED_LOSS
15403,5,2,OUT,SALE,3,2025-02-18,0,
15404,5,2,OUT,SALE,3,2025-02-19,0,
15405,5,2,OUT,SALE,3,2025-02-20,0,
15406,5,2,OUT,SALE,3,2025-02-21,0,
15407,5,2,OUT,SALE,3,2025-02-22,0,
15408,5,2,OUT,SALE,3,2025-02-23,0,
15409,5,2,OUT,SALE,3,2025-02-24,0,
15410,5,2,OUT,SALE,3,2025-02-25,0,
15411,5,2,OUT,SALE,3,2025-02-26,0,
15412,5,2,OUT,SALE,3,2025-02-27,0,
15413,5,2,OUT,SALE,3,2025-02-28,0,
15414,5,2,OUT,SALE,3,2025-03-01,0,
15415,5,2,OUT,SALE,3,2025-03-02,0,
15416,5,2,OUT,SALE,3,2025-03-03,0,
15417,5,2,OUT,SALE,2,2025-03-04,0,
15418,5,2,OUT,SALE,3,2025-03-05,0,
15419,5,2,OUT,SALE,3,2025-03-06,0,
15420,5,2,OUT,SALE,2,2025-03-07,0,
15421,5,2,OUT,SALE,3,2025-03-08,0,
15422,5,2,OUT,SALE,2,2025-03-09,0,
15423,5,2,OUT,SALE,2,2025-03-10,0,
15424,5,2,OUT,SALE,2,2025-03-11,0,
15425,5,2,OUT,SALE,3,2025-03-12,0,
15426,5,2,OUT,SALE,2,2025-03-13,0,
15427,5,2,OUT,SALE,3,2025-03-14,0,
15428,5,2,OUT,SALE,5,2025-03-15,0,
15429,5,2,OUT,SALE,4,2025-03-16,0,
15430,5,2,OUT,SALE,5,2025-03-17,0,
15431,5,2,OUT,SALE,3,2025-03-18,0,
15432,5,2,OUT,SALE,2,2025-03-19,0,
15433,5,2,OUT,SALE,2,2025-03-20,0,
15434,5,2,OUT,SALE,3,2025-03-21,0,
15435,5,2,OUT,SALE,2,2025-03-22,0,
15436,5,2,OUT,SALE,2,2025-03-23,0,
15437,5,2,OUT,SALE,2,2025-03-24,0,
15438,5,2,OUT,SALE,3,2025-03-25,0,
15439,5,2,OUT,SALE,3,2025-03-26,0,
15440,5,2,OUT,SALE,2,2025-03-27,0,
15441,5,2,OUT,SALE,2,2025-03-28,0,
15442,5,2,OUT,SALE,3,2025-03-29,0,
15443,5,2,OUT,SALE,3,2025-03-30,0,
15444,5,2,OUT,SALE,2,2025-03-31,0,
15445,5,2,OUT,SALE,2,2025-04-01,0,
15446,5,2,OUT,SALE,2,2025-04-02,0,
15447,5,2,OUT,SALE,2,2025-04-03,0,
15448,5,2,OUT,SALE,1,2025-04-04,0,
15449,5,2,OUT,SALE,2,2025-04-05,0,
15450,5,2,OUT,SALE,2,2025-04-06,0,
15451,5,2,OUT,SALE,2,2025-04-07,0,
15452,5,2,OUT,SALE,2,2025-04-08,0,
15453,5,2,OUT,SALE,2,2025-04-09,0,
15454,5,2,OUT,SALE,1,2025-04-10,0,
15455,5,2,OUT,SALE,2,2025-04-11,0,
15456,5,2,OUT,SALE,2,2025-04-12,0,
15457,5,2,OUT,SALE,2,2025-04-13,0,
15458,5,2,OUT,SALE,2,2025-04-14,0,
15459,5,2,OUT,SALE,1,2025-04-15,0,
15460,5,2,OUT,SALE,2,2025-04-16,0,
15461,5,2,OUT,SALE,1,2025-04-17,0,
15462,5,2,OUT,SALE,2,2025-04-18,0,
15463,5,2,OUT,SALE,2,2025-04-19,0,
15464,5,2,OUT,SALE,2,2025-04-20,0,
15465,5,2,OUT,SALE,2,2025-04-21,0,
15466,5,2,OUT,SALE,2,2025-04-22,0,
15467,5,2,OUT,SALE,2,2025-04-23,0,
15468,5,2,OUT,SALE,2,2025-04-24,0,
15469,5,2,OUT,SALE,2,2025-04-25,0,
15470,5,2,OUT,SALE,2,2025-04-26,0,
15471,5,2,OUT,SALE,2,2025-04-27,0,
15472,5,2,OUT,SALE,2,2025-04-28,0,
15473,5,2,OUT,SALE,1,2025-04-29,0,
15474,5,2,OUT,SALE,2,2025-04-30,0,
15475,5,2,OUT,SALE,1,2025-05-01,0,
15476,5,2,OUT,SALE,1,2025-05-02,0,
15477,5,2,OUT,SALE,1,2025-05-03,0,
15478,5,2,OUT,SALE,1,2025-05-04,0,
15479,5,2,OUT,SALE,1,2025-05-05,0,
15480,5,2,OUT,SALE,1,2025-05-06,0,
15481,5,2,OUT,SALE,1,2025-05-07,0,
15482,5,2,OUT,SALE,1,2025-05-08,0,
15483,5,2,OUT,SALE,1,2025-05-09,0,
15484,5,2,OUT,SALE,1,2025-05-10,0,
15485,5,2,OUT,SALE,1,2025-05-11,0,
15486,5,2,OUT,SALE,1,2025-05-12,0,
15487,5,2,OUT,SALE,1,2025-05-13,0,
15488,5,2,OUT,SALE,1,2025-05-14,0,
15489,5,2,OUT,SALE,1,2025-05-15,0,
15490,5,2,OUT,SALE,1,2025-05-16,0,
15491,5,2,OUT,SALE,1,2025-05-17,0,
15492,5,2,OUT,SALE,1,2025-05-18,0,
15493,5,2,OUT,SALE,1,2025-05-19,0,
15494,5,2,OUT,SALE,1,2025-05-20,0,
15495,5,2,OUT,SALE,1,2025-05-21,0,
15496,5,2,OUT,SALE,1,2025-05-22,0,
15497,5,2,OUT,SALE,1,2025-05-23,0,
15498,5,2,OUT,SALE,1,2025-05-24,0,
15499,5,2,OUT,SALE,1,2025-05-25,0,
15500,5,2,OUT,SALE,1,2025-05-26,0,
15501,5,2,OUT,SALE,1,2025-05-27,0,
15502,5,2,OUT,SALE,1,2025-05-28,0,
15503,5,2,OUT,SALE,1,2025-05-29,0,
15504,5,2,OUT,SALE,1,2025-05-30,0,
15505,5,2,OUT,SALE,1,2025-05-31,0,
15506,5,2,OUT,SALE,1,2025-09-01,0,
15507,5,2,OUT,SALE,1,2025-09-02,0,
15508,5,2,OUT,SALE,1,2025-09-03,0,
15509,5,2,OUT,SALE,1,2025-09-04,0,
15510,5,2,OUT,SALE,1,2025-09-05,0,
15511,5,2,OUT,SALE,1,2025-09-06,0,
15512,5,2,OUT,SALE,1,2025-09-07,0,
15513,5,2,OUT,SALE,1,2025-09-08,0,
15514,5,2,OUT,SALE,1,2025-09-09,0,
15515,5,2,OUT,SALE,1,2025-09-10,0,
15516,5,2,OUT,SALE,1,2025-09-11,0,
15517,5,2,OUT,SALE,1,2025-09-12,0,
15518,5,2,OUT,SALE,1,2025-09-13,0,
15519,5,2,OUT,SALE,1,2025-09-14,0,
15520,5,2,OUT,SALE,1,2025-09-15,0,
15521,5,2,OUT,SALE,1,2025-09-16,0,
15522,5,2,OUT,SALE,1,2025-09-17,0,
15523,5,2,OUT,SALE,1,2025-09-18,0,
15524,5,2,OUT,SALE,1,2025-09-19,0,
15525,5,2,OUT,SALE,1,2025-09-20,0,
15526,5,2,OUT,SALE,1,2025-09-21,0,
15527,5,2,OUT,SALE,1,2025-09-22,0,
15528,5,2,OUT,SALE,1,2025-09-23,0,
15529,5,2,OUT,SALE,1,2025-09-24,0,
15530,5,2,OUT,SALE,1,2025-09-25,0,
15531,5,2,OUT,SALE,1,2025-09-26,0,
15532,5,2,OUT,SALE,1,2025-09-27,0,
15533,5,2,OUT,SALE,1,2025-09-28,0,
15534,5,2,OUT,SALE,1,2025-09-29,0,
15535,5,2,OUT,SALE,2,2025-09-30,0,
15536,5,2,OUT,SALE,3,2025-10-01,0,
15537,5,2,OUT,SALE,3,2025-10-02,0,
15538,5,2,OUT,SALE,3,2025-10-03,0,
15539,5,2,OUT,SALE,2,2025-10-04,0,
15540,5,2,OUT,SALE,2,2025-10-05,0,
15541,5,2,OUT,SALE,2,2025-10-06,0,
15542,5,2,OUT,SALE,1,2025-10-07,0,
15543,5,2,OUT,SALE,2,2025-10-08,0,
15544,5,2,OUT,SALE,1,2025-10-09,0,
15545,5,2,OUT,SALE,2,2025-10-10,0,
15546,5,2,OUT,SALE,2,2025-10-11,0,
15547,5,2,OUT,SALE,2,2025-10-12,0,
15548,5,2,OUT,SALE,2,2025-10-13,0,
15549,5,2,OUT,SALE,1,2025-10-14,0,
15550,5,2,OUT,SALE,2,2025-10-15,0,
15551,5,2,OUT,SALE,2,2025-10-16,0,
15552,5,2,OUT,SALE,2,2025-10-17,0,
15553,5,2,OUT,SALE,2,2025-10-18,0,
15554,5,2,OUT,SALE,2,2025-10-19,0,
15555,5,2,OUT,SALE,2,2025-10-20,0,
15556,5,2,OUT,SALE,2,2025-10-21,0,
15557,5,2,OUT,SALE,2,2025-10-22,0,
15558,5,2,OUT,SALE,2,2025-10-23,0,
15559,5,2,OUT,SALE,2,2025-10-24,0,
15560,5,2,OUT,SALE,2,2025-10-25,0,
15561,5,2,OUT,SALE,2,2025-10-26,0,
15562,5,2,OUT,SALE,2,2025-10-27,0,
15563,5,2,OUT,SALE,2,2025-10-28,0,
15564,5,2,OUT,SALE,2,2025-10-29,0,
15565,5,2,OUT,SALE,2,2025-10-30,0,
15566,5,2,OUT,SALE,2,2025-10-31,0,
15567,5,2,OUT,SALE,3,2025-11-01,0,
15568,5,2,OUT,SALE,3,2025-11-02,0,
15569,5,2,OUT,SALE,2,2025-11-03,0,
15570,5,2,OUT,SALE,3,2025-11-04,0,
15571,5,2,OUT,SALE,2,2025-11-05,0,
15572,5,2,OUT,SALE,2,2025-11-06,0,
15573,5,2,OUT,SALE,2,2025-11-07,0,
15574,5,2,OUT,SALE,3,2025-11-08,0,
15575,5,2,OUT,SALE,3,2025-11-09,0,
15576,5,2,OUT,SALE,2,2025-11-10,0,
15577,5,2,OUT,SALE,2,2025-11-11,0,
15578,5,2,OUT,SALE,2,2025-11-12,0,
15579,5,2,OUT,SALE,3,2025-11-13,0,
15580,5,2,OUT,SALE,2,2025-11-14,0,
15581,5,2,OUT,SALE,3,2025-11-15,0,
15582,5,2,OUT,SALE,3,2025-11-16,0,
15583,5,2,OUT,SALE,2,2025-11-17,0,
15584,5,2,OUT,SALE,2,2025-11-18,0,
15585,5,2,OUT,SALE,3,2025-11-19,0,
15586,5,2,OUT,SALE,2,2025-11-20,0,
15587,5,2,OUT,SALE,3,2025-11-21,0,
15588,5,2,OUT,SALE,3,2025-11-22,0,
15589,5,2,OUT,SALE,3,2025-11-23,0,
15590,5,2,OUT,SALE,2,2025-11-24,0,
15591,5,2,OUT,SALE,2,2025-11-25,0,
15592,5,2,OUT,SALE,3,2025-11-26,0,
15593,5,2,OUT,SALE,2,2025-11-27,0,
15594,5,2,OUT,SALE,6,2025-11-28,0,
15595,5,2,OUT,SALE,7,2025-11-29,0,
15596,5,2,OUT,SALE,7,2025-11-30,0,
15597,5,2,OUT,SALE,3,2025-12-01,0,
15598,5,2,OUT,SALE,4,2025-12-02,0,
15599,5,2,OUT,DAMAGE,6,2025-12-03,1,REPEATED_LOSS
15600,5,2,OUT,DAMAGE,15,2025-12-04,1,OFF_HOURS_BULK
15601,5,2,OUT,SALE,3,2025-12-05,0,
15602,5,2,OUT,SALE,3,2025-12-06,0,
15603,5,2,OUT,SALE,4,2025-12-07,0,
15604,5,2,OUT,SALE,3,2025-12-08,0,
15605,5,2,OUT,SALE,4,2025-12-09,0,
15606,5,2,OUT,SALE,3,2025-12-10,0,
15607,5,2,OUT,SALE,3,2025-12-11,0,
15608,5,2,OUT,SALE,3,2025-12-12,0,
15609,5,2,OUT,SALE,4,2025-12-13,0,
15610,5,2,OUT,DAMAGE,16,2025-12-14,1,OFF_HOURS_BULK
15611,5,2,OUT,SALE,4,2025-12-15,0,
15612,5,2,OUT,SALE,4,2025-12-16,0,
15613,5,2,OUT,SALE,3,2025-12-17,0,
15614,5,2,OUT,SALE,3,2025-12-18,0,
15615,5,2,OUT,SALE,3,2025-12-19,0,
15616,5,2,OUT,SALE,4,2025-12-20,0,
15617,5,2,OUT,SALE,4,2025-12-21,0,
15618,5,2,OUT,SALE,3,2025-12-22,0,
15619,5,2,OUT,SALE,3,2025-12-23,0,
15620,5,2,OUT,SALE,5,2025-12-24,0,
15621,5,2,OUT,SALE,5,2025-12-25,0,
15622,5,2,OUT,SALE,6,2025-12-26,0,
15623,5,2,OUT,SALE,3,2025-12-27,0,
15624,5,2,OUT,SALE,4,2025-12-28,0,
15625,5,2,OUT,SALE,3,2025-12-29,0,
15626,5,2,OUT,SALE,3,2025-12-30,0,
15627,5,2,OUT,SALE,2,2025-12-31,0,
15628,5,3,OUT,SALE,3,2025-01-01,0,
15629,5,3,OUT,SALE,4,2025-01-02,0,
15630,5,3,OUT,SALE,3,2025-01-03,0,
15631,5,3,OUT,SALE,3,2025-01-04,0,
15632,5,3,OUT,SALE,4,2025-01-05,0,
15633,5,3,OUT,SALE,3,2025-01-06,0,
15634,5,3,OUT,SALE,3,2025-01-07,0,
15635,5,3,OUT,SALE,4,2025-01-08,0,
15636,5,3,OUT,SALE,3,2025-01-09,0,
15637,5,3,OUT,SALE,3,2025-01-10,0,
15638,5,3,OUT,SALE,3,2025-01-11,0,
15639,5,3,OUT,SALE,4,2025-01-12,0,
15640,5,3,OUT,SALE,3,2025-01-13,0,
15641,5,3,OUT,SALE,3,2025-01-14,0,
15642,5,3,OUT,SALE,3,2025-01-15,0,
15643,5,3,OUT,SALE,3,2025-01-16,0,
15644,5,3,OUT,SALE,3,2025-01-17,0,
15645,5,3,OUT,SALE,3,2025-01-18,0,
15646,5,3,OUT,SALE,4,2025-01-19,0,
15647,5,3,OUT,SALE,2,2025-01-20,0,
15648,5,3,OUT,SALE,3,2025-01-21,0,
15649,5,3,OUT,SALE,3,2025-01-22,0,
15650,5,3,OUT,SALE,3,2025-01-23,0,
15651,5,3,OUT,SALE,3,2025-01-24,0,
15652,5,3,OUT,SALE,6,2025-01-25,0,
15653,5,3,OUT,SALE,7,2025-01-26,0,
15654,5,3,OUT,SALE,6,2025-01-27,0,
15655,5,3,OUT,SALE,6,2025-01-28,0,
15656,5,3,OUT,SALE,3,2025-01-29,0,
15657,5,3,OUT,SALE,3,2025-01-30,0,
15658,5,3,OUT,SALE,3,2025-01-31,0,
15659,5,3,OUT,SALE,3,2025-02-01,0,
15660,5,3,OUT,SALE,3,2025-02-02,0,
15661,5,3,OUT,SALE,3,2025-02-03,0,
15662,5,3,OUT,SALE,3,2025-02-04,0,
15663,5,3,OUT,SALE,3,2025-02-05,0,
15664,5,3,OUT,SALE,3,2025-02-06,0,
15665,5,3,OUT,SALE,3,2025-02-07,0,
15666,5,3,OUT,SALE,4,2025-02-08,0,
15667,5,3,OUT,SALE,3,2025-02-09,0,
15668,5,3,OUT,SALE,2,2025-02-10,0,
15669,5,3,OUT,SALE,3,2025-02-11,0,
15670,5,3,OUT,SALE,3,2025-02-12,0,
15671,5,3,OUT,SALE,4,2025-02-13,0,
15672,5,3,OUT,SALE,3,2025-02-14,0,
15673,5,3,OUT,SALE,3,2025-02-15,0,
15674,5,3,OUT,SALE,3,2025-02-16,0,
15675,5,3,OUT,SALE,2,2025-02-17,0,
15676,5,3,OUT,SALE,3,2025-02-18,0,
15677,5,3,OUT,SALE,2,2025-02-19,0,
15678,5,3,OUT,SALE,3,2025-02-20,0,
15679,5,3,OUT,SALE,2,2025-02-21,0,
15680,5,3,OUT,SALE,3,2025-02-22,0,
15681,5,3,OUT,SALE,3,2025-02-23,0,
15682,5,3,OUT,SALE,2,2025-02-24,0,
15683,5,3,OUT,SALE,3,2025-02-25,0,
15684,5,3,OUT,SALE,3,2025-02-26,0,
15685,5,3,OUT,SALE,2,2025-02-27,0,
15686,5,3,OUT,SALE,3,2025-02-28,0,
15687,5,3,OUT,SALE,2,2025-03-01,0,
15688,5,3,OUT,SALE,3,2025-03-02,0,
15689,5,3,OUT,SALE,2,2025-03-03,0,
15690,5,3,OUT,SALE,3,2025-03-04,0,
15691,5,3,OUT,SALE,2,2025-03-05,0,
15692,5,3,OUT,SALE,2,2025-03-06,0,
15693,5,3,OUT,SALE,2,2025-03-07,0,
15694,5,3,OUT,SALE,3,2025-03-08,0,
15695,5,3,OUT,SALE,3,2025-03-09,0,
15696,5,3,OUT,SALE,2,2025-03-10,0,
15697,5,3,OUT,SALE,2,2025-03-11,0,
15698,5,3,OUT,SALE,2,2025-03-12,0,
15699,5,3,OUT,SALE,3,2025-03-13,0,
15700,5,3,OUT,SALE,2,2025-03-14,0,
15701,5,3,OUT,SALE,5,2025-03-15,0,
15702,5,3,OUT,SALE,5,2025-03-16,0,
15703,5,3,OUT,SALE,4,2025-03-17,0,
15704,5,3,OUT,SALE,4,2025-03-18,0,
15705,5,3,OUT,SALE,2,2025-03-19,0,
15706,5,3,OUT,SALE,2,2025-03-20,0,
15707,5,3,OUT,SALE,2,2025-03-21,0,
15708,5,3,OUT,SALE,3,2025-03-22,0,
15709,5,3,OUT,SALE,2,2025-03-23,0,
15710,5,3,OUT,SALE,3,2025-03-24,0,
15711,5,3,OUT,SALE,2,2025-03-25,0,
15712,5,3,OUT,SALE,2,2025-03-26,0,
15713,5,3,OUT,SALE,2,2025-03-27,0,
15714,5,3,OUT,SALE,3,2025-03-28,0,
15715,5,3,OUT,SALE,2,2025-03-29,0,
15716,5,3,OUT,SALE,2,2025-03-30,0,
15717,5,3,OUT,SALE,2,2025-03-31,0,
15718,5,3,OUT,SALE,1,2025-04-01,0,
15719,5,3,OUT,SALE,2,2025-04-02,0,
15720,5,3,OUT,SALE,1,2025-04-03,0,
15721,5,3,OUT,SALE,1,2025-04-04,0,
15722,5,3,OUT,SALE,2,2025-04-05,0,
15723,5,3,OUT,SALE,2,2025-04-06,0,
15724,5,3,OUT,SALE,2,2025-04-07,0,
15725,5,3,OUT,SALE,2,2025-04-08,0,
15726,5,3,OUT,SALE,2,2025-04-09,0,
15727,5,3,OUT,SALE,2,2025-04-10,0,
15728,5,3,OUT,SALE,2,2025-04-11,0,
15729,5,3,OUT,SALE,2,2025-04-12,0,
15730,5,3,OUT,SALE,2,2025-04-13,0,
15731,5,3,OUT,SALE,1,2025-04-14,0,
15732,5,3,OUT,SALE,1,2025-04-15,0,
15733,5,3,OUT,SALE,1,2025-04-16,0,
15734,5,3,OUT,SALE,2,2025-04-17,0,
15735,5,3,OUT,SALE,2,2025-04-18,0,
15736,5,3,OUT,SALE,2,2025-04-19,0,
15737,5,3,OUT,SALE,2,2025-04-20,0,
15738,5,3,OUT,SALE,2,2025-04-21,0,
15739,5,3,OUT,SALE,1,2025-04-22,0,
15740,5,3,OUT,SALE,1,2025-04-23,0,
15741,5,3,OUT,SALE,1,2025-04-24,0,
15742,5,3,OUT,SALE,2,2025-04-25,0,
15743,5,3,OUT,SALE,2,2025-04-26,0,
15744,5,3,OUT,SALE,2,2025-04-27,0,
15745,5,3,OUT,SALE,1,2025-04-28,0,
15746,5,3,OUT,SALE,2,2025-04-29,0,
15747,5,3,OUT,SALE,1,2025-04-30,0,
15748,5,3,OUT,SALE,1,2025-05-01,0,
15749,5,3,OUT,SALE,1,2025-05-02,0,
15750,5,3,OUT,SALE,1,2025-05-03,0,
15751,5,3,OUT,SALE,1,2025-05-04,0,
15752,5,3,OUT,SALE,1,2025-05-05,0,
15753,5,3,OUT,SALE,1,2025-05-06,0,
15754,5,3,OUT,SALE,1,2025-05-07,0,
15755,5,3,OUT,SALE,1,2025-05-08,0,
15756,5,3,OUT,SALE,1,2025-05-09,0,
15757,5,3,OUT,SALE,1,2025-05-10,0,
15758,5,3,OUT,SALE,1,2025-05-11,0,
15759,5,3,OUT,SALE,1,2025-05-12,0,
15760,5,3,OUT,SALE,1,2025-05-13,0,
15761,5,3,OUT,SALE,1,2025-05-14,0,
15762,5,3,OUT,SALE,1,2025-05-15,0,
15763,5,3,OUT,SALE,1,2025-05-16,0,
15764,5,3,OUT,SALE,1,2025-05-17,0,
15765,5,3,OUT,SALE,1,2025-05-18,0,
15766,5,3,OUT,SALE,1,2025-05-19,0,
15767,5,3,OUT,SALE,1,2025-05-20,0,
15768,5,3,OUT,SALE,1,2025-05-21,0,
15769,5,3,OUT,SALE,1,2025-05-22,0,
15770,5,3,OUT,SALE,1,2025-05-23,0,
15771,5,3,OUT,SALE,1,2025-05-24,0,
15772,5,3,OUT,SALE,1,2025-05-25,0,
15773,5,3,OUT,SALE,1,2025-05-26,0,
15774,5,3,OUT,SALE,1,2025-05-27,0,
15775,5,3,OUT,SALE,1,2025-05-28,0,
15776,5,3,OUT,SALE,1,2025-05-29,0,
15777,5,3,OUT,SALE,1,2025-05-30,0,
15778,5,3,OUT,SALE,1,2025-05-31,0,
15779,5,3,OUT,SALE,1,2025-09-01,0,
15780,5,3,OUT,SALE,1,2025-09-02,0,
15781,5,3,OUT,SALE,1,2025-09-03,0,
15782,5,3,OUT,SALE,1,2025-09-04,0,
15783,5,3,OUT,SALE,1,2025-09-05,0,
15784,5,3,OUT,SALE,1,2025-09-06,0,
15785,5,3,OUT,SALE,1,2025-09-07,0,
15786,5,3,OUT,SALE,1,2025-09-08,0,
15787,5,3,OUT,SALE,1,2025-09-09,0,
15788,5,3,OUT,SALE,1,2025-09-10,0,
15789,5,3,OUT,SALE,1,2025-09-11,0,
15790,5,3,OUT,SALE,1,2025-09-12,0,
15791,5,3,OUT,SALE,1,2025-09-13,0,
15792,5,3,OUT,SALE,1,2025-09-14,0,
15793,5,3,OUT,SALE,1,2025-09-15,0,
15794,5,3,OUT,SALE,1,2025-09-16,0,
15795,5,3,OUT,SALE,1,2025-09-17,0,
15796,5,3,OUT,SALE,1,2025-09-18,0,
15797,5,3,OUT,SALE,1,2025-09-19,0,
15798,5,3,OUT,SALE,1,2025-09-20,0,
15799,5,3,OUT,SALE,1,2025-09-21,0,
15800,5,3,OUT,SALE,1,2025-09-22,0,
15801,5,3,OUT,SALE,1,2025-09-23,0,
15802,5,3,OUT,SALE,1,2025-09-24,0,
15803,5,3,OUT,SALE,1,2025-09-25,0,
15804,5,3,OUT,SALE,1,2025-09-26,0,
15805,5,3,OUT,SALE,1,2025-09-27,0,
15806,5,3,OUT,SALE,1,2025-09-28,0,
15807,5,3,OUT,SALE,1,2025-09-29,0,
15808,5,3,OUT,SALE,1,2025-09-30,0,
15809,5,3,OUT,SALE,3,2025-10-01,0,
15810,5,3,OUT,SALE,3,2025-10-02,0,
15811,5,3,OUT,SALE,3,2025-10-03,0,
15812,5,3,OUT,SALE,2,2025-10-04,0,
15813,5,3,OUT,SALE,2,2025-10-05,0,
15814,5,3,OUT,SALE,2,2025-10-06,0,
15815,5,3,OUT,SALE,1,2025-10-07,0,
15816,5,3,OUT,SALE,2,2025-10-08,0,
15817,5,3,OUT,SALE,2,2025-10-09,0,
15818,5,3,OUT,SALE,1,2025-10-10,0,
15819,5,3,OUT,SALE,2,2025-10-11,0,
15820,5,3,OUT,SALE,2,2025-10-12,0,
15821,5,3,OUT,SALE,2,2025-10-13,0,
15822,5,3,OUT,SALE,1,2025-10-14,0,
15823,5,3,OUT,SALE,1,2025-10-15,0,
15824,5,3,OUT,SALE,1,2025-10-16,0,
15825,5,3,OUT,SALE,1,2025-10-17,0,
15826,5,3,OUT,SALE,2,2025-10-18,0,
15827,5,3,OUT,DAMAGE,11,2025-10-19,1,OFF_HOURS_BULK
15828,5,3,OUT,SALE,1,2025-10-20,0,
15829,5,3,OUT,SALE,1,2025-10-21,0,
15830,5,3,OUT,SALE,2,2025-10-22,0,
15831,5,3,OUT,SALE,2,2025-10-23,0,
15832,5,3,OUT,SALE,2,2025-10-24,0,
15833,5,3,OUT,SALE,2,2025-10-25,0,
15834,5,3,OUT,SALE,2,2025-10-26,0,
15835,5,3,OUT,SALE,2,2025-10-27,0,
15836,5,3,OUT,SALE,2,2025-10-28,0,
15837,5,3,OUT,SALE,1,2025-10-29,0,
15838,5,3,OUT,SALE,2,2025-10-30,0,
15839,5,3,OUT,SALE,2,2025-10-31,0,
15840,5,3,OUT,SALE,3,2025-11-01,0,
15841,5,3,OUT,SALE,3,2025-11-02,0,
15842,5,3,OUT,SALE,2,2025-11-03,0,
15843,5,3,OUT,SALE,2,2025-11-04,0,
15844,5,3,OUT,SALE,3,2025-11-05,0,
15845,5,3,OUT,SALE,2,2025-11-06,0,
15846,5,3,OUT,SALE,2,2025-11-07,0,
15847,5,3,OUT,SALE,3,2025-11-08,0,
15848,5,3,OUT,SALE,3,2025-11-09,0,
15849,5,3,OUT,SALE,2,2025-11-10,0,
15850,5,3,OUT,SALE,2,2025-11-11,0,
15851,5,3,OUT,SALE,2,2025-11-12,0,
15852,5,3,OUT,SALE,3,2025-11-13,0,
15853,5,3,OUT,SALE,3,2025-11-14,0,
15854,5,3,OUT,SALE,3,2025-11-15,0,
15855,5,3,OUT,SALE,2,2025-11-16,0,
15856,5,3,OUT,SALE,3,2025-11-17,0,
15857,5,3,OUT,SALE,2,2025-11-18,0,
15858,5,3,OUT,SALE,2,2025-11-19,0,
15859,5,3,OUT,SALE,2,2025-11-20,0,
15860,5,3,OUT,SALE,2,2025-11-21,0,
15861,5,3,OUT,SALE,3,2025-11-22,0,
15862,5,3,OUT,SALE,3,2025-11-23,0,
15863,5,3,OUT,SALE,2,2025-11-24,0,
15864,5,3,OUT,SALE,3,2025-11-25,0,
15865,5,3,OUT,SALE,2,2025-11-26,0,
15866,5,3,OUT,SALE,3,2025-11-27,0,
15867,5,3,OUT,SALE,6,2025-11-28,0,
15868,5,3,OUT,SALE,6,2025-11-29,0,
15869,5,3,OUT,SALE,6,2025-11-30,0,
15870,5,3,OUT,SALE,3,2025-12-01,0,
15871,5,3,OUT,SALE,3,2025-12-02,0,
15872,5,3,OUT,SALE,3,2025-12-03,0,
15873,5,3,OUT,SALE,3,2025-12-04,0,
15874,5,3,OUT,SALE,3,2025-12-05,0,
15875,5,3,OUT,SALE,3,2025-12-06,0,
15876,5,3,OUT,SALE,3,2025-12-07,0,
15877,5,3,OUT,SALE,3,2025-12-08,0,
15878,5,3,OUT,SALE,3,2025-12-09,0,
15879,5,3,OUT,SALE,2,2025-12-10,0,
15880,5,3,OUT,SALE,2,2025-12-11,0,
15881,5,3,OUT,SALE,3,2025-12-12,0,
15882,5,3,OUT,SALE,3,2025-12-13,0,
15883,5,3,OUT,SALE,3,2025-12-14,0,
15884,5,3,OUT,SALE,3,2025-12-15,0,
15885,5,3,OUT,SALE,2,2025-12-16,0,
15886,5,3,OUT,SALE,2,2025-12-17,0,
15887,5,3,OUT,SALE,3,2025-12-18,0,
15888,5,3,OUT,SALE,3,2025-12-19,0,
15889,5,3,OUT,SALE,3,2025-12-20,0,
15890,5,3,OUT,SALE,2,2025-12-21,0,
15891,5,3,OUT,SALE,3,2025-12-22,0,
15892,5,3,OUT,SALE,3,2025-12-23,0,
15893,5,3,OUT,SALE,4,2025-12-24,0,
15894,5,3,OUT,SALE,5,2025-12-25,0,
15895,5,3,OUT,SALE,5,2025-12-26,0,
15896,5,3,OUT,SALE,3,2025-12-27,0,
15897,5,3,OUT,SALE,4,2025-12-28,0,
15898,5,3,OUT,SALE,3,2025-12-29,0,
15899,5,3,OUT,SALE,3,2025-12-30,0,
15900,5,3,OUT,SALE,3,2025-12-31,0,
15901,5,4,OUT,SALE,4,2025-01-01,0,
15902,5,4,OUT,SALE,5,2025-01-02,0,
15903,5,4,OUT,SALE,5,2025-01-03,0,
15904,5,4,OUT,SALE,5,2025-01-04,0,
15905,5,4,OUT,SALE,5,2025-01-05,0,
15906,5,4,OUT,SALE,4,2025-01-06,0,
15907,5,4,OUT,SALE,4,2025-01-07,0,
15908,5,4,OUT,SALE,4,2025-01-08,0,
15909,5,4,OUT,SALE,5,2025-01-09,0,
15910,5,4,OUT,SALE,5,2025-01-10,0,
15911,5,4,OUT,SALE,5,2025-01-11,0,
15912,5,4,OUT,SALE,5,2025-01-12,0,
15913,5,4,OUT,SALE,4,2025-01-13,0,
15914,5,4,OUT,SALE,4,2025-01-14,0,
15915,5,4,OUT,SALE,4,2025-01-15,0,
15916,5,4,OUT,SALE,4,2025-01-16,0,
15917,5,4,OUT,SALE,4,2025-01-17,0,
15918,5,4,OUT,DAMAGE,10,2025-01-18,1,REPEATED_LOSS
15919,5,4,OUT,SALE,6,2025-01-19,0,
15920,5,4,OUT,SALE,5,2025-01-20,0,
15921,5,4,OUT,SALE,4,2025-01-21,0,
15922,5,4,OUT,SALE,4,2025-01-22,0,
15923,5,4,OUT,SALE,4,2025-01-23,0,
15924,5,4,OUT,SALE,4,2025-01-24,0,
15925,5,4,OUT,SALE,10,2025-01-25,0,
15926,5,4,OUT,SALE,10,2025-01-26,0,
15927,5,4,OUT,SALE,10,2025-01-27,0,
15928,5,4,OUT,SALE,9,2025-01-28,0,
15929,5,4,OUT,SALE,4,2025-01-29,0,
15930,5,4,OUT,SALE,5,2025-01-30,0,
15931,5,4,OUT,SALE,4,2025-01-31,0,
15932,5,4,OUT,SALE,4,2025-02-01,0,
15933,5,4,OUT,SALE,5,2025-02-02,0,
15934,5,4,OUT,SALE,4,2025-02-03,0,
15935,5,4,OUT,SALE,4,2025-02-04,0,
15936,5,4,OUT,SALE,4,2025-02-05,0,
15937,5,4,OUT,SALE,4,2025-02-06,0,
15938,5,4,OUT,SALE,4,2025-02-07,0,
15939,5,4,OUT,SALE,3,2025-02-08,0,
15940,5,4,OUT,SALE,4,2025-02-09,0,
15941,5,4,OUT,SALE,4,2025-02-10,0,
15942,5,4,OUT,SALE,4,2025-02-11,0,
15943,5,4,OUT,SALE,4,2025-02-12,0,
15944,5,4,OUT,SALE,4,2025-02-13,0,
15945,5,4,OUT,SALE,3,2025-02-14,0,
15946,5,4,OUT,SALE,4,2025-02-15,0,
15947,5,4,OUT,SALE,5,2025-02-16,0,
15948,5,4,OUT,SALE,3,2025-02-17,0,
15949,5,4,OUT,SALE,3,2025-02-18,0,
15950,5,4,OUT,SALE,4,2025-02-19,0,
15951,5,4,OUT,SALE,3,2025-02-20,0,
15952,5,4,OUT,SALE,4,2025-02-21,0,
15953,5,4,OUT,SALE,4,2025-02-22,0,
15954,5,4,OUT,SALE,4,2025-02-23,0,
15955,5,4,OUT,SALE,3,2025-02-24,0,
15956,5,4,OUT,SALE,4,2025-02-25,0,
15957,5,4,OUT,SALE,4,2025-02-26,0,
15958,5,4,OUT,SALE,3,2025-02-27,0,
15959,5,4,OUT,SALE,3,2025-02-28,0,
15960,5,4,OUT,SALE,3,2025-03-01,0,
15961,5,4,OUT,SALE,3,2025-03-02,0,
15962,5,4,OUT,SALE,3,2025-03-03,0,
15963,5,4,OUT,SALE,2,2025-03-04,0,
15964,5,4,OUT,SALE,3,2025-03-05,0,
15965,5,4,OUT,SALE,3,2025-03-06,0,
15966,5,4,OUT,SALE,3,2025-03-07,0,
15967,5,4,OUT,SALE,3,2025-03-08,0,
15968,5,4,OUT,SALE,3,2025-03-09,0,
15969,5,4,OUT,SALE,2,2025-03-10,0,
15970,5,4,OUT,SALE,3,2025-03-11,0,
15971,5,4,OUT,SALE,3,2025-03-12,0,
15972,5,4,OUT,SALE,3,2025-03-13,0,
15973,5,4,OUT,SALE,2,2025-03-14,0,
15974,5,4,OUT,SALE,6,2025-03-15,0,
15975,5,4,OUT,SALE,5,2025-03-16,0,
15976,5,4,OUT,SALE,5,2025-03-17,0,
15977,5,4,OUT,SALE,5,2025-03-18,0,
15978,5,4,OUT,SALE,3,2025-03-19,0,
15979,5,4,OUT,SALE,3,2025-03-20,0,
15980,5,4,OUT,SALE,3,2025-03-21,0,
15981,5,4,OUT,SALE,3,2025-03-22,0,
15982,5,4,OUT,SALE,3,2025-03-23,0,
15983,5,4,OUT,SALE,2,2025-03-24,0,
15984,5,4,OUT,SALE,3,2025-03-25,0,
15985,5,4,OUT,SALE,3,2025-03-26,0,
15986,5,4,OUT,SALE,3,2025-03-27,0,
15987,5,4,OUT,SALE,3,2025-03-28,0,
15988,5,4,OUT,SALE,3,2025-03-29,0,
15989,5,4,OUT,SALE,3,2025-03-30,0,
15990,5,4,OUT,SALE,2,2025-03-31,0,
15991,5,4,OUT,SALE,2,2025-04-01,0,
15992,5,4,OUT,SALE,2,2025-04-02,0,
15993,5,4,OUT,SALE,2,2025-04-03,0,
15994,5,4,OUT,SALE,2,2025-04-04,0,
15995,5,4,OUT,SALE,2,2025-04-05,0,
15996,5,4,OUT,SALE,2,2025-04-06,0,
15997,5,4,OUT,SALE,2,2025-04-07,0,
15998,5,4,OUT,SALE,2,2025-04-08,0,
15999,5,4,OUT,SALE,2,2025-04-09,0,
16000,5,4,OUT,SALE,2,2025-04-10,0,
16001,5,4,OUT,SALE,2,2025-04-11,0,
16002,5,4,OUT,SALE,2,2025-04-12,0,
16003,5,4,OUT,SALE,2,2025-04-13,0,
16004,5,4,OUT,SALE,2,2025-04-14,0,
16005,5,4,OUT,SALE,2,2025-04-15,0,
16006,5,4,OUT,SALE,2,2025-04-16,0,
16007,5,4,OUT,SALE,2,2025-04-17,0,
16008,5,4,OUT,SALE,2,2025-04-18,0,
16009,5,4,OUT,SALE,2,2025-04-19,0,
16010,5,4,OUT,SALE,2,2025-04-20,0,
16011,5,4,OUT,SALE,2,2025-04-21,0,
16012,5,4,OUT,SALE,2,2025-04-22,0,
16013,5,4,OUT,SALE,1,2025-04-23,0,
16014,5,4,OUT,SALE,2,2025-04-24,0,
16015,5,4,OUT,SALE,2,2025-04-25,0,
16016,5,4,OUT,SALE,2,2025-04-26,0,
16017,5,4,OUT,SALE,2,2025-04-27,0,
16018,5,4,OUT,SALE,2,2025-04-28,0,
16019,5,4,OUT,SALE,2,2025-04-29,0,
16020,5,4,OUT,SALE,2,2025-04-30,0,
16021,5,4,OUT,SALE,1,2025-05-01,0,
16022,5,4,OUT,SALE,1,2025-05-02,0,
16023,5,4,OUT,SALE,1,2025-05-03,0,
16024,5,4,OUT,SALE,2,2025-05-04,0,
16025,5,4,OUT,SALE,1,2025-05-05,0,
16026,5,4,OUT,SALE,1,2025-05-06,0,
16027,5,4,OUT,SALE,1,2025-05-07,0,
16028,5,4,OUT,SALE,1,2025-05-08,0,
16029,5,4,OUT,SALE,1,2025-05-09,0,
16030,5,4,OUT,SALE,1,2025-05-10,0,
16031,5,4,OUT,SALE,1,2025-05-11,0,
16032,5,4,OUT,SALE,1,2025-05-12,0,
16033,5,4,OUT,SALE,1,2025-05-13,0,
16034,5,4,OUT,SALE,1,2025-05-14,0,
16035,5,4,OUT,SALE,1,2025-05-15,0,
16036,5,4,OUT,SALE,1,2025-05-16,0,
16037,5,4,OUT,SALE,1,2025-05-17,0,
16038,5,4,OUT,SALE,1,2025-05-18,0,
16039,5,4,OUT,SALE,1,2025-05-19,0,
16040,5,4,OUT,SALE,1,2025-05-20,0,
16041,5,4,OUT,SALE,1,2025-05-21,0,
16042,5,4,OUT,SALE,1,2025-05-22,0,
16043,5,4,OUT,SALE,1,2025-05-23,0,
16044,5,4,OUT,SALE,1,2025-05-24,0,
16045,5,4,OUT,SALE,0,2025-05-25,1,DATA_ERROR
16046,5,4,OUT,SALE,1,2025-05-26,0,
16047,5,4,OUT,SALE,1,2025-05-27,0,
16048,5,4,OUT,SALE,1,2025-05-28,0,
16049,5,4,OUT,SALE,1,2025-05-29,0,
16050,5,4,OUT,SALE,1,2025-05-30,0,
16051,5,4,OUT,SALE,1,2025-05-31,0,
16052,5,4,OUT,SALE,1,2025-06-01,0,
16053,5,4,OUT,SALE,1,2025-06-02,0,
16054,5,4,OUT,SALE,1,2025-06-03,0,
16055,5,4,OUT,SALE,1,2025-06-04,0,
16056,5,4,OUT,SALE,1,2025-06-05,0,
16057,5,4,OUT,SALE,1,2025-06-06,0,
16058,5,4,OUT,SALE,1,2025-06-07,0,
16059,5,4,OUT,SALE,1,2025-06-08,0,
16060,5,4,OUT,SALE,1,2025-06-09,0,
16061,5,4,OUT,SALE,1,2025-06-10,0,
16062,5,4,OUT,SALE,1,2025-06-11,0,
16063,5,4,OUT,SALE,1,2025-06-12,0,
16064,5,4,OUT,SALE,1,2025-06-13,0,
16065,5,4,OUT,SALE,1,2025-06-14,0,
16066,5,4,OUT,SALE,1,2025-06-15,0,
16067,5,4,OUT,SALE,1,2025-06-16,0,
16068,5,4,OUT,SALE,1,2025-06-17,0,
16069,5,4,OUT,SALE,1,2025-06-18,0,
16070,5,4,OUT,SALE,1,2025-06-19,0,
16071,5,4,OUT,SALE,9999,2025-06-20,1,DATA_ERROR
16072,5,4,OUT,SALE,1,2025-06-21,0,
16073,5,4,OUT,SALE,1,2025-06-22,0,
16074,5,4,OUT,SALE,1,2025-06-23,0,
16075,5,4,OUT,SALE,1,2025-06-24,0,
16076,5,4,OUT,SALE,1,2025-06-25,0,
16077,5,4,OUT,SALE,1,2025-06-26,0,
16078,5,4,OUT,SALE,1,2025-06-27,0,
16079,5,4,OUT,SALE,1,2025-06-28,0,
16080,5,4,OUT,SALE,1,2025-06-29,0,
16081,5,4,OUT,SALE,1,2025-06-30,0,
16082,5,4,OUT,SALE,1,2025-07-01,0,
16083,5,4,OUT,SALE,1,2025-07-02,0,
16084,5,4,OUT,SALE,1,2025-07-03,0,
16085,5,4,OUT,SALE,1,2025-07-04,0,
16086,5,4,OUT,SALE,1,2025-07-05,0,
16087,5,4,OUT,SALE,1,2025-07-06,0,
16088,5,4,OUT,SALE,1,2025-07-07,0,
16089,5,4,OUT,SALE,1,2025-07-08,0,
16090,5,4,OUT,SALE,1,2025-07-09,0,
16091,5,4,OUT,SALE,1,2025-07-10,0,
16092,5,4,OUT,SALE,1,2025-07-11,0,
16093,5,4,OUT,SALE,2,2025-07-12,0,
16094,5,4,OUT,SALE,1,2025-07-13,0,
16095,5,4,OUT,SALE,1,2025-07-14,0,
16096,5,4,OUT,SALE,1,2025-07-15,0,
16097,5,4,OUT,SALE,1,2025-07-16,0,
16098,5,4,OUT,SALE,1,2025-07-17,0,
16099,5,4,OUT,SALE,1,2025-07-18,0,
16100,5,4,OUT,SALE,1,2025-07-19,0,
16101,5,4,OUT,SALE,3,2025-07-20,0,
16102,5,4,OUT,SALE,3,2025-07-21,0,
16103,5,4,OUT,SALE,2,2025-07-22,0,
16104,5,4,OUT,SALE,3,2025-07-23,0,
16105,5,4,OUT,SALE,2,2025-07-24,0,
16106,5,4,OUT,SALE,2,2025-07-25,0,
16107,5,4,OUT,SALE,1,2025-07-26,0,
16108,5,4,OUT,SALE,1,2025-07-27,0,
16109,5,4,OUT,SALE,1,2025-07-28,0,
16110,5,4,OUT,SALE,1,2025-07-29,0,
16111,5,4,OUT,SALE,1,2025-07-30,0,
16112,5,4,OUT,SALE,1,2025-07-31,0,
16113,5,4,OUT,SALE,2,2025-08-01,0,
16114,5,4,OUT,SALE,2,2025-08-02,0,
16115,5,4,OUT,SALE,2,2025-08-03,0,
16116,5,4,OUT,SALE,2,2025-08-04,0,
16117,5,4,OUT,SALE,2,2025-08-05,0,
16118,5,4,OUT,SALE,2,2025-08-06,0,
16119,5,4,OUT,SALE,9999,2025-08-07,1,DATA_ERROR
16120,5,4,OUT,SALE,2,2025-08-08,0,
16121,5,4,OUT,SALE,1,2025-08-09,0,
16122,5,4,OUT,SALE,2,2025-08-10,0,
16123,5,4,OUT,SALE,1,2025-08-11,0,
16124,5,4,OUT,SALE,1,2025-08-12,0,
16125,5,4,OUT,SALE,1,2025-08-13,0,
16126,5,4,OUT,SALE,2,2025-08-14,0,
16127,5,4,OUT,SALE,2,2025-08-15,0,
16128,5,4,OUT,SALE,2,2025-08-16,0,
16129,5,4,OUT,SALE,2,2025-08-17,0,
16130,5,4,OUT,SALE,2,2025-08-18,0,
16131,5,4,OUT,SALE,1,2025-08-19,0,
16132,5,4,OUT,SALE,2,2025-08-20,0,
16133,5,4,OUT,SALE,2,2025-08-21,0,
16134,5,4,OUT,SALE,2,2025-08-22,0,
16135,5,4,OUT,SALE,2,2025-08-23,0,
16136,5,4,OUT,SALE,2,2025-08-24,0,
16137,5,4,OUT,SALE,2,2025-08-25,0,
16138,5,4,OUT,SALE,1,2025-08-26,0,
16139,5,4,OUT,SALE,2,2025-08-27,0,
16140,5,4,OUT,SALE,2,2025-08-28,0,
16141,5,4,OUT,SALE,2,2025-08-29,0,
16142,5,4,OUT,SALE,2,2025-08-30,0,
16143,5,4,OUT,SALE,2,2025-08-31,0,
16144,5,4,OUT,SALE,3,2025-09-01,0,
16145,5,4,OUT,SALE,3,2025-09-02,0,
16146,5,4,OUT,SALE,3,2025-09-03,0,
16147,5,4,OUT,SALE,2,2025-09-04,0,
16148,5,4,OUT,SALE,3,2025-09-05,0,
16149,5,4,OUT,SALE,4,2025-09-06,0,
16150,5,4,OUT,SALE,3,2025-09-07,0,
16151,5,4,OUT,SALE,3,2025-09-08,0,
16152,5,4,OUT,SALE,2,2025-09-09,0,
16153,5,4,OUT,SALE,3,2025-09-10,0,
16154,5,4,OUT,SALE,2,2025-09-11,0,
16155,5,4,OUT,SALE,3,2025-09-12,0,
16156,5,4,OUT,SALE,2,2025-09-13,0,
16157,5,4,OUT,SALE,3,2025-09-14,0,
16158,5,4,OUT,SALE,3,2025-09-15,0,
16159,5,4,OUT,SALE,3,2025-09-16,0,
16160,5,4,OUT,SALE,3,2025-09-17,0,
16161,5,4,OUT,SALE,3,2025-09-18,0,
16162,5,4,OUT,SALE,3,2025-09-19,0,
16163,5,4,OUT,SALE,3,2025-09-20,0,
16164,5,4,OUT,SALE,3,2025-09-21,0,
16165,5,4,OUT,SALE,3,2025-09-22,0,
16166,5,4,OUT,SALE,2,2025-09-23,0,
16167,5,4,OUT,SALE,3,2025-09-24,0,
16168,5,4,OUT,SALE,3,2025-09-25,0,
16169,5,4,OUT,SALE,2,2025-09-26,0,
16170,5,4,OUT,SALE,2,2025-09-27,0,
16171,5,4,OUT,SALE,3,2025-09-28,0,
16172,5,4,OUT,SALE,3,2025-09-29,0,
16173,5,4,OUT,SALE,5,2025-09-30,0,
16174,5,4,OUT,SALE,6,2025-10-01,0,
16175,5,4,OUT,SALE,6,2025-10-02,0,
16176,5,4,OUT,SALE,6,2025-10-03,0,
16177,5,4,OUT,SALE,5,2025-10-04,0,
16178,5,4,OUT,SALE,4,2025-10-05,0,
16179,5,4,OUT,SALE,4,2025-10-06,0,
16180,5,4,OUT,SALE,3,2025-10-07,0,
16181,5,4,OUT,SALE,3,2025-10-08,0,
16182,5,4,OUT,SALE,4,2025-10-09,0,
16183,5,4,OUT,SALE,3,2025-10-10,0,
16184,5,4,OUT,SALE,4,2025-10-11,0,
16185,5,4,OUT,SALE,3,2025-10-12,0,
16186,5,4,OUT,SALE,3,2025-10-13,0,
16187,5,4,OUT,SALE,4,2025-10-14,0,
16188,5,4,OUT,SALE,5,2025-10-15,0,
16189,5,4,OUT,SALE,3,2025-10-16,0,
16190,5,4,OUT,SALE,4,2025-10-17,0,
16191,5,4,OUT,SALE,4,2025-10-18,0,
16192,5,4,OUT,SALE,4,2025-10-19,0,
16193,5,4,OUT,SALE,4,2025-10-20,0,
16194,5,4,OUT,SALE,3,2025-10-21,0,
16195,5,4,OUT,SALE,4,2025-10-22,0,
16196,5,4,OUT,SALE,3,2025-10-23,0,
16197,5,4,OUT,SALE,4,2025-10-24,0,
16198,5,4,OUT,SALE,4,2025-10-25,0,
16199,5,4,OUT,SALE,4,2025-10-26,0,
16200,5,4,OUT,SALE,4,2025-10-27,0,
16201,5,4,OUT,SALE,3,2025-10-28,0,
16202,5,4,OUT,SALE,4,2025-10-29,0,
16203,5,4,OUT,SALE,3,2025-10-30,0,
16204,5,4,OUT,SALE,3,2025-10-31,0,
16205,5,4,OUT,SALE,5,2025-11-01,0,
16206,5,4,OUT,SALE,4,2025-11-02,0,
16207,5,4,OUT,SALE,4,2025-11-03,0,
16208,5,4,OUT,SALE,5,2025-11-04,0,
16209,5,4,OUT,SALE,4,2025-11-05,0,
16210,5,4,OUT,SALE,5,2025-11-06,0,
16211,5,4,OUT,SALE,4,2025-11-07,0,
16212,5,4,OUT,SALE,5,2025-11-08,0,
16213,5,4,OUT,SALE,6,2025-11-09,0,
16214,5,4,OUT,SALE,4,2025-11-10,0,
16215,5,4,OUT,SALE,5,2025-11-11,0,
16216,5,4,OUT,SALE,5,2025-11-12,0,
16217,5,4,OUT,SALE,4,2025-11-13,0,
16218,5,4,OUT,SALE,5,2025-11-14,0,
16219,5,4,OUT,SALE,5,2025-11-15,0,
16220,5,4,OUT,SALE,5,2025-11-16,0,
16221,5,4,OUT,SALE,4,2025-11-17,0,
16222,5,4,OUT,SALE,5,2025-11-18,0,
16223,5,4,OUT,SALE,5,2025-11-19,0,
16224,5,4,OUT,SALE,5,2025-11-20,0,
16225,5,4,OUT,SALE,5,2025-11-21,0,
16226,5,4,OUT,SALE,5,2025-11-22,0,
16227,5,4,OUT,SALE,4,2025-11-23,0,
16228,5,4,OUT,SALE,4,2025-11-24,0,
16229,5,4,OUT,SALE,4,2025-11-25,0,
16230,5,4,OUT,SALE,5,2025-11-26,0,
16231,5,4,OUT,SALE,5,2025-11-27,0,
16232,5,4,OUT,SALE,11,2025-11-28,0,
16233,5,4,OUT,SALE,13,2025-11-29,0,
16234,5,4,OUT,SALE,13,2025-11-30,0,
16235,5,4,OUT,SALE,4,2025-12-01,0,
16236,5,4,OUT,SALE,5,2025-12-02,0,
16237,5,4,OUT,SALE,3,2025-12-03,0,
16238,5,4,OUT,SALE,5,2025-12-04,0,
16239,5,4,OUT,SALE,5,2025-12-05,0,
16240,5,4,OUT,SALE,6,2025-12-06,0,
16241,5,4,OUT,SALE,5,2025-12-07,0,
16242,5,4,OUT,DAMAGE,21,2025-12-08,1,OFF_HOURS_BULK
16243,5,4,OUT,SALE,5,2025-12-09,0,
16244,5,4,OUT,SALE,5,2025-12-10,0,
16245,5,4,OUT,SALE,4,2025-12-11,0,
16246,5,4,OUT,SALE,5,2025-12-12,0,
16247,5,4,OUT,SALE,5,2025-12-13,0,
16248,5,4,OUT,SALE,5,2025-12-14,0,
16249,5,4,OUT,SALE,5,2025-12-15,0,
16250,5,4,OUT,SALE,5,2025-12-16,0,
16251,5,4,OUT,SALE,5,2025-12-17,0,
16252,5,4,OUT,SALE,4,2025-12-18,0,
16253,5,4,OUT,SALE,5,2025-12-19,0,
16254,5,4,OUT,SALE,5,2025-12-20,0,
16255,5,4,OUT,SALE,6,2025-12-21,0,
16256,5,4,OUT,SALE,5,2025-12-22,0,
16257,5,4,OUT,SALE,4,2025-12-23,0,
16258,5,4,OUT,SALE,7,2025-12-24,0,
16259,5,4,OUT,SALE,8,2025-12-25,0,
16260,5,4,OUT,SALE,8,2025-12-26,0,
16261,5,4,OUT,SALE,6,2025-12-27,0,
16262,5,4,OUT,SALE,5,2025-12-28,0,
16263,5,4,OUT,SALE,5,2025-12-29,0,
16264,5,4,OUT,SALE,4,2025-12-30,0,
16265,5,4,OUT,SALE,4,2025-12-31,0,
16266,5,5,OUT,SALE,17,2025-01-01,0,
16267,5,5,OUT,SALE,13,2025-01-02,0,
16268,5,5,OUT,SALE,16,2025-01-03,0,
16269,5,5,OUT,SALE,17,2025-01-04,0,
16270,5,5,OUT,SALE,17,2025-01-05,0,
16271,5,5,OUT,SALE,15,2025-01-06,0,
16272,5,5,OUT,SALE,12,2025-01-07,0,
16273,5,5,OUT,SALE,17,2025-01-08,0,
16274,5,5,OUT,SALE,18,2025-01-09,0,
16275,5,5,OUT,SALE,15,2025-01-10,0,
16276,5,5,OUT,SALE,22,2025-01-11,0,
16277,5,5,OUT,SALE,16,2025-01-12,0,
16278,5,5,OUT,SALE,15,2025-01-13,0,
16279,5,5,OUT,SALE,17,2025-01-14,0,
16280,5,5,OUT,SALE,14,2025-01-15,0,
16281,5,5,OUT,SALE,12,2025-01-16,0,
16282,5,5,OUT,SALE,12,2025-01-17,0,
16283,5,5,OUT,SALE,21,2025-01-18,0,
16284,5,5,OUT,SALE,16,2025-01-19,0,
16285,5,5,OUT,SALE,14,2025-01-20,0,
16286,5,5,OUT,SALE,13,2025-01-21,0,
16287,5,5,OUT,SALE,16,2025-01-22,0,
16288,5,5,OUT,SALE,13,2025-01-23,0,
16289,5,5,OUT,SALE,14,2025-01-24,0,
16290,5,5,OUT,SALE,31,2025-01-25,0,
16291,5,5,OUT,SALE,26,2025-01-26,0,
16292,5,5,OUT,SALE,26,2025-01-27,0,
16293,5,5,OUT,SALE,30,2025-01-28,0,
16294,5,5,OUT,SALE,15,2025-01-29,0,
16295,5,5,OUT,SALE,15,2025-01-30,0,
16296,5,5,OUT,SALE,15,2025-01-31,0,
16297,5,5,OUT,SALE,13,2025-02-01,0,
16298,5,5,OUT,SALE,17,2025-02-02,0,
16299,5,5,OUT,SALE,11,2025-02-03,0,
16300,5,5,OUT,SALE,12,2025-02-04,0,
16301,5,5,OUT,SALE,12,2025-02-05,0,
16302,5,5,OUT,SALE,14,2025-02-06,0,
16303,5,5,OUT,SALE,14,2025-02-07,0,
16304,5,5,OUT,SALE,14,2025-02-08,0,
16305,5,5,OUT,SALE,14,2025-02-09,0,
16306,5,5,OUT,SALE,13,2025-02-10,0,
16307,5,5,OUT,SALE,9,2025-02-11,0,
16308,5,5,OUT,SALE,10,2025-02-12,0,
16309,5,5,OUT,SALE,11,2025-02-13,0,
16310,5,5,OUT,SALE,11,2025-02-14,0,
16311,5,5,OUT,SALE,12,2025-02-15,0,
16312,5,5,OUT,SALE,15,2025-02-16,0,
16313,5,5,OUT,SALE,12,2025-02-17,0,
16314,5,5,OUT,SALE,12,2025-02-18,0,
16315,5,5,OUT,SALE,10,2025-02-19,0,
16316,5,5,OUT,SALE,12,2025-02-20,0,
16317,5,5,OUT,SALE,8,2025-02-21,0,
16318,5,5,OUT,SALE,14,2025-02-22,0,
16319,5,5,OUT,DAMAGE,77,2025-02-23,1,THEFT_SPIKE
16320,5,5,OUT,SALE,13,2025-02-24,0,
16321,5,5,OUT,SALE,10,2025-02-25,0,
16322,5,5,OUT,SALE,13,2025-02-26,0,
16323,5,5,OUT,SALE,11,2025-02-27,0,
16324,5,5,OUT,SALE,11,2025-02-28,0,
16325,5,5,OUT,SALE,11,2025-03-01,0,
16326,5,5,OUT,SALE,13,2025-03-02,0,
16327,5,5,OUT,SALE,9,2025-03-03,0,
16328,5,5,OUT,SALE,8,2025-03-04,0,
16329,5,5,OUT,SALE,9,2025-03-05,0,
16330,5,5,OUT,SALE,10,2025-03-06,0,
16331,5,5,OUT,SALE,10,2025-03-07,0,
16332,5,5,OUT,SALE,14,2025-03-08,0,
16333,5,5,OUT,SALE,9,2025-03-09,0,
16334,5,5,OUT,SALE,9,2025-03-10,0,
16335,5,5,OUT,SALE,11,2025-03-11,0,
16336,5,5,OUT,SALE,11,2025-03-12,0,
16337,5,5,OUT,SALE,7,2025-03-13,0,
16338,5,5,OUT,SALE,9,2025-03-14,0,
16339,5,5,OUT,SALE,20,2025-03-15,0,
16340,5,5,OUT,SALE,22,2025-03-16,0,
16341,5,5,OUT,SALE,16,2025-03-17,0,
16342,5,5,OUT,SALE,14,2025-03-18,0,
16343,5,5,OUT,SALE,8,2025-03-19,0,
16344,5,5,OUT,SALE,11,2025-03-20,0,
16345,5,5,OUT,SALE,10,2025-03-21,0,
16346,5,5,OUT,SALE,9,2025-03-22,0,
16347,5,5,OUT,SALE,10,2025-03-23,0,
16348,5,5,OUT,SALE,9,2025-03-24,0,
16349,5,5,OUT,SALE,10,2025-03-25,0,
16350,5,5,OUT,SALE,8,2025-03-26,0,
16351,5,5,OUT,SALE,8,2025-03-27,0,
16352,5,5,OUT,SALE,7,2025-03-28,0,
16353,5,5,OUT,SALE,12,2025-03-29,0,
16354,5,5,OUT,SALE,10,2025-03-30,0,
16355,5,5,OUT,SALE,10,2025-03-31,0,
16356,5,5,OUT,SALE,7,2025-04-01,0,
16357,5,5,OUT,SALE,6,2025-04-02,0,
16358,5,5,OUT,SALE,6,2025-04-03,0,
16359,5,5,OUT,SALE,6,2025-04-04,0,
16360,5,5,OUT,SALE,7,2025-04-05,0,
16361,5,5,OUT,SALE,8,2025-04-06,0,
16362,5,5,OUT,SALE,6,2025-04-07,0,
16363,5,5,OUT,SALE,5,2025-04-08,0,
16364,5,5,OUT,SALE,7,2025-04-09,0,
16365,5,5,OUT,SALE,7,2025-04-10,0,
16366,5,5,OUT,SALE,5,2025-04-11,0,
16367,5,5,OUT,SALE,8,2025-04-12,0,
16368,5,5,OUT,SALE,7,2025-04-13,0,
16369,5,5,OUT,SALE,6,2025-04-14,0,
16370,5,5,OUT,SALE,7,2025-04-15,0,
16371,5,5,OUT,SALE,5,2025-04-16,0,
16372,5,5,OUT,SALE,7,2025-04-17,0,
16373,5,5,OUT,SALE,6,2025-04-18,0,
16374,5,5,OUT,SALE,6,2025-04-19,0,
16375,5,5,OUT,SALE,6,2025-04-20,0,
16376,5,5,OUT,SALE,6,2025-04-21,0,
16377,5,5,OUT,SALE,5,2025-04-22,0,
16378,5,5,OUT,SALE,7,2025-04-23,0,
16379,5,5,OUT,SALE,7,2025-04-24,0,
16380,5,5,OUT,SALE,7,2025-04-25,0,
16381,5,5,OUT,SALE,7,2025-04-26,0,
16382,5,5,OUT,SALE,7,2025-04-27,0,
16383,5,5,OUT,SALE,5,2025-04-28,0,
16384,5,5,OUT,DAMAGE,58,2025-04-29,1,THEFT_SPIKE
16385,5,5,OUT,SALE,6,2025-04-30,0,
16386,5,5,OUT,SALE,4,2025-05-01,0,
16387,5,5,OUT,SALE,4,2025-05-02,0,
16388,5,5,OUT,SALE,4,2025-05-03,0,
16389,5,5,OUT,SALE,4,2025-05-04,0,
16390,5,5,OUT,SALE,4,2025-05-05,0,
16391,5,5,OUT,SALE,3,2025-05-06,0,
16392,5,5,OUT,SALE,3,2025-05-07,0,
16393,5,5,OUT,SALE,4,2025-05-08,0,
16394,5,5,OUT,SALE,3,2025-05-09,0,
16395,5,5,OUT,SALE,5,2025-05-10,0,
16396,5,5,OUT,SALE,3,2025-05-11,0,
16397,5,5,OUT,SALE,4,2025-05-12,0,
16398,5,5,OUT,SALE,4,2025-05-13,0,
16399,5,5,OUT,SALE,3,2025-05-14,0,
16400,5,5,OUT,SALE,3,2025-05-15,0,
16401,5,5,OUT,SALE,3,2025-05-16,0,
16402,5,5,OUT,SALE,4,2025-05-17,0,
16403,5,5,OUT,SALE,5,2025-05-18,0,
16404,5,5,OUT,SALE,4,2025-05-19,0,
16405,5,5,OUT,SALE,4,2025-05-20,0,
16406,5,5,OUT,SALE,3,2025-05-21,0,
16407,5,5,OUT,SALE,4,2025-05-22,0,
16408,5,5,OUT,SALE,3,2025-05-23,0,
16409,5,5,OUT,SALE,4,2025-05-24,0,
16410,5,5,OUT,SALE,4,2025-05-25,0,
16411,5,5,OUT,SALE,3,2025-05-26,0,
16412,5,5,OUT,SALE,3,2025-05-27,0,
16413,5,5,OUT,SALE,3,2025-05-28,0,
16414,5,5,OUT,SALE,4,2025-05-29,0,
16415,5,5,OUT,SALE,4,2025-05-30,0,
16416,5,5,OUT,SALE,5,2025-05-31,0,
16417,5,5,OUT,SALE,4,2025-06-01,0,
16418,5,5,OUT,SALE,3,2025-06-02,0,
16419,5,5,OUT,SALE,3,2025-06-03,0,
16420,5,5,OUT,SALE,2,2025-06-04,0,
16421,5,5,OUT,SALE,3,2025-06-05,0,
16422,5,5,OUT,SALE,3,2025-06-06,0,
16423,5,5,OUT,SALE,4,2025-06-07,0,
16424,5,5,OUT,SALE,3,2025-06-08,0,
16425,5,5,OUT,SALE,3,2025-06-09,0,
16426,5,5,OUT,SALE,2,2025-06-10,0,
16427,5,5,OUT,SALE,3,2025-06-11,0,
16428,5,5,OUT,SALE,3,2025-06-12,0,
16429,5,5,OUT,SALE,3,2025-06-13,0,
16430,5,5,OUT,SALE,3,2025-06-14,0,
16431,5,5,OUT,SALE,3,2025-06-15,0,
16432,5,5,OUT,SALE,3,2025-06-16,0,
16433,5,5,OUT,SALE,2,2025-06-17,0,
16434,5,5,OUT,SALE,3,2025-06-18,0,
16435,5,5,OUT,SALE,2,2025-06-19,0,
16436,5,5,OUT,SALE,2,2025-06-20,0,
16437,5,5,OUT,SALE,3,2025-06-21,0,
16438,5,5,OUT,SALE,4,2025-06-22,0,
16439,5,5,OUT,SALE,3,2025-06-23,0,
16440,5,5,OUT,SALE,3,2025-06-24,0,
16441,5,5,OUT,SALE,3,2025-06-25,0,
16442,5,5,OUT,SALE,3,2025-06-26,0,
16443,5,5,OUT,SALE,2,2025-06-27,0,
16444,5,5,OUT,SALE,2,2025-06-28,0,
16445,5,5,OUT,SALE,3,2025-06-29,0,
16446,5,5,OUT,SALE,3,2025-06-30,0,
16447,5,5,OUT,SALE,4,2025-07-01,0,
16448,5,5,OUT,SALE,4,2025-07-02,0,
16449,5,5,OUT,SALE,4,2025-07-03,0,
16450,5,5,OUT,SALE,4,2025-07-04,0,
16451,5,5,OUT,SALE,4,2025-07-05,0,
16452,5,5,OUT,SALE,4,2025-07-06,0,
16453,5,5,OUT,SALE,4,2025-07-07,0,
16454,5,5,OUT,SALE,4,2025-07-08,0,
16455,5,5,OUT,DAMAGE,21,2025-07-09,1,THEFT_SPIKE
16456,5,5,OUT,SALE,3,2025-07-10,0,
16457,5,5,OUT,SALE,4,2025-07-11,0,
16458,5,5,OUT,SALE,4,2025-07-12,0,
16459,5,5,OUT,SALE,5,2025-07-13,0,
16460,5,5,OUT,SALE,2,2025-07-14,0,
16461,5,5,OUT,SALE,4,2025-07-15,0,
16462,5,5,OUT,SALE,4,2025-07-16,0,
16463,5,5,OUT,SALE,4,2025-07-17,0,
16464,5,5,OUT,SALE,3,2025-07-18,0,
16465,5,5,OUT,SALE,5,2025-07-19,0,
16466,5,5,OUT,SALE,10,2025-07-20,0,
16467,5,5,OUT,SALE,7,2025-07-21,0,
16468,5,5,OUT,SALE,6,2025-07-22,0,
16469,5,5,OUT,SALE,8,2025-07-23,0,
16470,5,5,OUT,SALE,8,2025-07-24,0,
16471,5,5,OUT,SALE,6,2025-07-25,0,
16472,5,5,OUT,SALE,4,2025-07-26,0,
16473,5,5,OUT,SALE,4,2025-07-27,0,
16474,5,5,OUT,SALE,4,2025-07-28,0,
16475,5,5,OUT,SALE,4,2025-07-29,0,
16476,5,5,OUT,SALE,4,2025-07-30,0,
16477,5,5,OUT,SALE,4,2025-07-31,0,
16478,5,5,OUT,SALE,5,2025-08-01,0,
16479,5,5,OUT,SALE,7,2025-08-02,0,
16480,5,5,OUT,SALE,7,2025-08-03,0,
16481,5,5,OUT,SALE,5,2025-08-04,0,
16482,5,5,OUT,SALE,6,2025-08-05,0,
16483,5,5,OUT,SALE,7,2025-08-06,0,
16484,5,5,OUT,SALE,6,2025-08-07,0,
16485,5,5,OUT,SALE,5,2025-08-08,0,
16486,5,5,OUT,SALE,7,2025-08-09,0,
16487,5,5,OUT,SALE,6,2025-08-10,0,
16488,5,5,OUT,SALE,6,2025-08-11,0,
16489,5,5,OUT,SALE,6,2025-08-12,0,
16490,5,5,OUT,SALE,6,2025-08-13,0,
16491,5,5,OUT,SALE,6,2025-08-14,0,
16492,5,5,OUT,SALE,6,2025-08-15,0,
16493,5,5,OUT,SALE,7,2025-08-16,0,
16494,5,5,OUT,SALE,6,2025-08-17,0,
16495,5,5,OUT,SALE,5,2025-08-18,0,
16496,5,5,OUT,SALE,7,2025-08-19,0,
16497,5,5,OUT,SALE,6,2025-08-20,0,
16498,5,5,OUT,SALE,6,2025-08-21,0,
16499,5,5,OUT,SALE,6,2025-08-22,0,
16500,5,5,OUT,SALE,7,2025-08-23,0,
16501,5,5,OUT,SALE,6,2025-08-24,0,
16502,5,5,OUT,SALE,5,2025-08-25,0,
16503,5,5,OUT,SALE,5,2025-08-26,0,
16504,5,5,OUT,SALE,6,2025-08-27,0,
16505,5,5,OUT,SALE,5,2025-08-28,0,
16506,5,5,OUT,SALE,6,2025-08-29,0,
16507,5,5,OUT,SALE,8,2025-08-30,0,
16508,5,5,OUT,SALE,5,2025-08-31,0,
16509,5,5,OUT,SALE,8,2025-09-01,0,
16510,5,5,OUT,SALE,11,2025-09-02,0,
16511,5,5,OUT,SALE,9,2025-09-03,0,
16512,5,5,OUT,SALE,8,2025-09-04,0,
16513,5,5,OUT,SALE,10,2025-09-05,0,
16514,5,5,OUT,SALE,10,2025-09-06,0,
16515,5,5,OUT,SALE,10,2025-09-07,0,
16516,5,5,OUT,SALE,9,2025-09-08,0,
16517,5,5,OUT,SALE,8,2025-09-09,0,
16518,5,5,OUT,SALE,8,2025-09-10,0,
16519,5,5,OUT,SALE,9,2025-09-11,0,
16520,5,5,OUT,SALE,8,2025-09-12,0,
16521,5,5,OUT,SALE,10,2025-09-13,0,
16522,5,5,OUT,SALE,11,2025-09-14,0,
16523,5,5,OUT,SALE,10,2025-09-15,0,
16524,5,5,OUT,SALE,10,2025-09-16,0,
16525,5,5,OUT,SALE,9,2025-09-17,0,
16526,5,5,OUT,SALE,10,2025-09-18,0,
16527,5,5,OUT,SALE,10,2025-09-19,0,
16528,5,5,OUT,SALE,11,2025-09-20,0,
16529,5,5,OUT,SALE,10,2025-09-21,0,
16530,5,5,OUT,SALE,8,2025-09-22,0,
16531,5,5,OUT,SALE,10,2025-09-23,0,
16532,5,5,OUT,SALE,7,2025-09-24,0,
16533,5,5,OUT,SALE,9,2025-09-25,0,
16534,5,5,OUT,SALE,6,2025-09-26,0,
16535,5,5,OUT,SALE,9,2025-09-27,0,
16536,5,5,OUT,SALE,9,2025-09-28,0,
16537,5,5,OUT,SALE,10,2025-09-29,0,
16538,5,5,OUT,SALE,19,2025-09-30,0,
16539,5,5,OUT,SALE,22,2025-10-01,0,
16540,5,5,OUT,SALE,25,2025-10-02,0,
16541,5,5,OUT,SALE,26,2025-10-03,0,
16542,5,5,OUT,SALE,14,2025-10-04,0,
16543,5,5,OUT,SALE,12,2025-10-05,0,
16544,5,5,OUT,SALE,12,2025-10-06,0,
16545,5,5,OUT,SALE,12,2025-10-07,0,
16546,5,5,OUT,SALE,10,2025-10-08,0,
16547,5,5,OUT,SALE,13,2025-10-09,0,
16548,5,5,OUT,SALE,13,2025-10-10,0,
16549,5,5,OUT,SALE,15,2025-10-11,0,
16550,5,5,OUT,SALE,14,2025-10-12,0,
16551,5,5,OUT,SALE,13,2025-10-13,0,
16552,5,5,OUT,SALE,12,2025-10-14,0,
16553,5,5,OUT,SALE,12,2025-10-15,0,
16554,5,5,OUT,SALE,12,2025-10-16,0,
16555,5,5,OUT,SALE,11,2025-10-17,0,
16556,5,5,OUT,SALE,16,2025-10-18,0,
16557,5,5,OUT,SALE,11,2025-10-19,0,
16558,5,5,OUT,SALE,13,2025-10-20,0,
16559,5,5,OUT,SALE,11,2025-10-21,0,
16560,5,5,OUT,SALE,11,2025-10-22,0,
16561,5,5,OUT,SALE,13,2025-10-23,0,
16562,5,5,OUT,SALE,10,2025-10-24,0,
16563,5,5,OUT,DAMAGE,66,2025-10-25,1,THEFT_SPIKE
16564,5,5,OUT,SALE,13,2025-10-26,0,
16565,5,5,OUT,SALE,12,2025-10-27,0,
16566,5,5,OUT,SALE,11,2025-10-28,0,
16567,5,5,OUT,SALE,15,2025-10-29,0,
16568,5,5,OUT,SALE,15,2025-10-30,0,
16569,5,5,OUT,SALE,9,2025-10-31,0,
16570,5,5,OUT,SALE,18,2025-11-01,0,
16571,5,5,OUT,SALE,18,2025-11-02,0,
16572,5,5,OUT,SALE,15,2025-11-03,0,
16573,5,5,OUT,SALE,13,2025-11-04,0,
16574,5,5,OUT,SALE,14,2025-11-05,0,
16575,5,5,OUT,SALE,13,2025-11-06,0,
16576,5,5,OUT,SALE,14,2025-11-07,0,
16577,5,5,OUT,SALE,14,2025-11-08,0,
16578,5,5,OUT,SALE,16,2025-11-09,0,
16579,5,5,OUT,SALE,12,2025-11-10,0,
16580,5,5,OUT,SALE,14,2025-11-11,0,
16581,5,5,OUT,SALE,12,2025-11-12,0,
16582,5,5,OUT,SALE,15,2025-11-13,0,
16583,5,5,OUT,SALE,13,2025-11-14,0,
16584,5,5,OUT,SALE,17,2025-11-15,0,
16585,5,5,OUT,SALE,19,2025-11-16,0,
16586,5,5,OUT,SALE,17,2025-11-17,0,
16587,5,5,OUT,SALE,10,2025-11-18,0,
16588,5,5,OUT,SALE,13,2025-11-19,0,
16589,5,5,OUT,SALE,14,2025-11-20,0,
16590,5,5,OUT,SALE,15,2025-11-21,0,
16591,5,5,OUT,SALE,13,2025-11-22,0,
16592,5,5,OUT,SALE,15,2025-11-23,0,
16593,5,5,OUT,SALE,15,2025-11-24,0,
16594,5,5,OUT,SALE,15,2025-11-25,0,
16595,5,5,OUT,SALE,15,2025-11-26,0,
16596,5,5,OUT,SALE,15,2025-11-27,0,
16597,5,5,OUT,SALE,38,2025-11-28,0,
16598,5,5,OUT,SALE,43,2025-11-29,0,
16599,5,5,OUT,SALE,42,2025-11-30,0,
16600,5,5,OUT,SALE,17,2025-12-01,0,
16601,5,5,OUT,SALE,11,2025-12-02,0,
16602,5,5,OUT,SALE,18,2025-12-03,0,
16603,5,5,OUT,SALE,11,2025-12-04,0,
16604,5,5,OUT,SALE,13,2025-12-05,0,
16605,5,5,OUT,SALE,17,2025-12-06,0,
16606,5,5,OUT,SALE,19,2025-12-07,0,
16607,5,5,OUT,SALE,10,2025-12-08,0,
16608,5,5,OUT,SALE,15,2025-12-09,0,
16609,5,5,OUT,DAMAGE,169,2025-12-10,1,THEFT_SPIKE
16610,5,5,OUT,SALE,17,2025-12-11,0,
16611,5,5,OUT,SALE,14,2025-12-12,0,
16612,5,5,OUT,SALE,17,2025-12-13,0,
16613,5,5,OUT,SALE,16,2025-12-14,0,
16614,5,5,OUT,SALE,15,2025-12-15,0,
16615,5,5,OUT,SALE,13,2025-12-16,0,
16616,5,5,OUT,SALE,14,2025-12-17,0,
16617,5,5,OUT,SALE,16,2025-12-18,0,
16618,5,5,OUT,SALE,16,2025-12-19,0,
16619,5,5,OUT,SALE,19,2025-12-20,0,
16620,5,5,OUT,SALE,18,2025-12-21,0,
16621,5,5,OUT,SALE,17,2025-12-22,0,
16622,5,5,OUT,SALE,17,2025-12-23,0,
16623,5,5,OUT,SALE,21,2025-12-24,0,
16624,5,5,OUT,SALE,23,2025-12-25,0,
16625,5,5,OUT,SALE,25,2025-12-26,0,
16626,5,5,OUT,SALE,18,2025-12-27,0,
16627,5,5,OUT,SALE,16,2025-12-28,0,
16628,5,5,OUT,SALE,17,2025-12-29,0,
16629,5,5,OUT,SALE,19,2025-12-30,0,
16630,5,5,OUT,SALE,16,2025-12-31,0,
16631,5,6,OUT,SALE,1,2025-01-01,0,
16632,5,6,OUT,SALE,2,2025-01-02,0,
16633,5,6,OUT,SALE,1,2025-01-03,0,
16634,5,6,OUT,SALE,2,2025-01-04,0,
16635,5,6,OUT,SALE,2,2025-01-05,0,
16636,5,6,OUT,SALE,1,2025-01-06,0,
16637,5,6,OUT,SALE,1,2025-01-07,0,
16638,5,6,OUT,SALE,1,2025-01-08,0,
16639,5,6,OUT,SALE,1,2025-01-09,0,
16640,5,6,OUT,DAMAGE,2,2025-01-10,1,REPEATED_LOSS
16641,5,6,OUT,SALE,2,2025-01-11,0,
16642,5,6,OUT,SALE,2,2025-01-12,0,
16643,5,6,OUT,SALE,1,2025-01-13,0,
16644,5,6,OUT,SALE,1,2025-01-14,0,
16645,5,6,OUT,SALE,2,2025-01-15,0,
16646,5,6,OUT,SALE,1,2025-01-16,0,
16647,5,6,OUT,SALE,2,2025-01-17,0,
16648,5,6,OUT,SALE,1,2025-01-18,0,
16649,5,6,OUT,SALE,2,2025-01-19,0,
16650,5,6,OUT,SALE,2,2025-01-20,0,
16651,5,6,OUT,SALE,2,2025-01-21,0,
16652,5,6,OUT,SALE,1,2025-01-22,0,
16653,5,6,OUT,SALE,2,2025-01-23,0,
16654,5,6,OUT,SALE,1,2025-01-24,0,
16655,5,6,OUT,SALE,3,2025-01-25,0,
16656,5,6,OUT,SALE,3,2025-01-26,0,
16657,5,6,OUT,SALE,3,2025-01-27,0,
16658,5,6,OUT,SALE,2,2025-01-28,0,
16659,5,6,OUT,SALE,1,2025-01-29,0,
16660,5,6,OUT,SALE,1,2025-01-30,0,
16661,5,6,OUT,SALE,1,2025-01-31,0,
16662,5,6,OUT,SALE,3,2025-02-01,0,
16663,5,6,OUT,SALE,3,2025-02-02,0,
16664,5,6,OUT,SALE,3,2025-02-03,0,
16665,5,6,OUT,SALE,2,2025-02-04,0,
16666,5,6,OUT,SALE,3,2025-02-05,0,
16667,5,6,OUT,SALE,2,2025-02-06,0,
16668,5,6,OUT,SALE,3,2025-02-07,0,
16669,5,6,OUT,SALE,3,2025-02-08,0,
16670,5,6,OUT,SALE,2,2025-02-09,0,
16671,5,6,OUT,SALE,3,2025-02-10,0,
16672,5,6,OUT,SALE,2,2025-02-11,0,
16673,5,6,OUT,SALE,3,2025-02-12,0,
16674,5,6,OUT,SALE,2,2025-02-13,0,
16675,5,6,OUT,SALE,2,2025-02-14,0,
16676,5,6,OUT,SALE,3,2025-02-15,0,
16677,5,6,OUT,SALE,3,2025-02-16,0,
16678,5,6,OUT,SALE,2,2025-02-17,0,
16679,5,6,OUT,SALE,2,2025-02-18,0,
16680,5,6,OUT,SALE,2,2025-02-19,0,
16681,5,6,OUT,SALE,2,2025-02-20,0,
16682,5,6,OUT,SALE,2,2025-02-21,0,
16683,5,6,OUT,SALE,3,2025-02-22,0,
16684,5,6,OUT,SALE,3,2025-02-23,0,
16685,5,6,OUT,SALE,3,2025-02-24,0,
16686,5,6,OUT,SALE,3,2025-02-25,0,
16687,5,6,OUT,SALE,2,2025-02-26,0,
16688,5,6,OUT,SALE,3,2025-02-27,0,
16689,5,6,OUT,SALE,3,2025-02-28,0,
16690,5,6,OUT,SALE,5,2025-03-01,0,
16691,5,6,OUT,SALE,7,2025-03-02,0,
16692,5,6,OUT,SALE,6,2025-03-03,0,
16693,5,6,OUT,SALE,6,2025-03-04,0,
16694,5,6,OUT,SALE,6,2025-03-05,0,
16695,5,6,OUT,SALE,6,2025-03-06,0,
16696,5,6,OUT,SALE,5,2025-03-07,0,
16697,5,6,OUT,SALE,7,2025-03-08,0,
16698,5,6,OUT,SALE,7,2025-03-09,0,
16699,5,6,OUT,SALE,6,2025-03-10,0,
16700,5,6,OUT,SALE,5,2025-03-11,0,
16701,5,6,OUT,SALE,5,2025-03-12,0,
16702,5,6,OUT,SALE,6,2025-03-13,0,
16703,5,6,OUT,SALE,6,2025-03-14,0,
16704,5,6,OUT,SALE,11,2025-03-15,0,
16705,5,6,OUT,SALE,10,2025-03-16,0,
16706,5,6,OUT,SALE,9,2025-03-17,0,
16707,5,6,OUT,SALE,7,2025-03-18,0,
16708,5,6,OUT,SALE,6,2025-03-19,0,
16709,5,6,OUT,SALE,5,2025-03-20,0,
16710,5,6,OUT,SALE,6,2025-03-21,0,
16711,5,6,OUT,SALE,5,2025-03-22,0,
16712,5,6,OUT,SALE,7,2025-03-23,0,
16713,5,6,OUT,SALE,6,2025-03-24,0,
16714,5,6,OUT,SALE,5,2025-03-25,0,
16715,5,6,OUT,SALE,6,2025-03-26,0,
16716,5,6,OUT,SALE,5,2025-03-27,0,
16717,5,6,OUT,SALE,6,2025-03-28,0,
16718,5,6,OUT,SALE,6,2025-03-29,0,
16719,5,6,OUT,SALE,5,2025-03-30,0,
16720,5,6,OUT,SALE,5,2025-03-31,0,
16721,5,6,OUT,SALE,9,2025-04-01,0,
16722,5,6,OUT,SALE,11,2025-04-02,0,
16723,5,6,OUT,SALE,11,2025-04-03,0,
16724,5,6,OUT,SALE,11,2025-04-04,0,
16725,5,6,OUT,SALE,13,2025-04-05,0,
16726,5,6,OUT,SALE,10,2025-04-06,0,
16727,5,6,OUT,SALE,9,2025-04-07,0,
16728,5,6,OUT,SALE,9,2025-04-08,0,
16729,5,6,OUT,SALE,9,2025-04-09,0,
16730,5,6,OUT,SALE,7,2025-04-10,0,
16731,5,6,OUT,SALE,9,2025-04-11,0,
16732,5,6,OUT,SALE,9,2025-04-12,0,
16733,5,6,OUT,SALE,11,2025-04-13,0,
16734,5,6,OUT,SALE,12,2025-04-14,0,
16735,5,6,OUT,SALE,9,2025-04-15,0,
16736,5,6,OUT,SALE,10,2025-04-16,0,
16737,5,6,OUT,SALE,11,2025-04-17,0,
16738,5,6,OUT,SALE,10,2025-04-18,0,
16739,5,6,OUT,SALE,11,2025-04-19,0,
16740,5,6,OUT,SALE,10,2025-04-20,0,
16741,5,6,OUT,SALE,9,2025-04-21,0,
16742,5,6,OUT,SALE,8,2025-04-22,0,
16743,5,6,OUT,SALE,10,2025-04-23,0,
16744,5,6,OUT,SALE,8,2025-04-24,0,
16745,5,6,OUT,SALE,11,2025-04-25,0,
16746,5,6,OUT,SALE,9,2025-04-26,0,
16747,5,6,OUT,SALE,12,2025-04-27,0,
16748,5,6,OUT,SALE,9,2025-04-28,0,
16749,5,6,OUT,SALE,8,2025-04-29,0,
16750,5,6,OUT,SALE,10,2025-04-30,0,
16751,5,6,OUT,SALE,15,2025-05-01,0,
16752,5,6,OUT,SALE,13,2025-05-02,0,
16753,5,6,OUT,SALE,17,2025-05-03,0,
16754,5,6,OUT,SALE,11,2025-05-04,0,
16755,5,6,OUT,SALE,11,2025-05-05,0,
16756,5,6,OUT,SALE,16,2025-05-06,0,
16757,5,6,OUT,SALE,13,2025-05-07,0,
16758,5,6,OUT,SALE,11,2025-05-08,0,
16759,5,6,OUT,SALE,12,2025-05-09,0,
16760,5,6,OUT,SALE,14,2025-05-10,0,
16761,5,6,OUT,SALE,15,2025-05-11,0,
16762,5,6,OUT,SALE,13,2025-05-12,0,
16763,5,6,OUT,SALE,14,2025-05-13,0,
16764,5,6,OUT,SALE,13,2025-05-14,0,
16765,5,6,OUT,SALE,16,2025-05-15,0,
16766,5,6,OUT,SALE,14,2025-05-16,0,
16767,5,6,OUT,SALE,16,2025-05-17,0,
16768,5,6,OUT,SALE,18,2025-05-18,0,
16769,5,6,OUT,SALE,13,2025-05-19,0,
16770,5,6,OUT,SALE,11,2025-05-20,0,
16771,5,6,OUT,SALE,16,2025-05-21,0,
16772,5,6,OUT,SALE,14,2025-05-22,0,
16773,5,6,OUT,SALE,14,2025-05-23,0,
16774,5,6,OUT,SALE,14,2025-05-24,0,
16775,5,6,OUT,SALE,14,2025-05-25,0,
16776,5,6,OUT,SALE,15,2025-05-26,0,
16777,5,6,OUT,SALE,15,2025-05-27,0,
16778,5,6,OUT,SALE,15,2025-05-28,0,
16779,5,6,OUT,SALE,15,2025-05-29,0,
16780,5,6,OUT,SALE,14,2025-05-30,0,
16781,5,6,OUT,SALE,16,2025-05-31,0,
16782,5,6,OUT,SALE,19,2025-06-01,0,
16783,5,6,OUT,SALE,19,2025-06-02,0,
16784,5,6,OUT,SALE,16,2025-06-03,0,
16785,5,6,OUT,SALE,17,2025-06-04,0,
16786,5,6,OUT,DAMAGE,102,2025-06-05,1,THEFT_SPIKE
16787,5,6,OUT,SALE,15,2025-06-06,0,
16788,5,6,OUT,SALE,18,2025-06-07,0,
16789,5,6,OUT,SALE,17,2025-06-08,0,
16790,5,6,OUT,SALE,18,2025-06-09,0,
16791,5,6,OUT,SALE,14,2025-06-10,0,
16792,5,6,OUT,SALE,17,2025-06-11,0,
16793,5,6,OUT,SALE,17,2025-06-12,0,
16794,5,6,OUT,SALE,13,2025-06-13,0,
16795,5,6,OUT,SALE,18,2025-06-14,0,
16796,5,6,OUT,SALE,20,2025-06-15,0,
16797,5,6,OUT,SALE,17,2025-06-16,0,
16798,5,6,OUT,SALE,16,2025-06-17,0,
16799,5,6,OUT,SALE,18,2025-06-18,0,
16800,5,6,OUT,SALE,16,2025-06-19,0,
16801,5,6,OUT,SALE,17,2025-06-20,0,
16802,5,6,OUT,SALE,20,2025-06-21,0,
16803,5,6,OUT,SALE,21,2025-06-22,0,
16804,5,6,OUT,SALE,15,2025-06-23,0,
16805,5,6,OUT,SALE,16,2025-06-24,0,
16806,5,6,OUT,SALE,15,2025-06-25,0,
16807,5,6,OUT,SALE,16,2025-06-26,0,
16808,5,6,OUT,SALE,19,2025-06-27,0,
16809,5,6,OUT,SALE,20,2025-06-28,0,
16810,5,6,OUT,SALE,16,2025-06-29,0,
16811,5,6,OUT,SALE,15,2025-06-30,0,
16812,5,6,OUT,SALE,18,2025-07-01,0,
16813,5,6,OUT,SALE,16,2025-07-02,0,
16814,5,6,OUT,SALE,16,2025-07-03,0,
16815,5,6,OUT,SALE,20,2025-07-04,0,
16816,5,6,OUT,SALE,19,2025-07-05,0,
16817,5,6,OUT,SALE,23,2025-07-06,0,
16818,5,6,OUT,SALE,20,2025-07-07,0,
16819,5,6,OUT,SALE,16,2025-07-08,0,
16820,5,6,OUT,SALE,16,2025-07-09,0,
16821,5,6,OUT,SALE,17,2025-07-10,0,
16822,5,6,OUT,SALE,15,2025-07-11,0,
16823,5,6,OUT,SALE,21,2025-07-12,0,
16824,5,6,OUT,SALE,20,2025-07-13,0,
16825,5,6,OUT,SALE,18,2025-07-14,0,
16826,5,6,OUT,SALE,21,2025-07-15,0,
16827,5,6,OUT,SALE,19,2025-07-16,0,
16828,5,6,OUT,SALE,19,2025-07-17,0,
16829,5,6,OUT,SALE,13,2025-07-18,0,
16830,5,6,OUT,SALE,21,2025-07-19,0,
16831,5,6,OUT,SALE,54,2025-07-20,0,
16832,5,6,OUT,SALE,25,2025-07-21,0,
16833,5,6,OUT,SALE,42,2025-07-22,0,
16834,5,6,OUT,SALE,38,2025-07-23,0,
16835,5,6,OUT,SALE,35,2025-07-24,0,
16836,5,6,OUT,SALE,42,2025-07-25,0,
16837,5,6,OUT,SALE,24,2025-07-26,0,
16838,5,6,OUT,SALE,22,2025-07-27,0,
16839,5,6,OUT,SALE,17,2025-07-28,0,
16840,5,6,OUT,SALE,16,2025-07-29,0,
16841,5,6,OUT,SALE,18,2025-07-30,0,
16842,5,6,OUT,SALE,19,2025-07-31,0,
16843,5,6,OUT,SALE,16,2025-08-01,0,
16844,5,6,OUT,SALE,18,2025-08-02,0,
16845,5,6,OUT,SALE,25,2025-08-03,0,
16846,5,6,OUT,SALE,19,2025-08-04,0,
16847,5,6,OUT,SALE,19,2025-08-05,0,
16848,5,6,OUT,SALE,14,2025-08-06,0,
16849,5,6,OUT,SALE,15,2025-08-07,0,
16850,5,6,OUT,SALE,17,2025-08-08,0,
16851,5,6,OUT,SALE,17,2025-08-09,0,
16852,5,6,OUT,SALE,23,2025-08-10,0,
16853,5,6,OUT,SALE,19,2025-08-11,0,
16854,5,6,OUT,SALE,15,2025-08-12,0,
16855,5,6,OUT,SALE,20,2025-08-13,0,
16856,5,6,OUT,SALE,16,2025-08-14,0,
16857,5,6,OUT,SALE,22,2025-08-15,0,
16858,5,6,OUT,SALE,19,2025-08-16,0,
16859,5,6,OUT,SALE,20,2025-08-17,0,
16860,5,6,OUT,SALE,19,2025-08-18,0,
16861,5,6,OUT,SALE,19,2025-08-19,0,
16862,5,6,OUT,SALE,18,2025-08-20,0,
16863,5,6,OUT,SALE,16,2025-08-21,0,
16864,5,6,OUT,SALE,18,2025-08-22,0,
16865,5,6,OUT,SALE,17,2025-08-23,0,
16866,5,6,OUT,SALE,19,2025-08-24,0,
16867,5,6,OUT,SALE,14,2025-08-25,0,
16868,5,6,OUT,SALE,13,2025-08-26,0,
16869,5,6,OUT,SALE,17,2025-08-27,0,
16870,5,6,OUT,SALE,19,2025-08-28,0,
16871,5,6,OUT,SALE,18,2025-08-29,0,
16872,5,6,OUT,SALE,19,2025-08-30,0,
16873,5,6,OUT,SALE,23,2025-08-31,0,
16874,5,6,OUT,SALE,13,2025-09-01,0,
16875,5,6,OUT,SALE,10,2025-09-02,0,
16876,5,6,OUT,SALE,10,2025-09-03,0,
16877,5,6,OUT,SALE,12,2025-09-04,0,
16878,5,6,OUT,SALE,15,2025-09-05,0,
16879,5,6,OUT,SALE,14,2025-09-06,0,
16880,5,6,OUT,SALE,16,2025-09-07,0,
16881,5,6,OUT,SALE,16,2025-09-08,0,
16882,5,6,OUT,SALE,12,2025-09-09,0,
16883,5,6,OUT,SALE,14,2025-09-10,0,
16884,5,6,OUT,SALE,14,2025-09-11,0,
16885,5,6,OUT,SALE,12,2025-09-12,0,
16886,5,6,OUT,SALE,18,2025-09-13,0,
16887,5,6,OUT,SALE,15,2025-09-14,0,
16888,5,6,OUT,SALE,13,2025-09-15,0,
16889,5,6,OUT,SALE,17,2025-09-16,0,
16890,5,6,OUT,SALE,14,2025-09-17,0,
16891,5,6,OUT,SALE,15,2025-09-18,0,
16892,5,6,OUT,SALE,16,2025-09-19,0,
16893,5,6,OUT,SALE,14,2025-09-20,0,
16894,5,6,OUT,SALE,18,2025-09-21,0,
16895,5,6,OUT,SALE,13,2025-09-22,0,
16896,5,6,OUT,SALE,13,2025-09-23,0,
16897,5,6,OUT,SALE,13,2025-09-24,0,
16898,5,6,OUT,SALE,13,2025-09-25,0,
16899,5,6,OUT,SALE,15,2025-09-26,0,
16900,5,6,OUT,SALE,16,2025-09-27,0,
16901,5,6,OUT,SALE,15,2025-09-28,0,
16902,5,6,OUT,SALE,15,2025-09-29,0,
16903,5,6,OUT,SALE,25,2025-09-30,0,
16904,5,6,OUT,SALE,17,2025-10-01,0,
16905,5,6,OUT,SALE,18,2025-10-02,0,
16906,5,6,OUT,SALE,19,2025-10-03,0,
16907,5,6,OUT,SALE,11,2025-10-04,0,
16908,5,6,OUT,SALE,10,2025-10-05,0,
16909,5,6,OUT,SALE,10,2025-10-06,0,
16910,5,6,OUT,SALE,9,2025-10-07,0,
16911,5,6,OUT,SALE,9,2025-10-08,0,
16912,5,6,OUT,SALE,8,2025-10-09,0,
16913,5,6,OUT,SALE,11,2025-10-10,0,
16914,5,6,OUT,SALE,11,2025-10-11,0,
16915,5,6,OUT,SALE,11,2025-10-12,0,
16916,5,6,OUT,SALE,11,2025-10-13,0,
16917,5,6,OUT,SALE,9,2025-10-14,0,
16918,5,6,OUT,SALE,8,2025-10-15,0,
16919,5,6,OUT,SALE,10,2025-10-16,0,
16920,5,6,OUT,SALE,10,2025-10-17,0,
16921,5,6,OUT,SALE,11,2025-10-18,0,
16922,5,6,OUT,SALE,13,2025-10-19,0,
16923,5,6,OUT,SALE,7,2025-10-20,0,
16924,5,6,OUT,SALE,11,2025-10-21,0,
16925,5,6,OUT,SALE,10,2025-10-22,0,
16926,5,6,OUT,SALE,10,2025-10-23,0,
16927,5,6,OUT,SALE,6,2025-10-24,0,
16928,5,6,OUT,SALE,13,2025-10-25,0,
16929,5,6,OUT,SALE,10,2025-10-26,0,
16930,5,6,OUT,SALE,9,2025-10-27,0,
16931,5,6,OUT,SALE,9,2025-10-28,0,
16932,5,6,OUT,SALE,10,2025-10-29,0,
16933,5,6,OUT,SALE,10,2025-10-30,0,
16934,5,6,OUT,SALE,11,2025-10-31,0,
16935,5,6,OUT,SALE,7,2025-11-01,0,
16936,5,6,OUT,SALE,6,2025-11-02,0,
16937,5,6,OUT,SALE,6,2025-11-03,0,
16938,5,6,OUT,SALE,5,2025-11-04,0,
16939,5,6,OUT,SALE,5,2025-11-05,0,
16940,5,6,OUT,SALE,6,2025-11-06,0,
16941,5,6,OUT,SALE,6,2025-11-07,0,
16942,5,6,OUT,SALE,7,2025-11-08,0,
16943,5,6,OUT,SALE,6,2025-11-09,0,
16944,5,6,OUT,SALE,6,2025-11-10,0,
16945,5,6,OUT,SALE,5,2025-11-11,0,
16946,5,6,OUT,SALE,6,2025-11-12,0,
16947,5,6,OUT,SALE,5,2025-11-13,0,
16948,5,6,OUT,SALE,7,2025-11-14,0,
16949,5,6,OUT,SALE,9999,2025-11-15,1,DATA_ERROR
16950,5,6,OUT,SALE,8,2025-11-16,0,
16951,5,6,OUT,SALE,5,2025-11-17,0,
16952,5,6,OUT,SALE,5,2025-11-18,0,
16953,5,6,OUT,SALE,6,2025-11-19,0,
16954,5,6,OUT,SALE,5,2025-11-20,0,
16955,5,6,OUT,SALE,5,2025-11-21,0,
16956,5,6,OUT,SALE,6,2025-11-22,0,
16957,5,6,OUT,SALE,6,2025-11-23,0,
16958,5,6,OUT,SALE,6,2025-11-24,0,
16959,5,6,OUT,SALE,5,2025-11-25,0,
16960,5,6,OUT,SALE,5,2025-11-26,0,
16961,5,6,OUT,SALE,5,2025-11-27,0,
16962,5,6,OUT,SALE,13,2025-11-28,0,
16963,5,6,OUT,SALE,18,2025-11-29,0,
16964,5,6,OUT,SALE,14,2025-11-30,0,
16965,5,6,OUT,SALE,2,2025-12-01,0,
16966,5,6,OUT,SALE,3,2025-12-02,0,
16967,5,6,OUT,SALE,2,2025-12-03,0,
16968,5,6,OUT,SALE,3,2025-12-04,0,
16969,5,6,OUT,SALE,2,2025-12-05,0,
16970,5,6,OUT,SALE,3,2025-12-06,0,
16971,5,6,OUT,SALE,3,2025-12-07,0,
16972,5,6,OUT,SALE,3,2025-12-08,0,
16973,5,6,OUT,SALE,3,2025-12-09,0,
16974,5,6,OUT,SALE,2,2025-12-10,0,
16975,5,6,OUT,SALE,3,2025-12-11,0,
16976,5,6,OUT,SALE,2,2025-12-12,0,
16977,5,6,OUT,SALE,3,2025-12-13,0,
16978,5,6,OUT,SALE,3,2025-12-14,0,
16979,5,6,OUT,SALE,2,2025-12-15,0,
16980,5,6,OUT,SALE,3,2025-12-16,0,
16981,5,6,OUT,SALE,2,2025-12-17,0,
16982,5,6,OUT,SALE,3,2025-12-18,0,
16983,5,6,OUT,SALE,2,2025-12-19,0,
16984,5,6,OUT,SALE,4,2025-12-20,0,
16985,5,6,OUT,SALE,2,2025-12-21,0,
16986,5,6,OUT,SALE,2,2025-12-22,0,
16987,5,6,OUT,SALE,2,2025-12-23,0,
16988,5,6,OUT,SALE,4,2025-12-24,0,
16989,5,6,OUT,SALE,4,2025-12-25,0,
16990,5,6,OUT,SALE,4,2025-12-26,0,
16991,5,6,OUT,SALE,2,2025-12-27,0,
16992,5,6,OUT,SALE,3,2025-12-28,0,
16993,5,6,OUT,SALE,2,2025-12-29,0,
16994,5,6,OUT,SALE,2,2025-12-30,0,
16995,5,6,OUT,SALE,2,2025-12-31,0,
16996,5,7,OUT,SALE,1,2025-01-01,0,
16997,5,7,OUT,SALE,1,2025-01-02,0,
16998,5,7,OUT,SALE,1,2025-01-03,0,
16999,5,7,OUT,SALE,1,2025-01-04,0,
17000,5,7,OUT,SALE,1,2025-01-05,0,
17001,5,7,OUT,SALE,1,2025-01-07,0,
17002,5,7,OUT,SALE,1,2025-01-08,0,
17003,5,7,OUT,SALE,1,2025-01-09,0,
17004,5,7,OUT,SALE,1,2025-01-10,0,
17005,5,7,OUT,SALE,1,2025-01-11,0,
17006,5,7,OUT,SALE,1,2025-01-12,0,
17007,5,7,OUT,SALE,1,2025-01-14,0,
17008,5,7,OUT,SALE,1,2025-01-15,0,
17009,5,7,OUT,SALE,1,2025-01-16,0,
17010,5,7,OUT,SALE,1,2025-01-17,0,
17011,5,7,OUT,SALE,1,2025-01-18,0,
17012,5,7,OUT,SALE,1,2025-01-19,0,
17013,5,7,OUT,SALE,1,2025-01-21,0,
17014,5,7,OUT,SALE,1,2025-01-22,0,
17015,5,7,OUT,SALE,1,2025-01-23,0,
17016,5,7,OUT,SALE,1,2025-01-24,0,
17017,5,7,OUT,SALE,1,2025-01-25,0,
17018,5,7,OUT,SALE,1,2025-01-26,0,
17019,5,7,OUT,SALE,1,2025-01-27,0,
17020,5,7,OUT,SALE,1,2025-01-28,0,
17021,5,7,OUT,SALE,1,2025-01-29,0,
17022,5,7,OUT,SALE,1,2025-01-30,0,
17023,5,7,OUT,SALE,1,2025-01-31,0,
17024,5,7,OUT,SALE,1,2025-02-01,0,
17025,5,7,OUT,SALE,1,2025-02-02,0,
17026,5,7,OUT,SALE,1,2025-02-03,0,
17027,5,7,OUT,SALE,1,2025-02-04,0,
17028,5,7,OUT,SALE,1,2025-02-05,0,
17029,5,7,OUT,SALE,1,2025-02-06,0,
17030,5,7,OUT,SALE,1,2025-02-07,0,
17031,5,7,OUT,SALE,1,2025-02-08,0,
17032,5,7,OUT,SALE,1,2025-02-09,0,
17033,5,7,OUT,SALE,1,2025-02-10,0,
17034,5,7,OUT,SALE,1,2025-02-11,0,
17035,5,7,OUT,SALE,1,2025-02-12,0,
17036,5,7,OUT,SALE,1,2025-02-13,0,
17037,5,7,OUT,SALE,1,2025-02-14,0,
17038,5,7,OUT,SALE,1,2025-02-15,0,
17039,5,7,OUT,SALE,1,2025-02-16,0,
17040,5,7,OUT,SALE,1,2025-02-17,0,
17041,5,7,OUT,SALE,1,2025-02-18,0,
17042,5,7,OUT,SALE,1,2025-02-19,0,
17043,5,7,OUT,SALE,1,2025-02-20,0,
17044,5,7,OUT,SALE,1,2025-02-21,0,
17045,5,7,OUT,SALE,1,2025-02-22,0,
17046,5,7,OUT,SALE,1,2025-02-23,0,
17047,5,7,OUT,SALE,1,2025-02-24,0,
17048,5,7,OUT,SALE,1,2025-02-25,0,
17049,5,7,OUT,SALE,1,2025-02-26,0,
17050,5,7,OUT,SALE,1,2025-02-27,0,
17051,5,7,OUT,SALE,1,2025-02-28,0,
17052,5,7,OUT,SALE,3,2025-03-01,0,
17053,5,7,OUT,SALE,3,2025-03-02,0,
17054,5,7,OUT,SALE,2,2025-03-03,0,
17055,5,7,OUT,SALE,2,2025-03-04,0,
17056,5,7,OUT,SALE,2,2025-03-05,0,
17057,5,7,OUT,SALE,3,2025-03-06,0,
17058,5,7,OUT,SALE,2,2025-03-07,0,
17059,5,7,OUT,SALE,2,2025-03-08,0,
17060,5,7,OUT,SALE,2,2025-03-09,0,
17061,5,7,OUT,SALE,2,2025-03-10,0,
17062,5,7,OUT,SALE,2,2025-03-11,0,
17063,5,7,OUT,SALE,2,2025-03-12,0,
17064,5,7,OUT,SALE,2,2025-03-13,0,
17065,5,7,OUT,SALE,3,2025-03-14,0,
17066,5,7,OUT,SALE,5,2025-03-15,0,
17067,5,7,OUT,SALE,4,2025-03-16,0,
17068,5,7,OUT,SALE,3,2025-03-17,0,
17069,5,7,OUT,SALE,4,2025-03-18,0,
17070,5,7,OUT,SALE,2,2025-03-19,0,
17071,5,7,OUT,SALE,2,2025-03-20,0,
17072,5,7,OUT,SALE,2,2025-03-21,0,
17073,5,7,OUT,SALE,3,2025-03-22,0,
17074,5,7,OUT,SALE,3,2025-03-23,0,
17075,5,7,OUT,SALE,2,2025-03-24,0,
17076,5,7,OUT,SALE,2,2025-03-25,0,
17077,5,7,OUT,SALE,2,2025-03-26,0,
17078,5,7,OUT,SALE,2,2025-03-27,0,
17079,5,7,OUT,SALE,2,2025-03-28,0,
17080,5,7,OUT,SALE,2,2025-03-29,0,
17081,5,7,OUT,SALE,2,2025-03-30,0,
17082,5,7,OUT,SALE,2,2025-03-31,0,
17083,5,7,OUT,SALE,3,2025-04-01,0,
17084,5,7,OUT,SALE,4,2025-04-02,0,
17085,5,7,OUT,SALE,3,2025-04-03,0,
17086,5,7,OUT,SALE,3,2025-04-04,0,
17087,5,7,OUT,SALE,4,2025-04-05,0,
17088,5,7,OUT,SALE,4,2025-04-06,0,
17089,5,7,OUT,SALE,4,2025-04-07,0,
17090,5,7,OUT,SALE,4,2025-04-08,0,
17091,5,7,OUT,SALE,4,2025-04-09,0,
17092,5,7,OUT,SALE,4,2025-04-10,0,
17093,5,7,OUT,DAMAGE,20,2025-04-11,1,OFF_HOURS_BULK
17094,5,7,OUT,SALE,4,2025-04-12,0,
17095,5,7,OUT,SALE,4,2025-04-13,0,
17096,5,7,OUT,SALE,4,2025-04-14,0,
17097,5,7,OUT,SALE,4,2025-04-15,0,
17098,5,7,OUT,SALE,3,2025-04-16,0,
17099,5,7,OUT,SALE,4,2025-04-17,0,
17100,5,7,OUT,SALE,4,2025-04-18,0,
17101,5,7,OUT,SALE,5,2025-04-19,0,
17102,5,7,OUT,SALE,3,2025-04-20,0,
17103,5,7,OUT,SALE,4,2025-04-21,0,
17104,5,7,OUT,SALE,3,2025-04-22,0,
17105,5,7,OUT,SALE,4,2025-04-23,0,
17106,5,7,OUT,SALE,4,2025-04-24,0,
17107,5,7,OUT,SALE,4,2025-04-25,0,
17108,5,7,OUT,SALE,4,2025-04-26,0,
17109,5,7,OUT,SALE,5,2025-04-27,0,
17110,5,7,OUT,SALE,3,2025-04-28,0,
17111,5,7,OUT,SALE,3,2025-04-29,0,
17112,5,7,OUT,SALE,3,2025-04-30,0,
17113,5,7,OUT,SALE,5,2025-05-01,0,
17114,5,7,OUT,SALE,6,2025-05-02,0,
17115,5,7,OUT,SALE,4,2025-05-03,0,
17116,5,7,OUT,SALE,7,2025-05-04,0,
17117,5,7,OUT,SALE,5,2025-05-05,0,
17118,5,7,OUT,SALE,4,2025-05-06,0,
17119,5,7,OUT,SALE,5,2025-05-07,0,
17120,5,7,OUT,SALE,6,2025-05-08,0,
17121,5,7,OUT,SALE,6,2025-05-09,0,
17122,5,7,OUT,SALE,7,2025-05-10,0,
17123,5,7,OUT,SALE,5,2025-05-11,0,
17124,5,7,OUT,SALE,5,2025-05-12,0,
17125,5,7,OUT,SALE,5,2025-05-13,0,
17126,5,7,OUT,SALE,6,2025-05-14,0,
17127,5,7,OUT,SALE,6,2025-05-15,0,
17128,5,7,OUT,SALE,7,2025-05-16,0,
17129,5,7,OUT,SALE,6,2025-05-17,0,
17130,5,7,OUT,SALE,6,2025-05-18,0,
17131,5,7,OUT,SALE,5,2025-05-19,0,
17132,5,7,OUT,SALE,6,2025-05-20,0,
17133,5,7,OUT,SALE,5,2025-05-21,0,
17134,5,7,OUT,SALE,5,2025-05-22,0,
17135,5,7,OUT,SALE,5,2025-05-23,0,
17136,5,7,OUT,SALE,6,2025-05-24,0,
17137,5,7,OUT,SALE,6,2025-05-25,0,
17138,5,7,OUT,SALE,5,2025-05-26,0,
17139,5,7,OUT,SALE,5,2025-05-27,0,
17140,5,7,OUT,SALE,5,2025-05-28,0,
17141,5,7,OUT,SALE,6,2025-05-29,0,
17142,5,7,OUT,SALE,6,2025-05-30,0,
17143,5,7,OUT,SALE,6,2025-05-31,0,
17144,5,7,OUT,SALE,7,2025-06-01,0,
17145,5,7,OUT,SALE,6,2025-06-02,0,
17146,5,7,OUT,SALE,7,2025-06-03,0,
17147,5,7,OUT,SALE,6,2025-06-04,0,
17148,5,7,OUT,SALE,7,2025-06-05,0,
17149,5,7,OUT,SALE,7,2025-06-06,0,
17150,5,7,OUT,SALE,5,2025-06-07,0,
17151,5,7,OUT,SALE,8,2025-06-08,0,
17152,5,7,OUT,SALE,6,2025-06-09,0,
17153,5,7,OUT,SALE,7,2025-06-10,0,
17154,5,7,OUT,SALE,6,2025-06-11,0,
17155,5,7,OUT,SALE,7,2025-06-12,0,
17156,5,7,OUT,SALE,7,2025-06-13,0,
17157,5,7,OUT,SALE,8,2025-06-14,0,
17158,5,7,OUT,SALE,8,2025-06-15,0,
17159,5,7,OUT,SALE,6,2025-06-16,0,
17160,5,7,OUT,SALE,6,2025-06-17,0,
17161,5,7,OUT,SALE,7,2025-06-18,0,
17162,5,7,OUT,SALE,6,2025-06-19,0,
17163,5,7,OUT,SALE,8,2025-06-20,0,
17164,5,7,OUT,SALE,7,2025-06-21,0,
17165,5,7,OUT,SALE,8,2025-06-22,0,
17166,5,7,OUT,SALE,8,2025-06-23,0,
17167,5,7,OUT,SALE,6,2025-06-24,0,
17168,5,7,OUT,SALE,7,2025-06-25,0,
17169,5,7,OUT,SALE,7,2025-06-26,0,
17170,5,7,OUT,SALE,7,2025-06-27,0,
17171,5,7,OUT,SALE,7,2025-06-28,0,
17172,5,7,OUT,SALE,7,2025-06-29,0,
17173,5,7,OUT,SALE,6,2025-06-30,0,
17174,5,7,OUT,SALE,8,2025-07-01,0,
17175,5,7,OUT,SALE,7,2025-07-02,0,
17176,5,7,OUT,SALE,7,2025-07-03,0,
17177,5,7,OUT,SALE,7,2025-07-04,0,
17178,5,7,OUT,SALE,9,2025-07-05,0,
17179,5,7,OUT,SALE,8,2025-07-06,0,
17180,5,7,OUT,SALE,6,2025-07-07,0,
17181,5,7,OUT,SALE,6,2025-07-08,0,
17182,5,7,OUT,SALE,5,2025-07-09,0,
17183,5,7,OUT,SALE,6,2025-07-10,0,
17184,5,7,OUT,SALE,8,2025-07-11,0,
17185,5,7,OUT,SALE,9,2025-07-12,0,
17186,5,7,OUT,SALE,9,2025-07-13,0,
17187,5,7,OUT,SALE,7,2025-07-14,0,
17188,5,7,OUT,SALE,7,2025-07-15,0,
17189,5,7,OUT,SALE,8,2025-07-16,0,
17190,5,7,OUT,SALE,7,2025-07-17,0,
17191,5,7,OUT,SALE,8,2025-07-18,0,
17192,5,7,OUT,SALE,8,2025-07-19,0,
17193,5,7,OUT,SALE,20,2025-07-20,0,
17194,5,7,OUT,SALE,17,2025-07-21,0,
17195,5,7,OUT,SALE,17,2025-07-22,0,
17196,5,7,OUT,SALE,12,2025-07-23,0,
17197,5,7,OUT,SALE,17,2025-07-24,0,
17198,5,7,OUT,SALE,15,2025-07-25,0,
17199,5,7,OUT,SALE,8,2025-07-26,0,
17200,5,7,OUT,SALE,7,2025-07-27,0,
17201,5,7,OUT,SALE,7,2025-07-28,0,
17202,5,7,OUT,SALE,7,2025-07-29,0,
17203,5,7,OUT,SALE,6,2025-07-30,0,
17204,5,7,OUT,SALE,6,2025-07-31,0,
17205,5,7,OUT,SALE,7,2025-08-01,0,
17206,5,7,OUT,SALE,8,2025-08-02,0,
17207,5,7,OUT,SALE,8,2025-08-03,0,
17208,5,7,OUT,SALE,7,2025-08-04,0,
17209,5,7,OUT,SALE,6,2025-08-05,0,
17210,5,7,OUT,SALE,6,2025-08-06,0,
17211,5,7,OUT,SALE,6,2025-08-07,0,
17212,5,7,OUT,SALE,5,2025-08-08,0,
17213,5,7,OUT,SALE,9,2025-08-09,0,
17214,5,7,OUT,SALE,9,2025-08-10,0,
17215,5,7,OUT,SALE,5,2025-08-11,0,
17216,5,7,OUT,SALE,7,2025-08-12,0,
17217,5,7,OUT,SALE,6,2025-08-13,0,
17218,5,7,OUT,SALE,6,2025-08-14,0,
17219,5,7,OUT,SALE,6,2025-08-15,0,
17220,5,7,OUT,SALE,8,2025-08-16,0,
17221,5,7,OUT,SALE,8,2025-08-17,0,
17222,5,7,OUT,SALE,7,2025-08-18,0,
17223,5,7,OUT,SALE,6,2025-08-19,0,
17224,5,7,OUT,SALE,6,2025-08-20,0,
17225,5,7,OUT,SALE,7,2025-08-21,0,
17226,5,7,OUT,SALE,7,2025-08-22,0,
17227,5,7,OUT,SALE,8,2025-08-23,0,
17228,5,7,OUT,SALE,7,2025-08-24,0,
17229,5,7,OUT,SALE,7,2025-08-25,0,
17230,5,7,OUT,SALE,6,2025-08-26,0,
17231,5,7,OUT,SALE,7,2025-08-27,0,
17232,5,7,OUT,SALE,6,2025-08-28,0,
17233,5,7,OUT,SALE,6,2025-08-29,0,
17234,5,7,OUT,SALE,8,2025-08-30,0,
17235,5,7,OUT,SALE,6,2025-08-31,0,
17236,5,7,OUT,SALE,4,2025-09-01,0,
17237,5,7,OUT,SALE,5,2025-09-02,0,
17238,5,7,OUT,SALE,4,2025-09-03,0,
17239,5,7,OUT,SALE,5,2025-09-04,0,
17240,5,7,OUT,SALE,6,2025-09-05,0,
17241,5,7,OUT,SALE,6,2025-09-06,0,
17242,5,7,OUT,SALE,7,2025-09-07,0,
17243,5,7,OUT,SALE,5,2025-09-08,0,
17244,5,7,OUT,SALE,5,2025-09-09,0,
17245,5,7,OUT,SALE,6,2025-09-10,0,
17246,5,7,OUT,SALE,5,2025-09-11,0,
17247,5,7,OUT,SALE,6,2025-09-12,0,
17248,5,7,OUT,SALE,7,2025-09-13,0,
17249,5,7,OUT,SALE,5,2025-09-14,0,
17250,5,7,OUT,SALE,5,2025-09-15,0,
17251,5,7,OUT,SALE,6,2025-09-16,0,
17252,5,7,OUT,SALE,5,2025-09-17,0,
17253,5,7,OUT,SALE,4,2025-09-18,0,
17254,5,7,OUT,SALE,6,2025-09-19,0,
17255,5,7,OUT,SALE,8,2025-09-20,0,
17256,5,7,OUT,SALE,6,2025-09-21,0,
17257,5,7,OUT,SALE,6,2025-09-22,0,
17258,5,7,OUT,SALE,5,2025-09-23,0,
17259,5,7,OUT,SALE,5,2025-09-24,0,
17260,5,7,OUT,SALE,6,2025-09-25,0,
17261,5,7,OUT,SALE,5,2025-09-26,0,
17262,5,7,OUT,SALE,6,2025-09-27,0,
17263,5,7,OUT,SALE,7,2025-09-28,0,
17264,5,7,OUT,SALE,7,2025-09-29,0,
17265,5,7,OUT,SALE,11,2025-09-30,0,
17266,5,7,OUT,SALE,7,2025-10-01,0,
17267,5,7,OUT,SALE,7,2025-10-02,0,
17268,5,7,OUT,SALE,9,2025-10-03,0,
17269,5,7,OUT,SALE,4,2025-10-04,0,
17270,5,7,OUT,SALE,4,2025-10-05,0,
17271,5,7,OUT,SALE,3,2025-10-06,0,
17272,5,7,OUT,SALE,3,2025-10-07,0,
17273,5,7,OUT,SALE,4,2025-10-08,0,
17274,5,7,OUT,SALE,4,2025-10-09,0,
17275,5,7,OUT,SALE,4,2025-10-10,0,
17276,5,7,OUT,SALE,4,2025-10-11,0,
17277,5,7,OUT,SALE,4,2025-10-12,0,
17278,5,7,OUT,SALE,4,2025-10-13,0,
17279,5,7,OUT,SALE,4,2025-10-14,0,
17280,5,7,OUT,SALE,4,2025-10-15,0,
17281,5,7,OUT,SALE,5,2025-10-16,0,
17282,5,7,OUT,SALE,3,2025-10-17,0,
17283,5,7,OUT,SALE,4,2025-10-18,0,
17284,5,7,OUT,SALE,5,2025-10-19,0,
17285,5,7,OUT,SALE,4,2025-10-20,0,
17286,5,7,OUT,SALE,4,2025-10-21,0,
17287,5,7,OUT,SALE,3,2025-10-22,0,
17288,5,7,OUT,SALE,4,2025-10-23,0,
17289,5,7,OUT,SALE,4,2025-10-24,0,
17290,5,7,OUT,SALE,5,2025-10-25,0,
17291,5,7,OUT,SALE,5,2025-10-26,0,
17292,5,7,OUT,SALE,3,2025-10-27,0,
17293,5,7,OUT,SALE,4,2025-10-28,0,
17294,5,7,OUT,SALE,4,2025-10-29,0,
17295,5,7,OUT,SALE,3,2025-10-30,0,
17296,5,7,OUT,SALE,5,2025-10-31,0,
17297,5,7,OUT,SALE,2,2025-11-01,0,
17298,5,7,OUT,SALE,2,2025-11-02,0,
17299,5,7,OUT,SALE,2,2025-11-03,0,
17300,5,7,OUT,SALE,3,2025-11-04,0,
17301,5,7,OUT,SALE,2,2025-11-05,0,
17302,5,7,OUT,SALE,2,2025-11-06,0,
17303,5,7,OUT,SALE,2,2025-11-07,0,
17304,5,7,OUT,SALE,2,2025-11-08,0,
17305,5,7,OUT,SALE,3,2025-11-09,0,
17306,5,7,OUT,SALE,2,2025-11-10,0,
17307,5,7,OUT,SALE,2,2025-11-11,0,
17308,5,7,OUT,SALE,2,2025-11-12,0,
17309,5,7,OUT,SALE,2,2025-11-13,0,
17310,5,7,OUT,SALE,2,2025-11-14,0,
17311,5,7,OUT,SALE,2,2025-11-15,0,
17312,5,7,OUT,SALE,2,2025-11-16,0,
17313,5,7,OUT,SALE,2,2025-11-17,0,
17314,5,7,OUT,SALE,2,2025-11-18,0,
17315,5,7,OUT,SALE,2,2025-11-19,0,
17316,5,7,OUT,SALE,3,2025-11-20,0,
17317,5,7,OUT,SALE,2,2025-11-21,0,
17318,5,7,OUT,SALE,3,2025-11-22,0,
17319,5,7,OUT,SALE,2,2025-11-23,0,
17320,5,7,OUT,SALE,2,2025-11-24,0,
17321,5,7,OUT,SALE,2,2025-11-25,0,
17322,5,7,OUT,SALE,2,2025-11-26,0,
17323,5,7,OUT,SALE,3,2025-11-27,0,
17324,5,7,OUT,SALE,5,2025-11-28,0,
17325,5,7,OUT,SALE,6,2025-11-29,0,
17326,5,7,OUT,SALE,7,2025-11-30,0,
17327,5,7,OUT,SALE,1,2025-12-01,0,
17328,5,7,OUT,SALE,1,2025-12-02,0,
17329,5,7,OUT,SALE,9999,2025-12-03,1,DATA_ERROR
17330,5,7,OUT,SALE,1,2025-12-04,0,
17331,5,7,OUT,SALE,1,2025-12-05,0,
17332,5,7,OUT,SALE,1,2025-12-06,0,
17333,5,7,OUT,SALE,1,2025-12-07,0,
17334,5,7,OUT,SALE,1,2025-12-08,0,
17335,5,7,OUT,SALE,1,2025-12-09,0,
17336,5,7,OUT,SALE,1,2025-12-10,0,
17337,5,7,OUT,SALE,1,2025-12-11,0,
17338,5,7,OUT,SALE,1,2025-12-12,0,
17339,5,7,OUT,SALE,1,2025-12-13,0,
17340,5,7,OUT,SALE,1,2025-12-14,0,
17341,5,7,OUT,SALE,1,2025-12-15,0,
17342,5,7,OUT,SALE,1,2025-12-16,0,
17343,5,7,OUT,SALE,1,2025-12-17,0,
17344,5,7,OUT,SALE,1,2025-12-18,0,
17345,5,7,OUT,SALE,1,2025-12-19,0,
17346,5,7,OUT,SALE,1,2025-12-20,0,
17347,5,7,OUT,SALE,1,2025-12-21,0,
17348,5,7,OUT,SALE,1,2025-12-22,0,
17349,5,7,OUT,DAMAGE,6,2025-12-23,1,OFF_HOURS_BULK
17350,5,7,OUT,SALE,2,2025-12-24,0,
17351,5,7,OUT,SALE,2,2025-12-25,0,
17352,5,7,OUT,SALE,2,2025-12-26,0,
17353,5,7,OUT,SALE,1,2025-12-27,0,
17354,5,7,OUT,SALE,1,2025-12-28,0,
17355,5,7,OUT,SALE,1,2025-12-29,0,
17356,5,7,OUT,SALE,1,2025-12-30,0,
17357,5,7,OUT,DAMAGE,5,2025-12-31,1,THEFT_SPIKE
17358,5,8,OUT,SALE,1,2025-01-01,0,
17359,5,8,OUT,SALE,1,2025-01-02,0,
17360,5,8,OUT,SALE,2,2025-01-03,0,
17361,5,8,OUT,SALE,1,2025-01-04,0,
17362,5,8,OUT,SALE,1,2025-01-05,0,
17363,5,8,OUT,SALE,1,2025-01-06,0,
17364,5,8,OUT,SALE,1,2025-01-07,0,
17365,5,8,OUT,SALE,1,2025-01-08,0,
17366,5,8,OUT,SALE,1,2025-01-09,0,
17367,5,8,OUT,SALE,1,2025-01-10,0,
17368,5,8,OUT,SALE,1,2025-01-11,0,
17369,5,8,OUT,SALE,1,2025-01-12,0,
17370,5,8,OUT,SALE,1,2025-01-13,0,
17371,5,8,OUT,SALE,1,2025-01-14,0,
17372,5,8,OUT,SALE,1,2025-01-15,0,
17373,5,8,OUT,SALE,1,2025-01-16,0,
17374,5,8,OUT,SALE,1,2025-01-17,0,
17375,5,8,OUT,SALE,1,2025-01-18,0,
17376,5,8,OUT,SALE,1,2025-01-19,0,
17377,5,8,OUT,SALE,1,2025-01-20,0,
17378,5,8,OUT,SALE,1,2025-01-21,0,
17379,5,8,OUT,SALE,1,2025-01-22,0,
17380,5,8,OUT,SALE,1,2025-01-23,0,
17381,5,8,OUT,SALE,1,2025-01-24,0,
17382,5,8,OUT,SALE,3,2025-01-25,0,
17383,5,8,OUT,SALE,2,2025-01-26,0,
17384,5,8,OUT,SALE,2,2025-01-27,0,
17385,5,8,OUT,SALE,2,2025-01-28,0,
17386,5,8,OUT,SALE,1,2025-01-29,0,
17387,5,8,OUT,SALE,1,2025-01-30,0,
17388,5,8,OUT,SALE,1,2025-01-31,0,
17389,5,8,OUT,SALE,2,2025-02-01,0,
17390,5,8,OUT,SALE,3,2025-02-02,0,
17391,5,8,OUT,SALE,2,2025-02-03,0,
17392,5,8,OUT,SALE,2,2025-02-04,0,
17393,5,8,OUT,SALE,2,2025-02-05,0,
17394,5,8,OUT,SALE,2,2025-02-06,0,
17395,5,8,OUT,SALE,2,2025-02-07,0,
17396,5,8,OUT,SALE,2,2025-02-08,0,
17397,5,8,OUT,SALE,2,2025-02-09,0,
17398,5,8,OUT,SALE,2,2025-02-10,0,
17399,5,8,OUT,SALE,2,2025-02-11,0,
17400,5,8,OUT,SALE,2,2025-02-12,0,
17401,5,8,OUT,SALE,2,2025-02-13,0,
17402,5,8,OUT,SALE,2,2025-02-14,0,
17403,5,8,OUT,SALE,2,2025-02-15,0,
17404,5,8,OUT,SALE,2,2025-02-16,0,
17405,5,8,OUT,SALE,2,2025-02-17,0,
17406,5,8,OUT,SALE,2,2025-02-18,0,
17407,5,8,OUT,SALE,2,2025-02-19,0,
17408,5,8,OUT,SALE,2,2025-02-20,0,
17409,5,8,OUT,SALE,2,2025-02-21,0,
17410,5,8,OUT,SALE,2,2025-02-22,0,
17411,5,8,OUT,SALE,3,2025-02-23,0,
17412,5,8,OUT,SALE,2,2025-02-24,0,
17413,5,8,OUT,SALE,2,2025-02-25,0,
17414,5,8,OUT,SALE,2,2025-02-26,0,
17415,5,8,OUT,SALE,3,2025-02-27,0,
17416,5,8,OUT,SALE,3,2025-02-28,0,
17417,5,8,OUT,SALE,4,2025-03-01,0,
17418,5,8,OUT,SALE,5,2025-03-02,0,
17419,5,8,OUT,SALE,5,2025-03-03,0,
17420,5,8,OUT,SALE,5,2025-03-04,0,
17421,5,8,OUT,SALE,5,2025-03-05,0,
17422,5,8,OUT,SALE,4,2025-03-06,0,
17423,5,8,OUT,SALE,6,2025-03-07,0,
17424,5,8,OUT,SALE,5,2025-03-08,0,
17425,5,8,OUT,SALE,5,2025-03-09,0,
17426,5,8,OUT,SALE,5,2025-03-10,0,
17427,5,8,OUT,SALE,4,2025-03-11,0,
17428,5,8,OUT,SALE,6,2025-03-12,0,
17429,5,8,OUT,SALE,4,2025-03-13,0,
17430,5,8,OUT,SALE,5,2025-03-14,0,
17431,5,8,OUT,SALE,8,2025-03-15,0,
17432,5,8,OUT,SALE,8,2025-03-16,0,
17433,5,8,OUT,SALE,6,2025-03-17,0,
17434,5,8,OUT,SALE,8,2025-03-18,0,
17435,5,8,OUT,SALE,5,2025-03-19,0,
17436,5,8,OUT,SALE,4,2025-03-20,0,
17437,5,8,OUT,SALE,4,2025-03-21,0,
17438,5,8,OUT,SALE,6,2025-03-22,0,
17439,5,8,OUT,SALE,4,2025-03-23,0,
17440,5,8,OUT,SALE,5,2025-03-24,0,
17441,5,8,OUT,SALE,4,2025-03-25,0,
17442,5,8,OUT,SALE,4,2025-03-26,0,
17443,5,8,OUT,SALE,5,2025-03-27,0,
17444,5,8,OUT,SALE,4,2025-03-28,0,
17445,5,8,OUT,SALE,5,2025-03-29,0,
17446,5,8,OUT,SALE,6,2025-03-30,0,
17447,5,8,OUT,SALE,3,2025-03-31,0,
17448,5,8,OUT,SALE,10,2025-04-01,0,
17449,5,8,OUT,SALE,8,2025-04-02,0,
17450,5,8,OUT,SALE,7,2025-04-03,0,
17451,5,8,OUT,SALE,7,2025-04-04,0,
17452,5,8,OUT,SALE,11,2025-04-05,0,
17453,5,8,OUT,SALE,10,2025-04-06,0,
17454,5,8,OUT,SALE,10,2025-04-07,0,
17455,5,8,OUT,SALE,8,2025-04-08,0,
17456,5,8,OUT,SALE,8,2025-04-09,0,
17457,5,8,OUT,SALE,9,2025-04-10,0,
17458,5,8,OUT,SALE,9,2025-04-11,0,
17459,5,8,OUT,SALE,11,2025-04-12,0,
17460,5,8,OUT,SALE,9,2025-04-13,0,
17461,5,8,OUT,SALE,8,2025-04-14,0,
17462,5,8,OUT,SALE,8,2025-04-15,0,
17463,5,8,OUT,SALE,8,2025-04-16,0,
17464,5,8,OUT,SALE,9,2025-04-17,0,
17465,5,8,OUT,SALE,7,2025-04-18,0,
17466,5,8,OUT,SALE,11,2025-04-19,0,
17467,5,8,OUT,SALE,8,2025-04-20,0,
17468,5,8,OUT,SALE,8,2025-04-21,0,
17469,5,8,OUT,SALE,9,2025-04-22,0,
17470,5,8,OUT,SALE,9,2025-04-23,0,
17471,5,8,OUT,SALE,9,2025-04-24,0,
17472,5,8,OUT,SALE,7,2025-04-25,0,
17473,5,8,OUT,SALE,8,2025-04-26,0,
17474,5,8,OUT,SALE,10,2025-04-27,0,
17475,5,8,OUT,SALE,8,2025-04-28,0,
17476,5,8,OUT,SALE,8,2025-04-29,0,
17477,5,8,OUT,SALE,9,2025-04-30,0,
17478,5,8,OUT,SALE,10,2025-05-01,0,
17479,5,8,OUT,SALE,12,2025-05-02,0,
17480,5,8,OUT,SALE,13,2025-05-03,0,
17481,5,8,OUT,SALE,13,2025-05-04,0,
17482,5,8,OUT,SALE,11,2025-05-05,0,
17483,5,8,OUT,SALE,11,2025-05-06,0,
17484,5,8,OUT,DAMAGE,25,2025-05-07,1,REPEATED_LOSS
17485,5,8,OUT,SALE,12,2025-05-08,0,
17486,5,8,OUT,SALE,11,2025-05-09,0,
17487,5,8,OUT,SALE,15,2025-05-10,0,
17488,5,8,OUT,SALE,13,2025-05-11,0,
17489,5,8,OUT,SALE,10,2025-05-12,0,
17490,5,8,OUT,SALE,11,2025-05-13,0,
17491,5,8,OUT,SALE,11,2025-05-14,0,
17492,5,8,OUT,SALE,13,2025-05-15,0,
17493,5,8,OUT,SALE,11,2025-05-16,0,
17494,5,8,OUT,SALE,13,2025-05-17,0,
17495,5,8,OUT,SALE,16,2025-05-18,0,
17496,5,8,OUT,SALE,12,2025-05-19,0,
17497,5,8,OUT,SALE,14,2025-05-20,0,
17498,5,8,OUT,SALE,13,2025-05-21,0,
17499,5,8,OUT,SALE,10,2025-05-22,0,
17500,5,8,OUT,SALE,13,2025-05-23,0,
17501,5,8,OUT,SALE,16,2025-05-24,0,
17502,5,8,OUT,SALE,16,2025-05-25,0,
17503,5,8,OUT,SALE,13,2025-05-26,0,
17504,5,8,OUT,SALE,13,2025-05-27,0,
17505,5,8,OUT,SALE,11,2025-05-28,0,
17506,5,8,OUT,SALE,11,2025-05-29,0,
17507,5,8,OUT,SALE,11,2025-05-30,0,
17508,5,8,OUT,SALE,11,2025-05-31,0,
17509,5,8,OUT,SALE,19,2025-06-01,0,
17510,5,8,OUT,SALE,14,2025-06-02,0,
17511,5,8,OUT,SALE,16,2025-06-03,0,
17512,5,8,OUT,SALE,12,2025-06-04,0,
17513,5,8,OUT,SALE,16,2025-06-05,0,
17514,5,8,OUT,SALE,13,2025-06-06,0,
17515,5,8,OUT,SALE,14,2025-06-07,0,
17516,5,8,OUT,SALE,20,2025-06-08,0,
17517,5,8,OUT,SALE,16,2025-06-09,0,
17518,5,8,OUT,SALE,15,2025-06-10,0,
17519,5,8,OUT,SALE,14,2025-06-11,0,
17520,5,8,OUT,SALE,15,2025-06-12,0,
17521,5,8,OUT,SALE,15,2025-06-13,0,
17522,5,8,OUT,SALE,15,2025-06-14,0,
17523,5,8,OUT,SALE,16,2025-06-15,0,
17524,5,8,OUT,SALE,18,2025-06-16,0,
17525,5,8,OUT,SALE,19,2025-06-17,0,
17526,5,8,OUT,SALE,17,2025-06-18,0,
17527,5,8,OUT,SALE,15,2025-06-19,0,
17528,5,8,OUT,SALE,14,2025-06-20,0,
17529,5,8,OUT,SALE,15,2025-06-21,0,
17530,5,8,OUT,SALE,15,2025-06-22,0,
17531,5,8,OUT,SALE,13,2025-06-23,0,
17532,5,8,OUT,SALE,18,2025-06-24,0,
17533,5,8,OUT,SALE,17,2025-06-25,0,
17534,5,8,OUT,SALE,16,2025-06-26,0,
17535,5,8,OUT,SALE,13,2025-06-27,0,
17536,5,8,OUT,SALE,18,2025-06-28,0,
17537,5,8,OUT,SALE,16,2025-06-29,0,
17538,5,8,OUT,SALE,11,2025-06-30,0,
17539,5,8,OUT,SALE,16,2025-07-01,0,
17540,5,8,OUT,SALE,14,2025-07-02,0,
17541,5,8,OUT,SALE,14,2025-07-03,0,
17542,5,8,OUT,SALE,15,2025-07-04,0,
17543,5,8,OUT,SALE,16,2025-07-05,0,
17544,5,8,OUT,SALE,17,2025-07-06,0,
17545,5,8,OUT,SALE,15,2025-07-07,0,
17546,5,8,OUT,SALE,12,2025-07-08,0,
17547,5,8,OUT,SALE,18,2025-07-09,0,
17548,5,8,OUT,SALE,13,2025-07-10,0,
17549,5,8,OUT,SALE,13,2025-07-11,0,
17550,5,8,OUT,SALE,17,2025-07-12,0,
17551,5,8,OUT,SALE,17,2025-07-13,0,
17552,5,8,OUT,SALE,18,2025-07-14,0,
17553,5,8,OUT,SALE,16,2025-07-15,0,
17554,5,8,OUT,SALE,16,2025-07-16,0,
17555,5,8,OUT,DAMAGE,80,2025-07-17,1,OFF_HOURS_BULK
17556,5,8,OUT,SALE,16,2025-07-18,0,
17557,5,8,OUT,SALE,18,2025-07-19,0,
17558,5,8,OUT,SALE,29,2025-07-20,0,
17559,5,8,OUT,SALE,32,2025-07-21,0,
17560,5,8,OUT,SALE,38,2025-07-22,0,
17561,5,8,OUT,SALE,49,2025-07-23,0,
17562,5,8,OUT,SALE,29,2025-07-24,0,
17563,5,8,OUT,SALE,35,2025-07-25,0,
17564,5,8,OUT,SALE,16,2025-07-26,0,
17565,5,8,OUT,SALE,22,2025-07-27,0,
17566,5,8,OUT,SALE,13,2025-07-28,0,
17567,5,8,OUT,SALE,16,2025-07-29,0,
17568,5,8,OUT,SALE,13,2025-07-30,0,
17569,5,8,OUT,SALE,15,2025-07-31,0,
17570,5,8,OUT,SALE,14,2025-08-01,0,
17571,5,8,OUT,SALE,18,2025-08-02,0,
17572,5,8,OUT,SALE,14,2025-08-03,0,
17573,5,8,OUT,SALE,15,2025-08-04,0,
17574,5,8,OUT,SALE,14,2025-08-05,0,
17575,5,8,OUT,SALE,15,2025-08-06,0,
17576,5,8,OUT,SALE,16,2025-08-07,0,
17577,5,8,OUT,SALE,12,2025-08-08,0,
17578,5,8,OUT,SALE,18,2025-08-09,0,
17579,5,8,OUT,SALE,15,2025-08-10,0,
17580,5,8,OUT,SALE,16,2025-08-11,0,
17581,5,8,OUT,SALE,15,2025-08-12,0,
17582,5,8,OUT,SALE,14,2025-08-13,0,
17583,5,8,OUT,DAMAGE,76,2025-08-14,1,THEFT_SPIKE
17584,5,8,OUT,SALE,16,2025-08-15,0,
17585,5,8,OUT,SALE,19,2025-08-16,0,
17586,5,8,OUT,SALE,15,2025-08-17,0,
17587,5,8,OUT,SALE,12,2025-08-18,0,
17588,5,8,OUT,SALE,15,2025-08-19,0,
17589,5,8,OUT,SALE,12,2025-08-20,0,
17590,5,8,OUT,SALE,12,2025-08-21,0,
17591,5,8,OUT,SALE,12,2025-08-22,0,
17592,5,8,OUT,SALE,16,2025-08-23,0,
17593,5,8,OUT,SALE,14,2025-08-24,0,
17594,5,8,OUT,SALE,11,2025-08-25,0,
17595,5,8,OUT,SALE,12,2025-08-26,0,
17596,5,8,OUT,SALE,15,2025-08-27,0,
17597,5,8,OUT,SALE,12,2025-08-28,0,
17598,5,8,OUT,SALE,14,2025-08-29,0,
17599,5,8,OUT,SALE,20,2025-08-30,0,
17600,5,8,OUT,SALE,16,2025-08-31,0,
17601,5,8,OUT,SALE,12,2025-09-01,0,
17602,5,8,OUT,SALE,10,2025-09-02,0,
17603,5,8,OUT,SALE,15,2025-09-03,0,
17604,5,8,OUT,SALE,11,2025-09-04,0,
17605,5,8,OUT,SALE,11,2025-09-05,0,
17606,5,8,OUT,SALE,16,2025-09-06,0,
17607,5,8,OUT,SALE,13,2025-09-07,0,
17608,5,8,OUT,SALE,12,2025-09-08,0,
17609,5,8,OUT,SALE,11,2025-09-09,0,
17610,5,8,OUT,SALE,11,2025-09-10,0,
17611,5,8,OUT,SALE,12,2025-09-11,0,
17612,5,8,OUT,SALE,12,2025-09-12,0,
17613,5,8,OUT,SALE,12,2025-09-13,0,
17614,5,8,OUT,SALE,12,2025-09-14,0,
17615,5,8,OUT,SALE,11,2025-09-15,0,
17616,5,8,OUT,SALE,10,2025-09-16,0,
17617,5,8,OUT,SALE,9,2025-09-17,0,
17618,5,8,OUT,SALE,12,2025-09-18,0,
17619,5,8,OUT,SALE,13,2025-09-19,0,
17620,5,8,OUT,SALE,15,2025-09-20,0,
17621,5,8,OUT,SALE,10,2025-09-21,0,
17622,5,8,OUT,SALE,11,2025-09-22,0,
17623,5,8,OUT,SALE,10,2025-09-23,0,
17624,5,8,OUT,SALE,12,2025-09-24,0,
17625,5,8,OUT,SALE,11,2025-09-25,0,
17626,5,8,OUT,SALE,13,2025-09-26,0,
17627,5,8,OUT,SALE,13,2025-09-27,0,
17628,5,8,OUT,SALE,10,2025-09-28,0,
17629,5,8,OUT,SALE,10,2025-09-29,0,
17630,5,8,OUT,SALE,22,2025-09-30,0,
17631,5,8,OUT,SALE,16,2025-10-01,0,
17632,5,8,OUT,SALE,13,2025-10-02,0,
17633,5,8,OUT,SALE,13,2025-10-03,0,
17634,5,8,OUT,SALE,9,2025-10-04,0,
17635,5,8,OUT,SALE,8,2025-10-05,0,
17636,5,8,OUT,SALE,7,2025-10-06,0,
17637,5,8,OUT,SALE,8,2025-10-07,0,
17638,5,8,OUT,SALE,8,2025-10-08,0,
17639,5,8,OUT,SALE,7,2025-10-09,0,
17640,5,8,OUT,SALE,8,2025-10-10,0,
17641,5,8,OUT,SALE,9,2025-10-11,0,
17642,5,8,OUT,SALE,9,2025-10-12,0,
17643,5,8,OUT,SALE,8,2025-10-13,0,
17644,5,8,OUT,SALE,8,2025-10-14,0,
17645,5,8,OUT,SALE,8,2025-10-15,0,
17646,5,8,OUT,SALE,9,2025-10-16,0,
17647,5,8,OUT,SALE,9,2025-10-17,0,
17648,5,8,OUT,SALE,11,2025-10-18,0,
17649,5,8,OUT,SALE,10,2025-10-19,0,
17650,5,8,OUT,SALE,8,2025-10-20,0,
17651,5,8,OUT,SALE,8,2025-10-21,0,
17652,5,8,OUT,SALE,8,2025-10-22,0,
17653,5,8,OUT,SALE,7,2025-10-23,0,
17654,5,8,OUT,SALE,8,2025-10-24,0,
17655,5,8,OUT,SALE,10,2025-10-25,0,
17656,5,8,OUT,SALE,9,2025-10-26,0,
17657,5,8,OUT,SALE,8,2025-10-27,0,
17658,5,8,OUT,SALE,8,2025-10-28,0,
17659,5,8,OUT,SALE,8,2025-10-29,0,
17660,5,8,OUT,SALE,8,2025-10-30,0,
17661,5,8,OUT,SALE,7,2025-10-31,0,
17662,5,8,OUT,SALE,5,2025-11-01,0,
17663,5,8,OUT,SALE,6,2025-11-02,0,
17664,5,8,OUT,SALE,5,2025-11-03,0,
17665,5,8,OUT,SALE,4,2025-11-04,0,
17666,5,8,OUT,SALE,5,2025-11-05,0,
17667,5,8,OUT,SALE,4,2025-11-06,0,
17668,5,8,OUT,SALE,5,2025-11-07,0,
17669,5,8,OUT,SALE,5,2025-11-08,0,
17670,5,8,OUT,SALE,5,2025-11-09,0,
17671,5,8,OUT,SALE,4,2025-11-10,0,
17672,5,8,OUT,SALE,5,2025-11-11,0,
17673,5,8,OUT,SALE,4,2025-11-12,0,
17674,5,8,OUT,SALE,5,2025-11-13,0,
17675,5,8,OUT,SALE,5,2025-11-14,0,
17676,5,8,OUT,SALE,6,2025-11-15,0,
17677,5,8,OUT,SALE,5,2025-11-16,0,
17678,5,8,OUT,SALE,4,2025-11-17,0,
17679,5,8,OUT,SALE,4,2025-11-18,0,
17680,5,8,OUT,SALE,6,2025-11-19,0,
17681,5,8,OUT,SALE,6,2025-11-20,0,
17682,5,8,OUT,SALE,5,2025-11-21,0,
17683,5,8,OUT,SALE,5,2025-11-22,0,
17684,5,8,OUT,SALE,6,2025-11-23,0,
17685,5,8,OUT,SALE,4,2025-11-24,0,
17686,5,8,OUT,SALE,5,2025-11-25,0,
17687,5,8,OUT,SALE,5,2025-11-26,0,
17688,5,8,OUT,SALE,4,2025-11-27,0,
17689,5,8,OUT,SALE,13,2025-11-28,0,
17690,5,8,OUT,SALE,14,2025-11-29,0,
17691,5,8,OUT,SALE,13,2025-11-30,0,
17692,5,8,OUT,SALE,2,2025-12-01,0,
17693,5,8,OUT,SALE,2,2025-12-02,0,
17694,5,8,OUT,SALE,2,2025-12-03,0,
17695,5,8,OUT,SALE,2,2025-12-04,0,
17696,5,8,OUT,SALE,2,2025-12-05,0,
17697,5,8,OUT,SALE,3,2025-12-06,0,
17698,5,8,OUT,SALE,3,2025-12-07,0,
17699,5,8,OUT,SALE,2,2025-12-08,0,
17700,5,8,OUT,SALE,3,2025-12-09,0,
17701,5,8,OUT,SALE,3,2025-12-10,0,
17702,5,8,OUT,SALE,2,2025-12-11,0,
17703,5,8,OUT,SALE,2,2025-12-12,0,
17704,5,8,OUT,SALE,2,2025-12-13,0,
17705,5,8,OUT,SALE,2,2025-12-14,0,
17706,5,8,OUT,SALE,2,2025-12-15,0,
17707,5,8,OUT,SALE,2,2025-12-16,0,
17708,5,8,OUT,SALE,2,2025-12-17,0,
17709,5,8,OUT,SALE,2,2025-12-18,0,
17710,5,8,OUT,SALE,2,2025-12-19,0,
17711,5,8,OUT,SALE,2,2025-12-20,0,
17712,5,8,OUT,SALE,2,2025-12-21,0,
17713,5,8,OUT,SALE,2,2025-12-22,0,
17714,5,8,OUT,SALE,3,2025-12-23,0,
17715,5,8,OUT,SALE,4,2025-12-24,0,
17716,5,8,OUT,SALE,4,2025-12-25,0,
17717,5,8,OUT,SALE,4,2025-12-26,0,
17718,5,8,OUT,SALE,3,2025-12-27,0,
17719,5,8,OUT,SALE,3,2025-12-28,0,
17720,5,8,OUT,SALE,2,2025-12-29,0,
17721,5,8,OUT,SALE,2,2025-12-30,0,
17722,5,8,OUT,SALE,2,2025-12-31,0,
17723,5,9,OUT,SALE,12,2025-01-01,0,
17724,5,9,OUT,SALE,11,2025-01-02,0,
17725,5,9,OUT,SALE,14,2025-01-03,0,
17726,5,9,OUT,SALE,16,2025-01-04,0,
17727,5,9,OUT,SALE,13,2025-01-05,0,
17728,5,9,OUT,SALE,12,2025-01-06,0,
17729,5,9,OUT,SALE,15,2025-01-07,0,
17730,5,9,OUT,SALE,12,2025-01-08,0,
17731,5,9,OUT,SALE,14,2025-01-09,0,
17732,5,9,OUT,SALE,13,2025-01-10,0,
17733,5,9,OUT,SALE,16,2025-01-11,0,
17734,5,9,OUT,SALE,14,2025-01-12,0,
17735,5,9,OUT,SALE,14,2025-01-13,0,
17736,5,9,OUT,SALE,14,2025-01-14,0,
17737,5,9,OUT,SALE,14,2025-01-15,0,
17738,5,9,OUT,SALE,14,2025-01-16,0,
17739,5,9,OUT,SALE,14,2025-01-17,0,
17740,5,9,OUT,SALE,20,2025-01-18,0,
17741,5,9,OUT,SALE,20,2025-01-19,0,
17742,5,9,OUT,SALE,12,2025-01-20,0,
17743,5,9,OUT,SALE,10,2025-01-21,0,
17744,5,9,OUT,SALE,14,2025-01-22,0,
17745,5,9,OUT,SALE,14,2025-01-23,0,
17746,5,9,OUT,SALE,15,2025-01-24,0,
17747,5,9,OUT,SALE,29,2025-01-25,0,
17748,5,9,OUT,SALE,28,2025-01-26,0,
17749,5,9,OUT,SALE,28,2025-01-27,0,
17750,5,9,OUT,SALE,28,2025-01-28,0,
17751,5,9,OUT,SALE,11,2025-01-29,0,
17752,5,9,OUT,SALE,12,2025-01-30,0,
17753,5,9,OUT,SALE,13,2025-01-31,0,
17754,5,9,OUT,SALE,16,2025-02-01,0,
17755,5,9,OUT,SALE,15,2025-02-02,0,
17756,5,9,OUT,SALE,15,2025-02-03,0,
17757,5,9,OUT,SALE,15,2025-02-04,0,
17758,5,9,OUT,SALE,17,2025-02-05,0,
17759,5,9,OUT,SALE,15,2025-02-06,0,
17760,5,9,OUT,SALE,12,2025-02-07,0,
17761,5,9,OUT,SALE,16,2025-02-08,0,
17762,5,9,OUT,SALE,16,2025-02-09,0,
17763,5,9,OUT,SALE,15,2025-02-10,0,
17764,5,9,OUT,SALE,14,2025-02-11,0,
17765,5,9,OUT,SALE,17,2025-02-12,0,
17766,5,9,OUT,SALE,13,2025-02-13,0,
17767,5,9,OUT,SALE,14,2025-02-14,0,
17768,5,9,OUT,SALE,20,2025-02-15,0,
17769,5,9,OUT,SALE,15,2025-02-16,0,
17770,5,9,OUT,SALE,14,2025-02-17,0,
17771,5,9,OUT,SALE,12,2025-02-18,0,
17772,5,9,OUT,SALE,14,2025-02-19,0,
17773,5,9,OUT,SALE,12,2025-02-20,0,
17774,5,9,OUT,SALE,16,2025-02-21,0,
17775,5,9,OUT,SALE,16,2025-02-22,0,
17776,5,9,OUT,SALE,14,2025-02-23,0,
17777,5,9,OUT,SALE,15,2025-02-24,0,
17778,5,9,OUT,DAMAGE,130,2025-02-25,1,THEFT_SPIKE
17779,5,9,OUT,SALE,15,2025-02-26,0,
17780,5,9,OUT,SALE,12,2025-02-27,0,
17781,5,9,OUT,SALE,14,2025-02-28,0,
17782,5,9,OUT,SALE,18,2025-03-01,0,
17783,5,9,OUT,SALE,16,2025-03-02,0,
17784,5,9,OUT,DAMAGE,118,2025-03-03,1,THEFT_SPIKE
17785,5,9,OUT,SALE,15,2025-03-04,0,
17786,5,9,OUT,DAMAGE,43,2025-03-05,1,REPEATED_LOSS
17787,5,9,OUT,SALE,17,2025-03-06,0,
17788,5,9,OUT,SALE,14,2025-03-07,0,
17789,5,9,OUT,SALE,14,2025-03-08,0,
17790,5,9,OUT,SALE,16,2025-03-09,0,
17791,5,9,OUT,SALE,14,2025-03-10,0,
17792,5,9,OUT,SALE,15,2025-03-11,0,
17793,5,9,OUT,SALE,14,2025-03-12,0,
17794,5,9,OUT,SALE,13,2025-03-13,0,
17795,5,9,OUT,SALE,17,2025-03-14,0,
17796,5,9,OUT,SALE,27,2025-03-15,0,
17797,5,9,OUT,SALE,28,2025-03-16,0,
17798,5,9,OUT,SALE,19,2025-03-17,0,
17799,5,9,OUT,SALE,17,2025-03-18,0,
17800,5,9,OUT,SALE,12,2025-03-19,0,
17801,5,9,OUT,SALE,14,2025-03-20,0,
17802,5,9,OUT,SALE,16,2025-03-21,0,
17803,5,9,OUT,SALE,12,2025-03-22,0,
17804,5,9,OUT,SALE,20,2025-03-23,0,
17805,5,9,OUT,SALE,15,2025-03-24,0,
17806,5,9,OUT,SALE,17,2025-03-25,0,
17807,5,9,OUT,SALE,13,2025-03-26,0,
17808,5,9,OUT,SALE,16,2025-03-27,0,
17809,5,9,OUT,SALE,15,2025-03-28,0,
17810,5,9,OUT,SALE,19,2025-03-29,0,
17811,5,9,OUT,SALE,16,2025-03-30,0,
17812,5,9,OUT,SALE,15,2025-03-31,0,
17813,5,9,OUT,SALE,18,2025-04-01,0,
17814,5,9,OUT,SALE,15,2025-04-02,0,
17815,5,9,OUT,SALE,16,2025-04-03,0,
17816,5,9,OUT,SALE,12,2025-04-04,0,
17817,5,9,OUT,SALE,20,2025-04-05,0,
17818,5,9,OUT,SALE,23,2025-04-06,0,
17819,5,9,OUT,SALE,13,2025-04-07,0,
17820,5,9,OUT,SALE,16,2025-04-08,0,
17821,5,9,OUT,SALE,18,2025-04-09,0,
17822,5,9,OUT,SALE,16,2025-04-10,0,
17823,5,9,OUT,SALE,16,2025-04-11,0,
17824,5,9,OUT,SALE,17,2025-04-12,0,
17825,5,9,OUT,SALE,17,2025-04-13,0,
17826,5,9,OUT,SALE,16,2025-04-14,0,
17827,5,9,OUT,SALE,16,2025-04-15,0,
17828,5,9,OUT,SALE,14,2025-04-16,0,
17829,5,9,OUT,SALE,16,2025-04-17,0,
17830,5,9,OUT,SALE,19,2025-04-18,0,
17831,5,9,OUT,SALE,17,2025-04-19,0,
17832,5,9,OUT,SALE,16,2025-04-20,0,
17833,5,9,OUT,SALE,16,2025-04-21,0,
17834,5,9,OUT,SALE,14,2025-04-22,0,
17835,5,9,OUT,SALE,13,2025-04-23,0,
17836,5,9,OUT,SALE,16,2025-04-24,0,
17837,5,9,OUT,SALE,14,2025-04-25,0,
17838,5,9,OUT,DAMAGE,50,2025-04-26,1,REPEATED_LOSS
17839,5,9,OUT,SALE,19,2025-04-27,0,
17840,5,9,OUT,SALE,13,2025-04-28,0,
17841,5,9,OUT,SALE,13,2025-04-29,0,
17842,5,9,OUT,SALE,17,2025-04-30,0,
17843,5,9,OUT,SALE,13,2025-05-01,0,
17844,5,9,OUT,SALE,15,2025-05-02,0,
17845,5,9,OUT,SALE,15,2025-05-03,0,
17846,5,9,OUT,SALE,18,2025-05-04,0,
17847,5,9,OUT,SALE,18,2025-05-05,0,
17848,5,9,OUT,SALE,17,2025-05-06,0,
17849,5,9,OUT,SALE,22,2025-05-07,0,
17850,5,9,OUT,SALE,19,2025-05-08,0,
17851,5,9,OUT,SALE,15,2025-05-09,0,
17852,5,9,OUT,SALE,17,2025-05-10,0,
17853,5,9,OUT,SALE,26,2025-05-11,0,
17854,5,9,OUT,SALE,19,2025-05-12,0,
17855,5,9,OUT,SALE,18,2025-05-13,0,
17856,5,9,OUT,SALE,17,2025-05-14,0,
17857,5,9,OUT,SALE,18,2025-05-15,0,
17858,5,9,OUT,SALE,14,2025-05-16,0,
17859,5,9,OUT,SALE,20,2025-05-17,0,
17860,5,9,OUT,SALE,20,2025-05-18,0,
17861,5,9,OUT,SALE,15,2025-05-19,0,
17862,5,9,OUT,SALE,16,2025-05-20,0,
17863,5,9,OUT,SALE,20,2025-05-21,0,
17864,5,9,OUT,SALE,17,2025-05-22,0,
17865,5,9,OUT,DAMAGE,49,2025-05-23,1,REPEATED_LOSS
17866,5,9,OUT,SALE,16,2025-05-24,0,
17867,5,9,OUT,SALE,18,2025-05-25,0,
17868,5,9,OUT,SALE,14,2025-05-26,0,
17869,5,9,OUT,SALE,15,2025-05-27,0,
17870,5,9,OUT,SALE,15,2025-05-28,0,
17871,5,9,OUT,SALE,18,2025-05-29,0,
17872,5,9,OUT,SALE,18,2025-05-30,0,
17873,5,9,OUT,SALE,18,2025-05-31,0,
17874,5,9,OUT,SALE,15,2025-06-01,0,
17875,5,9,OUT,SALE,21,2025-06-02,0,
17876,5,9,OUT,DAMAGE,38,2025-06-03,1,REPEATED_LOSS
17877,5,9,OUT,SALE,16,2025-06-04,0,
17878,5,9,OUT,SALE,18,2025-06-05,0,
17879,5,9,OUT,SALE,18,2025-06-06,0,
17880,5,9,OUT,SALE,20,2025-06-07,0,
17881,5,9,OUT,SALE,21,2025-06-08,0,
17882,5,9,OUT,SALE,15,2025-06-09,0,
17883,5,9,OUT,SALE,20,2025-06-10,0,
17884,5,9,OUT,SALE,16,2025-06-11,0,
17885,5,9,OUT,SALE,17,2025-06-12,0,
17886,5,9,OUT,SALE,19,2025-06-13,0,
17887,5,9,OUT,SALE,24,2025-06-14,0,
17888,5,9,OUT,SALE,25,2025-06-15,0,
17889,5,9,OUT,SALE,20,2025-06-16,0,
17890,5,9,OUT,SALE,17,2025-06-17,0,
17891,5,9,OUT,SALE,15,2025-06-18,0,
17892,5,9,OUT,SALE,21,2025-06-19,0,
17893,5,9,OUT,SALE,21,2025-06-20,0,
17894,5,9,OUT,SALE,19,2025-06-21,0,
17895,5,9,OUT,SALE,23,2025-06-22,0,
17896,5,9,OUT,SALE,17,2025-06-23,0,
17897,5,9,OUT,SALE,21,2025-06-24,0,
17898,5,9,OUT,DAMAGE,50,2025-06-25,1,REPEATED_LOSS
17899,5,9,OUT,SALE,22,2025-06-26,0,
17900,5,9,OUT,SALE,20,2025-06-27,0,
17901,5,9,OUT,SALE,25,2025-06-28,0,
17902,5,9,OUT,SALE,19,2025-06-29,0,
17903,5,9,OUT,SALE,19,2025-06-30,0,
17904,5,9,OUT,SALE,16,2025-07-01,0,
17905,5,9,OUT,SALE,20,2025-07-02,0,
17906,5,9,OUT,SALE,20,2025-07-03,0,
17907,5,9,OUT,SALE,23,2025-07-04,0,
17908,5,9,OUT,SALE,22,2025-07-05,0,
17909,5,9,OUT,SALE,23,2025-07-06,0,
17910,5,9,OUT,SALE,17,2025-07-07,0,
17911,5,9,OUT,SALE,19,2025-07-08,0,
17912,5,9,OUT,SALE,17,2025-07-09,0,
17913,5,9,OUT,SALE,18,2025-07-10,0,
17914,5,9,OUT,SALE,19,2025-07-11,0,
17915,5,9,OUT,SALE,20,2025-07-12,0,
17916,5,9,OUT,SALE,21,2025-07-13,0,
17917,5,9,OUT,SALE,17,2025-07-14,0,
17918,5,9,OUT,SALE,17,2025-07-15,0,
17919,5,9,OUT,SALE,21,2025-07-16,0,
17920,5,9,OUT,SALE,19,2025-07-17,0,
17921,5,9,OUT,SALE,19,2025-07-18,0,
17922,5,9,OUT,SALE,17,2025-07-19,0,
17923,5,9,OUT,DAMAGE,348,2025-07-20,1,THEFT_SPIKE
17924,5,9,OUT,SALE,43,2025-07-21,0,
17925,5,9,OUT,SALE,38,2025-07-22,0,
17926,5,9,OUT,SALE,50,2025-07-23,0,
17927,5,9,OUT,SALE,29,2025-07-24,0,
17928,5,9,OUT,SALE,44,2025-07-25,0,
17929,5,9,OUT,SALE,23,2025-07-26,0,
17930,5,9,OUT,SALE,22,2025-07-27,0,
17931,5,9,OUT,SALE,19,2025-07-28,0,
17932,5,9,OUT,SALE,19,2025-07-29,0,
17933,5,9,OUT,SALE,20,2025-07-30,0,
17934,5,9,OUT,SALE,17,2025-07-31,0,
17935,5,9,OUT,SALE,19,2025-08-01,0,
17936,5,9,OUT,SALE,20,2025-08-02,0,
17937,5,9,OUT,SALE,18,2025-08-03,0,
17938,5,9,OUT,SALE,19,2025-08-04,0,
17939,5,9,OUT,SALE,17,2025-08-05,0,
17940,5,9,OUT,SALE,15,2025-08-06,0,
17941,5,9,OUT,SALE,17,2025-08-07,0,
17942,5,9,OUT,SALE,16,2025-08-08,0,
17943,5,9,OUT,SALE,23,2025-08-09,0,
17944,5,9,OUT,SALE,21,2025-08-10,0,
17945,5,9,OUT,SALE,21,2025-08-11,0,
17946,5,9,OUT,SALE,16,2025-08-12,0,
17947,5,9,OUT,SALE,20,2025-08-13,0,
17948,5,9,OUT,DAMAGE,54,2025-08-14,1,REPEATED_LOSS
17949,5,9,OUT,SALE,19,2025-08-15,0,
17950,5,9,OUT,SALE,23,2025-08-16,0,
17951,5,9,OUT,SALE,22,2025-08-17,0,
17952,5,9,OUT,SALE,15,2025-08-18,0,
17953,5,9,OUT,SALE,19,2025-08-19,0,
17954,5,9,OUT,SALE,19,2025-08-20,0,
17955,5,9,OUT,SALE,17,2025-08-21,0,
17956,5,9,OUT,SALE,16,2025-08-22,0,
17957,5,9,OUT,SALE,22,2025-08-23,0,
17958,5,9,OUT,SALE,18,2025-08-24,0,
17959,5,9,OUT,SALE,22,2025-08-25,0,
17960,5,9,OUT,SALE,18,2025-08-26,0,
17961,5,9,OUT,SALE,15,2025-08-27,0,
17962,5,9,OUT,SALE,17,2025-08-28,0,
17963,5,9,OUT,SALE,17,2025-08-29,0,
17964,5,9,OUT,SALE,27,2025-08-30,0,
17965,5,9,OUT,SALE,18,2025-08-31,0,
17966,5,9,OUT,SALE,17,2025-09-01,0,
17967,5,9,OUT,SALE,16,2025-09-02,0,
17968,5,9,OUT,SALE,18,2025-09-03,0,
17969,5,9,OUT,SALE,16,2025-09-04,0,
17970,5,9,OUT,SALE,15,2025-09-05,0,
17971,5,9,OUT,SALE,19,2025-09-06,0,
17972,5,9,OUT,SALE,19,2025-09-07,0,
17973,5,9,OUT,SALE,16,2025-09-08,0,
17974,5,9,OUT,SALE,16,2025-09-09,0,
17975,5,9,OUT,SALE,19,2025-09-10,0,
17976,5,9,OUT,SALE,16,2025-09-11,0,
17977,5,9,OUT,SALE,15,2025-09-12,0,
17978,5,9,OUT,SALE,19,2025-09-13,0,
17979,5,9,OUT,SALE,20,2025-09-14,0,
17980,5,9,OUT,SALE,14,2025-09-15,0,
17981,5,9,OUT,SALE,20,2025-09-16,0,
17982,5,9,OUT,SALE,19,2025-09-17,0,
17983,5,9,OUT,SALE,20,2025-09-18,0,
17984,5,9,OUT,SALE,18,2025-09-19,0,
17985,5,9,OUT,SALE,15,2025-09-20,0,
17986,5,9,OUT,SALE,23,2025-09-21,0,
17987,5,9,OUT,SALE,15,2025-09-22,0,
17988,5,9,OUT,SALE,15,2025-09-23,0,
17989,5,9,OUT,SALE,17,2025-09-24,0,
17990,5,9,OUT,SALE,20,2025-09-25,0,
17991,5,9,OUT,SALE,19,2025-09-26,0,
17992,5,9,OUT,DAMAGE,50,2025-09-27,1,REPEATED_LOSS
17993,5,9,OUT,SALE,19,2025-09-28,0,
17994,5,9,OUT,SALE,16,2025-09-29,0,
17995,5,9,OUT,SALE,34,2025-09-30,0,
17996,5,9,OUT,SALE,30,2025-10-01,0,
17997,5,9,OUT,SALE,33,2025-10-02,0,
17998,5,9,OUT,SALE,33,2025-10-03,0,
17999,5,9,OUT,SALE,20,2025-10-04,0,
18000,5,9,OUT,SALE,13,2025-10-05,0,
18001,5,9,OUT,SALE,16,2025-10-06,0,
18002,5,9,OUT,SALE,16,2025-10-07,0,
18003,5,9,OUT,SALE,16,2025-10-08,0,
18004,5,9,OUT,SALE,14,2025-10-09,0,
18005,5,9,OUT,SALE,13,2025-10-10,0,
18006,5,9,OUT,SALE,19,2025-10-11,0,
18007,5,9,OUT,SALE,17,2025-10-12,0,
18008,5,9,OUT,SALE,17,2025-10-13,0,
18009,5,9,OUT,SALE,15,2025-10-14,0,
18010,5,9,OUT,SALE,19,2025-10-15,0,
18011,5,9,OUT,SALE,18,2025-10-16,0,
18012,5,9,OUT,SALE,16,2025-10-17,0,
18013,5,9,OUT,SALE,18,2025-10-18,0,
18014,5,9,OUT,SALE,20,2025-10-19,0,
18015,5,9,OUT,SALE,17,2025-10-20,0,
18016,5,9,OUT,SALE,16,2025-10-21,0,
18017,5,9,OUT,SALE,18,2025-10-22,0,
18018,5,9,OUT,SALE,19,2025-10-23,0,
18019,5,9,OUT,SALE,13,2025-10-24,0,
18020,5,9,OUT,SALE,16,2025-10-25,0,
18021,5,9,OUT,SALE,17,2025-10-26,0,
18022,5,9,OUT,SALE,13,2025-10-27,0,
18023,5,9,OUT,SALE,16,2025-10-28,0,
18024,5,9,OUT,SALE,17,2025-10-29,0,
18025,5,9,OUT,SALE,16,2025-10-30,0,
18026,5,9,OUT,SALE,15,2025-10-31,0,
18027,5,9,OUT,SALE,19,2025-11-01,0,
18028,5,9,OUT,SALE,17,2025-11-02,0,
18029,5,9,OUT,SALE,15,2025-11-03,0,
18030,5,9,OUT,SALE,17,2025-11-04,0,
18031,5,9,OUT,SALE,14,2025-11-05,0,
18032,5,9,OUT,SALE,18,2025-11-06,0,
18033,5,9,OUT,SALE,14,2025-11-07,0,
18034,5,9,OUT,SALE,21,2025-11-08,0,
18035,5,9,OUT,SALE,15,2025-11-09,0,
18036,5,9,OUT,SALE,16,2025-11-10,0,
18037,5,9,OUT,SALE,14,2025-11-11,0,
18038,5,9,OUT,SALE,17,2025-11-12,0,
18039,5,9,OUT,SALE,14,2025-11-13,0,
18040,5,9,OUT,SALE,15,2025-11-14,0,
18041,5,9,OUT,SALE,16,2025-11-15,0,
18042,5,9,OUT,SALE,19,2025-11-16,0,
18043,5,9,OUT,SALE,14,2025-11-17,0,
18044,5,9,OUT,SALE,18,2025-11-18,0,
18045,5,9,OUT,SALE,13,2025-11-19,0,
18046,5,9,OUT,SALE,12,2025-11-20,0,
18047,5,9,OUT,SALE,16,2025-11-21,0,
18048,5,9,OUT,SALE,16,2025-11-22,0,
18049,5,9,OUT,SALE,17,2025-11-23,0,
18050,5,9,OUT,SALE,14,2025-11-24,0,
18051,5,9,OUT,SALE,12,2025-11-25,0,
18052,5,9,OUT,SALE,15,2025-11-26,0,
18053,5,9,OUT,SALE,17,2025-11-27,0,
18054,5,9,OUT,SALE,41,2025-11-28,0,
18055,5,9,OUT,SALE,43,2025-11-29,0,
18056,5,9,OUT,SALE,48,2025-11-30,0,
18057,5,9,OUT,SALE,12,2025-12-01,0,
18058,5,9,OUT,SALE,13,2025-12-02,0,
18059,5,9,OUT,SALE,14,2025-12-03,0,
18060,5,9,OUT,SALE,14,2025-12-04,0,
18061,5,9,OUT,SALE,13,2025-12-05,0,
18062,5,9,OUT,SALE,14,2025-12-06,0,
18063,5,9,OUT,SALE,12,2025-12-07,0,
18064,5,9,OUT,SALE,15,2025-12-08,0,
18065,5,9,OUT,SALE,14,2025-12-09,0,
18066,5,9,OUT,SALE,15,2025-12-10,0,
18067,5,9,OUT,SALE,13,2025-12-11,0,
18068,5,9,OUT,SALE,13,2025-12-12,0,
18069,5,9,OUT,SALE,16,2025-12-13,0,
18070,5,9,OUT,SALE,17,2025-12-14,0,
18071,5,9,OUT,SALE,13,2025-12-15,0,
18072,5,9,OUT,SALE,15,2025-12-16,0,
18073,5,9,OUT,SALE,12,2025-12-17,0,
18074,5,9,OUT,SALE,14,2025-12-18,0,
18075,5,9,OUT,SALE,14,2025-12-19,0,
18076,5,9,OUT,SALE,18,2025-12-20,0,
18077,5,9,OUT,SALE,16,2025-12-21,0,
18078,5,9,OUT,SALE,17,2025-12-22,0,
18079,5,9,OUT,SALE,12,2025-12-23,0,
18080,5,9,OUT,SALE,24,2025-12-24,0,
18081,5,9,OUT,SALE,24,2025-12-25,0,
18082,5,9,OUT,SALE,25,2025-12-26,0,
18083,5,9,OUT,SALE,14,2025-12-27,0,
18084,5,9,OUT,SALE,19,2025-12-28,0,
18085,5,9,OUT,SALE,14,2025-12-29,0,
18086,5,9,OUT,SALE,12,2025-12-30,0,
18087,5,9,OUT,SALE,14,2025-12-31,0,
18088,5,10,OUT,SALE,1,2025-01-01,0,
18089,5,10,OUT,SALE,2,2025-01-02,0,
18090,5,10,OUT,SALE,2,2025-01-03,0,
18091,5,10,OUT,SALE,2,2025-01-04,0,
18092,5,10,OUT,SALE,2,2025-01-05,0,
18093,5,10,OUT,SALE,2,2025-01-06,0,
18094,5,10,OUT,SALE,2,2025-01-07,0,
18095,5,10,OUT,SALE,1,2025-01-08,0,
18096,5,10,OUT,SALE,2,2025-01-09,0,
18097,5,10,OUT,SALE,1,2025-01-10,0,
18098,5,10,OUT,SALE,1,2025-01-11,0,
18099,5,10,OUT,SALE,2,2025-01-12,0,
18100,5,10,OUT,SALE,2,2025-01-13,0,
18101,5,10,OUT,SALE,2,2025-01-14,0,
18102,5,10,OUT,SALE,2,2025-01-15,0,
18103,5,10,OUT,SALE,2,2025-01-16,0,
18104,5,10,OUT,SALE,1,2025-01-17,0,
18105,5,10,OUT,SALE,1,2025-01-18,0,
18106,5,10,OUT,SALE,2,2025-01-19,0,
18107,5,10,OUT,SALE,1,2025-01-20,0,
18108,5,10,OUT,SALE,1,2025-01-21,0,
18109,5,10,OUT,SALE,1,2025-01-22,0,
18110,5,10,OUT,SALE,2,2025-01-23,0,
18111,5,10,OUT,SALE,1,2025-01-24,0,
18112,5,10,OUT,SALE,3,2025-01-25,0,
18113,5,10,OUT,SALE,3,2025-01-26,0,
18114,5,10,OUT,SALE,3,2025-01-27,0,
18115,5,10,OUT,SALE,2,2025-01-28,0,
18116,5,10,OUT,SALE,1,2025-01-29,0,
18117,5,10,OUT,SALE,1,2025-01-30,0,
18118,5,10,OUT,SALE,2,2025-01-31,0,
18119,5,10,OUT,SALE,1,2025-02-01,0,
18120,5,10,OUT,SALE,2,2025-02-02,0,
18121,5,10,OUT,SALE,1,2025-02-03,0,
18122,5,10,OUT,SALE,1,2025-02-04,0,
18123,5,10,OUT,SALE,2,2025-02-05,0,
18124,5,10,OUT,SALE,1,2025-02-06,0,
18125,5,10,OUT,SALE,2,2025-02-07,0,
18126,5,10,OUT,SALE,2,2025-02-08,0,
18127,5,10,OUT,SALE,2,2025-02-09,0,
18128,5,10,OUT,SALE,2,2025-02-10,0,
18129,5,10,OUT,DAMAGE,2,2025-02-11,1,REPEATED_LOSS
18130,5,10,OUT,SALE,1,2025-02-12,0,
18131,5,10,OUT,SALE,2,2025-02-13,0,
18132,5,10,OUT,SALE,1,2025-02-14,0,
18133,5,10,OUT,SALE,2,2025-02-15,0,
18134,5,10,OUT,SALE,2,2025-02-16,0,
18135,5,10,OUT,SALE,1,2025-02-17,0,
18136,5,10,OUT,SALE,2,2025-02-18,0,
18137,5,10,OUT,SALE,1,2025-02-19,0,
18138,5,10,OUT,SALE,1,2025-02-20,0,
18139,5,10,OUT,SALE,1,2025-02-21,0,
18140,5,10,OUT,SALE,2,2025-02-22,0,
18141,5,10,OUT,SALE,2,2025-02-23,0,
18142,5,10,OUT,SALE,2,2025-02-24,0,
18143,5,10,OUT,SALE,1,2025-02-25,0,
18144,5,10,OUT,SALE,1,2025-02-26,0,
18145,5,10,OUT,SALE,1,2025-02-27,0,
18146,5,10,OUT,SALE,2,2025-02-28,0,
18147,5,10,OUT,SALE,2,2025-03-01,0,
18148,5,10,OUT,SALE,2,2025-03-02,0,
18149,5,10,OUT,SALE,1,2025-03-03,0,
18150,5,10,OUT,SALE,2,2025-03-04,0,
18151,5,10,OUT,SALE,2,2025-03-05,0,
18152,5,10,OUT,SALE,2,2025-03-06,0,
18153,5,10,OUT,SALE,2,2025-03-07,0,
18154,5,10,OUT,SALE,2,2025-03-08,0,
18155,5,10,OUT,SALE,2,2025-03-09,0,
18156,5,10,OUT,SALE,1,2025-03-10,0,
18157,5,10,OUT,SALE,1,2025-03-11,0,
18158,5,10,OUT,SALE,2,2025-03-12,0,
18159,5,10,OUT,SALE,2,2025-03-13,0,
18160,5,10,OUT,SALE,2,2025-03-14,0,
18161,5,10,OUT,SALE,3,2025-03-15,0,
18162,5,10,OUT,SALE,3,2025-03-16,0,
18163,5,10,OUT,SALE,2,2025-03-17,0,
18164,5,10,OUT,SALE,2,2025-03-18,0,
18165,5,10,OUT,SALE,2,2025-03-19,0,
18166,5,10,OUT,SALE,1,2025-03-20,0,
18167,5,10,OUT,SALE,2,2025-03-21,0,
18168,5,10,OUT,SALE,2,2025-03-22,0,
18169,5,10,OUT,SALE,2,2025-03-23,0,
18170,5,10,OUT,SALE,2,2025-03-24,0,
18171,5,10,OUT,SALE,2,2025-03-25,0,
18172,5,10,OUT,SALE,2,2025-03-26,0,
18173,5,10,OUT,SALE,2,2025-03-27,0,
18174,5,10,OUT,SALE,1,2025-03-28,0,
18175,5,10,OUT,SALE,2,2025-03-29,0,
18176,5,10,OUT,SALE,2,2025-03-30,0,
18177,5,10,OUT,SALE,2,2025-03-31,0,
18178,5,10,OUT,SALE,2,2025-04-01,0,
18179,5,10,OUT,SALE,2,2025-04-02,0,
18180,5,10,OUT,SALE,1,2025-04-03,0,
18181,5,10,OUT,SALE,2,2025-04-04,0,
18182,5,10,OUT,SALE,2,2025-04-05,0,
18183,5,10,OUT,SALE,2,2025-04-06,0,
18184,5,10,OUT,SALE,2,2025-04-07,0,
18185,5,10,OUT,SALE,2,2025-04-08,0,
18186,5,10,OUT,SALE,2,2025-04-09,0,
18187,5,10,OUT,SALE,2,2025-04-10,0,
18188,5,10,OUT,SALE,2,2025-04-11,0,
18189,5,10,OUT,SALE,2,2025-04-12,0,
18190,5,10,OUT,SALE,2,2025-04-13,0,
18191,5,10,OUT,SALE,2,2025-04-14,0,
18192,5,10,OUT,SALE,1,2025-04-15,0,
18193,5,10,OUT,SALE,2,2025-04-16,0,
18194,5,10,OUT,SALE,2,2025-04-17,0,
18195,5,10,OUT,SALE,2,2025-04-18,0,
18196,5,10,OUT,SALE,2,2025-04-19,0,
18197,5,10,OUT,SALE,2,2025-04-20,0,
18198,5,10,OUT,SALE,1,2025-04-21,0,
18199,5,10,OUT,SALE,2,2025-04-22,0,
18200,5,10,OUT,DAMAGE,19,2025-04-23,1,THEFT_SPIKE
18201,5,10,OUT,SALE,2,2025-04-24,0,
18202,5,10,OUT,SALE,2,2025-04-25,0,
18203,5,10,OUT,SALE,2,2025-04-26,0,
18204,5,10,OUT,SALE,2,2025-04-27,0,
18205,5,10,OUT,SALE,2,2025-04-28,0,
18206,5,10,OUT,SALE,2,2025-04-29,0,
18207,5,10,OUT,SALE,2,2025-04-30,0,
18208,5,10,OUT,SALE,2,2025-05-01,0,
18209,5,10,OUT,SALE,2,2025-05-02,0,
18210,5,10,OUT,SALE,2,2025-05-03,0,
18211,5,10,OUT,SALE,2,2025-05-04,0,
18212,5,10,OUT,SALE,1,2025-05-05,0,
18213,5,10,OUT,SALE,2,2025-05-06,0,
18214,5,10,OUT,SALE,2,2025-05-07,0,
18215,5,10,OUT,SALE,2,2025-05-08,0,
18216,5,10,OUT,SALE,2,2025-05-09,0,
18217,5,10,OUT,SALE,2,2025-05-10,0,
18218,5,10,OUT,SALE,2,2025-05-11,0,
18219,5,10,OUT,SALE,2,2025-05-12,0,
18220,5,10,OUT,SALE,2,2025-05-13,0,
18221,5,10,OUT,SALE,2,2025-05-14,0,
18222,5,10,OUT,SALE,2,2025-05-15,0,
18223,5,10,OUT,SALE,1,2025-05-16,0,
18224,5,10,OUT,SALE,9999,2025-05-17,1,DATA_ERROR
18225,5,10,OUT,SALE,2,2025-05-18,0,
18226,5,10,OUT,SALE,2,2025-05-19,0,
18227,5,10,OUT,SALE,2,2025-05-20,0,
18228,5,10,OUT,SALE,2,2025-05-21,0,
18229,5,10,OUT,SALE,2,2025-05-22,0,
18230,5,10,OUT,SALE,2,2025-05-23,0,
18231,5,10,OUT,SALE,2,2025-05-24,0,
18232,5,10,OUT,SALE,2,2025-05-25,0,
18233,5,10,OUT,SALE,2,2025-05-26,0,
18234,5,10,OUT,SALE,2,2025-05-27,0,
18235,5,10,OUT,SALE,2,2025-05-28,0,
18236,5,10,OUT,SALE,2,2025-05-29,0,
18237,5,10,OUT,SALE,2,2025-05-30,0,
18238,5,10,OUT,SALE,2,2025-05-31,0,
18239,5,10,OUT,SALE,2,2025-06-01,0,
18240,5,10,OUT,SALE,2,2025-06-02,0,
18241,5,10,OUT,SALE,2,2025-06-03,0,
18242,5,10,OUT,SALE,2,2025-06-04,0,
18243,5,10,OUT,SALE,2,2025-06-05,0,
18244,5,10,OUT,SALE,2,2025-06-06,0,
18245,5,10,OUT,SALE,2,2025-06-07,0,
18246,5,10,OUT,SALE,2,2025-06-08,0,
18247,5,10,OUT,SALE,2,2025-06-09,0,
18248,5,10,OUT,SALE,2,2025-06-10,0,
18249,5,10,OUT,SALE,2,2025-06-11,0,
18250,5,10,OUT,SALE,2,2025-06-12,0,
18251,5,10,OUT,SALE,2,2025-06-13,0,
18252,5,10,OUT,SALE,2,2025-06-14,0,
18253,5,10,OUT,SALE,2,2025-06-15,0,
18254,5,10,OUT,SALE,2,2025-06-16,0,
18255,5,10,OUT,SALE,2,2025-06-17,0,
18256,5,10,OUT,SALE,2,2025-06-18,0,
18257,5,10,OUT,SALE,2,2025-06-19,0,
18258,5,10,OUT,SALE,2,2025-06-20,0,
18259,5,10,OUT,SALE,2,2025-06-21,0,
18260,5,10,OUT,SALE,2,2025-06-22,0,
18261,5,10,OUT,SALE,2,2025-06-23,0,
18262,5,10,OUT,SALE,2,2025-06-24,0,
18263,5,10,OUT,SALE,2,2025-06-25,0,
18264,5,10,OUT,SALE,2,2025-06-26,0,
18265,5,10,OUT,SALE,2,2025-06-27,0,
18266,5,10,OUT,SALE,2,2025-06-28,0,
18267,5,10,OUT,SALE,2,2025-06-29,0,
18268,5,10,OUT,SALE,1,2025-06-30,0,
18269,5,10,OUT,SALE,2,2025-07-01,0,
18270,5,10,OUT,SALE,2,2025-07-02,0,
18271,5,10,OUT,SALE,2,2025-07-03,0,
18272,5,10,OUT,SALE,2,2025-07-04,0,
18273,5,10,OUT,SALE,2,2025-07-05,0,
18274,5,10,OUT,SALE,2,2025-07-06,0,
18275,5,10,OUT,DAMAGE,12,2025-07-07,1,OFF_HOURS_BULK
18276,5,10,OUT,SALE,2,2025-07-08,0,
18277,5,10,OUT,SALE,2,2025-07-09,0,
18278,5,10,OUT,SALE,2,2025-07-10,0,
18279,5,10,OUT,SALE,2,2025-07-11,0,
18280,5,10,OUT,SALE,2,2025-07-12,0,
18281,5,10,OUT,SALE,2,2025-07-13,0,
18282,5,10,OUT,SALE,2,2025-07-14,0,
18283,5,10,OUT,SALE,2,2025-07-15,0,
18284,5,10,OUT,SALE,2,2025-07-16,0,
18285,5,10,OUT,SALE,2,2025-07-17,0,
18286,5,10,OUT,SALE,2,2025-07-18,0,
18287,5,10,OUT,SALE,2,2025-07-19,0,
18288,5,10,OUT,SALE,6,2025-07-20,0,
18289,5,10,OUT,SALE,4,2025-07-21,0,
18290,5,10,OUT,SALE,4,2025-07-22,0,
18291,5,10,OUT,SALE,4,2025-07-23,0,
18292,5,10,OUT,SALE,4,2025-07-24,0,
18293,5,10,OUT,SALE,5,2025-07-25,0,
18294,5,10,OUT,SALE,3,2025-07-26,0,
18295,5,10,OUT,SALE,3,2025-07-27,0,
18296,5,10,OUT,SALE,2,2025-07-28,0,
18297,5,10,OUT,SALE,2,2025-07-29,0,
18298,5,10,OUT,SALE,2,2025-07-30,0,
18299,5,10,OUT,SALE,2,2025-07-31,0,
18300,5,10,OUT,SALE,2,2025-08-01,0,
18301,5,10,OUT,SALE,2,2025-08-02,0,
18302,5,10,OUT,SALE,3,2025-08-03,0,
18303,5,10,OUT,SALE,2,2025-08-04,0,
18304,5,10,OUT,SALE,2,2025-08-05,0,
18305,5,10,OUT,SALE,2,2025-08-06,0,
18306,5,10,OUT,SALE,2,2025-08-07,0,
18307,5,10,OUT,SALE,2,2025-08-08,0,
18308,5,10,OUT,SALE,2,2025-08-09,0,
18309,5,10,OUT,SALE,2,2025-08-10,0,
18310,5,10,OUT,SALE,2,2025-08-11,0,
18311,5,10,OUT,SALE,2,2025-08-12,0,
18312,5,10,OUT,SALE,2,2025-08-13,0,
18313,5,10,OUT,SALE,2,2025-08-14,0,
18314,5,10,OUT,SALE,2,2025-08-15,0,
18315,5,10,OUT,SALE,2,2025-08-16,0,
18316,5,10,OUT,SALE,2,2025-08-17,0,
18317,5,10,OUT,SALE,2,2025-08-18,0,
18318,5,10,OUT,SALE,2,2025-08-19,0,
18319,5,10,OUT,SALE,2,2025-08-20,0,
18320,5,10,OUT,SALE,2,2025-08-21,0,
18321,5,10,OUT,SALE,2,2025-08-22,0,
18322,5,10,OUT,SALE,2,2025-08-23,0,
18323,5,10,OUT,SALE,2,2025-08-24,0,
18324,5,10,OUT,SALE,2,2025-08-25,0,
18325,5,10,OUT,SALE,2,2025-08-26,0,
18326,5,10,OUT,SALE,2,2025-08-27,0,
18327,5,10,OUT,SALE,2,2025-08-28,0,
18328,5,10,OUT,SALE,2,2025-08-29,0,
18329,5,10,OUT,SALE,2,2025-08-30,0,
18330,5,10,OUT,SALE,3,2025-08-31,0,
18331,5,10,OUT,SALE,2,2025-09-01,0,
18332,5,10,OUT,SALE,2,2025-09-02,0,
18333,5,10,OUT,SALE,2,2025-09-03,0,
18334,5,10,OUT,SALE,2,2025-09-04,0,
18335,5,10,OUT,SALE,2,2025-09-05,0,
18336,5,10,OUT,SALE,2,2025-09-06,0,
18337,5,10,OUT,SALE,2,2025-09-07,0,
18338,5,10,OUT,SALE,2,2025-09-08,0,
18339,5,10,OUT,SALE,2,2025-09-09,0,
18340,5,10,OUT,SALE,2,2025-09-10,0,
18341,5,10,OUT,SALE,2,2025-09-11,0,
18342,5,10,OUT,SALE,2,2025-09-12,0,
18343,5,10,OUT,SALE,2,2025-09-13,0,
18344,5,10,OUT,SALE,2,2025-09-14,0,
18345,5,10,OUT,DAMAGE,17,2025-09-15,1,THEFT_SPIKE
18346,5,10,OUT,SALE,2,2025-09-16,0,
18347,5,10,OUT,SALE,2,2025-09-17,0,
18348,5,10,OUT,SALE,2,2025-09-18,0,
18349,5,10,OUT,SALE,2,2025-09-19,0,
18350,5,10,OUT,SALE,2,2025-09-20,0,
18351,5,10,OUT,SALE,2,2025-09-21,0,
18352,5,10,OUT,SALE,1,2025-09-22,0,
18353,5,10,OUT,SALE,2,2025-09-23,0,
18354,5,10,OUT,SALE,2,2025-09-24,0,
18355,5,10,OUT,SALE,2,2025-09-25,0,
18356,5,10,OUT,SALE,2,2025-09-26,0,
18357,5,10,OUT,SALE,2,2025-09-27,0,
18358,5,10,OUT,SALE,2,2025-09-28,0,
18359,5,10,OUT,SALE,2,2025-09-29,0,
18360,5,10,OUT,SALE,4,2025-09-30,0,
18361,5,10,OUT,SALE,3,2025-10-01,0,
18362,5,10,OUT,SALE,3,2025-10-02,0,
18363,5,10,OUT,SALE,3,2025-10-03,0,
18364,5,10,OUT,SALE,2,2025-10-04,0,
18365,5,10,OUT,SALE,2,2025-10-05,0,
18366,5,10,OUT,SALE,2,2025-10-06,0,
18367,5,10,OUT,SALE,2,2025-10-07,0,
18368,5,10,OUT,SALE,1,2025-10-08,0,
18369,5,10,OUT,SALE,2,2025-10-09,0,
18370,5,10,OUT,SALE,2,2025-10-10,0,
18371,5,10,OUT,SALE,2,2025-10-11,0,
18372,5,10,OUT,SALE,2,2025-10-12,0,
18373,5,10,OUT,SALE,2,2025-10-13,0,
18374,5,10,OUT,SALE,2,2025-10-14,0,
18375,5,10,OUT,SALE,2,2025-10-15,0,
18376,5,10,OUT,SALE,2,2025-10-16,0,
18377,5,10,OUT,SALE,2,2025-10-17,0,
18378,5,10,OUT,DAMAGE,4,2025-10-18,1,REPEATED_LOSS
18379,5,10,OUT,SALE,2,2025-10-19,0,
18380,5,10,OUT,SALE,1,2025-10-20,0,
18381,5,10,OUT,SALE,2,2025-10-21,0,
18382,5,10,OUT,SALE,2,2025-10-22,0,
18383,5,10,OUT,SALE,2,2025-10-23,0,
18384,5,10,OUT,SALE,1,2025-10-24,0,
18385,5,10,OUT,SALE,2,2025-10-25,0,
18386,5,10,OUT,SALE,2,2025-10-26,0,
18387,5,10,OUT,SALE,2,2025-10-27,0,
18388,5,10,OUT,SALE,2,2025-10-28,0,
18389,5,10,OUT,SALE,2,2025-10-29,0,
18390,5,10,OUT,SALE,2,2025-10-30,0,
18391,5,10,OUT,SALE,2,2025-10-31,0,
18392,5,10,OUT,SALE,2,2025-11-01,0,
18393,5,10,OUT,SALE,2,2025-11-02,0,
18394,5,10,OUT,SALE,1,2025-11-03,0,
18395,5,10,OUT,DAMAGE,10,2025-11-04,1,OFF_HOURS_BULK
18396,5,10,OUT,SALE,2,2025-11-05,0,
18397,5,10,OUT,SALE,2,2025-11-06,0,
18398,5,10,OUT,SALE,2,2025-11-07,0,
18399,5,10,OUT,SALE,2,2025-11-08,0,
18400,5,10,OUT,SALE,2,2025-11-09,0,
18401,5,10,OUT,SALE,2,2025-11-10,0,
18402,5,10,OUT,SALE,2,2025-11-11,0,
18403,5,10,OUT,SALE,2,2025-11-12,0,
18404,5,10,OUT,SALE,1,2025-11-13,0,
18405,5,10,OUT,SALE,2,2025-11-14,0,
18406,5,10,OUT,SALE,2,2025-11-15,0,
18407,5,10,OUT,SALE,2,2025-11-16,0,
18408,5,10,OUT,SALE,2,2025-11-17,0,
18409,5,10,OUT,SALE,2,2025-11-18,0,
18410,5,10,OUT,SALE,2,2025-11-19,0,
18411,5,10,OUT,SALE,2,2025-11-20,0,
18412,5,10,OUT,SALE,1,2025-11-21,0,
18413,5,10,OUT,SALE,2,2025-11-22,0,
18414,5,10,OUT,SALE,2,2025-11-23,0,
18415,5,10,OUT,SALE,1,2025-11-24,0,
18416,5,10,OUT,SALE,2,2025-11-25,0,
18417,5,10,OUT,SALE,2,2025-11-26,0,
18418,5,10,OUT,SALE,2,2025-11-27,0,
18419,5,10,OUT,SALE,4,2025-11-28,0,
18420,5,10,OUT,SALE,4,2025-11-29,0,
18421,5,10,OUT,SALE,6,2025-11-30,0,
18422,5,10,OUT,SALE,1,2025-12-01,0,
18423,5,10,OUT,SALE,1,2025-12-02,0,
18424,5,10,OUT,SALE,2,2025-12-03,0,
18425,5,10,OUT,SALE,1,2025-12-04,0,
18426,5,10,OUT,SALE,1,2025-12-05,0,
18427,5,10,OUT,SALE,2,2025-12-06,0,
18428,5,10,OUT,SALE,2,2025-12-07,0,
18429,5,10,OUT,SALE,2,2025-12-08,0,
18430,5,10,OUT,SALE,2,2025-12-09,0,
18431,5,10,OUT,SALE,2,2025-12-10,0,
18432,5,10,OUT,SALE,2,2025-12-11,0,
18433,5,10,OUT,SALE,2,2025-12-12,0,
18434,5,10,OUT,SALE,2,2025-12-13,0,
18435,5,10,OUT,SALE,1,2025-12-14,0,
18436,5,10,OUT,SALE,2,2025-12-15,0,
18437,5,10,OUT,SALE,2,2025-12-16,0,
18438,5,10,OUT,SALE,2,2025-12-17,0,
18439,5,10,OUT,SALE,2,2025-12-18,0,
18440,5,10,OUT,SALE,1,2025-12-19,0,
18441,5,10,OUT,SALE,2,2025-12-20,0,
18442,5,10,OUT,SALE,2,2025-12-21,0,
18443,5,10,OUT,SALE,1,2025-12-22,0,
18444,5,10,OUT,SALE,2,2025-12-23,0,
18445,5,10,OUT,SALE,2,2025-12-24,0,
18446,5,10,OUT,SALE,3,2025-12-25,0,
18447,5,10,OUT,SALE,3,2025-12-26,0,
18448,5,10,OUT,SALE,1,2025-12-27,0,
18449,5,10,OUT,SALE,2,2025-12-28,0,
18450,5,10,OUT,SALE,1,2025-12-29,0,
18451,5,10,OUT,SALE,2,2025-12-30,0,
18452,5,10,OUT,SALE,1,2025-12-31,0,
18453,5,11,OUT,SALE,9,2025-01-01,0,
18454,5,11,OUT,SALE,9,2025-01-02,0,
18455,5,11,OUT,SALE,8,2025-01-03,0,
18456,5,11,OUT,SALE,9,2025-01-04,0,
18457,5,11,OUT,SALE,11,2025-01-05,0,
18458,5,11,OUT,SALE,7,2025-01-06,0,
18459,5,11,OUT,DAMAGE,54,2025-01-07,1,THEFT_SPIKE
18460,5,11,OUT,SALE,10,2025-01-08,0,
18461,5,11,OUT,SALE,9,2025-01-09,0,
18462,5,11,OUT,SALE,9,2025-01-10,0,
18463,5,11,OUT,SALE,12,2025-01-11,0,
18464,5,11,OUT,SALE,9,2025-01-12,0,
18465,5,11,OUT,SALE,8,2025-01-13,0,
18466,5,11,OUT,SALE,8,2025-01-14,0,
18467,5,11,OUT,SALE,10,2025-01-15,0,
18468,5,11,OUT,SALE,10,2025-01-16,0,
18469,5,11,OUT,SALE,7,2025-01-17,0,
18470,5,11,OUT,SALE,11,2025-01-18,0,
18471,5,11,OUT,SALE,11,2025-01-19,0,
18472,5,11,OUT,SALE,10,2025-01-20,0,
18473,5,11,OUT,SALE,9,2025-01-21,0,
18474,5,11,OUT,SALE,9,2025-01-22,0,
18475,5,11,OUT,SALE,10,2025-01-23,0,
18476,5,11,OUT,SALE,10,2025-01-24,0,
18477,5,11,OUT,SALE,23,2025-01-25,0,
18478,5,11,OUT,SALE,20,2025-01-26,0,
18479,5,11,OUT,SALE,16,2025-01-27,0,
18480,5,11,OUT,SALE,14,2025-01-28,0,
18481,5,11,OUT,SALE,8,2025-01-29,0,
18482,5,11,OUT,SALE,7,2025-01-30,0,
18483,5,11,OUT,SALE,9,2025-01-31,0,
18484,5,11,OUT,SALE,14,2025-02-01,0,
18485,5,11,OUT,SALE,13,2025-02-02,0,
18486,5,11,OUT,SALE,12,2025-02-03,0,
18487,5,11,OUT,SALE,11,2025-02-04,0,
18488,5,11,OUT,SALE,10,2025-02-05,0,
18489,5,11,OUT,SALE,11,2025-02-06,0,
18490,5,11,OUT,SALE,12,2025-02-07,0,
18491,5,11,OUT,SALE,13,2025-02-08,0,
18492,5,11,OUT,SALE,13,2025-02-09,0,
18493,5,11,OUT,SALE,10,2025-02-10,0,
18494,5,11,OUT,SALE,10,2025-02-11,0,
18495,5,11,OUT,SALE,14,2025-02-12,0,
18496,5,11,OUT,SALE,13,2025-02-13,0,
18497,5,11,OUT,SALE,9,2025-02-14,0,
18498,5,11,OUT,SALE,9,2025-02-15,0,
18499,5,11,OUT,SALE,13,2025-02-16,0,
18500,5,11,OUT,SALE,12,2025-02-17,0,
18501,5,11,OUT,SALE,10,2025-02-18,0,
18502,5,11,OUT,SALE,12,2025-02-19,0,
18503,5,11,OUT,SALE,11,2025-02-20,0,
18504,5,11,OUT,SALE,11,2025-02-21,0,
18505,5,11,OUT,SALE,14,2025-02-22,0,
18506,5,11,OUT,SALE,12,2025-02-23,0,
18507,5,11,OUT,SALE,11,2025-02-24,0,
18508,5,11,OUT,SALE,12,2025-02-25,0,
18509,5,11,OUT,SALE,11,2025-02-26,0,
18510,5,11,OUT,SALE,13,2025-02-27,0,
18511,5,11,OUT,SALE,12,2025-02-28,0,
18512,5,11,OUT,SALE,16,2025-03-01,0,
18513,5,11,OUT,SALE,14,2025-03-02,0,
18514,5,11,OUT,SALE,14,2025-03-03,0,
18515,5,11,OUT,SALE,12,2025-03-04,0,
18516,5,11,OUT,SALE,13,2025-03-05,0,
18517,5,11,OUT,SALE,11,2025-03-06,0,
18518,5,11,OUT,SALE,14,2025-03-07,0,
18519,5,11,OUT,SALE,15,2025-03-08,0,
18520,5,11,OUT,SALE,18,2025-03-09,0,
18521,5,11,OUT,SALE,16,2025-03-10,0,
18522,5,11,OUT,SALE,14,2025-03-11,0,
18523,5,11,OUT,SALE,13,2025-03-12,0,
18524,5,11,OUT,SALE,11,2025-03-13,0,
18525,5,11,OUT,SALE,14,2025-03-14,0,
18526,5,11,OUT,SALE,9999,2025-03-15,1,DATA_ERROR
18527,5,11,OUT,SALE,25,2025-03-16,0,
18528,5,11,OUT,SALE,24,2025-03-17,0,
18529,5,11,OUT,DAMAGE,147,2025-03-18,1,THEFT_SPIKE
18530,5,11,OUT,SALE,11,2025-03-19,0,
18531,5,11,OUT,SALE,12,2025-03-20,0,
18532,5,11,OUT,SALE,14,2025-03-21,0,
18533,5,11,OUT,SALE,15,2025-03-22,0,
18534,5,11,OUT,SALE,13,2025-03-23,0,
18535,5,11,OUT,SALE,14,2025-03-24,0,
18536,5,11,OUT,SALE,11,2025-03-25,0,
18537,5,11,OUT,SALE,11,2025-03-26,0,
18538,5,11,OUT,SALE,12,2025-03-27,0,
18539,5,11,OUT,SALE,12,2025-03-28,0,
18540,5,11,OUT,SALE,16,2025-03-29,0,
18541,5,11,OUT,SALE,15,2025-03-30,0,
18542,5,11,OUT,SALE,15,2025-03-31,0,
18543,5,11,OUT,SALE,13,2025-04-01,0,
18544,5,11,OUT,SALE,13,2025-04-02,0,
18545,5,11,OUT,SALE,15,2025-04-03,0,
18546,5,11,OUT,SALE,13,2025-04-04,0,
18547,5,11,OUT,SALE,18,2025-04-05,0,
18548,5,11,OUT,SALE,16,2025-04-06,0,
18549,5,11,OUT,SALE,9,2025-04-07,0,
18550,5,11,OUT,SALE,15,2025-04-08,0,
18551,5,11,OUT,SALE,15,2025-04-09,0,
18552,5,11,OUT,SALE,15,2025-04-10,0,
18553,5,11,OUT,SALE,10,2025-04-11,0,
18554,5,11,OUT,SALE,14,2025-04-12,0,
18555,5,11,OUT,SALE,14,2025-04-13,0,
18556,5,11,OUT,SALE,12,2025-04-14,0,
18557,5,11,OUT,SALE,16,2025-04-15,0,
18558,5,11,OUT,SALE,13,2025-04-16,0,
18559,5,11,OUT,SALE,13,2025-04-17,0,
18560,5,11,OUT,SALE,14,2025-04-18,0,
18561,5,11,OUT,SALE,16,2025-04-19,0,
18562,5,11,OUT,SALE,9,2025-04-20,0,
18563,5,11,OUT,SALE,12,2025-04-21,0,
18564,5,11,OUT,SALE,11,2025-04-22,0,
18565,5,11,OUT,SALE,14,2025-04-23,0,
18566,5,11,OUT,SALE,13,2025-04-24,0,
18567,5,11,OUT,SALE,13,2025-04-25,0,
18568,5,11,OUT,SALE,11,2025-04-26,0,
18569,5,11,OUT,SALE,15,2025-04-27,0,
18570,5,11,OUT,SALE,15,2025-04-28,0,
18571,5,11,OUT,SALE,15,2025-04-29,0,
18572,5,11,OUT,SALE,14,2025-04-30,0,
18573,5,11,OUT,SALE,11,2025-05-01,0,
18574,5,11,OUT,SALE,14,2025-05-02,0,
18575,5,11,OUT,SALE,16,2025-05-03,0,
18576,5,11,OUT,SALE,14,2025-05-04,0,
18577,5,11,OUT,SALE,10,2025-05-05,0,
18578,5,11,OUT,SALE,14,2025-05-06,0,
18579,5,11,OUT,SALE,12,2025-05-07,0,
18580,5,11,OUT,SALE,13,2025-05-08,0,
18581,5,11,OUT,SALE,13,2025-05-09,0,
18582,5,11,OUT,SALE,17,2025-05-10,0,
18583,5,11,OUT,SALE,14,2025-05-11,0,
18584,5,11,OUT,SALE,13,2025-05-12,0,
18585,5,11,OUT,SALE,15,2025-05-13,0,
18586,5,11,OUT,SALE,12,2025-05-14,0,
18587,5,11,OUT,SALE,14,2025-05-15,0,
18588,5,11,OUT,SALE,12,2025-05-16,0,
18589,5,11,OUT,SALE,13,2025-05-17,0,
18590,5,11,OUT,SALE,14,2025-05-18,0,
18591,5,11,OUT,SALE,14,2025-05-19,0,
18592,5,11,OUT,SALE,15,2025-05-20,0,
18593,5,11,OUT,SALE,15,2025-05-21,0,
18594,5,11,OUT,SALE,12,2025-05-22,0,
18595,5,11,OUT,SALE,11,2025-05-23,0,
18596,5,11,OUT,SALE,14,2025-05-24,0,
18597,5,11,OUT,SALE,12,2025-05-25,0,
18598,5,11,OUT,SALE,12,2025-05-26,0,
18599,5,11,OUT,SALE,12,2025-05-27,0,
18600,5,11,OUT,SALE,14,2025-05-28,0,
18601,5,11,OUT,SALE,9,2025-05-29,0,
18602,5,11,OUT,SALE,11,2025-05-30,0,
18603,5,11,OUT,SALE,13,2025-05-31,0,
18604,5,11,OUT,SALE,14,2025-06-01,0,
18605,5,11,OUT,SALE,10,2025-06-02,0,
18606,5,11,OUT,SALE,11,2025-06-03,0,
18607,5,11,OUT,SALE,11,2025-06-04,0,
18608,5,11,OUT,SALE,12,2025-06-05,0,
18609,5,11,OUT,SALE,12,2025-06-06,0,
18610,5,11,OUT,SALE,13,2025-06-07,0,
18611,5,11,OUT,SALE,12,2025-06-08,0,
18612,5,11,OUT,SALE,9,2025-06-09,0,
18613,5,11,OUT,SALE,11,2025-06-10,0,
18614,5,11,OUT,SALE,12,2025-06-11,0,
18615,5,11,OUT,SALE,9,2025-06-12,0,
18616,5,11,OUT,SALE,9,2025-06-13,0,
18617,5,11,OUT,SALE,13,2025-06-14,0,
18618,5,11,OUT,SALE,13,2025-06-15,0,
18619,5,11,OUT,SALE,10,2025-06-16,0,
18620,5,11,OUT,SALE,10,2025-06-17,0,
18621,5,11,OUT,SALE,9,2025-06-18,0,
18622,5,11,OUT,SALE,13,2025-06-19,0,
18623,5,11,OUT,SALE,9,2025-06-20,0,
18624,5,11,OUT,SALE,13,2025-06-21,0,
18625,5,11,OUT,SALE,13,2025-06-22,0,
18626,5,11,OUT,SALE,13,2025-06-23,0,
18627,5,11,OUT,SALE,10,2025-06-24,0,
18628,5,11,OUT,SALE,11,2025-06-25,0,
18629,5,11,OUT,SALE,9,2025-06-26,0,
18630,5,11,OUT,SALE,8,2025-06-27,0,
18631,5,11,OUT,SALE,14,2025-06-28,0,
18632,5,11,OUT,SALE,10,2025-06-29,0,
18633,5,11,OUT,SALE,11,2025-06-30,0,
18634,5,11,OUT,SALE,10,2025-07-01,0,
18635,5,11,OUT,SALE,10,2025-07-02,0,
18636,5,11,OUT,SALE,8,2025-07-03,0,
18637,5,11,OUT,SALE,7,2025-07-04,0,
18638,5,11,OUT,SALE,11,2025-07-05,0,
18639,5,11,OUT,SALE,12,2025-07-06,0,
18640,5,11,OUT,SALE,8,2025-07-07,0,
18641,5,11,OUT,SALE,8,2025-07-08,0,
18642,5,11,OUT,SALE,8,2025-07-09,0,
18643,5,11,OUT,SALE,9,2025-07-10,0,
18644,5,11,OUT,SALE,10,2025-07-11,0,
18645,5,11,OUT,SALE,9,2025-07-12,0,
18646,5,11,OUT,SALE,8,2025-07-13,0,
18647,5,11,OUT,SALE,11,2025-07-14,0,
18648,5,11,OUT,SALE,9,2025-07-15,0,
18649,5,11,OUT,SALE,9,2025-07-16,0,
18650,5,11,OUT,SALE,8,2025-07-17,0,
18651,5,11,OUT,SALE,9,2025-07-18,0,
18652,5,11,OUT,SALE,11,2025-07-19,0,
18653,5,11,OUT,SALE,23,2025-07-20,0,
18654,5,11,OUT,SALE,23,2025-07-21,0,
18655,5,11,OUT,SALE,19,2025-07-22,0,
18656,5,11,OUT,SALE,19,2025-07-23,0,
18657,5,11,OUT,SALE,20,2025-07-24,0,
18658,5,11,OUT,SALE,20,2025-07-25,0,
18659,5,11,OUT,SALE,10,2025-07-26,0,
18660,5,11,OUT,SALE,9,2025-07-27,0,
18661,5,11,OUT,SALE,9,2025-07-28,0,
18662,5,11,OUT,SALE,8,2025-07-29,0,
18663,5,11,OUT,SALE,8,2025-07-30,0,
18664,5,11,OUT,SALE,9,2025-07-31,0,
18665,5,11,OUT,SALE,6,2025-08-01,0,
18666,5,11,OUT,SALE,7,2025-08-02,0,
18667,5,11,OUT,SALE,5,2025-08-03,0,
18668,5,11,OUT,SALE,8,2025-08-04,0,
18669,5,11,OUT,SALE,7,2025-08-05,0,
18670,5,11,OUT,SALE,6,2025-08-06,0,
18671,5,11,OUT,SALE,6,2025-08-07,0,
18672,5,11,OUT,SALE,4,2025-08-08,0,
18673,5,11,OUT,SALE,7,2025-08-09,0,
18674,5,11,OUT,SALE,8,2025-08-10,0,
18675,5,11,OUT,SALE,7,2025-08-11,0,
18676,5,11,OUT,SALE,7,2025-08-12,0,
18677,5,11,OUT,SALE,7,2025-08-13,0,
18678,5,11,OUT,SALE,8,2025-08-14,0,
18679,5,11,OUT,SALE,6,2025-08-15,0,
18680,5,11,OUT,SALE,9,2025-08-16,0,
18681,5,11,OUT,SALE,7,2025-08-17,0,
18682,5,11,OUT,SALE,6,2025-08-18,0,
18683,5,11,OUT,SALE,6,2025-08-19,0,
18684,5,11,OUT,SALE,6,2025-08-20,0,
18685,5,11,OUT,SALE,7,2025-08-21,0,
18686,5,11,OUT,SALE,6,2025-08-22,0,
18687,5,11,OUT,SALE,7,2025-08-23,0,
18688,5,11,OUT,SALE,8,2025-08-24,0,
18689,5,11,OUT,SALE,7,2025-08-25,0,
18690,5,11,OUT,SALE,7,2025-08-26,0,
18691,5,11,OUT,SALE,7,2025-08-27,0,
18692,5,11,OUT,SALE,6,2025-08-28,0,
18693,5,11,OUT,SALE,7,2025-08-29,0,
18694,5,11,OUT,SALE,8,2025-08-30,0,
18695,5,11,OUT,SALE,7,2025-08-31,0,
18696,5,11,OUT,SALE,4,2025-09-01,0,
18697,5,11,OUT,SALE,5,2025-09-02,0,
18698,5,11,OUT,SALE,6,2025-09-03,0,
18699,5,11,OUT,SALE,5,2025-09-04,0,
18700,5,11,OUT,SALE,6,2025-09-05,0,
18701,5,11,OUT,SALE,5,2025-09-06,0,
18702,5,11,OUT,SALE,6,2025-09-07,0,
18703,5,11,OUT,SALE,6,2025-09-08,0,
18704,5,11,OUT,SALE,0,2025-09-09,1,DATA_ERROR
18705,5,11,OUT,SALE,5,2025-09-10,0,
18706,5,11,OUT,SALE,6,2025-09-11,0,
18707,5,11,OUT,SALE,5,2025-09-12,0,
18708,5,11,OUT,SALE,7,2025-09-13,0,
18709,5,11,OUT,SALE,5,2025-09-14,0,
18710,5,11,OUT,SALE,5,2025-09-15,0,
18711,5,11,OUT,SALE,5,2025-09-16,0,
18712,5,11,OUT,SALE,4,2025-09-17,0,
18713,5,11,OUT,SALE,5,2025-09-18,0,
18714,5,11,OUT,SALE,4,2025-09-19,0,
18715,5,11,OUT,SALE,5,2025-09-20,0,
18716,5,11,OUT,SALE,4,2025-09-21,0,
18717,5,11,OUT,SALE,6,2025-09-22,0,
18718,5,11,OUT,SALE,5,2025-09-23,0,
18719,5,11,OUT,SALE,6,2025-09-24,0,
18720,5,11,OUT,SALE,5,2025-09-25,0,
18721,5,11,OUT,SALE,5,2025-09-26,0,
18722,5,11,OUT,SALE,5,2025-09-27,0,
18723,5,11,OUT,SALE,5,2025-09-28,0,
18724,5,11,OUT,SALE,5,2025-09-29,0,
18725,5,11,OUT,SALE,9,2025-09-30,0,
18726,5,11,OUT,SALE,7,2025-10-01,0,
18727,5,11,OUT,SALE,7,2025-10-02,0,
18728,5,11,OUT,SALE,7,2025-10-03,0,
18729,5,11,OUT,SALE,6,2025-10-04,0,
18730,5,11,OUT,SALE,6,2025-10-05,0,
18731,5,11,OUT,SALE,4,2025-10-06,0,
18732,5,11,OUT,SALE,4,2025-10-07,0,
18733,5,11,OUT,SALE,4,2025-10-08,0,
18734,5,11,OUT,SALE,4,2025-10-09,0,
18735,5,11,OUT,SALE,5,2025-10-10,0,
18736,5,11,OUT,SALE,6,2025-10-11,0,
18737,5,11,OUT,SALE,5,2025-10-12,0,
18738,5,11,OUT,SALE,4,2025-10-13,0,
18739,5,11,OUT,SALE,4,2025-10-14,0,
18740,5,11,OUT,SALE,4,2025-10-15,0,
18741,5,11,OUT,SALE,5,2025-10-16,0,
18742,5,11,OUT,SALE,4,2025-10-17,0,
18743,5,11,OUT,SALE,5,2025-10-18,0,
18744,5,11,OUT,SALE,5,2025-10-19,0,
18745,5,11,OUT,SALE,4,2025-10-20,0,
18746,5,11,OUT,SALE,5,2025-10-21,0,
18747,5,11,OUT,SALE,4,2025-10-22,0,
18748,5,11,OUT,SALE,5,2025-10-23,0,
18749,5,11,OUT,SALE,4,2025-10-24,0,
18750,5,11,OUT,SALE,5,2025-10-25,0,
18751,5,11,OUT,SALE,5,2025-10-26,0,
18752,5,11,OUT,SALE,3,2025-10-27,0,
18753,5,11,OUT,SALE,4,2025-10-28,0,
18754,5,11,OUT,SALE,4,2025-10-29,0,
18755,5,11,OUT,SALE,5,2025-10-30,0,
18756,5,11,OUT,SALE,4,2025-10-31,0,
18757,5,11,OUT,SALE,5,2025-11-01,0,
18758,5,11,OUT,SALE,6,2025-11-02,0,
18759,5,11,OUT,SALE,4,2025-11-03,0,
18760,5,11,OUT,SALE,4,2025-11-04,0,
18761,5,11,OUT,SALE,5,2025-11-05,0,
18762,5,11,OUT,SALE,4,2025-11-06,0,
18763,5,11,OUT,SALE,4,2025-11-07,0,
18764,5,11,OUT,SALE,6,2025-11-08,0,
18765,5,11,OUT,SALE,6,2025-11-09,0,
18766,5,11,OUT,SALE,5,2025-11-10,0,
18767,5,11,OUT,SALE,6,2025-11-11,0,
18768,5,11,OUT,SALE,6,2025-11-12,0,
18769,5,11,OUT,DAMAGE,19,2025-11-13,1,OFF_HOURS_BULK
18770,5,11,OUT,SALE,5,2025-11-14,0,
18771,5,11,OUT,SALE,5,2025-11-15,0,
18772,5,11,OUT,SALE,5,2025-11-16,0,
18773,5,11,OUT,SALE,5,2025-11-17,0,
18774,5,11,OUT,SALE,4,2025-11-18,0,
18775,5,11,OUT,SALE,4,2025-11-19,0,
18776,5,11,OUT,SALE,5,2025-11-20,0,
18777,5,11,OUT,SALE,5,2025-11-21,0,
18778,5,11,OUT,SALE,6,2025-11-22,0,
18779,5,11,OUT,SALE,5,2025-11-23,0,
18780,5,11,OUT,SALE,5,2025-11-24,0,
18781,5,11,OUT,SALE,5,2025-11-25,0,
18782,5,11,OUT,SALE,5,2025-11-26,0,
18783,5,11,OUT,SALE,4,2025-11-27,0,
18784,5,11,OUT,SALE,12,2025-11-28,0,
18785,5,11,OUT,SALE,16,2025-11-29,0,
18786,5,11,OUT,SALE,17,2025-11-30,0,
18787,5,11,OUT,SALE,6,2025-12-01,0,
18788,5,11,OUT,SALE,6,2025-12-02,0,
18789,5,11,OUT,SALE,6,2025-12-03,0,
18790,5,11,OUT,SALE,7,2025-12-04,0,
18791,5,11,OUT,SALE,6,2025-12-05,0,
18792,5,11,OUT,SALE,5,2025-12-06,0,
18793,5,11,OUT,SALE,9,2025-12-07,0,
18794,5,11,OUT,SALE,8,2025-12-08,0,
18795,5,11,OUT,SALE,6,2025-12-09,0,
18796,5,11,OUT,SALE,6,2025-12-10,0,
18797,5,11,OUT,SALE,6,2025-12-11,0,
18798,5,11,OUT,SALE,6,2025-12-12,0,
18799,5,11,OUT,SALE,8,2025-12-13,0,
18800,5,11,OUT,SALE,8,2025-12-14,0,
18801,5,11,OUT,SALE,6,2025-12-15,0,
18802,5,11,OUT,SALE,6,2025-12-16,0,
18803,5,11,OUT,SALE,7,2025-12-17,0,
18804,5,11,OUT,SALE,7,2025-12-18,0,
18805,5,11,OUT,SALE,7,2025-12-19,0,
18806,5,11,OUT,SALE,7,2025-12-20,0,
18807,5,11,OUT,SALE,9,2025-12-21,0,
18808,5,11,OUT,SALE,5,2025-12-22,0,
18809,5,11,OUT,SALE,7,2025-12-23,0,
18810,5,11,OUT,SALE,9,2025-12-24,0,
18811,5,11,OUT,SALE,10,2025-12-25,0,
18812,5,11,OUT,SALE,13,2025-12-26,0,
18813,5,11,OUT,SALE,8,2025-12-27,0,
18814,5,11,OUT,SALE,7,2025-12-28,0,
18815,5,11,OUT,SALE,6,2025-12-29,0,
18816,5,11,OUT,SALE,7,2025-12-30,0,
18817,5,11,OUT,SALE,7,2025-12-31,0,
