id,store_id,product_option_id,type,reason,quantity,created_at,is_anomaly,anomaly_type,pred_anomaly
1,1,1,OUT,SALE,1,2025-01-06,0,,0
2,1,1,OUT,SALE,1,2025-01-11,0,,0
3,1,1,OUT,SALE,1,2025-01-17,0,,0
4,1,1,OUT,SALE,1,2025-01-18,0,,0
5,1,1,OUT,SALE,1,2025-01-20,0,,0
6,1,1,OUT,SALE,1,2025-01-25,0,,0
7,1,1,OUT,SALE,1,2025-01-26,0,,0
8,1,1,OUT,SALE,1,2025-01-27,0,,0
9,1,1,OUT,SALE,1,2025-01-28,0,,0
10,1,1,OUT,SALE,1,2025-02-01,0,,0
11,1,1,OUT,SALE,1,2025-02-02,0,,0
12,1,1,OUT,SALE,1,2025-02-03,0,,0
13,1,1,OUT,SALE,1,2025-02-04,0,,0
14,1,1,OUT,SALE,1,2025-02-05,0,,0
15,1,1,OUT,SALE,1,2025-02-06,0,,0
16,1,1,OUT,SALE,1,2025-02-07,0,,0
17,1,1,OUT,SALE,1,2025-02-08,0,,0
18,1,1,OUT,SALE,1,2025-02-09,0,,0
19,1,1,OUT,SALE,1,2025-02-10,0,,0
20,1,1,OUT,SALE,1,2025-02-11,0,,0
21,1,1,OUT,SALE,1,2025-02-12,0,,0
22,1,1,OUT,SALE,1,2025-02-13,0,,0
23,1,1,OUT,SALE,1,2025-02-14,0,,0
24,1,1,OUT,SALE,1,2025-02-15,0,,0
25,1,1,OUT,SALE,1,2025-02-16,0,,0
26,1,1,OUT,SALE,1,2025-02-17,0,,0
27,1,1,OUT,SALE,1,2025-02-18,0,,0
28,1,1,OUT,SALE,1,2025-02-19,0,,0
29,1,1,OUT,SALE,1,2025-02-20,0,,0
30,1,1,OUT,SALE,1,2025-02-21,0,,0
31,1,1,OUT,SALE,1,2025-02-22,0,,0
32,1,1,OUT,SALE,1,2025-02-23,0,,0
33,1,1,OUT,SALE,1,2025-02-24,0,,0
34,1,1,OUT,SALE,1,2025-02-25,0,,0
35,1,1,OUT,SALE,1,2025-02-26,0,,0
36,1,1,OUT,SALE,1,2025-02-27,0,,0
37,1,1,OUT,SALE,1,2025-02-28,0,,0
38,1,1,OUT,SALE,2,2025-03-01,0,,0
39,1,1,OUT,SALE,3,2025-03-02,0,,0
40,1,1,OUT,SALE,3,2025-03-03,0,,0
41,1,1,OUT,SALE,2,2025-03-04,0,,0
42,1,1,OUT,SALE,3,2025-03-05,0,,0
43,1,1,OUT,SALE,2,2025-03-06,0,,0
44,1,1,OUT,SALE,2,2025-03-07,0,,0
45,1,1,OUT,SALE,3,2025-03-08,0,,0
46,1,1,OUT,SALE,3,2025-03-09,0,,0
47,1,1,OUT,SALE,2,2025-03-10,0,,0
48,1,1,OUT,SALE,2,2025-03-11,0,,0
49,1,1,OUT,SALE,2,2025-03-12,0,,0
50,1,1,OUT,SALE,3,2025-03-13,0,,0
51,1,1,OUT,SALE,3,2025-03-14,0,,0
52,1,1,OUT,SALE,3,2025-03-15,0,,0
53,1,1,OUT,SALE,3,2025-03-16,0,,0
54,1,1,OUT,SALE,3,2025-03-17,0,,0
55,1,1,OUT,SALE,3,2025-03-18,0,,0
56,1,1,OUT,SALE,2,2025-03-19,0,,0
57,1,1,OUT,SALE,2,2025-03-20,0,,0
58,1,1,OUT,SALE,2,2025-03-21,0,,0
59,1,1,OUT,SALE,2,2025-03-22,0,,0
60,1,1,OUT,SALE,3,2025-03-23,0,,0
61,1,1,OUT,SALE,3,2025-03-24,0,,0
62,1,1,OUT,SALE,3,2025-03-25,0,,0
63,1,1,OUT,SALE,2,2025-03-26,0,,0
64,1,1,OUT,SALE,2,2025-03-27,0,,0
65,1,1,OUT,SALE,2,2025-03-28,0,,0
66,1,1,OUT,SALE,3,2025-03-29,0,,0
67,1,1,OUT,DAMAGE,19,2025-03-30,1,OFF_HOURS_BULK,1
68,1,1,OUT,SALE,2,2025-03-31,0,,0
69,1,1,OUT,SALE,5,2025-04-01,0,,0
70,1,1,OUT,SALE,6,2025-04-02,0,,0
71,1,1,OUT,SALE,5,2025-04-03,0,,0
72,1,1,OUT,SALE,5,2025-04-04,0,,0
73,1,1,OUT,SALE,5,2025-04-05,0,,0
74,1,1,OUT,SALE,4,2025-04-06,0,,0
75,1,1,OUT,SALE,5,2025-04-07,0,,0
76,1,1,OUT,SALE,5,2025-04-08,0,,0
77,1,1,OUT,SALE,6,2025-04-09,0,,0
78,1,1,OUT,SALE,5,2025-04-10,0,,0
79,1,1,OUT,SALE,5,2025-04-11,0,,0
80,1,1,OUT,SALE,5,2025-04-12,0,,0
81,1,1,OUT,SALE,5,2025-04-13,0,,0
82,1,1,OUT,SALE,5,2025-04-14,0,,0
83,1,1,OUT,SALE,5,2025-04-15,0,,0
84,1,1,OUT,SALE,5,2025-04-16,0,,0
85,1,1,OUT,SALE,4,2025-04-17,0,,0
86,1,1,OUT,SALE,5,2025-04-18,0,,0
87,1,1,OUT,SALE,4,2025-04-19,0,,0
88,1,1,OUT,SALE,6,2025-04-20,0,,0
89,1,1,OUT,SALE,6,2025-04-21,0,,0
90,1,1,OUT,SALE,4,2025-04-22,0,,0
91,1,1,OUT,SALE,4,2025-04-23,0,,0
92,1,1,OUT,SALE,5,2025-04-24,0,,0
93,1,1,OUT,SALE,4,2025-04-25,0,,0
94,1,1,OUT,SALE,4,2025-04-26,0,,0
95,1,1,OUT,SALE,5,2025-04-27,0,,0
96,1,1,OUT,SALE,4,2025-04-28,0,,0
97,1,1,OUT,SALE,5,2025-04-29,0,,0
98,1,1,OUT,SALE,4,2025-04-30,0,,0
99,1,1,OUT,SALE,8,2025-05-01,0,,0
100,1,1,OUT,SALE,6,2025-05-02,0,,0
101,1,1,OUT,SALE,7,2025-05-03,0,,0
102,1,1,OUT,SALE,8,2025-05-04,0,,0
103,1,1,OUT,SALE,6,2025-05-05,0,,0
104,1,1,OUT,SALE,7,2025-05-06,0,,0
105,1,1,OUT,SALE,8,2025-05-07,0,,0
106,1,1,OUT,SALE,5,2025-05-08,0,,0
107,1,1,OUT,SALE,7,2025-05-09,0,,0
108,1,1,OUT,SALE,8,2025-05-10,0,,0
109,1,1,OUT,SALE,8,2025-05-11,0,,0
110,1,1,OUT,SALE,6,2025-05-12,0,,0
111,1,1,OUT,SALE,6,2025-05-13,0,,0
112,1,1,OUT,SALE,7,2025-05-14,0,,0
113,1,1,OUT,SALE,7,2025-05-15,0,,0
114,1,1,OUT,SALE,7,2025-05-16,0,,0
115,1,1,OUT,SALE,8,2025-05-17,0,,0
116,1,1,OUT,SALE,7,2025-05-18,0,,0
117,1,1,OUT,SALE,7,2025-05-19,0,,0
118,1,1,OUT,SALE,7,2025-05-20,0,,0
119,1,1,OUT,SALE,6,2025-05-21,0,,0
120,1,1,OUT,SALE,8,2025-05-22,0,,0
121,1,1,OUT,SALE,7,2025-05-23,0,,0
122,1,1,OUT,SALE,7,2025-05-24,0,,0
123,1,1,OUT,SALE,8,2025-05-25,0,,0
124,1,1,OUT,SALE,6,2025-05-26,0,,0
125,1,1,OUT,SALE,7,2025-05-27,0,,0
126,1,1,OUT,SALE,8,2025-05-28,0,,0
127,1,1,OUT,SALE,6,2025-05-29,0,,0
128,1,1,OUT,SALE,7,2025-05-30,0,,0
129,1,1,OUT,SALE,8,2025-05-31,0,,0
130,1,1,OUT,SALE,10,2025-06-01,0,,0
131,1,1,OUT,SALE,10,2025-06-02,0,,0
132,1,1,OUT,SALE,8,2025-06-03,0,,0
133,1,1,OUT,SALE,7,2025-06-04,0,,0
134,1,1,OUT,SALE,7,2025-06-05,0,,0
135,1,1,OUT,SALE,7,2025-06-06,0,,0
136,1,1,OUT,SALE,9,2025-06-07,0,,0
137,1,1,OUT,SALE,10,2025-06-08,0,,0
138,1,1,OUT,SALE,8,2025-06-09,0,,0
139,1,1,OUT,SALE,9,2025-06-10,0,,0
140,1,1,OUT,SALE,8,2025-06-11,0,,0
141,1,1,OUT,SALE,10,2025-06-12,0,,0
142,1,1,OUT,SALE,8,2025-06-13,0,,0
143,1,1,OUT,SALE,13,2025-06-14,0,,0
144,1,1,OUT,SALE,10,2025-06-15,0,,0
145,1,1,OUT,SALE,7,2025-06-16,0,,0
146,1,1,OUT,SALE,7,2025-06-17,0,,0
147,1,1,OUT,SALE,9,2025-06-18,0,,0
148,1,1,OUT,SALE,8,2025-06-19,0,,0
149,1,1,OUT,SALE,9,2025-06-20,0,,0
150,1,1,OUT,SALE,10,2025-06-21,0,,0
151,1,1,OUT,SALE,0,2025-06-22,1,DATA_ERROR,0
152,1,1,OUT,SALE,7,2025-06-23,0,,0
153,1,1,OUT,SALE,7,2025-06-24,0,,0
154,1,1,OUT,SALE,8,2025-06-25,0,,0
155,1,1,OUT,SALE,9,2025-06-26,0,,0
156,1,1,OUT,SALE,8,2025-06-27,0,,0
157,1,1,OUT,SALE,8,2025-06-28,0,,0
158,1,1,OUT,SALE,10,2025-06-29,0,,0
159,1,1,OUT,SALE,9,2025-06-30,0,,0
160,1,1,OUT,SALE,8,2025-07-01,0,,0
161,1,1,OUT,SALE,9,2025-07-02,0,,0
162,1,1,OUT,SALE,9,2025-07-03,0,,0
163,1,1,OUT,SALE,8,2025-07-04,0,,0
164,1,1,OUT,SALE,11,2025-07-05,0,,0
165,1,1,OUT,SALE,11,2025-07-06,0,,0
166,1,1,OUT,SALE,10,2025-07-07,0,,0
167,1,1,OUT,SALE,10,2025-07-08,0,,0
168,1,1,OUT,SALE,7,2025-07-09,0,,0
169,1,1,OUT,SALE,8,2025-07-10,0,,0
170,1,1,OUT,SALE,9,2025-07-11,0,,0
171,1,1,OUT,SALE,11,2025-07-12,0,,0
172,1,1,OUT,SALE,11,2025-07-13,0,,0
173,1,1,OUT,SALE,13,2025-07-14,0,,0
174,1,1,OUT,SALE,9,2025-07-15,0,,0
175,1,1,OUT,SALE,10,2025-07-16,0,,0
176,1,1,OUT,SALE,10,2025-07-17,0,,0
177,1,1,OUT,SALE,9,2025-07-18,0,,0
178,1,1,OUT,SALE,10,2025-07-19,0,,0
179,1,1,OUT,SALE,24,2025-07-20,0,,1
180,1,1,OUT,SALE,18,2025-07-21,0,,0
181,1,1,OUT,SALE,19,2025-07-22,0,,1
182,1,1,OUT,SALE,18,2025-07-23,0,,0
183,1,1,OUT,SALE,19,2025-07-24,0,,1
184,1,1,OUT,SALE,25,2025-07-25,0,,1
185,1,1,OUT,SALE,8,2025-07-26,0,,0
186,1,1,OUT,SALE,11,2025-07-27,0,,0
187,1,1,OUT,SALE,7,2025-07-28,0,,0
188,1,1,OUT,SALE,8,2025-07-29,0,,0
189,1,1,OUT,SALE,10,2025-07-30,0,,0
190,1,1,OUT,SALE,9,2025-07-31,0,,0
191,1,1,OUT,SALE,7,2025-08-01,0,,0
192,1,1,OUT,SALE,9,2025-08-02,0,,0
193,1,1,OUT,SALE,10,2025-08-03,0,,0
194,1,1,OUT,SALE,7,2025-08-04,0,,0
195,1,1,OUT,SALE,8,2025-08-05,0,,0
196,1,1,OUT,SALE,8,2025-08-06,0,,0
197,1,1,OUT,SALE,8,2025-08-07,0,,0
198,1,1,OUT,SALE,10,2025-08-08,0,,0
199,1,1,OUT,SALE,10,2025-08-09,0,,0
200,1,1,OUT,SALE,7,2025-08-10,0,,0
201,1,1,OUT,SALE,8,2025-08-11,0,,0
202,1,1,OUT,SALE,8,2025-08-12,0,,0
203,1,1,OUT,SALE,9,2025-08-13,0,,0
204,1,1,OUT,SALE,7,2025-08-14,0,,0
205,1,1,OUT,SALE,8,2025-08-15,0,,0
206,1,1,OUT,SALE,10,2025-08-16,0,,0
207,1,1,OUT,SALE,10,2025-08-17,0,,0
208,1,1,OUT,SALE,7,2025-08-18,0,,0
209,1,1,OUT,SALE,8,2025-08-19,0,,0
210,1,1,OUT,SALE,8,2025-08-20,0,,0
211,1,1,OUT,SALE,8,2025-08-21,0,,0
212,1,1,OUT,SALE,10,2025-08-22,0,,0
213,1,1,OUT,SALE,10,2025-08-23,0,,0
214,1,1,OUT,SALE,8,2025-08-24,0,,0
215,1,1,OUT,SALE,9,2025-08-25,0,,0
216,1,1,OUT,SALE,10,2025-08-26,0,,0
217,1,1,OUT,SALE,9,2025-08-27,0,,0
218,1,1,OUT,SALE,7,2025-08-28,0,,0
219,1,1,OUT,SALE,8,2025-08-29,0,,0
220,1,1,OUT,SALE,11,2025-08-30,0,,0
221,1,1,OUT,SALE,9,2025-08-31,0,,0
222,1,1,OUT,SALE,7,2025-09-01,0,,0
223,1,1,OUT,SALE,7,2025-09-02,0,,0
224,1,1,OUT,SALE,6,2025-09-03,0,,0
225,1,1,OUT,SALE,7,2025-09-04,0,,0
226,1,1,OUT,SALE,4,2025-09-05,0,,0
227,1,1,OUT,SALE,7,2025-09-06,0,,0
228,1,1,OUT,SALE,7,2025-09-07,0,,0
229,1,1,OUT,SALE,6,2025-09-08,0,,0
230,1,1,OUT,SALE,8,2025-09-09,0,,0
231,1,1,OUT,SALE,6,2025-09-10,0,,0
232,1,1,OUT,DAMAGE,28,2025-09-11,1,OFF_HOURS_BULK,1
233,1,1,OUT,SALE,7,2025-09-12,0,,0
234,1,1,OUT,SALE,9,2025-09-13,0,,0
235,1,1,OUT,SALE,6,2025-09-14,0,,0
236,1,1,OUT,SALE,8,2025-09-15,0,,0
237,1,1,OUT,DAMAGE,35,2025-09-16,1,OFF_HOURS_BULK,1
238,1,1,OUT,SALE,6,2025-09-17,0,,0
239,1,1,OUT,SALE,7,2025-09-18,0,,0
240,1,1,OUT,SALE,7,2025-09-19,0,,0
241,1,1,OUT,SALE,7,2025-09-20,0,,0
242,1,1,OUT,SALE,8,2025-09-21,0,,0
243,1,1,OUT,SALE,6,2025-09-22,0,,0
244,1,1,OUT,SALE,7,2025-09-23,0,,0
245,1,1,OUT,SALE,7,2025-09-24,0,,0
246,1,1,OUT,SALE,8,2025-09-25,0,,0
247,1,1,OUT,SALE,6,2025-09-26,0,,0
248,1,1,OUT,SALE,10,2025-09-27,0,,0
249,1,1,OUT,SALE,6,2025-09-28,0,,0
250,1,1,OUT,SALE,7,2025-09-29,0,,0
251,1,1,OUT,SALE,14,2025-09-30,0,,0
252,1,1,OUT,SALE,9,2025-10-01,0,,0
253,1,1,OUT,SALE,8,2025-10-02,0,,0
254,1,1,OUT,SALE,9,2025-10-03,0,,0
255,1,1,OUT,SALE,5,2025-10-04,0,,0
256,1,1,OUT,SALE,5,2025-10-05,0,,0
257,1,1,OUT,SALE,5,2025-10-06,0,,0
258,1,1,OUT,SALE,5,2025-10-07,0,,0
259,1,1,OUT,SALE,4,2025-10-08,0,,0
260,1,1,OUT,SALE,5,2025-10-09,0,,0
261,1,1,OUT,SALE,5,2025-10-10,0,,0
262,1,1,OUT,SALE,6,2025-10-11,0,,0
263,1,1,OUT,SALE,6,2025-10-12,0,,0
264,1,1,OUT,SALE,4,2025-10-13,0,,0
265,1,1,OUT,SALE,4,2025-10-14,0,,0
266,1,1,OUT,SALE,5,2025-10-15,0,,0
267,1,1,OUT,SALE,5,2025-10-16,0,,0
268,1,1,OUT,SALE,5,2025-10-17,0,,0
269,1,1,OUT,SALE,5,2025-10-18,0,,0
270,1,1,OUT,SALE,6,2025-10-19,0,,0
271,1,1,OUT,SALE,4,2025-10-20,0,,0
272,1,1,OUT,SALE,5,2025-10-21,0,,0
273,1,1,OUT,SALE,5,2025-10-22,0,,0
274,1,1,OUT,SALE,4,2025-10-23,0,,0
275,1,1,OUT,SALE,5,2025-10-24,0,,0
276,1,1,OUT,SALE,6,2025-10-25,0,,0
277,1,1,OUT,SALE,6,2025-10-26,0,,0
278,1,1,OUT,SALE,5,2025-10-27,0,,0
279,1,1,OUT,SALE,5,2025-10-28,0,,0
280,1,1,OUT,SALE,5,2025-10-29,0,,0
281,1,1,OUT,SALE,4,2025-10-30,0,,0
282,1,1,OUT,SALE,5,2025-10-31,0,,0
283,1,1,OUT,SALE,3,2025-11-01,0,,0
284,1,1,OUT,SALE,3,2025-11-02,0,,0
285,1,1,OUT,SALE,3,2025-11-03,0,,0
286,1,1,OUT,SALE,2,2025-11-04,0,,0
287,1,1,OUT,SALE,3,2025-11-05,0,,0
288,1,1,OUT,SALE,2,2025-11-06,0,,0
289,1,1,OUT,SALE,2,2025-11-07,0,,0
290,1,1,OUT,SALE,3,2025-11-08,0,,0
291,1,1,OUT,SALE,3,2025-11-09,0,,0
292,1,1,OUT,SALE,3,2025-11-10,0,,0
293,1,1,OUT,SALE,3,2025-11-11,0,,0
294,1,1,OUT,SALE,3,2025-11-12,0,,0
295,1,1,OUT,SALE,2,2025-11-13,0,,0
296,1,1,OUT,SALE,3,2025-11-14,0,,0
297,1,1,OUT,SALE,3,2025-11-15,0,,0
298,1,1,OUT,SALE,3,2025-11-16,0,,0
299,1,1,OUT,SALE,2,2025-11-17,0,,0
300,1,1,OUT,SALE,2,2025-11-18,0,,0
301,1,1,OUT,SALE,2,2025-11-19,0,,0
302,1,1,OUT,SALE,3,2025-11-20,0,,0
303,1,1,OUT,SALE,2,2025-11-21,0,,0
304,1,1,OUT,SALE,3,2025-11-22,0,,0
305,1,1,OUT,SALE,3,2025-11-23,0,,0
306,1,1,OUT,SALE,3,2025-11-24,0,,0
307,1,1,OUT,SALE,2,2025-11-25,0,,0
308,1,1,OUT,SALE,2,2025-11-26,0,,0
309,1,1,OUT,SALE,3,2025-11-27,0,,0
310,1,1,OUT,SALE,5,2025-11-28,0,,0
311,1,1,OUT,SALE,6,2025-11-29,0,,0
312,1,1,OUT,SALE,7,2025-11-30,0,,0
313,1,1,OUT,SALE,1,2025-12-01,0,,0
314,1,1,OUT,SALE,1,2025-12-02,0,,0
315,1,1,OUT,SALE,1,2025-12-03,0,,0
316,1,1,OUT,SALE,1,2025-12-04,0,,0
317,1,1,OUT,SALE,1,2025-12-05,0,,0
318,1,1,OUT,SALE,1,2025-12-06,0,,0
319,1,1,OUT,SALE,1,2025-12-07,0,,0
320,1,1,OUT,SALE,1,2025-12-08,0,,0
321,1,1,OUT,SALE,1,2025-12-09,0,,0
322,1,1,OUT,SALE,1,2025-12-10,0,,0
323,1,1,OUT,SALE,1,2025-12-11,0,,0
324,1,1,OUT,SALE,1,2025-12-12,0,,0
325,1,1,OUT,SALE,1,2025-12-13,0,,0
326,1,1,OUT,SALE,1,2025-12-14,0,,0
327,1,1,OUT,SALE,1,2025-12-15,0,,0
328,1,1,OUT,SALE,1,2025-12-16,0,,0
329,1,1,OUT,SALE,1,2025-12-17,0,,0
330,1,1,OUT,SALE,1,2025-12-18,0,,0
331,1,1,OUT,SALE,1,2025-12-19,0,,0
332,1,1,OUT,SALE,1,2025-12-20,0,,0
333,1,1,OUT,SALE,1,2025-12-21,0,,0
334,1,1,OUT,SALE,1,2025-12-22,0,,0
335,1,1,OUT,SALE,1,2025-12-23,0,,0
336,1,1,OUT,SALE,2,2025-12-24,0,,0
337,1,1,OUT,SALE,2,2025-12-25,0,,0
338,1,1,OUT,SALE,2,2025-12-26,0,,0
339,1,1,OUT,SALE,1,2025-12-27,0,,0
340,1,1,OUT,SALE,1,2025-12-28,0,,0
341,1,1,OUT,SALE,1,2025-12-29,0,,0
342,1,1,OUT,SALE,1,2025-12-30,0,,0
343,1,1,OUT,SALE,1,2025-12-31,0,,0
344,1,2,OUT,SALE,1,2025-01-25,0,,0
345,1,2,OUT,SALE,1,2025-01-26,0,,0
346,1,2,OUT,SALE,1,2025-01-28,0,,0
347,1,2,OUT,SALE,1,2025-02-01,0,,0
348,1,2,OUT,SALE,1,2025-02-02,0,,0
349,1,2,OUT,SALE,1,2025-02-03,0,,0
350,1,2,OUT,SALE,1,2025-02-04,0,,0
351,1,2,OUT,SALE,1,2025-02-05,0,,0
352,1,2,OUT,SALE,1,2025-02-06,0,,0
353,1,2,OUT,SALE,1,2025-02-07,0,,0
354,1,2,OUT,SALE,1,2025-02-08,0,,0
355,1,2,OUT,SALE,1,2025-02-09,0,,0
356,1,2,OUT,SALE,1,2025-02-10,0,,0
357,1,2,OUT,SALE,1,2025-02-11,0,,0
358,1,2,OUT,SALE,1,2025-02-12,0,,0
359,1,2,OUT,SALE,1,2025-02-13,0,,0
360,1,2,OUT,SALE,1,2025-02-14,0,,0
361,1,2,OUT,SALE,1,2025-02-15,0,,0
362,1,2,OUT,SALE,1,2025-02-16,0,,0
363,1,2,OUT,SALE,1,2025-02-17,0,,0
364,1,2,OUT,SALE,1,2025-02-18,0,,0
365,1,2,OUT,SALE,1,2025-02-19,0,,0
366,1,2,OUT,SALE,1,2025-02-20,0,,0
367,1,2,OUT,SALE,1,2025-02-22,0,,0
368,1,2,OUT,SALE,1,2025-02-23,0,,0
369,1,2,OUT,SALE,1,2025-02-24,0,,0
370,1,2,OUT,SALE,1,2025-02-25,0,,0
371,1,2,OUT,SALE,1,2025-02-26,0,,0
372,1,2,OUT,SALE,1,2025-02-27,0,,0
373,1,2,OUT,SALE,1,2025-02-28,0,,0
374,1,2,OUT,SALE,2,2025-03-01,0,,0
375,1,2,OUT,SALE,2,2025-03-02,0,,0
376,1,2,OUT,SALE,2,2025-03-03,0,,0
377,1,2,OUT,SALE,1,2025-03-04,0,,0
378,1,2,OUT,SALE,2,2025-03-05,0,,0
379,1,2,OUT,SALE,1,2025-03-06,0,,0
380,1,2,OUT,SALE,2,2025-03-07,0,,0
381,1,2,OUT,SALE,2,2025-03-08,0,,0
382,1,2,OUT,SALE,2,2025-03-09,0,,0
383,1,2,OUT,SALE,1,2025-03-10,0,,0
384,1,2,OUT,SALE,1,2025-03-11,0,,0
385,1,2,OUT,SALE,2,2025-03-12,0,,0
386,1,2,OUT,SALE,2,2025-03-13,0,,0
387,1,2,OUT,SALE,1,2025-03-14,0,,0
388,1,2,OUT,SALE,2,2025-03-15,0,,0
389,1,2,OUT,SALE,2,2025-03-16,0,,0
390,1,2,OUT,SALE,1,2025-03-17,0,,0
391,1,2,OUT,SALE,2,2025-03-18,0,,0
392,1,2,OUT,SALE,1,2025-03-19,0,,0
393,1,2,OUT,SALE,1,2025-03-20,0,,0
394,1,2,OUT,SALE,1,2025-03-21,0,,0
395,1,2,OUT,SALE,2,2025-03-22,0,,0
396,1,2,OUT,SALE,2,2025-03-23,0,,0
397,1,2,OUT,SALE,1,2025-03-24,0,,0
398,1,2,OUT,SALE,2,2025-03-25,0,,0
399,1,2,OUT,SALE,2,2025-03-26,0,,0
400,1,2,OUT,SALE,2,2025-03-27,0,,0
401,1,2,OUT,SALE,2,2025-03-28,0,,0
402,1,2,OUT,SALE,2,2025-03-29,0,,0
403,1,2,OUT,SALE,2,2025-03-30,0,,0
404,1,2,OUT,SALE,1,2025-03-31,0,,0
405,1,2,OUT,SALE,3,2025-04-01,0,,0
406,1,2,OUT,SALE,2,2025-04-02,0,,0
407,1,2,OUT,SALE,2,2025-04-03,0,,0
408,1,2,OUT,SALE,3,2025-04-04,0,,0
409,1,2,OUT,SALE,4,2025-04-05,0,,0
410,1,2,OUT,SALE,3,2025-04-06,0,,0
411,1,2,OUT,SALE,3,2025-04-07,0,,0
412,1,2,OUT,SALE,3,2025-04-08,0,,0
413,1,2,OUT,SALE,4,2025-04-09,0,,0
414,1,2,OUT,SALE,3,2025-04-10,0,,0
415,1,2,OUT,SALE,3,2025-04-11,0,,0
416,1,2,OUT,SALE,3,2025-04-12,0,,0
417,1,2,OUT,SALE,3,2025-04-13,0,,0
418,1,2,OUT,SALE,3,2025-04-14,0,,0
419,1,2,OUT,SALE,3,2025-04-15,0,,0
420,1,2,OUT,SALE,2,2025-04-16,0,,0
421,1,2,OUT,SALE,3,2025-04-17,0,,0
422,1,2,OUT,SALE,3,2025-04-18,0,,0
423,1,2,OUT,SALE,4,2025-04-19,0,,0
424,1,2,OUT,SALE,4,2025-04-20,0,,0
425,1,2,OUT,SALE,3,2025-04-21,0,,0
426,1,2,OUT,SALE,3,2025-04-22,0,,0
427,1,2,OUT,SALE,3,2025-04-23,0,,0
428,1,2,OUT,SALE,3,2025-04-24,0,,0
429,1,2,OUT,SALE,3,2025-04-25,0,,0
430,1,2,OUT,SALE,4,2025-04-26,0,,0
431,1,2,OUT,SALE,3,2025-04-27,0,,0
432,1,2,OUT,SALE,3,2025-04-28,0,,0
433,1,2,OUT,SALE,3,2025-04-29,0,,0
434,1,2,OUT,SALE,2,2025-04-30,0,,0
435,1,2,OUT,SALE,5,2025-05-01,0,,0
436,1,2,OUT,SALE,5,2025-05-02,0,,0
437,1,2,OUT,SALE,4,2025-05-03,0,,0
438,1,2,OUT,SALE,5,2025-05-04,0,,0
439,1,2,OUT,SALE,4,2025-05-05,0,,0
440,1,2,OUT,SALE,4,2025-05-06,0,,0
441,1,2,OUT,SALE,4,2025-05-07,0,,0
442,1,2,OUT,SALE,4,2025-05-08,0,,0
443,1,2,OUT,SALE,4,2025-05-09,0,,0
444,1,2,OUT,SALE,4,2025-05-10,0,,0
445,1,2,OUT,SALE,5,2025-05-11,0,,0
446,1,2,OUT,SALE,4,2025-05-12,0,,0
447,1,2,OUT,SALE,4,2025-05-13,0,,0
448,1,2,OUT,SALE,4,2025-05-14,0,,0
449,1,2,OUT,SALE,4,2025-05-15,0,,0
450,1,2,OUT,SALE,5,2025-05-16,0,,0
451,1,2,OUT,SALE,5,2025-05-17,0,,0
452,1,2,OUT,SALE,4,2025-05-18,0,,0
453,1,2,OUT,SALE,4,2025-05-19,0,,0
454,1,2,OUT,SALE,5,2025-05-20,0,,0
455,1,2,OUT,SALE,3,2025-05-21,0,,0
456,1,2,OUT,SALE,4,2025-05-22,0,,0
457,1,2,OUT,SALE,4,2025-05-23,0,,0
458,1,2,OUT,SALE,5,2025-05-24,0,,0
459,1,2,OUT,SALE,4,2025-05-25,0,,0
460,1,2,OUT,SALE,3,2025-05-26,0,,0
461,1,2,OUT,SALE,3,2025-05-27,0,,0
462,1,2,OUT,SALE,4,2025-05-28,0,,0
463,1,2,OUT,SALE,4,2025-05-29,0,,0
464,1,2,OUT,SALE,4,2025-05-30,0,,0
465,1,2,OUT,SALE,5,2025-05-31,0,,0
466,1,2,OUT,DAMAGE,35,2025-06-01,1,OFF_HOURS_BULK,1
467,1,2,OUT,SALE,5,2025-06-02,0,,0
468,1,2,OUT,SALE,4,2025-06-03,0,,0
469,1,2,OUT,SALE,5,2025-06-04,0,,0
470,1,2,OUT,SALE,5,2025-06-05,0,,0
471,1,2,OUT,SALE,5,2025-06-06,0,,0
472,1,2,OUT,SALE,6,2025-06-07,0,,0
473,1,2,OUT,SALE,7,2025-06-08,0,,0
474,1,2,OUT,SALE,5,2025-06-09,0,,0
475,1,2,OUT,SALE,6,2025-06-10,0,,0
476,1,2,OUT,SALE,4,2025-06-11,0,,0
477,1,2,OUT,SALE,5,2025-06-12,0,,0
478,1,2,OUT,SALE,6,2025-06-13,0,,0
479,1,2,OUT,SALE,4,2025-06-14,0,,0
480,1,2,OUT,SALE,5,2025-06-15,0,,0
481,1,2,OUT,SALE,5,2025-06-16,0,,0
482,1,2,OUT,SALE,5,2025-06-17,0,,0
483,1,2,OUT,SALE,5,2025-06-18,0,,0
484,1,2,OUT,SALE,5,2025-06-19,0,,0
485,1,2,OUT,SALE,5,2025-06-20,0,,0
486,1,2,OUT,SALE,6,2025-06-21,0,,0
487,1,2,OUT,SALE,7,2025-06-22,0,,0
488,1,2,OUT,SALE,5,2025-06-23,0,,0
489,1,2,OUT,SALE,5,2025-06-24,0,,0
490,1,2,OUT,SALE,5,2025-06-25,0,,0
491,1,2,OUT,SALE,5,2025-06-26,0,,0
492,1,2,OUT,SALE,5,2025-06-27,0,,0
493,1,2,OUT,SALE,6,2025-06-28,0,,0
494,1,2,OUT,SALE,6,2025-06-29,0,,0
495,1,2,OUT,SALE,5,2025-06-30,0,,0
496,1,2,OUT,SALE,7,2025-07-01,0,,0
497,1,2,OUT,SALE,6,2025-07-02,0,,0
498,1,2,OUT,SALE,5,2025-07-03,0,,0
499,1,2,OUT,SALE,6,2025-07-04,0,,0
500,1,2,OUT,SALE,6,2025-07-05,0,,0
501,1,2,OUT,SALE,5,2025-07-06,0,,0
502,1,2,OUT,SALE,5,2025-07-07,0,,0
503,1,2,OUT,SALE,4,2025-07-08,0,,0
504,1,2,OUT,SALE,5,2025-07-09,0,,0
505,1,2,OUT,SALE,5,2025-07-10,0,,0
506,1,2,OUT,SALE,7,2025-07-11,0,,0
507,1,2,OUT,SALE,7,2025-07-12,0,,0
508,1,2,OUT,SALE,6,2025-07-13,0,,0
509,1,2,OUT,SALE,6,2025-07-14,0,,0
510,1,2,OUT,SALE,4,2025-07-15,0,,0
511,1,2,OUT,SALE,6,2025-07-16,0,,0
512,1,2,OUT,SALE,6,2025-07-17,0,,0
513,1,2,OUT,SALE,5,2025-07-18,0,,0
514,1,2,OUT,SALE,7,2025-07-19,0,,0
515,1,2,OUT,SALE,14,2025-07-20,0,,1
516,1,2,OUT,SALE,11,2025-07-21,0,,0
517,1,2,OUT,SALE,13,2025-07-22,0,,1
518,1,2,OUT,SALE,15,2025-07-23,0,,1
519,1,2,OUT,SALE,12,2025-07-24,0,,1
520,1,2,OUT,SALE,12,2025-07-25,0,,1
521,1,2,OUT,SALE,6,2025-07-26,0,,0
522,1,2,OUT,SALE,6,2025-07-27,0,,0
523,1,2,OUT,SALE,6,2025-07-28,0,,0
524,1,2,OUT,SALE,5,2025-07-29,0,,0
525,1,2,OUT,SALE,6,2025-07-30,0,,0
526,1,2,OUT,SALE,5,2025-07-31,0,,0
527,1,2,OUT,SALE,5,2025-08-01,0,,0
528,1,2,OUT,SALE,6,2025-08-02,0,,0
529,1,2,OUT,SALE,7,2025-08-03,0,,0
530,1,2,OUT,SALE,5,2025-08-04,0,,0
531,1,2,OUT,SALE,5,2025-08-05,0,,0
532,1,2,OUT,SALE,5,2025-08-06,0,,0
533,1,2,OUT,SALE,5,2025-08-07,0,,0
534,1,2,OUT,SALE,5,2025-08-08,0,,0
535,1,2,OUT,SALE,6,2025-08-09,0,,0
536,1,2,OUT,SALE,5,2025-08-10,0,,0
537,1,2,OUT,SALE,6,2025-08-11,0,,0
538,1,2,OUT,SALE,6,2025-08-12,0,,0
539,1,2,OUT,SALE,5,2025-08-13,0,,0
540,1,2,OUT,SALE,6,2025-08-14,0,,0
541,1,2,OUT,SALE,5,2025-08-15,0,,0
542,1,2,OUT,SALE,5,2025-08-16,0,,0
543,1,2,OUT,SALE,5,2025-08-17,0,,0
544,1,2,OUT,SALE,6,2025-08-18,0,,0
545,1,2,OUT,SALE,6,2025-08-19,0,,0
546,1,2,OUT,SALE,5,2025-08-20,0,,0
547,1,2,OUT,SALE,5,2025-08-21,0,,0
548,1,2,OUT,SALE,4,2025-08-22,0,,0
549,1,2,OUT,SALE,8,2025-08-23,0,,0
550,1,2,OUT,SALE,6,2025-08-24,0,,0
551,1,2,OUT,SALE,5,2025-08-25,0,,0
552,1,2,OUT,SALE,6,2025-08-26,0,,0
553,1,2,OUT,SALE,5,2025-08-27,0,,0
554,1,2,OUT,SALE,5,2025-08-28,0,,0
555,1,2,OUT,SALE,5,2025-08-29,0,,0
556,1,2,OUT,SALE,6,2025-08-30,0,,0
557,1,2,OUT,SALE,7,2025-08-31,0,,0
558,1,2,OUT,SALE,5,2025-09-01,0,,0
559,1,2,OUT,SALE,5,2025-09-02,0,,0
560,1,2,OUT,SALE,4,2025-09-03,0,,0
561,1,2,OUT,SALE,4,2025-09-04,0,,0
562,1,2,OUT,SALE,4,2025-09-05,0,,0
563,1,2,OUT,SALE,5,2025-09-06,0,,0
564,1,2,OUT,SALE,5,2025-09-07,0,,0
565,1,2,OUT,SALE,3,2025-09-08,0,,0
566,1,2,OUT,SALE,5,2025-09-09,0,,0
567,1,2,OUT,SALE,4,2025-09-10,0,,0
568,1,2,OUT,SALE,4,2025-09-11,0,,0
569,1,2,OUT,SALE,4,2025-09-12,0,,0
570,1,2,OUT,SALE,4,2025-09-13,0,,0
571,1,2,OUT,SALE,5,2025-09-14,0,,0
572,1,2,OUT,SALE,4,2025-09-15,0,,0
573,1,2,OUT,SALE,4,2025-09-16,0,,0
574,1,2,OUT,SALE,4,2025-09-17,0,,0
575,1,2,OUT,SALE,4,2025-09-18,0,,0
576,1,2,OUT,SALE,5,2025-09-19,0,,0
577,1,2,OUT,SALE,5,2025-09-20,0,,0
578,1,2,OUT,SALE,4,2025-09-21,0,,0
579,1,2,OUT,SALE,4,2025-09-22,0,,0
580,1,2,OUT,SALE,4,2025-09-23,0,,0
581,1,2,OUT,SALE,3,2025-09-24,0,,0
582,1,2,OUT,SALE,4,2025-09-25,0,,0
583,1,2,OUT,SALE,4,2025-09-26,0,,0
584,1,2,OUT,SALE,5,2025-09-27,0,,0
585,1,2,OUT,SALE,6,2025-09-28,0,,0
586,1,2,OUT,SALE,5,2025-09-29,0,,0
587,1,2,OUT,SALE,8,2025-09-30,0,,0
588,1,2,OUT,SALE,5,2025-10-01,0,,0
589,1,2,OUT,SALE,7,2025-10-02,0,,0
590,1,2,OUT,SALE,6,2025-10-03,0,,0
591,1,2,OUT,SALE,3,2025-10-04,0,,0
592,1,2,OUT,SALE,3,2025-10-05,0,,0
593,1,2,OUT,SALE,3,2025-10-06,0,,0
594,1,2,OUT,SALE,3,2025-10-07,0,,0
595,1,2,OUT,SALE,3,2025-10-08,0,,0
596,1,2,OUT,SALE,3,2025-10-09,0,,0
597,1,2,OUT,SALE,3,2025-10-10,0,,0
598,1,2,OUT,SALE,3,2025-10-11,0,,0
599,1,2,OUT,SALE,3,2025-10-12,0,,0
600,1,2,OUT,SALE,3,2025-10-13,0,,0
601,1,2,OUT,SALE,3,2025-10-14,0,,0
602,1,2,OUT,SALE,3,2025-10-15,0,,0
603,1,2,OUT,SALE,2,2025-10-16,0,,0
604,1,2,OUT,SALE,3,2025-10-17,0,,0
605,1,2,OUT,SALE,4,2025-10-18,0,,0
606,1,2,OUT,SALE,2,2025-10-19,0,,0
607,1,2,OUT,SALE,3,2025-10-20,0,,0
608,1,2,OUT,SALE,3,2025-10-21,0,,0
609,1,2,OUT,SALE,2,2025-10-22,0,,0
610,1,2,OUT,SALE,3,2025-10-23,0,,0
611,1,2,OUT,SALE,2,2025-10-24,0,,0
612,1,2,OUT,SALE,4,2025-10-25,0,,0
613,1,2,OUT,SALE,4,2025-10-26,0,,0
614,1,2,OUT,SALE,3,2025-10-27,0,,0
615,1,2,OUT,SALE,3,2025-10-28,0,,0
616,1,2,OUT,SALE,2,2025-10-29,0,,0
617,1,2,OUT,SALE,3,2025-10-30,0,,0
618,1,2,OUT,SALE,3,2025-10-31,0,,0
619,1,2,OUT,SALE,2,2025-11-01,0,,0
620,1,2,OUT,SALE,2,2025-11-02,0,,0
621,1,2,OUT,SALE,2,2025-11-03,0,,0
622,1,2,OUT,SALE,2,2025-11-04,0,,0
623,1,2,OUT,SALE,2,2025-11-05,0,,0
624,1,2,OUT,SALE,2,2025-11-06,0,,0
625,1,2,OUT,SALE,2,2025-11-07,0,,0
626,1,2,OUT,DAMAGE,5,2025-11-08,1,REPEATED_LOSS,0
627,1,2,OUT,SALE,2,2025-11-09,0,,0
628,1,2,OUT,SALE,2,2025-11-10,0,,0
629,1,2,OUT,SALE,2,2025-11-11,0,,0
630,1,2,OUT,SALE,2,2025-11-12,0,,0
631,1,2,OUT,SALE,2,2025-11-13,0,,0
632,1,2,OUT,SALE,1,2025-11-14,0,,0
633,1,2,OUT,SALE,2,2025-11-15,0,,0
634,1,2,OUT,SALE,2,2025-11-16,0,,0
635,1,2,OUT,SALE,1,2025-11-17,0,,0
636,1,2,OUT,SALE,2,2025-11-18,0,,0
637,1,2,OUT,SALE,1,2025-11-19,0,,0
638,1,2,OUT,SALE,1,2025-11-20,0,,0
639,1,2,OUT,SALE,1,2025-11-21,0,,0
640,1,2,OUT,SALE,2,2025-11-22,0,,0
641,1,2,OUT,SALE,2,2025-11-23,0,,0
642,1,2,OUT,SALE,2,2025-11-24,0,,0
643,1,2,OUT,SALE,1,2025-11-25,0,,0
644,1,2,OUT,SALE,2,2025-11-26,0,,0
645,1,2,OUT,SALE,2,2025-11-27,0,,0
646,1,2,OUT,SALE,4,2025-11-28,0,,0
647,1,2,OUT,SALE,4,2025-11-29,0,,0
648,1,2,OUT,SALE,5,2025-11-30,0,,0
649,1,2,OUT,SALE,1,2025-12-01,0,,0
650,1,2,OUT,SALE,1,2025-12-02,0,,0
651,1,2,OUT,SALE,1,2025-12-03,0,,0
652,1,2,OUT,SALE,1,2025-12-04,0,,0
653,1,2,OUT,SALE,1,2025-12-05,0,,0
654,1,2,OUT,SALE,1,2025-12-06,0,,0
655,1,2,OUT,SALE,1,2025-12-07,0,,0
656,1,2,OUT,SALE,1,2025-12-08,0,,0
657,1,2,OUT,SALE,1,2025-12-09,0,,0
658,1,2,OUT,SALE,1,2025-12-10,0,,0
659,1,2,OUT,SALE,1,2025-12-11,0,,0
660,1,2,OUT,SALE,1,2025-12-12,0,,0
661,1,2,OUT,SALE,1,2025-12-13,0,,0
662,1,2,OUT,SALE,1,2025-12-14,0,,0
663,1,2,OUT,SALE,1,2025-12-15,0,,0
664,1,2,OUT,SALE,1,2025-12-16,0,,0
665,1,2,OUT,SALE,1,2025-12-17,0,,0
666,1,2,OUT,SALE,1,2025-12-18,0,,0
667,1,2,OUT,SALE,1,2025-12-19,0,,0
668,1,2,OUT,SALE,1,2025-12-20,0,,0
669,1,2,OUT,SALE,1,2025-12-21,0,,0
670,1,2,OUT,SALE,1,2025-12-22,0,,0
671,1,2,OUT,SALE,1,2025-12-23,0,,0
672,1,2,OUT,SALE,1,2025-12-24,0,,0
673,1,2,OUT,SALE,1,2025-12-25,0,,0
674,1,2,OUT,SALE,1,2025-12-26,0,,0
675,1,2,OUT,SALE,1,2025-12-27,0,,0
676,1,2,OUT,SALE,1,2025-12-28,0,,0
677,1,2,OUT,SALE,1,2025-12-29,0,,0
678,1,2,OUT,SALE,1,2025-12-30,0,,0
679,1,2,OUT,SALE,1,2025-12-31,0,,0
680,1,3,OUT,SALE,7,2025-01-01,0,,0
681,1,3,OUT,SALE,7,2025-01-02,0,,0
682,1,3,OUT,SALE,7,2025-01-03,0,,0
683,1,3,OUT,SALE,8,2025-01-04,0,,0
684,1,3,OUT,SALE,7,2025-01-05,0,,0
685,1,3,OUT,SALE,6,2025-01-06,0,,0
686,1,3,OUT,SALE,6,2025-01-07,0,,0
687,1,3,OUT,SALE,6,2025-01-08,0,,0
688,1,3,OUT,SALE,8,2025-01-09,0,,0
689,1,3,OUT,SALE,6,2025-01-10,0,,0
690,1,3,OUT,SALE,11,2025-01-11,0,,0
691,1,3,OUT,SALE,9,2025-01-12,0,,0
692,1,3,OUT,SALE,7,2025-01-13,0,,0
693,1,3,OUT,SALE,6,2025-01-14,0,,0
694,1,3,OUT,SALE,8,2025-01-15,0,,0
695,1,3,OUT,SALE,7,2025-01-16,0,,0
696,1,3,OUT,SALE,7,2025-01-17,0,,0
697,1,3,OUT,SALE,11,2025-01-18,0,,0
698,1,3,OUT,SALE,8,2025-01-19,0,,0
699,1,3,OUT,SALE,8,2025-01-20,0,,0
700,1,3,OUT,SALE,7,2025-01-21,0,,0
701,1,3,OUT,SALE,7,2025-01-22,0,,0
702,1,3,OUT,SALE,9,2025-01-23,0,,0
703,1,3,OUT,SALE,7,2025-01-24,0,,0
704,1,3,OUT,SALE,18,2025-01-25,0,,0
705,1,3,OUT,DAMAGE,47,2025-01-26,1,REPEATED_LOSS,0
706,1,3,OUT,SALE,12,2025-01-27,0,,0
707,1,3,OUT,SALE,14,2025-01-28,0,,0
708,1,3,OUT,SALE,8,2025-01-29,0,,0
709,1,3,OUT,SALE,8,2025-01-30,0,,0
710,1,3,OUT,SALE,6,2025-01-31,0,,0
711,1,3,OUT,SALE,5,2025-02-01,0,,0
712,1,3,OUT,SALE,5,2025-02-02,0,,0
713,1,3,OUT,SALE,5,2025-02-03,0,,0
714,1,3,OUT,SALE,5,2025-02-04,0,,0
715,1,3,OUT,SALE,5,2025-02-05,0,,0
716,1,3,OUT,SALE,4,2025-02-06,0,,0
717,1,3,OUT,SALE,5,2025-02-07,0,,0
718,1,3,OUT,SALE,6,2025-02-08,0,,0
719,1,3,OUT,SALE,6,2025-02-09,0,,0
720,1,3,OUT,SALE,5,2025-02-10,0,,0
721,1,3,OUT,SALE,5,2025-02-11,0,,0
722,1,3,OUT,SALE,5,2025-02-12,0,,0
723,1,3,OUT,SALE,5,2025-02-13,0,,0
724,1,3,OUT,SALE,4,2025-02-14,0,,0
725,1,3,OUT,SALE,6,2025-02-15,0,,0
726,1,3,OUT,SALE,6,2025-02-16,0,,0
727,1,3,OUT,SALE,5,2025-02-17,0,,0
728,1,3,OUT,SALE,4,2025-02-18,0,,0
729,1,3,OUT,SALE,4,2025-02-19,0,,0
730,1,3,OUT,SALE,5,2025-02-20,0,,0
731,1,3,OUT,SALE,5,2025-02-21,0,,0
732,1,3,OUT,SALE,6,2025-02-22,0,,0
733,1,3,OUT,SALE,5,2025-02-23,0,,0
734,1,3,OUT,SALE,5,2025-02-24,0,,0
735,1,3,OUT,DAMAGE,39,2025-02-25,1,THEFT_SPIKE,0
736,1,3,OUT,SALE,4,2025-02-26,0,,0
737,1,3,OUT,SALE,5,2025-02-27,0,,0
738,1,3,OUT,SALE,4,2025-02-28,0,,0
739,1,3,OUT,SALE,8,2025-03-01,0,,0
740,1,3,OUT,SALE,8,2025-03-02,0,,0
741,1,3,OUT,SALE,7,2025-03-03,0,,0
742,1,3,OUT,SALE,7,2025-03-04,0,,0
743,1,3,OUT,SALE,8,2025-03-05,0,,0
744,1,3,OUT,SALE,6,2025-03-06,0,,0
745,1,3,OUT,SALE,7,2025-03-07,0,,0
746,1,3,OUT,SALE,8,2025-03-08,0,,0
747,1,3,OUT,SALE,10,2025-03-09,0,,0
748,1,3,OUT,SALE,7,2025-03-10,0,,0
749,1,3,OUT,SALE,9999,2025-03-11,1,DATA_ERROR,1
750,1,3,OUT,SALE,6,2025-03-12,0,,0
751,1,3,OUT,SALE,7,2025-03-13,0,,0
752,1,3,OUT,SALE,8,2025-03-14,0,,0
753,1,3,OUT,SALE,8,2025-03-15,0,,0
754,1,3,OUT,SALE,9,2025-03-16,0,,0
755,1,3,OUT,SALE,7,2025-03-17,0,,0
756,1,3,OUT,SALE,8,2025-03-18,0,,0
757,1,3,OUT,SALE,9,2025-03-19,0,,0
758,1,3,OUT,SALE,7,2025-03-20,0,,0
759,1,3,OUT,SALE,7,2025-03-21,0,,0
760,1,3,OUT,SALE,10,2025-03-22,0,,0
761,1,3,OUT,SALE,10,2025-03-23,0,,0
762,1,3,OUT,SALE,7,2025-03-24,0,,0
763,1,3,OUT,SALE,7,2025-03-25,0,,0
764,1,3,OUT,SALE,7,2025-03-26,0,,0
765,1,3,OUT,SALE,6,2025-03-27,0,,0
766,1,3,OUT,SALE,6,2025-03-28,0,,0
767,1,3,OUT,SALE,0,2025-03-29,1,DATA_ERROR,0
768,1,3,OUT,SALE,8,2025-03-30,0,,0
769,1,3,OUT,SALE,7,2025-03-31,0,,0
770,1,3,OUT,SALE,14,2025-04-01,0,,0
771,1,3,OUT,SALE,17,2025-04-02,0,,0
772,1,3,OUT,SALE,12,2025-04-03,0,,0
773,1,3,OUT,SALE,16,2025-04-04,0,,0
774,1,3,OUT,SALE,16,2025-04-05,0,,0
775,1,3,OUT,SALE,16,2025-04-06,0,,0
776,1,3,OUT,SALE,15,2025-04-07,0,,0
777,1,3,OUT,SALE,12,2025-04-08,0,,0
778,1,3,OUT,SALE,15,2025-04-09,0,,0
779,1,3,OUT,SALE,14,2025-04-10,0,,0
780,1,3,OUT,SALE,15,2025-04-11,0,,0
781,1,3,OUT,SALE,17,2025-04-12,0,,0
782,1,3,OUT,SALE,21,2025-04-13,0,,0
783,1,3,OUT,SALE,13,2025-04-14,0,,0
784,1,3,OUT,SALE,13,2025-04-15,0,,0
785,1,3,OUT,SALE,13,2025-04-16,0,,0
786,1,3,OUT,SALE,13,2025-04-17,0,,0
787,1,3,OUT,SALE,13,2025-04-18,0,,0
788,1,3,OUT,SALE,18,2025-04-19,0,,0
789,1,3,OUT,SALE,19,2025-04-20,0,,0
790,1,3,OUT,SALE,13,2025-04-21,0,,0
791,1,3,OUT,SALE,13,2025-04-22,0,,0
792,1,3,OUT,SALE,15,2025-04-23,0,,0
793,1,3,OUT,SALE,13,2025-04-24,0,,0
794,1,3,OUT,SALE,15,2025-04-25,0,,0
795,1,3,OUT,SALE,17,2025-04-26,0,,0
796,1,3,OUT,SALE,13,2025-04-27,0,,0
797,1,3,OUT,SALE,17,2025-04-28,0,,0
798,1,3,OUT,SALE,17,2025-04-29,0,,0
799,1,3,OUT,SALE,13,2025-04-30,0,,0
800,1,3,OUT,SALE,22,2025-05-01,0,,0
801,1,3,OUT,SALE,24,2025-05-02,0,,0
802,1,3,OUT,SALE,28,2025-05-03,0,,0
803,1,3,OUT,SALE,29,2025-05-04,0,,0
804,1,3,OUT,SALE,29,2025-05-05,0,,0
805,1,3,OUT,SALE,23,2025-05-06,0,,0
806,1,3,OUT,SALE,21,2025-05-07,0,,0
807,1,3,OUT,SALE,20,2025-05-08,0,,0
808,1,3,OUT,SALE,21,2025-05-09,0,,0
809,1,3,OUT,SALE,27,2025-05-10,0,,0
810,1,3,OUT,SALE,33,2025-05-11,0,,0
811,1,3,OUT,SALE,22,2025-05-12,0,,0
812,1,3,OUT,SALE,24,2025-05-13,0,,0
813,1,3,OUT,SALE,23,2025-05-14,0,,0
814,1,3,OUT,SALE,27,2025-05-15,0,,0
815,1,3,OUT,SALE,31,2025-05-16,0,,0
816,1,3,OUT,SALE,25,2025-05-17,0,,0
817,1,3,OUT,SALE,25,2025-05-18,0,,0
818,1,3,OUT,SALE,26,2025-05-19,0,,0
819,1,3,OUT,SALE,25,2025-05-20,0,,0
820,1,3,OUT,SALE,29,2025-05-21,0,,0
821,1,3,OUT,SALE,25,2025-05-22,0,,0
822,1,3,OUT,SALE,22,2025-05-23,0,,0
823,1,3,OUT,SALE,29,2025-05-24,0,,0
824,1,3,OUT,SALE,31,2025-05-25,0,,0
825,1,3,OUT,SALE,26,2025-05-26,0,,0
826,1,3,OUT,SALE,25,2025-05-27,0,,0
827,1,3,OUT,SALE,26,2025-05-28,0,,0
828,1,3,OUT,SALE,27,2025-05-29,0,,0
829,1,3,OUT,SALE,27,2025-05-30,0,,0
830,1,3,OUT,SALE,29,2025-05-31,0,,0
831,1,3,OUT,SALE,37,2025-06-01,0,,0
832,1,3,OUT,SALE,33,2025-06-02,0,,0
833,1,3,OUT,SALE,38,2025-06-03,0,,0
834,1,3,OUT,SALE,30,2025-06-04,0,,0
835,1,3,OUT,SALE,34,2025-06-05,0,,0
836,1,3,OUT,SALE,31,2025-06-06,0,,0
837,1,3,OUT,SALE,38,2025-06-07,0,,0
838,1,3,OUT,SALE,44,2025-06-08,0,,0
839,1,3,OUT,SALE,34,2025-06-09,0,,0
840,1,3,OUT,SALE,33,2025-06-10,0,,0
841,1,3,OUT,SALE,27,2025-06-11,0,,0
842,1,3,OUT,SALE,36,2025-06-12,0,,0
843,1,3,OUT,SALE,35,2025-06-13,0,,0
844,1,3,OUT,SALE,48,2025-06-14,0,,0
845,1,3,OUT,SALE,36,2025-06-15,0,,0
846,1,3,OUT,SALE,34,2025-06-16,0,,0
847,1,3,OUT,SALE,34,2025-06-17,0,,0
848,1,3,OUT,SALE,39,2025-06-18,0,,0
849,1,3,OUT,SALE,32,2025-06-19,0,,0
850,1,3,OUT,SALE,34,2025-06-20,0,,0
851,1,3,OUT,SALE,40,2025-06-21,0,,0
852,1,3,OUT,SALE,39,2025-06-22,0,,0
853,1,3,OUT,SALE,31,2025-06-23,0,,0
854,1,3,OUT,SALE,34,2025-06-24,0,,0
855,1,3,OUT,SALE,37,2025-06-25,0,,0
856,1,3,OUT,SALE,29,2025-06-26,0,,0
857,1,3,OUT,SALE,33,2025-06-27,0,,0
858,1,3,OUT,SALE,35,2025-06-28,0,,0
859,1,3,OUT,SALE,43,2025-06-29,0,,0
860,1,3,OUT,SALE,27,2025-06-30,0,,0
861,1,3,OUT,SALE,37,2025-07-01,0,,0
862,1,3,OUT,SALE,41,2025-07-02,0,,0
863,1,3,OUT,SALE,47,2025-07-03,0,,0
864,1,3,OUT,SALE,39,2025-07-04,0,,0
865,1,3,OUT,SALE,43,2025-07-05,0,,0
866,1,3,OUT,SALE,56,2025-07-06,0,,0
867,1,3,OUT,SALE,33,2025-07-07,0,,0
868,1,3,OUT,SALE,29,2025-07-08,0,,0
869,1,3,OUT,SALE,42,2025-07-09,0,,0
870,1,3,OUT,SALE,37,2025-07-10,0,,0
871,1,3,OUT,SALE,35,2025-07-11,0,,0
872,1,3,OUT,SALE,49,2025-07-12,0,,0
873,1,3,OUT,SALE,47,2025-07-13,0,,0
874,1,3,OUT,SALE,37,2025-07-14,0,,0
875,1,3,OUT,SALE,34,2025-07-15,0,,0
876,1,3,OUT,SALE,44,2025-07-16,0,,0
877,1,3,OUT,SALE,43,2025-07-17,0,,0
878,1,3,OUT,SALE,39,2025-07-18,0,,0
879,1,3,OUT,SALE,56,2025-07-19,0,,0
880,1,3,OUT,SALE,87,2025-07-20,0,,0
881,1,3,OUT,SALE,71,2025-07-21,0,,0
882,1,3,OUT,SALE,80,2025-07-22,0,,0
883,1,3,OUT,SALE,87,2025-07-23,0,,0
884,1,3,OUT,SALE,90,2025-07-24,0,,0
885,1,3,OUT,SALE,85,2025-07-25,0,,0
886,1,3,OUT,SALE,48,2025-07-26,0,,0
887,1,3,OUT,SALE,39,2025-07-27,0,,0
888,1,3,OUT,SALE,47,2025-07-28,0,,0
889,1,3,OUT,SALE,39,2025-07-29,0,,0
890,1,3,OUT,SALE,45,2025-07-30,0,,0
891,1,3,OUT,SALE,41,2025-07-31,0,,0
892,1,3,OUT,SALE,44,2025-08-01,0,,0
893,1,3,OUT,SALE,52,2025-08-02,0,,0
894,1,3,OUT,SALE,51,2025-08-03,0,,0
895,1,3,OUT,SALE,45,2025-08-04,0,,0
896,1,3,OUT,SALE,49,2025-08-05,0,,0
897,1,3,OUT,SALE,43,2025-08-06,0,,0
898,1,3,OUT,SALE,46,2025-08-07,0,,0
899,1,3,OUT,SALE,42,2025-08-08,0,,0
900,1,3,OUT,SALE,57,2025-08-09,0,,0
901,1,3,OUT,SALE,45,2025-08-10,0,,0
902,1,3,OUT,SALE,51,2025-08-11,0,,0
903,1,3,OUT,SALE,42,2025-08-12,0,,0
904,1,3,OUT,SALE,35,2025-08-13,0,,0
905,1,3,OUT,SALE,43,2025-08-14,0,,0
906,1,3,OUT,SALE,39,2025-08-15,0,,0
907,1,3,OUT,SALE,53,2025-08-16,0,,0
908,1,3,OUT,SALE,45,2025-08-17,0,,0
909,1,3,OUT,SALE,9999,2025-08-18,1,DATA_ERROR,1
910,1,3,OUT,SALE,33,2025-08-19,0,,0
911,1,3,OUT,SALE,40,2025-08-20,0,,0
912,1,3,OUT,SALE,30,2025-08-21,0,,0
913,1,3,OUT,SALE,34,2025-08-22,0,,0
914,1,3,OUT,SALE,53,2025-08-23,0,,0
915,1,3,OUT,SALE,53,2025-08-24,0,,0
916,1,3,OUT,SALE,44,2025-08-25,0,,0
917,1,3,OUT,SALE,37,2025-08-26,0,,0
918,1,3,OUT,SALE,42,2025-08-27,0,,0
919,1,3,OUT,SALE,42,2025-08-28,0,,0
920,1,3,OUT,SALE,36,2025-08-29,0,,0
921,1,3,OUT,SALE,57,2025-08-30,0,,0
922,1,3,OUT,SALE,54,2025-08-31,0,,0
923,1,3,OUT,SALE,39,2025-09-01,0,,0
924,1,3,OUT,SALE,40,2025-09-02,0,,0
925,1,3,OUT,SALE,41,2025-09-03,0,,0
926,1,3,OUT,SALE,30,2025-09-04,0,,0
927,1,3,OUT,SALE,38,2025-09-05,0,,0
928,1,3,OUT,SALE,42,2025-09-06,0,,0
929,1,3,OUT,SALE,40,2025-09-07,0,,0
930,1,3,OUT,SALE,38,2025-09-08,0,,0
931,1,3,OUT,SALE,48,2025-09-09,0,,0
932,1,3,OUT,SALE,43,2025-09-10,0,,0
933,1,3,OUT,SALE,37,2025-09-11,0,,0
934,1,3,OUT,SALE,42,2025-09-12,0,,0
935,1,3,OUT,SALE,53,2025-09-13,0,,0
936,1,3,OUT,SALE,51,2025-09-14,0,,0
937,1,3,OUT,SALE,40,2025-09-15,0,,0
938,1,3,OUT,SALE,37,2025-09-16,0,,0
939,1,3,OUT,SALE,43,2025-09-17,0,,0
940,1,3,OUT,SALE,42,2025-09-18,0,,0
941,1,3,OUT,SALE,44,2025-09-19,0,,0
942,1,3,OUT,SALE,49,2025-09-20,0,,0
943,1,3,OUT,SALE,51,2025-09-21,0,,0
944,1,3,OUT,SALE,37,2025-09-22,0,,0
945,1,3,OUT,SALE,46,2025-09-23,0,,0
946,1,3,OUT,SALE,41,2025-09-24,0,,0
947,1,3,OUT,SALE,50,2025-09-25,0,,0
948,1,3,OUT,SALE,36,2025-09-26,0,,0
949,1,3,OUT,SALE,55,2025-09-27,0,,0
950,1,3,OUT,SALE,47,2025-09-28,0,,0
951,1,3,OUT,SALE,37,2025-09-29,0,,0
952,1,3,OUT,SALE,71,2025-09-30,0,,0
953,1,3,OUT,SALE,60,2025-10-01,0,,0
954,1,3,OUT,SALE,66,2025-10-02,0,,0
955,1,3,OUT,SALE,66,2025-10-03,0,,0
956,1,3,OUT,SALE,35,2025-10-04,0,,0
957,1,3,OUT,SALE,38,2025-10-05,0,,0
958,1,3,OUT,SALE,41,2025-10-06,0,,0
959,1,3,OUT,SALE,40,2025-10-07,0,,0
960,1,3,OUT,SALE,35,2025-10-08,0,,0
961,1,3,OUT,SALE,33,2025-10-09,0,,0
962,1,3,OUT,SALE,33,2025-10-10,0,,0
963,1,3,OUT,SALE,41,2025-10-11,0,,0
964,1,3,OUT,SALE,33,2025-10-12,0,,0
965,1,3,OUT,SALE,32,2025-10-13,0,,0
966,1,3,OUT,SALE,0,2025-10-14,1,DATA_ERROR,0
967,1,3,OUT,SALE,34,2025-10-15,0,,0
968,1,3,OUT,SALE,35,2025-10-16,0,,0
969,1,3,OUT,SALE,31,2025-10-17,0,,0
970,1,3,OUT,SALE,45,2025-10-18,0,,0
971,1,3,OUT,SALE,32,2025-10-19,0,,0
972,1,3,OUT,SALE,27,2025-10-20,0,,0
973,1,3,OUT,SALE,34,2025-10-21,0,,0
974,1,3,OUT,SALE,37,2025-10-22,0,,0
975,1,3,OUT,SALE,39,2025-10-23,0,,0
976,1,3,OUT,SALE,31,2025-10-24,0,,0
977,1,3,OUT,SALE,43,2025-10-25,0,,0
978,1,3,OUT,SALE,38,2025-10-26,0,,0
979,1,3,OUT,SALE,32,2025-10-27,0,,0
980,1,3,OUT,SALE,36,2025-10-28,0,,0
981,1,3,OUT,SALE,35,2025-10-29,0,,0
982,1,3,OUT,SALE,27,2025-10-30,0,,0
983,1,3,OUT,SALE,39,2025-10-31,0,,0
984,1,3,OUT,SALE,31,2025-11-01,0,,0
985,1,3,OUT,SALE,25,2025-11-02,0,,0
986,1,3,OUT,SALE,25,2025-11-03,0,,0
987,1,3,OUT,SALE,25,2025-11-04,0,,0
988,1,3,OUT,SALE,24,2025-11-05,0,,0
989,1,3,OUT,SALE,22,2025-11-06,0,,0
990,1,3,OUT,SALE,22,2025-11-07,0,,0
991,1,3,OUT,SALE,27,2025-11-08,0,,0
992,1,3,OUT,SALE,31,2025-11-09,0,,0
993,1,3,OUT,SALE,25,2025-11-10,0,,0
994,1,3,OUT,SALE,22,2025-11-11,0,,0
995,1,3,OUT,SALE,26,2025-11-12,0,,0
996,1,3,OUT,SALE,15,2025-11-13,0,,0
997,1,3,OUT,SALE,27,2025-11-14,0,,0
998,1,3,OUT,SALE,21,2025-11-15,0,,0
999,1,3,OUT,SALE,26,2025-11-16,0,,0
1000,1,3,OUT,SALE,20,2025-11-17,0,,0
1001,1,3,OUT,SALE,20,2025-11-18,0,,0
1002,1,3,OUT,SALE,27,2025-11-19,0,,0
1003,1,3,OUT,SALE,22,2025-11-20,0,,0
1004,1,3,OUT,SALE,24,2025-11-21,0,,0
1005,1,3,OUT,SALE,27,2025-11-22,0,,0
1006,1,3,OUT,SALE,28,2025-11-23,0,,0
1007,1,3,OUT,SALE,24,2025-11-24,0,,0
1008,1,3,OUT,SALE,20,2025-11-25,0,,0
1009,1,3,OUT,SALE,26,2025-11-26,0,,0
1010,1,3,OUT,SALE,22,2025-11-27,0,,0
1011,1,3,OUT,SALE,48,2025-11-28,0,,0
1012,1,3,OUT,SALE,64,2025-11-29,0,,0
1013,1,3,OUT,SALE,80,2025-11-30,0,,0
1014,1,3,OUT,SALE,15,2025-12-01,0,,0
1015,1,3,OUT,SALE,13,2025-12-02,0,,0
1016,1,3,OUT,SALE,13,2025-12-03,0,,0
1017,1,3,OUT,SALE,14,2025-12-04,0,,0
1018,1,3,OUT,SALE,18,2025-12-05,0,,0
1019,1,3,OUT,SALE,17,2025-12-06,0,,0
1020,1,3,OUT,SALE,17,2025-12-07,0,,0
1021,1,3,OUT,SALE,16,2025-12-08,0,,0
1022,1,3,OUT,SALE,14,2025-12-09,0,,0
1023,1,3,OUT,SALE,14,2025-12-10,0,,0
1024,1,3,OUT,SALE,14,2025-12-11,0,,0
1025,1,3,OUT,SALE,14,2025-12-12,0,,0
1026,1,3,OUT,SALE,16,2025-12-13,0,,0
1027,1,3,OUT,SALE,18,2025-12-14,0,,0
1028,1,3,OUT,SALE,14,2025-12-15,0,,0
1029,1,3,OUT,SALE,15,2025-12-16,0,,0
1030,1,3,OUT,SALE,14,2025-12-17,0,,0
1031,1,3,OUT,SALE,14,2025-12-18,0,,0
1032,1,3,OUT,SALE,11,2025-12-19,0,,0
1033,1,3,OUT,SALE,18,2025-12-20,0,,0
1034,1,3,OUT,SALE,17,2025-12-21,0,,0
1035,1,3,OUT,SALE,16,2025-12-22,0,,0
1036,1,3,OUT,SALE,9,2025-12-23,0,,0
1037,1,3,OUT,SALE,30,2025-12-24,0,,0
1038,1,3,OUT,SALE,24,2025-12-25,0,,0
1039,1,3,OUT,SALE,27,2025-12-26,0,,0
1040,1,3,OUT,SALE,14,2025-12-27,0,,0
1041,1,3,OUT,SALE,17,2025-12-28,0,,0
1042,1,3,OUT,SALE,12,2025-12-29,0,,0
1043,1,3,OUT,SALE,13,2025-12-30,0,,0
1044,1,3,OUT,SALE,17,2025-12-31,0,,0
1045,1,4,OUT,SALE,1,2025-01-01,0,,0
1046,1,4,OUT,SALE,1,2025-01-02,0,,0
1047,1,4,OUT,SALE,2,2025-01-03,0,,0
1048,1,4,OUT,SALE,2,2025-01-04,0,,0
1049,1,4,OUT,SALE,2,2025-01-05,0,,0
1050,1,4,OUT,SALE,1,2025-01-06,0,,0
1051,1,4,OUT,SALE,2,2025-01-07,0,,0
1052,1,4,OUT,SALE,1,2025-01-08,0,,0
1053,1,4,OUT,SALE,1,2025-01-09,0,,0
1054,1,4,OUT,SALE,2,2025-01-10,0,,0
1055,1,4,OUT,SALE,2,2025-01-11,0,,0
1056,1,4,OUT,SALE,2,2025-01-12,0,,0
1057,1,4,OUT,SALE,2,2025-01-13,0,,0
1058,1,4,OUT,SALE,1,2025-01-14,0,,0
1059,1,4,OUT,SALE,2,2025-01-15,0,,0
1060,1,4,OUT,SALE,1,2025-01-16,0,,0
1061,1,4,OUT,SALE,1,2025-01-17,0,,0
1062,1,4,OUT,SALE,1,2025-01-18,0,,0
1063,1,4,OUT,SALE,2,2025-01-19,0,,0
1064,1,4,OUT,SALE,1,2025-01-20,0,,0
1065,1,4,OUT,SALE,1,2025-01-21,0,,0
1066,1,4,OUT,SALE,1,2025-01-22,0,,0
1067,1,4,OUT,SALE,2,2025-01-23,0,,0
1068,1,4,OUT,SALE,1,2025-01-24,0,,0
1069,1,4,OUT,SALE,3,2025-01-25,0,,0
1070,1,4,OUT,SALE,3,2025-01-26,0,,0
1071,1,4,OUT,SALE,3,2025-01-27,0,,0
1072,1,4,OUT,SALE,2,2025-01-28,0,,0
1073,1,4,OUT,SALE,2,2025-01-29,0,,0
1074,1,4,OUT,SALE,2,2025-01-30,0,,0
1075,1,4,OUT,SALE,1,2025-01-31,0,,0
1076,1,4,OUT,SALE,2,2025-02-01,0,,0
1077,1,4,OUT,SALE,1,2025-02-02,0,,0
1078,1,4,OUT,SALE,1,2025-02-03,0,,0
1079,1,4,OUT,SALE,1,2025-02-04,0,,0
1080,1,4,OUT,SALE,1,2025-02-05,0,,0
1081,1,4,OUT,SALE,1,2025-02-06,0,,0
1082,1,4,OUT,SALE,1,2025-02-07,0,,0
1083,1,4,OUT,SALE,2,2025-02-08,0,,0
1084,1,4,OUT,SALE,1,2025-02-09,0,,0
1085,1,4,OUT,SALE,1,2025-02-10,0,,0
1086,1,4,OUT,SALE,1,2025-02-11,0,,0
1087,1,4,OUT,SALE,1,2025-02-12,0,,0
1088,1,4,OUT,SALE,1,2025-02-13,0,,0
1089,1,4,OUT,SALE,2,2025-02-14,0,,0
1090,1,4,OUT,SALE,2,2025-02-15,0,,0
1091,1,4,OUT,SALE,1,2025-02-16,0,,0
1092,1,4,OUT,SALE,2,2025-02-17,0,,0
1093,1,4,OUT,SALE,1,2025-02-18,0,,0
1094,1,4,OUT,SALE,1,2025-02-19,0,,0
1095,1,4,OUT,SALE,1,2025-02-20,0,,0
1096,1,4,OUT,SALE,2,2025-02-21,0,,0
1097,1,4,OUT,SALE,1,2025-02-22,0,,0
1098,1,4,OUT,SALE,1,2025-02-23,0,,0
1099,1,4,OUT,SALE,1,2025-02-24,0,,0
1100,1,4,OUT,SALE,2,2025-02-25,0,,0
1101,1,4,OUT,SALE,2,2025-02-26,0,,0
1102,1,4,OUT,SALE,1,2025-02-27,0,,0
1103,1,4,OUT,SALE,1,2025-02-28,0,,0
1104,1,4,OUT,SALE,1,2025-03-01,0,,0
1105,1,4,OUT,DAMAGE,2,2025-03-02,1,REPEATED_LOSS,0
1106,1,4,OUT,SALE,1,2025-03-03,0,,0
1107,1,4,OUT,SALE,1,2025-03-04,0,,0
1108,1,4,OUT,SALE,1,2025-03-05,0,,0
1109,1,4,OUT,SALE,1,2025-03-06,0,,0
1110,1,4,OUT,SALE,1,2025-03-07,0,,0
1111,1,4,OUT,SALE,1,2025-03-08,0,,0
1112,1,4,OUT,SALE,1,2025-03-09,0,,0
1113,1,4,OUT,SALE,1,2025-03-10,0,,0
1114,1,4,OUT,SALE,1,2025-03-11,0,,0
1115,1,4,OUT,SALE,1,2025-03-12,0,,0
1116,1,4,OUT,DAMAGE,2,2025-03-13,1,REPEATED_LOSS,0
1117,1,4,OUT,SALE,1,2025-03-14,0,,0
1118,1,4,OUT,SALE,1,2025-03-15,0,,0
1119,1,4,OUT,SALE,1,2025-03-16,0,,0
1120,1,4,OUT,SALE,1,2025-03-17,0,,0
1121,1,4,OUT,SALE,1,2025-03-18,0,,0
1122,1,4,OUT,SALE,0,2025-03-19,1,DATA_ERROR,0
1123,1,4,OUT,SALE,1,2025-03-20,0,,0
1124,1,4,OUT,SALE,1,2025-03-21,0,,0
1125,1,4,OUT,SALE,1,2025-03-22,0,,0
1126,1,4,OUT,SALE,1,2025-03-23,0,,0
1127,1,4,OUT,SALE,1,2025-03-24,0,,0
1128,1,4,OUT,SALE,1,2025-03-25,0,,0
1129,1,4,OUT,SALE,1,2025-03-26,0,,0
1130,1,4,OUT,SALE,1,2025-03-27,0,,0
1131,1,4,OUT,SALE,1,2025-03-28,0,,0
1132,1,4,OUT,SALE,1,2025-03-29,0,,0
1133,1,4,OUT,SALE,1,2025-03-30,0,,0
1134,1,4,OUT,SALE,1,2025-03-31,0,,0
1135,1,4,OUT,SALE,1,2025-04-01,0,,0
1136,1,4,OUT,SALE,1,2025-04-02,0,,0
1137,1,4,OUT,SALE,1,2025-04-03,0,,0
1138,1,4,OUT,SALE,1,2025-04-04,0,,0
1139,1,4,OUT,SALE,1,2025-04-05,0,,0
1140,1,4,OUT,SALE,1,2025-04-06,0,,0
1141,1,4,OUT,SALE,1,2025-04-07,0,,0
1142,1,4,OUT,SALE,1,2025-04-08,0,,0
1143,1,4,OUT,SALE,1,2025-04-09,0,,0
1144,1,4,OUT,SALE,1,2025-04-10,0,,0
1145,1,4,OUT,SALE,1,2025-04-11,0,,0
1146,1,4,OUT,SALE,1,2025-04-12,0,,0
1147,1,4,OUT,SALE,1,2025-04-13,0,,0
1148,1,4,OUT,SALE,1,2025-04-14,0,,0
1149,1,4,OUT,SALE,1,2025-04-15,0,,0
1150,1,4,OUT,SALE,1,2025-04-16,0,,0
1151,1,4,OUT,SALE,1,2025-04-17,0,,0
1152,1,4,OUT,SALE,1,2025-04-18,0,,0
1153,1,4,OUT,SALE,1,2025-04-19,0,,0
1154,1,4,OUT,SALE,1,2025-04-20,0,,0
1155,1,4,OUT,SALE,1,2025-04-21,0,,0
1156,1,4,OUT,SALE,1,2025-04-22,0,,0
1157,1,4,OUT,SALE,1,2025-04-23,0,,0
1158,1,4,OUT,SALE,1,2025-04-24,0,,0
1159,1,4,OUT,SALE,1,2025-04-25,0,,0
1160,1,4,OUT,SALE,1,2025-04-26,0,,0
1161,1,4,OUT,SALE,1,2025-04-27,0,,0
1162,1,4,OUT,SALE,1,2025-04-28,0,,0
1163,1,4,OUT,DAMAGE,6,2025-04-29,1,THEFT_SPIKE,1
1164,1,4,OUT,SALE,1,2025-04-30,0,,0
1165,1,4,OUT,SALE,1,2025-05-04,0,,0
1166,1,4,OUT,SALE,1,2025-05-10,0,,0
1167,1,4,OUT,SALE,1,2025-05-25,0,,0
1168,1,4,OUT,SALE,1,2025-09-27,0,,0
1169,1,4,OUT,SALE,1,2025-09-30,0,,0
1170,1,4,OUT,SALE,1,2025-10-01,0,,0
1171,1,4,OUT,SALE,2,2025-10-02,0,,0
1172,1,4,OUT,SALE,1,2025-10-03,0,,0
1173,1,4,OUT,SALE,1,2025-10-04,0,,0
1174,1,4,OUT,SALE,1,2025-10-05,0,,0
1175,1,4,OUT,SALE,1,2025-10-06,0,,0
1176,1,4,OUT,SALE,1,2025-10-07,0,,0
1177,1,4,OUT,SALE,1,2025-10-08,0,,0
1178,1,4,OUT,SALE,1,2025-10-09,0,,0
1179,1,4,OUT,SALE,1,2025-10-10,0,,0
1180,1,4,OUT,SALE,1,2025-10-11,0,,0
1181,1,4,OUT,SALE,1,2025-10-12,0,,0
1182,1,4,OUT,SALE,1,2025-10-13,0,,0
1183,1,4,OUT,SALE,1,2025-10-14,0,,0
1184,1,4,OUT,DAMAGE,8,2025-10-15,1,THEFT_SPIKE,1
1185,1,4,OUT,SALE,1,2025-10-16,0,,0
1186,1,4,OUT,SALE,1,2025-10-17,0,,0
1187,1,4,OUT,SALE,1,2025-10-18,0,,0
1188,1,4,OUT,SALE,1,2025-10-19,0,,0
1189,1,4,OUT,SALE,1,2025-10-20,0,,0
1190,1,4,OUT,SALE,1,2025-10-21,0,,0
1191,1,4,OUT,SALE,1,2025-10-22,0,,0
1192,1,4,OUT,SALE,1,2025-10-23,0,,0
1193,1,4,OUT,SALE,1,2025-10-24,0,,0
1194,1,4,OUT,SALE,1,2025-10-25,0,,0
1195,1,4,OUT,SALE,1,2025-10-26,0,,0
1196,1,4,OUT,SALE,1,2025-10-27,0,,0
1197,1,4,OUT,SALE,1,2025-10-28,0,,0
1198,1,4,OUT,SALE,1,2025-10-29,0,,0
1199,1,4,OUT,SALE,1,2025-10-30,0,,0
1200,1,4,OUT,SALE,1,2025-10-31,0,,0
1201,1,4,OUT,SALE,1,2025-11-01,0,,0
1202,1,4,OUT,SALE,1,2025-11-02,0,,0
1203,1,4,OUT,SALE,1,2025-11-03,0,,0
1204,1,4,OUT,SALE,1,2025-11-04,0,,0
1205,1,4,OUT,SALE,1,2025-11-05,0,,0
1206,1,4,OUT,SALE,1,2025-11-06,0,,0
1207,1,4,OUT,SALE,1,2025-11-07,0,,0
1208,1,4,OUT,SALE,1,2025-11-08,0,,0
1209,1,4,OUT,SALE,1,2025-11-09,0,,0
1210,1,4,OUT,SALE,1,2025-11-10,0,,0
1211,1,4,OUT,SALE,1,2025-11-11,0,,0
1212,1,4,OUT,SALE,1,2025-11-12,0,,0
1213,1,4,OUT,SALE,1,2025-11-13,0,,0
1214,1,4,OUT,SALE,1,2025-11-14,0,,0
1215,1,4,OUT,SALE,1,2025-11-15,0,,0
1216,1,4,OUT,SALE,1,2025-11-16,0,,0
1217,1,4,OUT,SALE,1,2025-11-17,0,,0
1218,1,4,OUT,SALE,1,2025-11-18,0,,0
1219,1,4,OUT,SALE,1,2025-11-19,0,,0
1220,1,4,OUT,SALE,1,2025-11-20,0,,0
1221,1,4,OUT,SALE,1,2025-11-21,0,,0
1222,1,4,OUT,SALE,1,2025-11-22,0,,0
1223,1,4,OUT,SALE,1,2025-11-23,0,,0
1224,1,4,OUT,SALE,1,2025-11-24,0,,0
1225,1,4,OUT,SALE,1,2025-11-25,0,,0
1226,1,4,OUT,SALE,1,2025-11-26,0,,0
1227,1,4,OUT,SALE,1,2025-11-27,0,,0
1228,1,4,OUT,SALE,3,2025-11-28,0,,0
1229,1,4,OUT,SALE,3,2025-11-29,0,,0
1230,1,4,OUT,SALE,3,2025-11-30,0,,0
1231,1,4,OUT,SALE,1,2025-12-01,0,,0
1232,1,4,OUT,SALE,1,2025-12-02,0,,0
1233,1,4,OUT,SALE,1,2025-12-03,0,,0
1234,1,4,OUT,SALE,1,2025-12-04,0,,0
1235,1,4,OUT,SALE,2,2025-12-05,0,,0
1236,1,4,OUT,SALE,2,2025-12-06,0,,0
1237,1,4,OUT,SALE,2,2025-12-07,0,,0
1238,1,4,OUT,SALE,2,2025-12-08,0,,0
1239,1,4,OUT,SALE,1,2025-12-09,0,,0
1240,1,4,OUT,SALE,2,2025-12-10,0,,0
1241,1,4,OUT,SALE,1,2025-12-11,0,,0
1242,1,4,OUT,SALE,1,2025-12-12,0,,0
1243,1,4,OUT,SALE,2,2025-12-13,0,,0
1244,1,4,OUT,SALE,2,2025-12-14,0,,0
1245,1,4,OUT,SALE,2,2025-12-15,0,,0
1246,1,4,OUT,SALE,1,2025-12-16,0,,0
1247,1,4,OUT,SALE,1,2025-12-17,0,,0
1248,1,4,OUT,SALE,1,2025-12-18,0,,0
1249,1,4,OUT,SALE,1,2025-12-19,0,,0
1250,1,4,OUT,SALE,1,2025-12-20,0,,0
1251,1,4,OUT,SALE,1,2025-12-21,0,,0
1252,1,4,OUT,SALE,1,2025-12-22,0,,0
1253,1,4,OUT,SALE,2,2025-12-23,0,,0
1254,1,4,OUT,SALE,2,2025-12-24,0,,0
1255,1,4,OUT,SALE,2,2025-12-25,0,,0
1256,1,4,OUT,SALE,2,2025-12-26,0,,0
1257,1,4,OUT,SALE,2,2025-12-27,0,,0
1258,1,4,OUT,SALE,1,2025-12-28,0,,0
1259,1,4,OUT,SALE,1,2025-12-29,0,,0
1260,1,4,OUT,SALE,1,2025-12-30,0,,0
1261,1,4,OUT,SALE,1,2025-12-31,0,,0
1262,1,5,OUT,SALE,5,2025-01-01,0,,0
1263,1,5,OUT,SALE,5,2025-01-02,0,,0
1264,1,5,OUT,SALE,5,2025-01-03,0,,0
1265,1,5,OUT,SALE,5,2025-01-04,0,,0
1266,1,5,OUT,SALE,5,2025-01-05,0,,0
1267,1,5,OUT,SALE,5,2025-01-06,0,,0
1268,1,5,OUT,SALE,5,2025-01-07,0,,0
1269,1,5,OUT,SALE,6,2025-01-08,0,,0
1270,1,5,OUT,SALE,5,2025-01-09,0,,0
1271,1,5,OUT,SALE,5,2025-01-10,0,,0
1272,1,5,OUT,SALE,6,2025-01-11,0,,0
1273,1,5,OUT,SALE,5,2025-01-12,0,,0
1274,1,5,OUT,SALE,4,2025-01-13,0,,0
1275,1,5,OUT,SALE,4,2025-01-14,0,,0
1276,1,5,OUT,SALE,6,2025-01-15,0,,0
1277,1,5,OUT,SALE,4,2025-01-16,0,,0
1278,1,5,OUT,SALE,6,2025-01-17,0,,0
1279,1,5,OUT,SALE,5,2025-01-18,0,,0
1280,1,5,OUT,SALE,6,2025-01-19,0,,0
1281,1,5,OUT,SALE,6,2025-01-20,0,,0
1282,1,5,OUT,SALE,6,2025-01-21,0,,0
1283,1,5,OUT,SALE,6,2025-01-22,0,,0
1284,1,5,OUT,SALE,5,2025-01-23,0,,0
1285,1,5,OUT,SALE,5,2025-01-24,0,,0
1286,1,5,OUT,SALE,11,2025-01-25,0,,1
1287,1,5,OUT,SALE,11,2025-01-26,0,,1
1288,1,5,OUT,SALE,8,2025-01-27,0,,0
1289,1,5,OUT,SALE,8,2025-01-28,0,,0
1290,1,5,OUT,SALE,5,2025-01-29,0,,0
1291,1,5,OUT,SALE,5,2025-01-30,0,,0
1292,1,5,OUT,SALE,5,2025-01-31,0,,0
1293,1,5,OUT,SALE,6,2025-02-01,0,,0
1294,1,5,OUT,SALE,6,2025-02-02,0,,0
1295,1,5,OUT,SALE,5,2025-02-03,0,,0
1296,1,5,OUT,SALE,5,2025-02-04,0,,0
1297,1,5,OUT,SALE,4,2025-02-05,0,,0
1298,1,5,OUT,SALE,4,2025-02-06,0,,0
1299,1,5,OUT,SALE,4,2025-02-07,0,,0
1300,1,5,OUT,SALE,4,2025-02-08,0,,0
1301,1,5,OUT,SALE,5,2025-02-09,0,,0
1302,1,5,OUT,SALE,4,2025-02-10,0,,0
1303,1,5,OUT,SALE,5,2025-02-11,0,,0
1304,1,5,OUT,SALE,5,2025-02-12,0,,0
1305,1,5,OUT,SALE,4,2025-02-13,0,,0
1306,1,5,OUT,SALE,5,2025-02-14,0,,0
1307,1,5,OUT,SALE,6,2025-02-15,0,,0
1308,1,5,OUT,SALE,5,2025-02-16,0,,0
1309,1,5,OUT,SALE,4,2025-02-17,0,,0
1310,1,5,OUT,SALE,4,2025-02-18,0,,0
1311,1,5,OUT,SALE,4,2025-02-19,0,,0
1312,1,5,OUT,SALE,5,2025-02-20,0,,0
1313,1,5,OUT,SALE,5,2025-02-21,0,,0
1314,1,5,OUT,SALE,6,2025-02-22,0,,0
1315,1,5,OUT,SALE,5,2025-02-23,0,,0
1316,1,5,OUT,SALE,4,2025-02-24,0,,0
1317,1,5,OUT,SALE,5,2025-02-25,0,,0
1318,1,5,OUT,SALE,4,2025-02-26,0,,0
1319,1,5,OUT,SALE,5,2025-02-27,0,,0
1320,1,5,OUT,SALE,4,2025-02-28,0,,0
1321,1,5,OUT,SALE,4,2025-03-01,0,,0
1322,1,5,OUT,SALE,3,2025-03-02,0,,0
1323,1,5,OUT,SALE,4,2025-03-03,0,,0
1324,1,5,OUT,SALE,3,2025-03-04,0,,0
1325,1,5,OUT,SALE,3,2025-03-05,0,,0
1326,1,5,OUT,SALE,2,2025-03-06,0,,0
1327,1,5,OUT,SALE,4,2025-03-07,0,,0
1328,1,5,OUT,SALE,5,2025-03-08,0,,0
1329,1,5,OUT,SALE,5,2025-03-09,0,,0
1330,1,5,OUT,SALE,3,2025-03-10,0,,0
1331,1,5,OUT,SALE,3,2025-03-11,0,,0
1332,1,5,OUT,DAMAGE,16,2025-03-12,1,OFF_HOURS_BULK,1
1333,1,5,OUT,SALE,3,2025-03-13,0,,0
1334,1,5,OUT,SALE,4,2025-03-14,0,,0
1335,1,5,OUT,SALE,5,2025-03-15,0,,0
1336,1,5,OUT,SALE,5,2025-03-16,0,,0
1337,1,5,OUT,SALE,4,2025-03-17,0,,0
1338,1,5,OUT,SALE,4,2025-03-18,0,,0
1339,1,5,OUT,SALE,3,2025-03-19,0,,0
1340,1,5,OUT,SALE,3,2025-03-20,0,,0
1341,1,5,OUT,SALE,4,2025-03-21,0,,0
1342,1,5,OUT,SALE,4,2025-03-22,0,,0
1343,1,5,OUT,SALE,5,2025-03-23,0,,0
1344,1,5,OUT,SALE,3,2025-03-24,0,,0
1345,1,5,OUT,SALE,4,2025-03-25,0,,0
1346,1,5,OUT,SALE,3,2025-03-26,0,,0
1347,1,5,OUT,SALE,4,2025-03-27,0,,0
1348,1,5,OUT,SALE,3,2025-03-28,0,,0
1349,1,5,OUT,SALE,3,2025-03-29,0,,0
1350,1,5,OUT,SALE,5,2025-03-30,0,,0
1351,1,5,OUT,SALE,4,2025-03-31,0,,0
1352,1,5,OUT,SALE,2,2025-04-01,0,,0
1353,1,5,OUT,SALE,2,2025-04-02,0,,0
1354,1,5,OUT,SALE,3,2025-04-03,0,,0
1355,1,5,OUT,SALE,2,2025-04-04,0,,0
1356,1,5,OUT,SALE,3,2025-04-05,0,,0
1357,1,5,OUT,SALE,3,2025-04-06,0,,0
1358,1,5,OUT,SALE,2,2025-04-07,0,,0
1359,1,5,OUT,SALE,3,2025-04-08,0,,0
1360,1,5,OUT,SALE,2,2025-04-09,0,,0
1361,1,5,OUT,SALE,3,2025-04-10,0,,0
1362,1,5,OUT,SALE,2,2025-04-11,0,,0
1363,1,5,OUT,SALE,2,2025-04-12,0,,0
1364,1,5,OUT,SALE,3,2025-04-13,0,,0
1365,1,5,OUT,SALE,2,2025-04-14,0,,0
1366,1,5,OUT,SALE,2,2025-04-15,0,,0
1367,1,5,OUT,SALE,3,2025-04-16,0,,0
1368,1,5,OUT,SALE,3,2025-04-17,0,,0
1369,1,5,OUT,SALE,2,2025-04-18,0,,0
1370,1,5,OUT,SALE,3,2025-04-19,0,,0
1371,1,5,OUT,SALE,3,2025-04-20,0,,0
1372,1,5,OUT,SALE,3,2025-04-21,0,,0
1373,1,5,OUT,SALE,3,2025-04-22,0,,0
1374,1,5,OUT,SALE,2,2025-04-23,0,,0
1375,1,5,OUT,SALE,2,2025-04-24,0,,0
1376,1,5,OUT,SALE,2,2025-04-25,0,,0
1377,1,5,OUT,SALE,2,2025-04-26,0,,0
1378,1,5,OUT,SALE,2,2025-04-27,0,,0
1379,1,5,OUT,SALE,3,2025-04-28,0,,0
1380,1,5,OUT,SALE,3,2025-04-29,0,,0
1381,1,5,OUT,SALE,2,2025-04-30,0,,0
1382,1,5,OUT,SALE,1,2025-05-01,0,,0
1383,1,5,OUT,SALE,1,2025-05-02,0,,0
1384,1,5,OUT,SALE,2,2025-05-03,0,,0
1385,1,5,OUT,SALE,1,2025-05-04,0,,0
1386,1,5,OUT,SALE,1,2025-05-05,0,,0
1387,1,5,OUT,SALE,1,2025-05-06,0,,0
1388,1,5,OUT,SALE,1,2025-05-07,0,,0
1389,1,5,OUT,SALE,1,2025-05-08,0,,0
1390,1,5,OUT,SALE,1,2025-05-09,0,,0
1391,1,5,OUT,SALE,1,2025-05-10,0,,0
1392,1,5,OUT,SALE,1,2025-05-11,0,,0
1393,1,5,OUT,SALE,1,2025-05-12,0,,0
1394,1,5,OUT,SALE,2,2025-05-13,0,,0
1395,1,5,OUT,SALE,1,2025-05-14,0,,0
1396,1,5,OUT,SALE,1,2025-05-15,0,,0
1397,1,5,OUT,SALE,1,2025-05-16,0,,0
1398,1,5,OUT,SALE,1,2025-05-17,0,,0
1399,1,5,OUT,SALE,2,2025-05-18,0,,0
1400,1,5,OUT,SALE,1,2025-05-19,0,,0
1401,1,5,OUT,SALE,1,2025-05-20,0,,0
1402,1,5,OUT,SALE,2,2025-05-21,0,,0
1403,1,5,OUT,SALE,1,2025-05-22,0,,0
1404,1,5,OUT,SALE,1,2025-05-23,0,,0
1405,1,5,OUT,SALE,1,2025-05-24,0,,0
1406,1,5,OUT,SALE,2,2025-05-25,0,,0
1407,1,5,OUT,SALE,1,2025-05-26,0,,0
1408,1,5,OUT,SALE,1,2025-05-27,0,,0
1409,1,5,OUT,SALE,1,2025-05-28,0,,0
1410,1,5,OUT,SALE,1,2025-05-29,0,,0
1411,1,5,OUT,SALE,2,2025-05-30,0,,0
1412,1,5,OUT,SALE,2,2025-05-31,0,,0
1413,1,5,OUT,SALE,1,2025-06-02,0,,0
1414,1,5,OUT,SALE,1,2025-06-08,0,,0
1415,1,5,OUT,SALE,1,2025-06-13,0,,0
1416,1,5,OUT,SALE,1,2025-06-15,0,,0
1417,1,5,OUT,SALE,1,2025-06-16,0,,0
1418,1,5,OUT,SALE,1,2025-06-22,0,,0
1419,1,5,OUT,SALE,1,2025-06-24,0,,0
1420,1,5,OUT,SALE,1,2025-06-29,0,,0
1421,1,5,OUT,SALE,1,2025-08-02,0,,0
1422,1,5,OUT,SALE,1,2025-08-09,0,,0
1423,1,5,OUT,SALE,1,2025-08-16,0,,0
1424,1,5,OUT,SALE,1,2025-08-17,0,,0
1425,1,5,OUT,SALE,1,2025-08-21,0,,0
1426,1,5,OUT,SALE,1,2025-08-24,0,,0
1427,1,5,OUT,SALE,1,2025-08-30,0,,0
1428,1,5,OUT,SALE,1,2025-08-31,0,,0
1429,1,5,OUT,SALE,1,2025-09-01,0,,0
1430,1,5,OUT,SALE,1,2025-09-02,0,,0
1431,1,5,OUT,SALE,0,2025-09-03,1,DATA_ERROR,0
1432,1,5,OUT,SALE,1,2025-09-04,0,,0
1433,1,5,OUT,SALE,1,2025-09-05,0,,0
1434,1,5,OUT,SALE,2,2025-09-06,0,,0
1435,1,5,OUT,SALE,1,2025-09-07,0,,0
1436,1,5,OUT,SALE,1,2025-09-08,0,,0
1437,1,5,OUT,SALE,1,2025-09-09,0,,0
1438,1,5,OUT,SALE,1,2025-09-10,0,,0
1439,1,5,OUT,SALE,1,2025-09-11,0,,0
1440,1,5,OUT,SALE,2,2025-09-12,0,,0
1441,1,5,OUT,SALE,1,2025-09-13,0,,0
1442,1,5,OUT,SALE,1,2025-09-14,0,,0
1443,1,5,OUT,SALE,1,2025-09-15,0,,0
1444,1,5,OUT,SALE,1,2025-09-16,0,,0
1445,1,5,OUT,SALE,1,2025-09-17,0,,0
1446,1,5,OUT,SALE,1,2025-09-18,0,,0
1447,1,5,OUT,SALE,1,2025-09-19,0,,0
1448,1,5,OUT,SALE,1,2025-09-20,0,,0
1449,1,5,OUT,SALE,2,2025-09-21,0,,0
1450,1,5,OUT,SALE,2,2025-09-22,0,,0
1451,1,5,OUT,SALE,1,2025-09-23,0,,0
1452,1,5,OUT,SALE,1,2025-09-24,0,,0
1453,1,5,OUT,DAMAGE,4,2025-09-25,1,OFF_HOURS_BULK,0
1454,1,5,OUT,SALE,1,2025-09-26,0,,0
1455,1,5,OUT,SALE,1,2025-09-27,0,,0
1456,1,5,OUT,SALE,2,2025-09-28,0,,0
1457,1,5,OUT,SALE,1,2025-09-29,0,,0
1458,1,5,OUT,SALE,3,2025-09-30,0,,0
1459,1,5,OUT,SALE,5,2025-10-01,0,,0
1460,1,5,OUT,SALE,5,2025-10-02,0,,0
1461,1,5,OUT,SALE,3,2025-10-03,0,,0
1462,1,5,OUT,SALE,3,2025-10-04,0,,0
1463,1,5,OUT,SALE,3,2025-10-05,0,,0
1464,1,5,OUT,SALE,2,2025-10-06,0,,0
1465,1,5,OUT,SALE,3,2025-10-07,0,,0
1466,1,5,OUT,SALE,3,2025-10-08,0,,0
1467,1,5,OUT,SALE,2,2025-10-09,0,,0
1468,1,5,OUT,SALE,3,2025-10-10,0,,0
1469,1,5,OUT,SALE,3,2025-10-11,0,,0
1470,1,5,OUT,SALE,3,2025-10-12,0,,0
1471,1,5,OUT,SALE,3,2025-10-13,0,,0
1472,1,5,OUT,SALE,3,2025-10-14,0,,0
1473,1,5,OUT,SALE,2,2025-10-15,0,,0
1474,1,5,OUT,SALE,2,2025-10-16,0,,0
1475,1,5,OUT,SALE,2,2025-10-17,0,,0
1476,1,5,OUT,SALE,3,2025-10-18,0,,0
1477,1,5,OUT,SALE,4,2025-10-19,0,,0
1478,1,5,OUT,SALE,2,2025-10-20,0,,0
1479,1,5,OUT,SALE,2,2025-10-21,0,,0
1480,1,5,OUT,SALE,3,2025-10-22,0,,0
1481,1,5,OUT,SALE,2,2025-10-23,0,,0
1482,1,5,OUT,SALE,3,2025-10-24,0,,0
1483,1,5,OUT,SALE,3,2025-10-25,0,,0
1484,1,5,OUT,SALE,3,2025-10-26,0,,0
1485,1,5,OUT,SALE,2,2025-10-27,0,,0
1486,1,5,OUT,SALE,2,2025-10-28,0,,0
1487,1,5,OUT,SALE,2,2025-10-29,0,,0
1488,1,5,OUT,SALE,2,2025-10-30,0,,0
1489,1,5,OUT,SALE,2,2025-10-31,0,,0
1490,1,5,OUT,SALE,4,2025-11-01,0,,0
1491,1,5,OUT,SALE,3,2025-11-02,0,,0
1492,1,5,OUT,SALE,4,2025-11-03,0,,0
1493,1,5,OUT,SALE,3,2025-11-04,0,,0
1494,1,5,OUT,SALE,4,2025-11-05,0,,0
1495,1,5,OUT,SALE,4,2025-11-06,0,,0
1496,1,5,OUT,SALE,3,2025-11-07,0,,0
1497,1,5,OUT,SALE,4,2025-11-08,0,,0
1498,1,5,OUT,SALE,4,2025-11-09,0,,0
1499,1,5,OUT,SALE,4,2025-11-10,0,,0
1500,1,5,OUT,SALE,4,2025-11-11,0,,0
1501,1,5,OUT,SALE,3,2025-11-12,0,,0
1502,1,5,OUT,SALE,4,2025-11-13,0,,0
1503,1,5,OUT,SALE,4,2025-11-14,0,,0
1504,1,5,OUT,SALE,4,2025-11-15,0,,0
1505,1,5,OUT,SALE,4,2025-11-16,0,,0
1506,1,5,OUT,SALE,3,2025-11-17,0,,0
1507,1,5,OUT,SALE,3,2025-11-18,0,,0
1508,1,5,OUT,SALE,3,2025-11-19,0,,0
1509,1,5,OUT,SALE,4,2025-11-20,0,,0
1510,1,5,OUT,SALE,4,2025-11-21,0,,0
1511,1,5,OUT,SALE,5,2025-11-22,0,,0
1512,1,5,OUT,SALE,4,2025-11-23,0,,0
1513,1,5,OUT,SALE,3,2025-11-24,0,,0
1514,1,5,OUT,SALE,3,2025-11-25,0,,0
1515,1,5,OUT,SALE,3,2025-11-26,0,,0
1516,1,5,OUT,SALE,3,2025-11-27,0,,0
1517,1,5,OUT,SALE,9,2025-11-28,0,,0
1518,1,5,OUT,SALE,11,2025-11-29,0,,1
1519,1,5,OUT,SALE,8,2025-11-30,0,,0
1520,1,5,OUT,SALE,5,2025-12-01,0,,0
1521,1,5,OUT,SALE,4,2025-12-02,0,,0
1522,1,5,OUT,SALE,5,2025-12-03,0,,0
1523,1,5,OUT,SALE,5,2025-12-04,0,,0
1524,1,5,OUT,SALE,5,2025-12-05,0,,0
1525,1,5,OUT,SALE,5,2025-12-06,0,,0
1526,1,5,OUT,SALE,5,2025-12-07,0,,0
1527,1,5,OUT,SALE,3,2025-12-08,0,,0
1528,1,5,OUT,SALE,4,2025-12-09,0,,0
1529,1,5,OUT,SALE,4,2025-12-10,0,,0
1530,1,5,OUT,SALE,4,2025-12-11,0,,0
1531,1,5,OUT,SALE,4,2025-12-12,0,,0
1532,1,5,OUT,SALE,5,2025-12-13,0,,0
1533,1,5,OUT,SALE,5,2025-12-14,0,,0
1534,1,5,OUT,SALE,4,2025-12-15,0,,0
1535,1,5,OUT,SALE,5,2025-12-16,0,,0
1536,1,5,OUT,SALE,5,2025-12-17,0,,0
1537,1,5,OUT,SALE,4,2025-12-18,0,,0
1538,1,5,OUT,SALE,5,2025-12-19,0,,0
1539,1,5,OUT,SALE,5,2025-12-20,0,,0
1540,1,5,OUT,SALE,5,2025-12-21,0,,0
1541,1,5,OUT,SALE,5,2025-12-22,0,,0
1542,1,5,OUT,SALE,5,2025-12-23,0,,0
1543,1,5,OUT,SALE,8,2025-12-24,0,,0
1544,1,5,OUT,SALE,8,2025-12-25,0,,0
1545,1,5,OUT,SALE,7,2025-12-26,0,,0
1546,1,5,OUT,SALE,5,2025-12-27,0,,0
1547,1,5,OUT,SALE,4,2025-12-28,0,,0
1548,1,5,OUT,SALE,5,2025-12-29,0,,0
1549,1,5,OUT,SALE,4,2025-12-30,0,,0
1550,1,5,OUT,SALE,4,2025-12-31,0,,0
1551,1,6,OUT,SALE,3,2025-01-01,0,,0
1552,1,6,OUT,SALE,2,2025-01-02,0,,0
1553,1,6,OUT,SALE,3,2025-01-03,0,,0
1554,1,6,OUT,SALE,3,2025-01-04,0,,0
1555,1,6,OUT,SALE,3,2025-01-05,0,,0
1556,1,6,OUT,SALE,3,2025-01-06,0,,0
1557,1,6,OUT,SALE,3,2025-01-07,0,,0
1558,1,6,OUT,SALE,3,2025-01-08,0,,0
1559,1,6,OUT,SALE,3,2025-01-09,0,,0
1560,1,6,OUT,SALE,3,2025-01-10,0,,0
1561,1,6,OUT,SALE,3,2025-01-11,0,,0
1562,1,6,OUT,SALE,4,2025-01-12,0,,0
1563,1,6,OUT,SALE,3,2025-01-13,0,,0
1564,1,6,OUT,SALE,3,2025-01-14,0,,0
1565,1,6,OUT,SALE,3,2025-01-15,0,,0
1566,1,6,OUT,SALE,3,2025-01-16,0,,0
1567,1,6,OUT,SALE,3,2025-01-17,0,,0
1568,1,6,OUT,SALE,3,2025-01-18,0,,0
1569,1,6,OUT,SALE,4,2025-01-19,0,,0
1570,1,6,OUT,SALE,3,2025-01-20,0,,0
1571,1,6,OUT,SALE,3,2025-01-21,0,,0
1572,1,6,OUT,SALE,3,2025-01-22,0,,0
1573,1,6,OUT,SALE,3,2025-01-23,0,,0
1574,1,6,OUT,SALE,2,2025-01-24,0,,0
1575,1,6,OUT,SALE,7,2025-01-25,0,,0
1576,1,6,OUT,SALE,5,2025-01-26,0,,0
1577,1,6,OUT,SALE,6,2025-01-27,0,,0
1578,1,6,OUT,SALE,6,2025-01-28,0,,0
1579,1,6,OUT,SALE,3,2025-01-29,0,,0
1580,1,6,OUT,SALE,3,2025-01-30,0,,0
1581,1,6,OUT,SALE,3,2025-01-31,0,,0
1582,1,6,OUT,SALE,3,2025-02-01,0,,0
1583,1,6,OUT,SALE,3,2025-02-02,0,,0
1584,1,6,OUT,SALE,3,2025-02-03,0,,0
1585,1,6,OUT,SALE,3,2025-02-04,0,,0
1586,1,6,OUT,SALE,3,2025-02-05,0,,0
1587,1,6,OUT,SALE,3,2025-02-06,0,,0
1588,1,6,OUT,SALE,3,2025-02-07,0,,0
1589,1,6,OUT,SALE,3,2025-02-08,0,,0
1590,1,6,OUT,SALE,3,2025-02-09,0,,0
1591,1,6,OUT,SALE,3,2025-02-10,0,,0
1592,1,6,OUT,SALE,3,2025-02-11,0,,0
1593,1,6,OUT,DAMAGE,4,2025-02-12,1,REPEATED_LOSS,0
1594,1,6,OUT,SALE,3,2025-02-13,0,,0
1595,1,6,OUT,SALE,3,2025-02-14,0,,0
1596,1,6,OUT,SALE,3,2025-02-15,0,,0
1597,1,6,OUT,SALE,3,2025-02-16,0,,0
1598,1,6,OUT,SALE,3,2025-02-17,0,,0
1599,1,6,OUT,SALE,3,2025-02-18,0,,0
1600,1,6,OUT,SALE,3,2025-02-19,0,,0
1601,1,6,OUT,SALE,3,2025-02-20,0,,0
1602,1,6,OUT,SALE,3,2025-02-21,0,,0
1603,1,6,OUT,SALE,3,2025-02-22,0,,0
1604,1,6,OUT,DAMAGE,13,2025-02-23,1,OFF_HOURS_BULK,0
1605,1,6,OUT,SALE,3,2025-02-24,0,,0
1606,1,6,OUT,SALE,3,2025-02-25,0,,0
1607,1,6,OUT,SALE,3,2025-02-26,0,,0
1608,1,6,OUT,SALE,3,2025-02-27,0,,0
1609,1,6,OUT,SALE,3,2025-02-28,0,,0
1610,1,6,OUT,SALE,2,2025-03-01,0,,0
1611,1,6,OUT,SALE,3,2025-03-02,0,,0
1612,1,6,OUT,SALE,2,2025-03-03,0,,0
1613,1,6,OUT,SALE,3,2025-03-04,0,,0
1614,1,6,OUT,SALE,2,2025-03-05,0,,0
1615,1,6,OUT,SALE,2,2025-03-06,0,,0
1616,1,6,OUT,SALE,2,2025-03-07,0,,0
1617,1,6,OUT,SALE,2,2025-03-08,0,,0
1618,1,6,OUT,SALE,2,2025-03-09,0,,0
1619,1,6,OUT,SALE,2,2025-03-10,0,,0
1620,1,6,OUT,SALE,2,2025-03-11,0,,0
1621,1,6,OUT,SALE,3,2025-03-12,0,,0
1622,1,6,OUT,SALE,3,2025-03-13,0,,0
1623,1,6,OUT,SALE,2,2025-03-14,0,,0
1624,1,6,OUT,SALE,3,2025-03-15,0,,0
1625,1,6,OUT,SALE,2,2025-03-16,0,,0
1626,1,6,OUT,SALE,2,2025-03-17,0,,0
1627,1,6,OUT,SALE,2,2025-03-18,0,,0
1628,1,6,OUT,SALE,2,2025-03-19,0,,0
1629,1,6,OUT,SALE,2,2025-03-20,0,,0
1630,1,6,OUT,SALE,2,2025-03-21,0,,0
1631,1,6,OUT,SALE,2,2025-03-22,0,,0
1632,1,6,OUT,SALE,3,2025-03-23,0,,0
1633,1,6,OUT,SALE,2,2025-03-24,0,,0
1634,1,6,OUT,SALE,2,2025-03-25,0,,0
1635,1,6,OUT,SALE,3,2025-03-26,0,,0
1636,1,6,OUT,SALE,2,2025-03-27,0,,0
1637,1,6,OUT,SALE,2,2025-03-28,0,,0
1638,1,6,OUT,SALE,2,2025-03-29,0,,0
1639,1,6,OUT,SALE,3,2025-03-30,0,,0
1640,1,6,OUT,SALE,3,2025-03-31,0,,0
1641,1,6,OUT,SALE,1,2025-04-01,0,,0
1642,1,6,OUT,SALE,2,2025-04-02,0,,0
1643,1,6,OUT,SALE,1,2025-04-03,0,,0
1644,1,6,OUT,SALE,1,2025-04-04,0,,0
1645,1,6,OUT,SALE,2,2025-04-05,0,,0
1646,1,6,OUT,SALE,1,2025-04-06,0,,0
1647,1,6,OUT,SALE,2,2025-04-07,0,,0
1648,1,6,OUT,SALE,2,2025-04-08,0,,0
1649,1,6,OUT,SALE,2,2025-04-09,0,,0
1650,1,6,OUT,SALE,2,2025-04-10,0,,0
1651,1,6,OUT,SALE,2,2025-04-11,0,,0
1652,1,6,OUT,SALE,2,2025-04-12,0,,0
1653,1,6,OUT,SALE,2,2025-04-13,0,,0
1654,1,6,OUT,SALE,1,2025-04-14,0,,0
1655,1,6,OUT,DAMAGE,17,2025-04-15,1,THEFT_SPIKE,0
1656,1,6,OUT,SALE,1,2025-04-16,0,,0
1657,1,6,OUT,SALE,2,2025-04-17,0,,0
1658,1,6,OUT,SALE,2,2025-04-18,0,,0
1659,1,6,OUT,SALE,2,2025-04-19,0,,0
1660,1,6,OUT,SALE,2,2025-04-20,0,,0
1661,1,6,OUT,SALE,1,2025-04-21,0,,0
1662,1,6,OUT,SALE,2,2025-04-22,0,,0
1663,1,6,OUT,SALE,1,2025-04-23,0,,0
1664,1,6,OUT,SALE,1,2025-04-24,0,,0
1665,1,6,OUT,SALE,1,2025-04-25,0,,0
1666,1,6,OUT,SALE,2,2025-04-26,0,,0
1667,1,6,OUT,SALE,1,2025-04-27,0,,0
1668,1,6,OUT,SALE,2,2025-04-28,0,,0
1669,1,6,OUT,SALE,2,2025-04-29,0,,0
1670,1,6,OUT,SALE,2,2025-04-30,0,,0
1671,1,6,OUT,SALE,9999,2025-05-01,1,DATA_ERROR,1
1672,1,6,OUT,SALE,1,2025-05-02,0,,0
1673,1,6,OUT,SALE,1,2025-05-03,0,,0
1674,1,6,OUT,SALE,1,2025-05-04,0,,0
1675,1,6,OUT,SALE,1,2025-05-05,0,,0
1676,1,6,OUT,SALE,1,2025-05-06,0,,0
1677,1,6,OUT,SALE,1,2025-05-07,0,,0
1678,1,6,OUT,SALE,1,2025-05-08,0,,0
1679,1,6,OUT,SALE,1,2025-05-09,0,,0
1680,1,6,OUT,SALE,1,2025-05-10,0,,0
1681,1,6,OUT,SALE,1,2025-05-11,0,,0
1682,1,6,OUT,SALE,1,2025-05-12,0,,0
1683,1,6,OUT,SALE,1,2025-05-13,0,,0
1684,1,6,OUT,SALE,1,2025-05-14,0,,0
1685,1,6,OUT,SALE,1,2025-05-15,0,,0
1686,1,6,OUT,SALE,1,2025-05-16,0,,0
1687,1,6,OUT,SALE,1,2025-05-17,0,,0
1688,1,6,OUT,SALE,1,2025-05-18,0,,0
1689,1,6,OUT,SALE,1,2025-05-19,0,,0
1690,1,6,OUT,SALE,1,2025-05-20,0,,0
1691,1,6,OUT,SALE,1,2025-05-21,0,,0
1692,1,6,OUT,SALE,1,2025-05-22,0,,0
1693,1,6,OUT,SALE,1,2025-05-23,0,,0
1694,1,6,OUT,SALE,1,2025-05-24,0,,0
1695,1,6,OUT,SALE,1,2025-05-25,0,,0
1696,1,6,OUT,SALE,1,2025-05-26,0,,0
1697,1,6,OUT,SALE,1,2025-05-27,0,,0
1698,1,6,OUT,SALE,1,2025-05-28,0,,0
1699,1,6,OUT,SALE,1,2025-05-29,0,,0
1700,1,6,OUT,SALE,1,2025-05-30,0,,0
1701,1,6,OUT,SALE,1,2025-05-31,0,,0
1702,1,6,OUT,SALE,1,2025-09-01,0,,0
1703,1,6,OUT,SALE,1,2025-09-02,0,,0
1704,1,6,OUT,SALE,1,2025-09-03,0,,0
1705,1,6,OUT,SALE,1,2025-09-04,0,,0
1706,1,6,OUT,SALE,1,2025-09-05,0,,0
1707,1,6,OUT,SALE,1,2025-09-06,0,,0
1708,1,6,OUT,SALE,1,2025-09-07,0,,0
1709,1,6,OUT,SALE,1,2025-09-08,0,,0
1710,1,6,OUT,SALE,1,2025-09-09,0,,0
1711,1,6,OUT,SALE,1,2025-09-10,0,,0
1712,1,6,OUT,SALE,1,2025-09-11,0,,0
1713,1,6,OUT,SALE,1,2025-09-12,0,,0
1714,1,6,OUT,SALE,1,2025-09-13,0,,0
1715,1,6,OUT,SALE,1,2025-09-14,0,,0
1716,1,6,OUT,SALE,1,2025-09-15,0,,0
1717,1,6,OUT,SALE,1,2025-09-16,0,,0
1718,1,6,OUT,SALE,1,2025-09-17,0,,0
1719,1,6,OUT,SALE,1,2025-09-18,0,,0
1720,1,6,OUT,SALE,1,2025-09-19,0,,0
1721,1,6,OUT,SALE,1,2025-09-20,0,,0
1722,1,6,OUT,SALE,1,2025-09-21,0,,0
1723,1,6,OUT,SALE,1,2025-09-22,0,,0
1724,1,6,OUT,SALE,1,2025-09-23,0,,0
1725,1,6,OUT,SALE,1,2025-09-24,0,,0
1726,1,6,OUT,SALE,1,2025-09-25,0,,0
1727,1,6,OUT,SALE,1,2025-09-26,0,,0
1728,1,6,OUT,SALE,1,2025-09-27,0,,0
1729,1,6,OUT,SALE,1,2025-09-28,0,,0
1730,1,6,OUT,SALE,1,2025-09-29,0,,0
1731,1,6,OUT,SALE,2,2025-09-30,0,,0
1732,1,6,OUT,SALE,3,2025-10-01,0,,0
1733,1,6,OUT,SALE,3,2025-10-02,0,,0
1734,1,6,OUT,SALE,3,2025-10-03,0,,0
1735,1,6,OUT,SALE,2,2025-10-04,0,,0
1736,1,6,OUT,SALE,2,2025-10-05,0,,0
1737,1,6,OUT,SALE,1,2025-10-06,0,,0
1738,1,6,OUT,SALE,1,2025-10-07,0,,0
1739,1,6,OUT,SALE,2,2025-10-08,0,,0
1740,1,6,OUT,SALE,2,2025-10-09,0,,0
1741,1,6,OUT,SALE,2,2025-10-10,0,,0
1742,1,6,OUT,SALE,2,2025-10-11,0,,0
1743,1,6,OUT,SALE,2,2025-10-12,0,,0
1744,1,6,OUT,SALE,2,2025-10-13,0,,0
1745,1,6,OUT,SALE,1,2025-10-14,0,,0
1746,1,6,OUT,SALE,2,2025-10-15,0,,0
1747,1,6,OUT,SALE,2,2025-10-16,0,,0
1748,1,6,OUT,SALE,2,2025-10-17,0,,0
1749,1,6,OUT,SALE,2,2025-10-18,0,,0
1750,1,6,OUT,SALE,2,2025-10-19,0,,0
1751,1,6,OUT,SALE,2,2025-10-20,0,,0
1752,1,6,OUT,SALE,2,2025-10-21,0,,0
1753,1,6,OUT,SALE,1,2025-10-22,0,,0
1754,1,6,OUT,SALE,1,2025-10-23,0,,0
1755,1,6,OUT,SALE,2,2025-10-24,0,,0
1756,1,6,OUT,SALE,2,2025-10-25,0,,0
1757,1,6,OUT,SALE,1,2025-10-26,0,,0
1758,1,6,OUT,SALE,1,2025-10-27,0,,0
1759,1,6,OUT,SALE,2,2025-10-28,0,,0
1760,1,6,OUT,SALE,2,2025-10-29,0,,0
1761,1,6,OUT,SALE,2,2025-10-30,0,,0
1762,1,6,OUT,SALE,2,2025-10-31,0,,0
1763,1,6,OUT,SALE,2,2025-11-01,0,,0
1764,1,6,OUT,SALE,3,2025-11-02,0,,0
1765,1,6,OUT,SALE,2,2025-11-03,0,,0
1766,1,6,OUT,SALE,2,2025-11-04,0,,0
1767,1,6,OUT,SALE,2,2025-11-05,0,,0
1768,1,6,OUT,SALE,2,2025-11-06,0,,0
1769,1,6,OUT,SALE,2,2025-11-07,0,,0
1770,1,6,OUT,SALE,3,2025-11-08,0,,0
1771,1,6,OUT,SALE,3,2025-11-09,0,,0
1772,1,6,OUT,SALE,2,2025-11-10,0,,0
1773,1,6,OUT,SALE,2,2025-11-11,0,,0
1774,1,6,OUT,SALE,2,2025-11-12,0,,0
1775,1,6,OUT,SALE,2,2025-11-13,0,,0
1776,1,6,OUT,SALE,2,2025-11-14,0,,0
1777,1,6,OUT,SALE,3,2025-11-15,0,,0
1778,1,6,OUT,SALE,3,2025-11-16,0,,0
1779,1,6,OUT,SALE,2,2025-11-17,0,,0
1780,1,6,OUT,SALE,2,2025-11-18,0,,0
1781,1,6,OUT,SALE,2,2025-11-19,0,,0
1782,1,6,OUT,SALE,3,2025-11-20,0,,0
1783,1,6,OUT,SALE,3,2025-11-21,0,,0
1784,1,6,OUT,SALE,2,2025-11-22,0,,0
1785,1,6,OUT,SALE,2,2025-11-23,0,,0
1786,1,6,OUT,SALE,2,2025-11-24,0,,0
1787,1,6,OUT,SALE,2,2025-11-25,0,,0
1788,1,6,OUT,SALE,2,2025-11-26,0,,0
1789,1,6,OUT,SALE,2,2025-11-27,0,,0
1790,1,6,OUT,SALE,6,2025-11-28,0,,0
1791,1,6,OUT,SALE,6,2025-11-29,0,,0
1792,1,6,OUT,SALE,7,2025-11-30,0,,0
1793,1,6,OUT,SALE,2,2025-12-01,0,,0
1794,1,6,OUT,SALE,3,2025-12-02,0,,0
1795,1,6,OUT,SALE,2,2025-12-03,0,,0
1796,1,6,OUT,SALE,3,2025-12-04,0,,0
1797,1,6,OUT,SALE,3,2025-12-05,0,,0
1798,1,6,OUT,SALE,3,2025-12-06,0,,0
1799,1,6,OUT,SALE,3,2025-12-07,0,,0
1800,1,6,OUT,SALE,3,2025-12-08,0,,0
1801,1,6,OUT,SALE,3,2025-12-09,0,,0
1802,1,6,OUT,SALE,3,2025-12-10,0,,0
1803,1,6,OUT,SALE,2,2025-12-11,0,,0
1804,1,6,OUT,SALE,3,2025-12-12,0,,0
1805,1,6,OUT,SALE,3,2025-12-13,0,,0
1806,1,6,OUT,SALE,3,2025-12-14,0,,0
1807,1,6,OUT,SALE,3,2025-12-15,0,,0
1808,1,6,OUT,SALE,3,2025-12-16,0,,0
1809,1,6,OUT,SALE,2,2025-12-17,0,,0
1810,1,6,OUT,SALE,3,2025-12-18,0,,0
1811,1,6,OUT,SALE,3,2025-12-19,0,,0
1812,1,6,OUT,SALE,3,2025-12-20,0,,0
1813,1,6,OUT,SALE,3,2025-12-21,0,,0
1814,1,6,OUT,SALE,3,2025-12-22,0,,0
1815,1,6,OUT,SALE,3,2025-12-23,0,,0
1816,1,6,OUT,SALE,5,2025-12-24,0,,0
1817,1,6,OUT,SALE,4,2025-12-25,0,,0
1818,1,6,OUT,SALE,5,2025-12-26,0,,0
1819,1,6,OUT,SALE,4,2025-12-27,0,,0
1820,1,6,OUT,SALE,3,2025-12-28,0,,0
1821,1,6,OUT,SALE,3,2025-12-29,0,,0
1822,1,6,OUT,SALE,2,2025-12-30,0,,0
1823,1,6,OUT,SALE,2,2025-12-31,0,,0
1824,1,7,OUT,SALE,10,2025-01-01,0,,0
1825,1,7,OUT,SALE,11,2025-01-02,0,,0
1826,1,7,OUT,SALE,10,2025-01-03,0,,0
1827,1,7,OUT,SALE,10,2025-01-04,0,,0
1828,1,7,OUT,SALE,11,2025-01-05,0,,0
1829,1,7,OUT,SALE,8,2025-01-06,0,,0
1830,1,7,OUT,SALE,10,2025-01-07,0,,0
1831,1,7,OUT,SALE,10,2025-01-08,0,,0
1832,1,7,OUT,SALE,9,2025-01-09,0,,0
1833,1,7,OUT,SALE,9,2025-01-10,0,,0
1834,1,7,OUT,SALE,11,2025-01-11,0,,0
1835,1,7,OUT,SALE,10,2025-01-12,0,,0
1836,1,7,OUT,SALE,9,2025-01-13,0,,0
1837,1,7,OUT,SALE,12,2025-01-14,0,,0
1838,1,7,OUT,SALE,9,2025-01-15,0,,0
1839,1,7,OUT,SALE,9,2025-01-16,0,,0
1840,1,7,OUT,SALE,9,2025-01-17,0,,0
1841,1,7,OUT,SALE,12,2025-01-18,0,,0
1842,1,7,OUT,SALE,11,2025-01-19,0,,0
1843,1,7,OUT,SALE,9,2025-01-20,0,,0
1844,1,7,OUT,SALE,11,2025-01-21,0,,0
1845,1,7,OUT,SALE,11,2025-01-22,0,,0
1846,1,7,OUT,SALE,9,2025-01-23,0,,0
1847,1,7,OUT,SALE,7,2025-01-24,0,,0
1848,1,7,OUT,SALE,22,2025-01-25,0,,0
1849,1,7,OUT,SALE,18,2025-01-26,0,,0
1850,1,7,OUT,SALE,19,2025-01-27,0,,0
1851,1,7,OUT,SALE,13,2025-01-28,0,,0
1852,1,7,OUT,SALE,10,2025-01-29,0,,0
1853,1,7,OUT,SALE,8,2025-01-30,0,,0
1854,1,7,OUT,SALE,10,2025-01-31,0,,0
1855,1,7,OUT,SALE,11,2025-02-01,0,,0
1856,1,7,OUT,SALE,10,2025-02-02,0,,0
1857,1,7,OUT,SALE,9,2025-02-03,0,,0
1858,1,7,OUT,SALE,11,2025-02-04,0,,0
1859,1,7,OUT,SALE,10,2025-02-05,0,,0
1860,1,7,OUT,SALE,10,2025-02-06,0,,0
1861,1,7,OUT,SALE,12,2025-02-07,0,,0
1862,1,7,OUT,SALE,9,2025-02-08,0,,0
1863,1,7,OUT,SALE,13,2025-02-09,0,,0
1864,1,7,OUT,SALE,10,2025-02-10,0,,0
1865,1,7,OUT,SALE,9,2025-02-11,0,,0
1866,1,7,OUT,SALE,8,2025-02-12,0,,0
1867,1,7,OUT,SALE,10,2025-02-13,0,,0
1868,1,7,OUT,SALE,11,2025-02-14,0,,0
1869,1,7,OUT,SALE,11,2025-02-15,0,,0
1870,1,7,OUT,SALE,13,2025-02-16,0,,0
1871,1,7,OUT,SALE,8,2025-02-17,0,,0
1872,1,7,OUT,SALE,10,2025-02-18,0,,0
1873,1,7,OUT,SALE,8,2025-02-19,0,,0
1874,1,7,OUT,SALE,10,2025-02-20,0,,0
1875,1,7,OUT,SALE,11,2025-02-21,0,,0
1876,1,7,OUT,SALE,11,2025-02-22,0,,0
1877,1,7,OUT,SALE,8,2025-02-23,0,,0
1878,1,7,OUT,SALE,10,2025-02-24,0,,0
1879,1,7,OUT,SALE,10,2025-02-25,0,,0
1880,1,7,OUT,SALE,10,2025-02-26,0,,0
1881,1,7,OUT,SALE,11,2025-02-27,0,,0
1882,1,7,OUT,SALE,8,2025-02-28,0,,0
1883,1,7,OUT,SALE,13,2025-03-01,0,,0
1884,1,7,OUT,SALE,14,2025-03-02,0,,0
1885,1,7,OUT,SALE,8,2025-03-03,0,,0
1886,1,7,OUT,SALE,11,2025-03-04,0,,0
1887,1,7,OUT,SALE,10,2025-03-05,0,,0
1888,1,7,OUT,SALE,10,2025-03-06,0,,0
1889,1,7,OUT,SALE,11,2025-03-07,0,,0
1890,1,7,OUT,SALE,11,2025-03-08,0,,0
1891,1,7,OUT,SALE,11,2025-03-09,0,,0
1892,1,7,OUT,SALE,11,2025-03-10,0,,0
1893,1,7,OUT,SALE,9,2025-03-11,0,,0
1894,1,7,OUT,SALE,9,2025-03-12,0,,0
1895,1,7,OUT,SALE,11,2025-03-13,0,,0
1896,1,7,OUT,SALE,9,2025-03-14,0,,0
1897,1,7,OUT,SALE,13,2025-03-15,0,,0
1898,1,7,OUT,SALE,13,2025-03-16,0,,0
1899,1,7,OUT,SALE,8,2025-03-17,0,,0
1900,1,7,OUT,SALE,10,2025-03-18,0,,0
1901,1,7,OUT,SALE,12,2025-03-19,0,,0
1902,1,7,OUT,SALE,9,2025-03-20,0,,0
1903,1,7,OUT,SALE,10,2025-03-21,0,,0
1904,1,7,OUT,SALE,13,2025-03-22,0,,0
1905,1,7,OUT,SALE,13,2025-03-23,0,,0
1906,1,7,OUT,SALE,10,2025-03-24,0,,0
1907,1,7,OUT,SALE,10,2025-03-25,0,,0
1908,1,7,OUT,SALE,12,2025-03-26,0,,0
1909,1,7,OUT,SALE,13,2025-03-27,0,,0
1910,1,7,OUT,SALE,12,2025-03-28,0,,0
1911,1,7,OUT,SALE,12,2025-03-29,0,,0
1912,1,7,OUT,SALE,11,2025-03-30,0,,0
1913,1,7,OUT,DAMAGE,25,2025-03-31,1,REPEATED_LOSS,0
1914,1,7,OUT,SALE,13,2025-04-01,0,,0
1915,1,7,OUT,SALE,12,2025-04-02,0,,0
1916,1,7,OUT,SALE,14,2025-04-03,0,,0
1917,1,7,OUT,SALE,13,2025-04-04,0,,0
1918,1,7,OUT,SALE,11,2025-04-05,0,,0
1919,1,7,OUT,SALE,15,2025-04-06,0,,0
1920,1,7,OUT,SALE,10,2025-04-07,0,,0
1921,1,7,OUT,SALE,11,2025-04-08,0,,0
1922,1,7,OUT,SALE,12,2025-04-09,0,,0
1923,1,7,OUT,SALE,15,2025-04-10,0,,0
1924,1,7,OUT,SALE,16,2025-04-11,0,,0
1925,1,7,OUT,DAMAGE,35,2025-04-12,1,REPEATED_LOSS,1
1926,1,7,OUT,SALE,13,2025-04-13,0,,0
1927,1,7,OUT,SALE,13,2025-04-14,0,,0
1928,1,7,OUT,SALE,13,2025-04-15,0,,0
1929,1,7,OUT,SALE,11,2025-04-16,0,,0
1930,1,7,OUT,SALE,14,2025-04-17,0,,0
1931,1,7,OUT,SALE,12,2025-04-18,0,,0
1932,1,7,OUT,SALE,14,2025-04-19,0,,0
1933,1,7,OUT,SALE,15,2025-04-20,0,,0
1934,1,7,OUT,SALE,12,2025-04-21,0,,0
1935,1,7,OUT,SALE,13,2025-04-22,0,,0
1936,1,7,OUT,SALE,11,2025-04-23,0,,0
1937,1,7,OUT,SALE,11,2025-04-24,0,,0
1938,1,7,OUT,SALE,10,2025-04-25,0,,0
1939,1,7,OUT,SALE,14,2025-04-26,0,,0
1940,1,7,OUT,SALE,15,2025-04-27,0,,0
1941,1,7,OUT,SALE,12,2025-04-28,0,,0
1942,1,7,OUT,SALE,14,2025-04-29,0,,0
1943,1,7,OUT,SALE,12,2025-04-30,0,,0
1944,1,7,OUT,SALE,14,2025-05-01,0,,0
1945,1,7,OUT,SALE,11,2025-05-02,0,,0
1946,1,7,OUT,SALE,14,2025-05-03,0,,0
1947,1,7,OUT,DAMAGE,111,2025-05-04,1,THEFT_SPIKE,1
1948,1,7,OUT,SALE,14,2025-05-05,0,,0
1949,1,7,OUT,SALE,12,2025-05-06,0,,0
1950,1,7,OUT,SALE,13,2025-05-07,0,,0
1951,1,7,OUT,SALE,11,2025-05-08,0,,0
1952,1,7,OUT,SALE,12,2025-05-09,0,,0
1953,1,7,OUT,SALE,16,2025-05-10,0,,0
1954,1,7,OUT,SALE,16,2025-05-11,0,,0
1955,1,7,OUT,SALE,14,2025-05-12,0,,0
1956,1,7,OUT,SALE,13,2025-05-13,0,,0
1957,1,7,OUT,SALE,13,2025-05-14,0,,0
1958,1,7,OUT,SALE,12,2025-05-15,0,,0
1959,1,7,OUT,SALE,14,2025-05-16,0,,0
1960,1,7,OUT,SALE,16,2025-05-17,0,,0
1961,1,7,OUT,SALE,16,2025-05-18,0,,0
1962,1,7,OUT,SALE,12,2025-05-19,0,,0
1963,1,7,OUT,SALE,10,2025-05-20,0,,0
1964,1,7,OUT,SALE,15,2025-05-21,0,,0
1965,1,7,OUT,SALE,12,2025-05-22,0,,0
1966,1,7,OUT,SALE,12,2025-05-23,0,,0
1967,1,7,OUT,SALE,16,2025-05-24,0,,0
1968,1,7,OUT,SALE,14,2025-05-25,0,,0
1969,1,7,OUT,SALE,15,2025-05-26,0,,0
1970,1,7,OUT,SALE,14,2025-05-27,0,,0
1971,1,7,OUT,SALE,14,2025-05-28,0,,0
1972,1,7,OUT,SALE,11,2025-05-29,0,,0
1973,1,7,OUT,SALE,15,2025-05-30,0,,0
1974,1,7,OUT,SALE,15,2025-05-31,0,,0
1975,1,7,OUT,SALE,15,2025-06-01,0,,0
1976,1,7,OUT,SALE,14,2025-06-02,0,,0
1977,1,7,OUT,SALE,11,2025-06-03,0,,0
1978,1,7,OUT,SALE,14,2025-06-04,0,,0
1979,1,7,OUT,SALE,12,2025-06-05,0,,0
1980,1,7,OUT,SALE,12,2025-06-06,0,,0
1981,1,7,OUT,SALE,13,2025-06-07,0,,0
1982,1,7,OUT,SALE,18,2025-06-08,0,,0
1983,1,7,OUT,SALE,13,2025-06-09,0,,0
1984,1,7,OUT,SALE,16,2025-06-10,0,,0
1985,1,7,OUT,SALE,13,2025-06-11,0,,0
1986,1,7,OUT,SALE,11,2025-06-12,0,,0
1987,1,7,OUT,SALE,12,2025-06-13,0,,0
1988,1,7,OUT,SALE,18,2025-06-14,0,,0
1989,1,7,OUT,SALE,16,2025-06-15,0,,0
1990,1,7,OUT,SALE,13,2025-06-16,0,,0
1991,1,7,OUT,SALE,14,2025-06-17,0,,0
1992,1,7,OUT,SALE,15,2025-06-18,0,,0
1993,1,7,OUT,SALE,16,2025-06-19,0,,0
1994,1,7,OUT,SALE,16,2025-06-20,0,,0
1995,1,7,OUT,SALE,15,2025-06-21,0,,0
1996,1,7,OUT,SALE,13,2025-06-22,0,,0
1997,1,7,OUT,SALE,13,2025-06-23,0,,0
1998,1,7,OUT,SALE,14,2025-06-24,0,,0
1999,1,7,OUT,SALE,12,2025-06-25,0,,0
2000,1,7,OUT,SALE,12,2025-06-26,0,,0
2001,1,7,OUT,SALE,14,2025-06-27,0,,0
2002,1,7,OUT,SALE,16,2025-06-28,0,,0
2003,1,7,OUT,SALE,16,2025-06-29,0,,0
2004,1,7,OUT,SALE,13,2025-06-30,0,,0
2005,1,7,OUT,SALE,14,2025-07-01,0,,0
2006,1,7,OUT,SALE,13,2025-07-02,0,,0
2007,1,7,OUT,SALE,16,2025-07-03,0,,0
2008,1,7,OUT,SALE,0,2025-07-04,1,DATA_ERROR,0
2009,1,7,OUT,SALE,13,2025-07-05,0,,0
2010,1,7,OUT,SALE,14,2025-07-06,0,,0
2011,1,7,OUT,SALE,12,2025-07-07,0,,0
2012,1,7,OUT,SALE,13,2025-07-08,0,,0
2013,1,7,OUT,SALE,14,2025-07-09,0,,0
2014,1,7,OUT,SALE,12,2025-07-10,0,,0
2015,1,7,OUT,SALE,13,2025-07-11,0,,0
2016,1,7,OUT,SALE,14,2025-07-12,0,,0
2017,1,7,OUT,SALE,17,2025-07-13,0,,0
2018,1,7,OUT,SALE,14,2025-07-14,0,,0
2019,1,7,OUT,SALE,13,2025-07-15,0,,0
2020,1,7,OUT,SALE,14,2025-07-16,0,,0
2021,1,7,OUT,SALE,13,2025-07-17,0,,0
2022,1,7,OUT,SALE,14,2025-07-18,0,,0
2023,1,7,OUT,SALE,20,2025-07-19,0,,0
2024,1,7,OUT,SALE,41,2025-07-20,0,,1
2025,1,7,OUT,SALE,26,2025-07-21,0,,0
2026,1,7,OUT,SALE,34,2025-07-22,0,,1
2027,1,7,OUT,SALE,34,2025-07-23,0,,1
2028,1,7,OUT,SALE,27,2025-07-24,0,,0
2029,1,7,OUT,SALE,34,2025-07-25,0,,1
2030,1,7,OUT,SALE,19,2025-07-26,0,,0
2031,1,7,OUT,SALE,14,2025-07-27,0,,0
2032,1,7,OUT,SALE,13,2025-07-28,0,,0
2033,1,7,OUT,SALE,16,2025-07-29,0,,0
2034,1,7,OUT,SALE,15,2025-07-30,0,,0
2035,1,7,OUT,SALE,15,2025-07-31,0,,0
2036,1,7,OUT,SALE,14,2025-08-01,0,,0
2037,1,7,OUT,SALE,17,2025-08-02,0,,0
2038,1,7,OUT,SALE,13,2025-08-03,0,,0
2039,1,7,OUT,SALE,16,2025-08-04,0,,0
2040,1,7,OUT,SALE,16,2025-08-05,0,,0
2041,1,7,OUT,SALE,13,2025-08-06,0,,0
2042,1,7,OUT,SALE,14,2025-08-07,0,,0
2043,1,7,OUT,SALE,11,2025-08-08,0,,0
2044,1,7,OUT,SALE,17,2025-08-09,0,,0
2045,1,7,OUT,SALE,17,2025-08-10,0,,0
2046,1,7,OUT,SALE,14,2025-08-11,0,,0
2047,1,7,OUT,SALE,16,2025-08-12,0,,0
2048,1,7,OUT,SALE,13,2025-08-13,0,,0
2049,1,7,OUT,SALE,15,2025-08-14,0,,0
2050,1,7,OUT,SALE,12,2025-08-15,0,,0
2051,1,7,OUT,SALE,16,2025-08-16,0,,0
2052,1,7,OUT,SALE,16,2025-08-17,0,,0
2053,1,7,OUT,SALE,14,2025-08-18,0,,0
2054,1,7,OUT,SALE,13,2025-08-19,0,,0
2055,1,7,OUT,SALE,14,2025-08-20,0,,0
2056,1,7,OUT,SALE,15,2025-08-21,0,,0
2057,1,7,OUT,SALE,13,2025-08-22,0,,0
2058,1,7,OUT,SALE,13,2025-08-23,0,,0
2059,1,7,OUT,SALE,19,2025-08-24,0,,0
2060,1,7,OUT,SALE,16,2025-08-25,0,,0
2061,1,7,OUT,SALE,12,2025-08-26,0,,0
2062,1,7,OUT,SALE,15,2025-08-27,0,,0
2063,1,7,OUT,SALE,13,2025-08-28,0,,0
2064,1,7,OUT,SALE,14,2025-08-29,0,,0
2065,1,7,OUT,SALE,16,2025-08-30,0,,0
2066,1,7,OUT,SALE,15,2025-08-31,0,,0
2067,1,7,OUT,SALE,12,2025-09-01,0,,0
2068,1,7,OUT,SALE,12,2025-09-02,0,,0
2069,1,7,OUT,SALE,12,2025-09-03,0,,0
2070,1,7,OUT,SALE,12,2025-09-04,0,,0
2071,1,7,OUT,SALE,13,2025-09-05,0,,0
2072,1,7,OUT,SALE,14,2025-09-06,0,,0
2073,1,7,OUT,SALE,16,2025-09-07,0,,0
2074,1,7,OUT,SALE,15,2025-09-08,0,,0
2075,1,7,OUT,SALE,12,2025-09-09,0,,0
2076,1,7,OUT,SALE,13,2025-09-10,0,,0
2077,1,7,OUT,SALE,14,2025-09-11,0,,0
2078,1,7,OUT,SALE,14,2025-09-12,0,,0
2079,1,7,OUT,SALE,15,2025-09-13,0,,0
2080,1,7,OUT,SALE,16,2025-09-14,0,,0
2081,1,7,OUT,SALE,14,2025-09-15,0,,0
2082,1,7,OUT,SALE,11,2025-09-16,0,,0
2083,1,7,OUT,SALE,14,2025-09-17,0,,0
2084,1,7,OUT,SALE,14,2025-09-18,0,,0
2085,1,7,OUT,SALE,12,2025-09-19,0,,0
2086,1,7,OUT,SALE,15,2025-09-20,0,,0
2087,1,7,OUT,SALE,16,2025-09-21,0,,0
2088,1,7,OUT,SALE,13,2025-09-22,0,,0
2089,1,7,OUT,SALE,15,2025-09-23,0,,0
2090,1,7,OUT,SALE,17,2025-09-24,0,,0
2091,1,7,OUT,SALE,12,2025-09-25,0,,0
2092,1,7,OUT,SALE,11,2025-09-26,0,,0
2093,1,7,OUT,SALE,15,2025-09-27,0,,0
2094,1,7,OUT,SALE,16,2025-09-28,0,,0
2095,1,7,OUT,SALE,13,2025-09-29,0,,0
2096,1,7,OUT,SALE,29,2025-09-30,0,,0
2097,1,7,OUT,SALE,19,2025-10-01,0,,0
2098,1,7,OUT,SALE,24,2025-10-02,0,,0
2099,1,7,OUT,SALE,21,2025-10-03,0,,0
2100,1,7,OUT,SALE,16,2025-10-04,0,,0
2101,1,7,OUT,SALE,17,2025-10-05,0,,0
2102,1,7,OUT,SALE,11,2025-10-06,0,,0
2103,1,7,OUT,SALE,11,2025-10-07,0,,0
2104,1,7,OUT,SALE,13,2025-10-08,0,,0
2105,1,7,OUT,SALE,11,2025-10-09,0,,0
2106,1,7,OUT,SALE,12,2025-10-10,0,,0
2107,1,7,OUT,SALE,14,2025-10-11,0,,0
2108,1,7,OUT,SALE,10,2025-10-12,0,,0
2109,1,7,OUT,SALE,12,2025-10-13,0,,0
2110,1,7,OUT,SALE,11,2025-10-14,0,,0
2111,1,7,OUT,SALE,11,2025-10-15,0,,0
2112,1,7,OUT,SALE,14,2025-10-16,0,,0
2113,1,7,OUT,SALE,10,2025-10-17,0,,0
2114,1,7,OUT,SALE,15,2025-10-18,0,,0
2115,1,7,OUT,SALE,13,2025-10-19,0,,0
2116,1,7,OUT,SALE,11,2025-10-20,0,,0
2117,1,7,OUT,SALE,13,2025-10-21,0,,0
2118,1,7,OUT,SALE,12,2025-10-22,0,,0
2119,1,7,OUT,SALE,13,2025-10-23,0,,0
2120,1,7,OUT,SALE,13,2025-10-24,0,,0
2121,1,7,OUT,SALE,13,2025-10-25,0,,0
2122,1,7,OUT,SALE,13,2025-10-26,0,,0
2123,1,7,OUT,SALE,10,2025-10-27,0,,0
2124,1,7,OUT,SALE,11,2025-10-28,0,,0
2125,1,7,OUT,SALE,16,2025-10-29,0,,0
2126,1,7,OUT,SALE,14,2025-10-30,0,,0
2127,1,7,OUT,SALE,10,2025-10-31,0,,0
2128,1,7,OUT,SALE,10,2025-11-01,0,,0
2129,1,7,OUT,SALE,13,2025-11-02,0,,0
2130,1,7,OUT,SALE,11,2025-11-03,0,,0
2131,1,7,OUT,SALE,11,2025-11-04,0,,0
2132,1,7,OUT,SALE,10,2025-11-05,0,,0
2133,1,7,OUT,SALE,10,2025-11-06,0,,0
2134,1,7,OUT,SALE,11,2025-11-07,0,,0
2135,1,7,OUT,SALE,12,2025-11-08,0,,0
2136,1,7,OUT,SALE,9,2025-11-09,0,,0
2137,1,7,OUT,SALE,10,2025-11-10,0,,0
2138,1,7,OUT,SALE,10,2025-11-11,0,,0
2139,1,7,OUT,SALE,11,2025-11-12,0,,0
2140,1,7,OUT,SALE,14,2025-11-13,0,,0
2141,1,7,OUT,SALE,11,2025-11-14,0,,0
2142,1,7,OUT,SALE,12,2025-11-15,0,,0
2143,1,7,OUT,SALE,14,2025-11-16,0,,0
2144,1,7,OUT,SALE,11,2025-11-17,0,,0
2145,1,7,OUT,SALE,11,2025-11-18,0,,0
2146,1,7,OUT,SALE,11,2025-11-19,0,,0
2147,1,7,OUT,SALE,13,2025-11-20,0,,0
2148,1,7,OUT,SALE,9,2025-11-21,0,,0
2149,1,7,OUT,SALE,13,2025-11-22,0,,0
2150,1,7,OUT,SALE,11,2025-11-23,0,,0
2151,1,7,OUT,SALE,11,2025-11-24,0,,0
2152,1,7,OUT,SALE,9,2025-11-25,0,,0
2153,1,7,OUT,SALE,10,2025-11-26,0,,0
2154,1,7,OUT,SALE,10,2025-11-27,0,,0
2155,1,7,OUT,SALE,30,2025-11-28,0,,0
2156,1,7,OUT,SALE,34,2025-11-29,0,,1
2157,1,7,OUT,SALE,26,2025-11-30,0,,0
2158,1,7,OUT,SALE,10,2025-12-01,0,,0
2159,1,7,OUT,SALE,9,2025-12-02,0,,0
2160,1,7,OUT,SALE,8,2025-12-03,0,,0
2161,1,7,OUT,SALE,9,2025-12-04,0,,0
2162,1,7,OUT,SALE,9,2025-12-05,0,,0
2163,1,7,OUT,SALE,14,2025-12-06,0,,0
2164,1,7,OUT,SALE,12,2025-12-07,0,,0
2165,1,7,OUT,SALE,8,2025-12-08,0,,0
2166,1,7,OUT,SALE,9,2025-12-09,0,,0
2167,1,7,OUT,SALE,11,2025-12-10,0,,0
2168,1,7,OUT,SALE,12,2025-12-11,0,,0
2169,1,7,OUT,SALE,8,2025-12-12,0,,0
2170,1,7,OUT,SALE,9,2025-12-13,0,,0
2171,1,7,OUT,SALE,14,2025-12-14,0,,0
2172,1,7,OUT,SALE,10,2025-12-15,0,,0
2173,1,7,OUT,SALE,9,2025-12-16,0,,0
2174,1,7,OUT,SALE,10,2025-12-17,0,,0
2175,1,7,OUT,SALE,7,2025-12-18,0,,0
2176,1,7,OUT,SALE,10,2025-12-19,0,,0
2177,1,7,OUT,SALE,12,2025-12-20,0,,0
2178,1,7,OUT,SALE,12,2025-12-21,0,,0
2179,1,7,OUT,SALE,9,2025-12-22,0,,0
2180,1,7,OUT,SALE,10,2025-12-23,0,,0
2181,1,7,OUT,SALE,15,2025-12-24,0,,0
2182,1,7,OUT,SALE,17,2025-12-25,0,,0
2183,1,7,OUT,SALE,15,2025-12-26,0,,0
2184,1,7,OUT,SALE,11,2025-12-27,0,,0
2185,1,7,OUT,SALE,10,2025-12-28,0,,0
2186,1,7,OUT,SALE,10,2025-12-29,0,,0
2187,1,7,OUT,SALE,11,2025-12-30,0,,0
2188,1,7,OUT,SALE,9,2025-12-31,0,,0
2189,1,8,OUT,SALE,0,2025-01-01,1,DATA_ERROR,0
2190,1,8,OUT,SALE,17,2025-01-02,0,,0
2191,1,8,OUT,SALE,20,2025-01-03,0,,0
2192,1,8,OUT,SALE,24,2025-01-04,0,,0
2193,1,8,OUT,SALE,31,2025-01-05,0,,0
2194,1,8,OUT,SALE,18,2025-01-06,0,,0
2195,1,8,OUT,SALE,24,2025-01-07,0,,0
2196,1,8,OUT,SALE,23,2025-01-08,0,,0
2197,1,8,OUT,SALE,21,2025-01-09,0,,0
2198,1,8,OUT,SALE,25,2025-01-10,0,,0
2199,1,8,OUT,SALE,25,2025-01-11,0,,0
2200,1,8,OUT,SALE,25,2025-01-12,0,,0
2201,1,8,OUT,SALE,20,2025-01-13,0,,0
2202,1,8,OUT,SALE,24,2025-01-14,0,,0
2203,1,8,OUT,SALE,23,2025-01-15,0,,0
2204,1,8,OUT,SALE,19,2025-01-16,0,,0
2205,1,8,OUT,SALE,17,2025-01-17,0,,0
2206,1,8,OUT,SALE,23,2025-01-18,0,,0
2207,1,8,OUT,SALE,21,2025-01-19,0,,0
2208,1,8,OUT,SALE,20,2025-01-20,0,,0
2209,1,8,OUT,SALE,24,2025-01-21,0,,0
2210,1,8,OUT,SALE,19,2025-01-22,0,,0
2211,1,8,OUT,SALE,20,2025-01-23,0,,0
2212,1,8,OUT,SALE,21,2025-01-24,0,,0
2213,1,8,OUT,SALE,47,2025-01-25,0,,0
2214,1,8,OUT,SALE,31,2025-01-26,0,,0
2215,1,8,OUT,SALE,34,2025-01-27,0,,0
2216,1,8,OUT,SALE,38,2025-01-28,0,,0
2217,1,8,OUT,SALE,24,2025-01-29,0,,0
2218,1,8,OUT,SALE,19,2025-01-30,0,,0
2219,1,8,OUT,SALE,16,2025-01-31,0,,0
2220,1,8,OUT,SALE,26,2025-02-01,0,,0
2221,1,8,OUT,SALE,23,2025-02-02,0,,0
2222,1,8,OUT,SALE,18,2025-02-03,0,,0
2223,1,8,OUT,SALE,20,2025-02-04,0,,0
2224,1,8,OUT,SALE,21,2025-02-05,0,,0
2225,1,8,OUT,SALE,20,2025-02-06,0,,0
2226,1,8,OUT,SALE,16,2025-02-07,0,,0
2227,1,8,OUT,SALE,27,2025-02-08,0,,0
2228,1,8,OUT,SALE,28,2025-02-09,0,,0
2229,1,8,OUT,SALE,23,2025-02-10,0,,0
2230,1,8,OUT,SALE,18,2025-02-11,0,,0
2231,1,8,OUT,SALE,21,2025-02-12,0,,0
2232,1,8,OUT,SALE,21,2025-02-13,0,,0
2233,1,8,OUT,SALE,23,2025-02-14,0,,0
2234,1,8,OUT,SALE,26,2025-02-15,0,,0
2235,1,8,OUT,SALE,22,2025-02-16,0,,0
2236,1,8,OUT,SALE,21,2025-02-17,0,,0
2237,1,8,OUT,SALE,22,2025-02-18,0,,0
2238,1,8,OUT,SALE,25,2025-02-19,0,,0
2239,1,8,OUT,SALE,23,2025-02-20,0,,0
2240,1,8,OUT,SALE,23,2025-02-21,0,,0
2241,1,8,OUT,SALE,25,2025-02-22,0,,0
2242,1,8,OUT,SALE,29,2025-02-23,0,,0
2243,1,8,OUT,SALE,22,2025-02-24,0,,0
2244,1,8,OUT,SALE,19,2025-02-25,0,,0
2245,1,8,OUT,SALE,25,2025-02-26,0,,0
2246,1,8,OUT,SALE,23,2025-02-27,0,,0
2247,1,8,OUT,SALE,20,2025-02-28,0,,0
2248,1,8,OUT,SALE,25,2025-03-01,0,,0
2249,1,8,OUT,SALE,28,2025-03-02,0,,0
2250,1,8,OUT,SALE,24,2025-03-03,0,,0
2251,1,8,OUT,SALE,24,2025-03-04,0,,0
2252,1,8,OUT,SALE,24,2025-03-05,0,,0
2253,1,8,OUT,SALE,28,2025-03-06,0,,0
2254,1,8,OUT,SALE,26,2025-03-07,0,,0
2255,1,8,OUT,SALE,27,2025-03-08,0,,0
2256,1,8,OUT,SALE,30,2025-03-09,0,,0
2257,1,8,OUT,SALE,20,2025-03-10,0,,0
2258,1,8,OUT,SALE,24,2025-03-11,0,,0
2259,1,8,OUT,SALE,28,2025-03-12,0,,0
2260,1,8,OUT,SALE,23,2025-03-13,0,,0
2261,1,8,OUT,SALE,21,2025-03-14,0,,0
2262,1,8,OUT,SALE,25,2025-03-15,0,,0
2263,1,8,OUT,SALE,23,2025-03-16,0,,0
2264,1,8,OUT,SALE,21,2025-03-17,0,,0
2265,1,8,OUT,SALE,22,2025-03-18,0,,0
2266,1,8,OUT,SALE,19,2025-03-19,0,,0
2267,1,8,OUT,SALE,23,2025-03-20,0,,0
2268,1,8,OUT,SALE,26,2025-03-21,0,,0
2269,1,8,OUT,SALE,24,2025-03-22,0,,0
2270,1,8,OUT,SALE,31,2025-03-23,0,,0
2271,1,8,OUT,SALE,25,2025-03-24,0,,0
2272,1,8,OUT,SALE,26,2025-03-25,0,,0
2273,1,8,OUT,SALE,21,2025-03-26,0,,0
2274,1,8,OUT,SALE,26,2025-03-27,0,,0
2275,1,8,OUT,SALE,20,2025-03-28,0,,0
2276,1,8,OUT,SALE,29,2025-03-29,0,,0
2277,1,8,OUT,SALE,27,2025-03-30,0,,0
2278,1,8,OUT,SALE,25,2025-03-31,0,,0
2279,1,8,OUT,SALE,22,2025-04-01,0,,0
2280,1,8,OUT,SALE,23,2025-04-02,0,,0
2281,1,8,OUT,SALE,28,2025-04-03,0,,0
2282,1,8,OUT,SALE,23,2025-04-04,0,,0
2283,1,8,OUT,DAMAGE,84,2025-04-05,1,REPEATED_LOSS,1
2284,1,8,OUT,SALE,25,2025-04-06,0,,0
2285,1,8,OUT,SALE,28,2025-04-07,0,,0
2286,1,8,OUT,SALE,22,2025-04-08,0,,0
2287,1,8,OUT,SALE,27,2025-04-09,0,,0
2288,1,8,OUT,SALE,28,2025-04-10,0,,0
2289,1,8,OUT,SALE,24,2025-04-11,0,,0
2290,1,8,OUT,SALE,32,2025-04-12,0,,0
2291,1,8,OUT,SALE,31,2025-04-13,0,,0
2292,1,8,OUT,SALE,24,2025-04-14,0,,0
2293,1,8,OUT,SALE,23,2025-04-15,0,,0
2294,1,8,OUT,SALE,20,2025-04-16,0,,0
2295,1,8,OUT,SALE,27,2025-04-17,0,,0
2296,1,8,OUT,SALE,21,2025-04-18,0,,0
2297,1,8,OUT,DAMAGE,234,2025-04-19,1,THEFT_SPIKE,1
2298,1,8,OUT,SALE,29,2025-04-20,0,,0
2299,1,8,OUT,SALE,28,2025-04-21,0,,0
2300,1,8,OUT,SALE,25,2025-04-22,0,,0
2301,1,8,OUT,SALE,25,2025-04-23,0,,0
2302,1,8,OUT,SALE,28,2025-04-24,0,,0
2303,1,8,OUT,SALE,27,2025-04-25,0,,0
2304,1,8,OUT,SALE,31,2025-04-26,0,,0
2305,1,8,OUT,SALE,31,2025-04-27,0,,0
2306,1,8,OUT,SALE,0,2025-04-28,1,DATA_ERROR,0
2307,1,8,OUT,SALE,28,2025-04-29,0,,0
2308,1,8,OUT,SALE,28,2025-04-30,0,,0
2309,1,8,OUT,SALE,25,2025-05-01,0,,0
2310,1,8,OUT,SALE,27,2025-05-02,0,,0
2311,1,8,OUT,SALE,32,2025-05-03,0,,0
2312,1,8,OUT,SALE,32,2025-05-04,0,,0
2313,1,8,OUT,SALE,29,2025-05-05,0,,0
2314,1,8,OUT,SALE,33,2025-05-06,0,,0
2315,1,8,OUT,SALE,32,2025-05-07,0,,0
2316,1,8,OUT,SALE,24,2025-05-08,0,,0
2317,1,8,OUT,SALE,30,2025-05-09,0,,0
2318,1,8,OUT,SALE,38,2025-05-10,0,,0
2319,1,8,OUT,SALE,34,2025-05-11,0,,0
2320,1,8,OUT,SALE,32,2025-05-12,0,,0
2321,1,8,OUT,SALE,35,2025-05-13,0,,0
2322,1,8,OUT,SALE,32,2025-05-14,0,,0
2323,1,8,OUT,DAMAGE,62,2025-05-15,1,REPEATED_LOSS,0
2324,1,8,OUT,SALE,32,2025-05-16,0,,0
2325,1,8,OUT,SALE,33,2025-05-17,0,,0
2326,1,8,OUT,SALE,33,2025-05-18,0,,0
2327,1,8,OUT,SALE,27,2025-05-19,0,,0
2328,1,8,OUT,SALE,34,2025-05-20,0,,0
2329,1,8,OUT,SALE,26,2025-05-21,0,,0
2330,1,8,OUT,SALE,33,2025-05-22,0,,0
2331,1,8,OUT,SALE,30,2025-05-23,0,,0
2332,1,8,OUT,SALE,27,2025-05-24,0,,0
2333,1,8,OUT,SALE,34,2025-05-25,0,,0
2334,1,8,OUT,SALE,21,2025-05-26,0,,0
2335,1,8,OUT,SALE,30,2025-05-27,0,,0
2336,1,8,OUT,SALE,31,2025-05-28,0,,0
2337,1,8,OUT,SALE,26,2025-05-29,0,,0
2338,1,8,OUT,SALE,29,2025-05-30,0,,0
2339,1,8,OUT,SALE,40,2025-05-31,0,,0
2340,1,8,OUT,SALE,33,2025-06-01,0,,0
2341,1,8,OUT,SALE,26,2025-06-02,0,,0
2342,1,8,OUT,SALE,36,2025-06-03,0,,0
2343,1,8,OUT,SALE,37,2025-06-04,0,,0
2344,1,8,OUT,SALE,30,2025-06-05,0,,0
2345,1,8,OUT,SALE,34,2025-06-06,0,,0
2346,1,8,OUT,SALE,40,2025-06-07,0,,0
2347,1,8,OUT,SALE,32,2025-06-08,0,,0
2348,1,8,OUT,SALE,28,2025-06-09,0,,0
2349,1,8,OUT,SALE,0,2025-06-10,1,DATA_ERROR,0
2350,1,8,OUT,SALE,36,2025-06-11,0,,0
2351,1,8,OUT,SALE,32,2025-06-12,0,,0
2352,1,8,OUT,SALE,27,2025-06-13,0,,0
2353,1,8,OUT,SALE,43,2025-06-14,0,,0
2354,1,8,OUT,SALE,32,2025-06-15,0,,0
2355,1,8,OUT,SALE,29,2025-06-16,0,,0
2356,1,8,OUT,SALE,31,2025-06-17,0,,0
2357,1,8,OUT,SALE,36,2025-06-18,0,,0
2358,1,8,OUT,SALE,33,2025-06-19,0,,0
2359,1,8,OUT,SALE,32,2025-06-20,0,,0
2360,1,8,OUT,SALE,37,2025-06-21,0,,0
2361,1,8,OUT,SALE,35,2025-06-22,0,,0
2362,1,8,OUT,SALE,32,2025-06-23,0,,0
2363,1,8,OUT,SALE,21,2025-06-24,0,,0
2364,1,8,OUT,SALE,29,2025-06-25,0,,0
2365,1,8,OUT,SALE,31,2025-06-26,0,,0
2366,1,8,OUT,SALE,26,2025-06-27,0,,0
2367,1,8,OUT,SALE,36,2025-06-28,0,,0
2368,1,8,OUT,SALE,34,2025-06-29,0,,0
2369,1,8,OUT,SALE,37,2025-06-30,0,,0
2370,1,8,OUT,SALE,37,2025-07-01,0,,0
2371,1,8,OUT,SALE,29,2025-07-02,0,,0
2372,1,8,OUT,SALE,30,2025-07-03,0,,0
2373,1,8,OUT,SALE,31,2025-07-04,0,,0
2374,1,8,OUT,SALE,34,2025-07-05,0,,0
2375,1,8,OUT,SALE,36,2025-07-06,0,,0
2376,1,8,OUT,SALE,28,2025-07-07,0,,0
2377,1,8,OUT,SALE,27,2025-07-08,0,,0
2378,1,8,OUT,SALE,33,2025-07-09,0,,0
2379,1,8,OUT,SALE,33,2025-07-10,0,,0
2380,1,8,OUT,SALE,28,2025-07-11,0,,0
2381,1,8,OUT,SALE,39,2025-07-12,0,,0
2382,1,8,OUT,SALE,33,2025-07-13,0,,0
2383,1,8,OUT,SALE,32,2025-07-14,0,,0
2384,1,8,OUT,SALE,34,2025-07-15,0,,0
2385,1,8,OUT,SALE,31,2025-07-16,0,,0
2386,1,8,OUT,SALE,33,2025-07-17,0,,0
2387,1,8,OUT,SALE,29,2025-07-18,0,,0
2388,1,8,OUT,SALE,35,2025-07-19,0,,0
2389,1,8,OUT,SALE,76,2025-07-20,0,,0
2390,1,8,OUT,SALE,62,2025-07-21,0,,0
2391,1,8,OUT,SALE,66,2025-07-22,0,,0
2392,1,8,OUT,SALE,55,2025-07-23,0,,0
2393,1,8,OUT,SALE,64,2025-07-24,0,,0
2394,1,8,OUT,SALE,66,2025-07-25,0,,0
2395,1,8,OUT,SALE,34,2025-07-26,0,,0
2396,1,8,OUT,SALE,34,2025-07-27,0,,0
2397,1,8,OUT,SALE,31,2025-07-28,0,,0
2398,1,8,OUT,SALE,33,2025-07-29,0,,0
2399,1,8,OUT,SALE,34,2025-07-30,0,,0
2400,1,8,OUT,SALE,28,2025-07-31,0,,0
2401,1,8,OUT,SALE,26,2025-08-01,0,,0
2402,1,8,OUT,SALE,30,2025-08-02,0,,0
2403,1,8,OUT,SALE,33,2025-08-03,0,,0
2404,1,8,OUT,SALE,29,2025-08-04,0,,0
2405,1,8,OUT,SALE,27,2025-08-05,0,,0
2406,1,8,OUT,SALE,25,2025-08-06,0,,0
2407,1,8,OUT,SALE,29,2025-08-07,0,,0
2408,1,8,OUT,SALE,31,2025-08-08,0,,0
2409,1,8,OUT,SALE,37,2025-08-09,0,,0
2410,1,8,OUT,SALE,32,2025-08-10,0,,0
2411,1,8,OUT,SALE,29,2025-08-11,0,,0
2412,1,8,OUT,SALE,27,2025-08-12,0,,0
2413,1,8,OUT,SALE,30,2025-08-13,0,,0
2414,1,8,OUT,SALE,27,2025-08-14,0,,0
2415,1,8,OUT,SALE,32,2025-08-15,0,,0
2416,1,8,OUT,SALE,27,2025-08-16,0,,0
2417,1,8,OUT,SALE,33,2025-08-17,0,,0
2418,1,8,OUT,SALE,31,2025-08-18,0,,0
2419,1,8,OUT,SALE,31,2025-08-19,0,,0
2420,1,8,OUT,SALE,40,2025-08-20,0,,0
2421,1,8,OUT,SALE,31,2025-08-21,0,,0
2422,1,8,OUT,SALE,27,2025-08-22,0,,0
2423,1,8,OUT,SALE,34,2025-08-23,0,,0
2424,1,8,OUT,SALE,27,2025-08-24,0,,0
2425,1,8,OUT,SALE,30,2025-08-25,0,,0
2426,1,8,OUT,SALE,27,2025-08-26,0,,0
2427,1,8,OUT,SALE,33,2025-08-27,0,,0
2428,1,8,OUT,SALE,28,2025-08-28,0,,0
2429,1,8,OUT,SALE,30,2025-08-29,0,,0
2430,1,8,OUT,SALE,32,2025-08-30,0,,0
2431,1,8,OUT,SALE,42,2025-08-31,0,,0
2432,1,8,OUT,SALE,27,2025-09-01,0,,0
2433,1,8,OUT,SALE,35,2025-09-02,0,,0
2434,1,8,OUT,SALE,31,2025-09-03,0,,0
2435,1,8,OUT,SALE,30,2025-09-04,0,,0
2436,1,8,OUT,SALE,30,2025-09-05,0,,0
2437,1,8,OUT,SALE,34,2025-09-06,0,,0
2438,1,8,OUT,SALE,25,2025-09-07,0,,0
2439,1,8,OUT,SALE,27,2025-09-08,0,,0
2440,1,8,OUT,SALE,31,2025-09-09,0,,0
2441,1,8,OUT,SALE,28,2025-09-10,0,,0
2442,1,8,OUT,SALE,24,2025-09-11,0,,0
2443,1,8,OUT,SALE,28,2025-09-12,0,,0
2444,1,8,OUT,SALE,39,2025-09-13,0,,0
2445,1,8,OUT,SALE,37,2025-09-14,0,,0
2446,1,8,OUT,SALE,28,2025-09-15,0,,0
2447,1,8,OUT,SALE,32,2025-09-16,0,,0
2448,1,8,OUT,SALE,27,2025-09-17,0,,0
2449,1,8,OUT,SALE,23,2025-09-18,0,,0
2450,1,8,OUT,SALE,25,2025-09-19,0,,0
2451,1,8,OUT,SALE,39,2025-09-20,0,,0
2452,1,8,OUT,SALE,31,2025-09-21,0,,0
2453,1,8,OUT,SALE,27,2025-09-22,0,,0
2454,1,8,OUT,SALE,27,2025-09-23,0,,0
2455,1,8,OUT,SALE,35,2025-09-24,0,,0
2456,1,8,OUT,SALE,34,2025-09-25,0,,0
2457,1,8,OUT,SALE,36,2025-09-26,0,,0
2458,1,8,OUT,SALE,32,2025-09-27,0,,0
2459,1,8,OUT,SALE,34,2025-09-28,0,,0
2460,1,8,OUT,SALE,23,2025-09-29,0,,0
2461,1,8,OUT,SALE,63,2025-09-30,0,,0
2462,1,8,OUT,SALE,42,2025-10-01,0,,0
2463,1,8,OUT,SALE,50,2025-10-02,0,,0
2464,1,8,OUT,SALE,42,2025-10-03,0,,0
2465,1,8,OUT,SALE,27,2025-10-04,0,,0
2466,1,8,OUT,SALE,27,2025-10-05,0,,0
2467,1,8,OUT,SALE,24,2025-10-06,0,,0
2468,1,8,OUT,SALE,24,2025-10-07,0,,0
2469,1,8,OUT,SALE,24,2025-10-08,0,,0
2470,1,8,OUT,SALE,28,2025-10-09,0,,0
2471,1,8,OUT,SALE,22,2025-10-10,0,,0
2472,1,8,OUT,SALE,30,2025-10-11,0,,0
2473,1,8,OUT,SALE,34,2025-10-12,0,,0
2474,1,8,OUT,SALE,24,2025-10-13,0,,0
2475,1,8,OUT,SALE,24,2025-10-14,0,,0
2476,1,8,OUT,SALE,25,2025-10-15,0,,0
2477,1,8,OUT,SALE,29,2025-10-16,0,,0
2478,1,8,OUT,SALE,26,2025-10-17,0,,0
2479,1,8,OUT,SALE,28,2025-10-18,0,,0
2480,1,8,OUT,SALE,31,2025-10-19,0,,0
2481,1,8,OUT,SALE,22,2025-10-20,0,,0
2482,1,8,OUT,SALE,28,2025-10-21,0,,0
2483,1,8,OUT,SALE,27,2025-10-22,0,,0
2484,1,8,OUT,SALE,25,2025-10-23,0,,0
2485,1,8,OUT,SALE,23,2025-10-24,0,,0
2486,1,8,OUT,SALE,26,2025-10-25,0,,0
2487,1,8,OUT,SALE,31,2025-10-26,0,,0
2488,1,8,OUT,SALE,30,2025-10-27,0,,0
2489,1,8,OUT,SALE,24,2025-10-28,0,,0
2490,1,8,OUT,SALE,27,2025-10-29,0,,0
2491,1,8,OUT,SALE,19,2025-10-30,0,,0
2492,1,8,OUT,SALE,24,2025-10-31,0,,0
2493,1,8,OUT,SALE,27,2025-11-01,0,,0
2494,1,8,OUT,SALE,24,2025-11-02,0,,0
2495,1,8,OUT,SALE,21,2025-11-03,0,,0
2496,1,8,OUT,SALE,21,2025-11-04,0,,0
2497,1,8,OUT,SALE,24,2025-11-05,0,,0
2498,1,8,OUT,SALE,23,2025-11-06,0,,0
2499,1,8,OUT,SALE,17,2025-11-07,0,,0
2500,1,8,OUT,SALE,20,2025-11-08,0,,0
2501,1,8,OUT,SALE,25,2025-11-09,0,,0
2502,1,8,OUT,SALE,24,2025-11-10,0,,0
2503,1,8,OUT,SALE,16,2025-11-11,0,,0
2504,1,8,OUT,SALE,22,2025-11-12,0,,0
2505,1,8,OUT,SALE,22,2025-11-13,0,,0
2506,1,8,OUT,SALE,27,2025-11-14,0,,0
2507,1,8,OUT,SALE,25,2025-11-15,0,,0
2508,1,8,OUT,SALE,28,2025-11-16,0,,0
2509,1,8,OUT,SALE,24,2025-11-17,0,,0
2510,1,8,OUT,SALE,17,2025-11-18,0,,0
2511,1,8,OUT,SALE,25,2025-11-19,0,,0
2512,1,8,OUT,SALE,24,2025-11-20,0,,0
2513,1,8,OUT,SALE,25,2025-11-21,0,,0
2514,1,8,OUT,SALE,39,2025-11-22,0,,0
2515,1,8,OUT,SALE,20,2025-11-23,0,,0
2516,1,8,OUT,SALE,28,2025-11-24,0,,0
2517,1,8,OUT,SALE,22,2025-11-25,0,,0
2518,1,8,OUT,SALE,24,2025-11-26,0,,0
2519,1,8,OUT,SALE,23,2025-11-27,0,,0
2520,1,8,OUT,SALE,55,2025-11-28,0,,0
2521,1,8,OUT,SALE,62,2025-11-29,0,,0
2522,1,8,OUT,SALE,69,2025-11-30,0,,0
2523,1,8,OUT,SALE,17,2025-12-01,0,,0
2524,1,8,OUT,SALE,23,2025-12-02,0,,0
2525,1,8,OUT,SALE,20,2025-12-03,0,,0
2526,1,8,OUT,SALE,18,2025-12-04,0,,0
2527,1,8,OUT,SALE,20,2025-12-05,0,,0
2528,1,8,OUT,SALE,28,2025-12-06,0,,0
2529,1,8,OUT,SALE,23,2025-12-07,0,,0
2530,1,8,OUT,SALE,22,2025-12-08,0,,0
2531,1,8,OUT,SALE,19,2025-12-09,0,,0
2532,1,8,OUT,SALE,23,2025-12-10,0,,0
2533,1,8,OUT,SALE,23,2025-12-11,0,,0
2534,1,8,OUT,SALE,26,2025-12-12,0,,0
2535,1,8,OUT,SALE,24,2025-12-13,0,,0
2536,1,8,OUT,SALE,26,2025-12-14,0,,0
2537,1,8,OUT,SALE,22,2025-12-15,0,,0
2538,1,8,OUT,SALE,25,2025-12-16,0,,0
2539,1,8,OUT,SALE,19,2025-12-17,0,,0
2540,1,8,OUT,SALE,23,2025-12-18,0,,0
2541,1,8,OUT,SALE,21,2025-12-19,0,,0
2542,1,8,OUT,DAMAGE,158,2025-12-20,1,OFF_HOURS_BULK,1
2543,1,8,OUT,SALE,25,2025-12-21,0,,0
2544,1,8,OUT,SALE,22,2025-12-22,0,,0
2545,1,8,OUT,SALE,21,2025-12-23,0,,0
2546,1,8,OUT,SALE,37,2025-12-24,0,,0
2547,1,8,OUT,SALE,43,2025-12-25,0,,0
2548,1,8,OUT,SALE,40,2025-12-26,0,,0
2549,1,8,OUT,SALE,27,2025-12-27,0,,0
2550,1,8,OUT,SALE,23,2025-12-28,0,,0
2551,1,8,OUT,SALE,19,2025-12-29,0,,0
2552,1,8,OUT,SALE,24,2025-12-30,0,,0
2553,1,8,OUT,SALE,24,2025-12-31,0,,0
2554,1,9,OUT,SALE,18,2025-01-01,0,,0
2555,1,9,OUT,SALE,14,2025-01-02,0,,0
2556,1,9,OUT,SALE,15,2025-01-03,0,,0
2557,1,9,OUT,SALE,14,2025-01-04,0,,0
2558,1,9,OUT,SALE,17,2025-01-05,0,,0
2559,1,9,OUT,SALE,17,2025-01-06,0,,0
2560,1,9,OUT,SALE,14,2025-01-07,0,,0
2561,1,9,OUT,SALE,16,2025-01-08,0,,0
2562,1,9,OUT,SALE,0,2025-01-09,1,DATA_ERROR,0
2563,1,9,OUT,SALE,16,2025-01-10,0,,0
2564,1,9,OUT,SALE,15,2025-01-11,0,,0
2565,1,9,OUT,SALE,18,2025-01-12,0,,0
2566,1,9,OUT,SALE,10,2025-01-13,0,,0
2567,1,9,OUT,SALE,15,2025-01-14,0,,0
2568,1,9,OUT,SALE,12,2025-01-15,0,,0
2569,1,9,OUT,SALE,17,2025-01-16,0,,0
2570,1,9,OUT,SALE,17,2025-01-17,0,,0
2571,1,9,OUT,SALE,19,2025-01-18,0,,0
2572,1,9,OUT,SALE,21,2025-01-19,0,,0
2573,1,9,OUT,SALE,14,2025-01-20,0,,0
2574,1,9,OUT,SALE,18,2025-01-21,0,,0
2575,1,9,OUT,SALE,17,2025-01-22,0,,0
2576,1,9,OUT,SALE,15,2025-01-23,0,,0
2577,1,9,OUT,SALE,17,2025-01-24,0,,0
2578,1,9,OUT,SALE,27,2025-01-25,0,,0
2579,1,9,OUT,SALE,28,2025-01-26,0,,0
2580,1,9,OUT,SALE,25,2025-01-27,0,,0
2581,1,9,OUT,SALE,26,2025-01-28,0,,0
2582,1,9,OUT,SALE,13,2025-01-29,0,,0
2583,1,9,OUT,DAMAGE,122,2025-01-30,1,OFF_HOURS_BULK,0
2584,1,9,OUT,SALE,15,2025-01-31,0,,0
2585,1,9,OUT,SALE,19,2025-02-01,0,,0
2586,1,9,OUT,SALE,17,2025-02-02,0,,0
2587,1,9,OUT,SALE,12,2025-02-03,0,,0
2588,1,9,OUT,SALE,16,2025-02-04,0,,0
2589,1,9,OUT,SALE,12,2025-02-05,0,,0
2590,1,9,OUT,SALE,15,2025-02-06,0,,0
2591,1,9,OUT,SALE,13,2025-02-07,0,,0
2592,1,9,OUT,SALE,22,2025-02-08,0,,0
2593,1,9,OUT,SALE,20,2025-02-09,0,,0
2594,1,9,OUT,SALE,16,2025-02-10,0,,0
2595,1,9,OUT,SALE,18,2025-02-11,0,,0
2596,1,9,OUT,SALE,14,2025-02-12,0,,0
2597,1,9,OUT,SALE,16,2025-02-13,0,,0
2598,1,9,OUT,SALE,16,2025-02-14,0,,0
2599,1,9,OUT,SALE,18,2025-02-15,0,,0
2600,1,9,OUT,SALE,21,2025-02-16,0,,0
2601,1,9,OUT,SALE,17,2025-02-17,0,,0
2602,1,9,OUT,SALE,16,2025-02-18,0,,0
2603,1,9,OUT,SALE,12,2025-02-19,0,,0
2604,1,9,OUT,SALE,14,2025-02-20,0,,0
2605,1,9,OUT,SALE,15,2025-02-21,0,,0
2606,1,9,OUT,SALE,18,2025-02-22,0,,0
2607,1,9,OUT,SALE,15,2025-02-23,0,,0
2608,1,9,OUT,SALE,20,2025-02-24,0,,0
2609,1,9,OUT,SALE,18,2025-02-25,0,,0
2610,1,9,OUT,SALE,17,2025-02-26,0,,0
2611,1,9,OUT,SALE,16,2025-02-27,0,,0
2612,1,9,OUT,SALE,15,2025-02-28,0,,0
2613,1,9,OUT,SALE,16,2025-03-01,0,,0
2614,1,9,OUT,SALE,18,2025-03-02,0,,0
2615,1,9,OUT,SALE,16,2025-03-03,0,,0
2616,1,9,OUT,SALE,13,2025-03-04,0,,0
2617,1,9,OUT,SALE,16,2025-03-05,0,,0
2618,1,9,OUT,SALE,15,2025-03-06,0,,0
2619,1,9,OUT,SALE,12,2025-03-07,0,,0
2620,1,9,OUT,SALE,16,2025-03-08,0,,0
2621,1,9,OUT,SALE,17,2025-03-09,0,,0
2622,1,9,OUT,SALE,19,2025-03-10,0,,0
2623,1,9,OUT,SALE,16,2025-03-11,0,,0
2624,1,9,OUT,SALE,13,2025-03-12,0,,0
2625,1,9,OUT,SALE,16,2025-03-13,0,,0
2626,1,9,OUT,SALE,12,2025-03-14,0,,0
2627,1,9,OUT,SALE,20,2025-03-15,0,,0
2628,1,9,OUT,SALE,17,2025-03-16,0,,0
2629,1,9,OUT,SALE,15,2025-03-17,0,,0
2630,1,9,OUT,SALE,18,2025-03-18,0,,0
2631,1,9,OUT,SALE,13,2025-03-19,0,,0
2632,1,9,OUT,SALE,13,2025-03-20,0,,0
2633,1,9,OUT,SALE,14,2025-03-21,0,,0
2634,1,9,OUT,SALE,20,2025-03-22,0,,0
2635,1,9,OUT,SALE,14,2025-03-23,0,,0
2636,1,9,OUT,SALE,10,2025-03-24,0,,0
2637,1,9,OUT,SALE,14,2025-03-25,0,,0
2638,1,9,OUT,SALE,16,2025-03-26,0,,0
2639,1,9,OUT,SALE,17,2025-03-27,0,,0
2640,1,9,OUT,SALE,14,2025-03-28,0,,0
2641,1,9,OUT,SALE,17,2025-03-29,0,,0
2642,1,9,OUT,SALE,20,2025-03-30,0,,0
2643,1,9,OUT,SALE,12,2025-03-31,0,,0
2644,1,9,OUT,SALE,14,2025-04-01,0,,0
2645,1,9,OUT,SALE,15,2025-04-02,0,,0
2646,1,9,OUT,SALE,16,2025-04-03,0,,0
2647,1,9,OUT,SALE,14,2025-04-04,0,,0
2648,1,9,OUT,SALE,17,2025-04-05,0,,0
2649,1,9,OUT,SALE,12,2025-04-06,0,,0
2650,1,9,OUT,SALE,14,2025-04-07,0,,0
2651,1,9,OUT,SALE,16,2025-04-08,0,,0
2652,1,9,OUT,SALE,13,2025-04-09,0,,0
2653,1,9,OUT,SALE,15,2025-04-10,0,,0
2654,1,9,OUT,SALE,16,2025-04-11,0,,0
2655,1,9,OUT,SALE,16,2025-04-12,0,,0
2656,1,9,OUT,SALE,17,2025-04-13,0,,0
2657,1,9,OUT,SALE,13,2025-04-14,0,,0
2658,1,9,OUT,SALE,14,2025-04-15,0,,0
2659,1,9,OUT,SALE,0,2025-04-16,1,DATA_ERROR,0
2660,1,9,OUT,SALE,15,2025-04-17,0,,0
2661,1,9,OUT,SALE,14,2025-04-18,0,,0
2662,1,9,OUT,SALE,17,2025-04-19,0,,0
2663,1,9,OUT,SALE,18,2025-04-20,0,,0
2664,1,9,OUT,SALE,11,2025-04-21,0,,0
2665,1,9,OUT,SALE,17,2025-04-22,0,,0
2666,1,9,OUT,SALE,14,2025-04-23,0,,0
2667,1,9,OUT,SALE,16,2025-04-24,0,,0
2668,1,9,OUT,SALE,17,2025-04-25,0,,0
2669,1,9,OUT,SALE,14,2025-04-26,0,,0
2670,1,9,OUT,SALE,16,2025-04-27,0,,0
2671,1,9,OUT,SALE,14,2025-04-28,0,,0
2672,1,9,OUT,SALE,13,2025-04-29,0,,0
2673,1,9,OUT,SALE,18,2025-04-30,0,,0
2674,1,9,OUT,SALE,13,2025-05-01,0,,0
2675,1,9,OUT,SALE,13,2025-05-02,0,,0
2676,1,9,OUT,SALE,17,2025-05-03,0,,0
2677,1,9,OUT,SALE,14,2025-05-04,0,,0
2678,1,9,OUT,SALE,9999,2025-05-05,1,DATA_ERROR,1
2679,1,9,OUT,SALE,15,2025-05-06,0,,0
2680,1,9,OUT,SALE,13,2025-05-07,0,,0
2681,1,9,OUT,SALE,14,2025-05-08,0,,0
2682,1,9,OUT,SALE,13,2025-05-09,0,,0
2683,1,9,OUT,SALE,13,2025-05-10,0,,0
2684,1,9,OUT,SALE,17,2025-05-11,0,,0
2685,1,9,OUT,SALE,17,2025-05-12,0,,0
2686,1,9,OUT,SALE,14,2025-05-13,0,,0
2687,1,9,OUT,SALE,14,2025-05-14,0,,0
2688,1,9,OUT,SALE,15,2025-05-15,0,,0
2689,1,9,OUT,SALE,12,2025-05-16,0,,0
2690,1,9,OUT,SALE,19,2025-05-17,0,,0
2691,1,9,OUT,SALE,17,2025-05-18,0,,0
2692,1,9,OUT,SALE,17,2025-05-19,0,,0
2693,1,9,OUT,SALE,13,2025-05-20,0,,0
2694,1,9,OUT,SALE,17,2025-05-21,0,,0
2695,1,9,OUT,SALE,15,2025-05-22,0,,0
2696,1,9,OUT,SALE,15,2025-05-23,0,,0
2697,1,9,OUT,SALE,17,2025-05-24,0,,0
2698,1,9,OUT,SALE,16,2025-05-25,0,,0
2699,1,9,OUT,SALE,16,2025-05-26,0,,0
2700,1,9,OUT,SALE,14,2025-05-27,0,,0
2701,1,9,OUT,SALE,11,2025-05-28,0,,0
2702,1,9,OUT,SALE,12,2025-05-29,0,,0
2703,1,9,OUT,SALE,14,2025-05-30,0,,0
2704,1,9,OUT,SALE,17,2025-05-31,0,,0
2705,1,9,OUT,SALE,15,2025-06-01,0,,0
2706,1,9,OUT,SALE,15,2025-06-02,0,,0
2707,1,9,OUT,SALE,10,2025-06-03,0,,0
2708,1,9,OUT,SALE,14,2025-06-04,0,,0
2709,1,9,OUT,SALE,10,2025-06-05,0,,0
2710,1,9,OUT,SALE,15,2025-06-06,0,,0
2711,1,9,OUT,SALE,15,2025-06-07,0,,0
2712,1,9,OUT,SALE,16,2025-06-08,0,,0
2713,1,9,OUT,SALE,12,2025-06-09,0,,0
2714,1,9,OUT,SALE,15,2025-06-10,0,,0
2715,1,9,OUT,SALE,15,2025-06-11,0,,0
2716,1,9,OUT,SALE,14,2025-06-12,0,,0
2717,1,9,OUT,SALE,13,2025-06-13,0,,0
2718,1,9,OUT,SALE,16,2025-06-14,0,,0
2719,1,9,OUT,SALE,14,2025-06-15,0,,0
2720,1,9,OUT,SALE,15,2025-06-16,0,,0
2721,1,9,OUT,SALE,16,2025-06-17,0,,0
2722,1,9,OUT,SALE,15,2025-06-18,0,,0
2723,1,9,OUT,SALE,12,2025-06-19,0,,0
2724,1,9,OUT,SALE,14,2025-06-20,0,,0
2725,1,9,OUT,SALE,13,2025-06-21,0,,0
2726,1,9,OUT,SALE,16,2025-06-22,0,,0
2727,1,9,OUT,SALE,14,2025-06-23,0,,0
2728,1,9,OUT,SALE,10,2025-06-24,0,,0
2729,1,9,OUT,SALE,11,2025-06-25,0,,0
2730,1,9,OUT,SALE,13,2025-06-26,0,,0
2731,1,9,OUT,SALE,13,2025-06-27,0,,0
2732,1,9,OUT,SALE,13,2025-06-28,0,,0
2733,1,9,OUT,SALE,16,2025-06-29,0,,0
2734,1,9,OUT,SALE,14,2025-06-30,0,,0
2735,1,9,OUT,SALE,13,2025-07-01,0,,0
2736,1,9,OUT,SALE,12,2025-07-02,0,,0
2737,1,9,OUT,SALE,14,2025-07-03,0,,0
2738,1,9,OUT,SALE,15,2025-07-04,0,,0
2739,1,9,OUT,SALE,14,2025-07-05,0,,0
2740,1,9,OUT,SALE,14,2025-07-06,0,,0
2741,1,9,OUT,SALE,14,2025-07-07,0,,0
2742,1,9,OUT,SALE,12,2025-07-08,0,,0
2743,1,9,OUT,SALE,13,2025-07-09,0,,0
2744,1,9,OUT,SALE,14,2025-07-10,0,,0
2745,1,9,OUT,SALE,10,2025-07-11,0,,0
2746,1,9,OUT,SALE,17,2025-07-12,0,,0
2747,1,9,OUT,SALE,15,2025-07-13,0,,0
2748,1,9,OUT,SALE,12,2025-07-14,0,,0
2749,1,9,OUT,SALE,13,2025-07-15,0,,0
2750,1,9,OUT,SALE,13,2025-07-16,0,,0
2751,1,9,OUT,SALE,10,2025-07-17,0,,0
2752,1,9,OUT,SALE,15,2025-07-18,0,,0
2753,1,9,OUT,SALE,15,2025-07-19,0,,0
2754,1,9,OUT,SALE,34,2025-07-20,0,,0
2755,1,9,OUT,SALE,31,2025-07-21,0,,0
2756,1,9,OUT,SALE,25,2025-07-22,0,,0
2757,1,9,OUT,SALE,30,2025-07-23,0,,0
2758,1,9,OUT,SALE,27,2025-07-24,0,,0
2759,1,9,OUT,SALE,31,2025-07-25,0,,0
2760,1,9,OUT,SALE,11,2025-07-26,0,,0
2761,1,9,OUT,SALE,15,2025-07-27,0,,0
2762,1,9,OUT,SALE,12,2025-07-28,0,,0
2763,1,9,OUT,SALE,14,2025-07-29,0,,0
2764,1,9,OUT,SALE,14,2025-07-30,0,,0
2765,1,9,OUT,SALE,12,2025-07-31,0,,0
2766,1,9,OUT,SALE,12,2025-08-01,0,,0
2767,1,9,OUT,SALE,14,2025-08-02,0,,0
2768,1,9,OUT,SALE,13,2025-08-03,0,,0
2769,1,9,OUT,SALE,14,2025-08-04,0,,0
2770,1,9,OUT,SALE,12,2025-08-05,0,,0
2771,1,9,OUT,SALE,8,2025-08-06,0,,0
2772,1,9,OUT,SALE,12,2025-08-07,0,,0
2773,1,9,OUT,SALE,11,2025-08-08,0,,0
2774,1,9,OUT,SALE,12,2025-08-09,0,,0
2775,1,9,OUT,SALE,12,2025-08-10,0,,0
2776,1,9,OUT,SALE,13,2025-08-11,0,,0
2777,1,9,OUT,SALE,15,2025-08-12,0,,0
2778,1,9,OUT,SALE,13,2025-08-13,0,,0
2779,1,9,OUT,SALE,12,2025-08-14,0,,0
2780,1,9,OUT,SALE,13,2025-08-15,0,,0
2781,1,9,OUT,SALE,14,2025-08-16,0,,0
2782,1,9,OUT,SALE,13,2025-08-17,0,,0
2783,1,9,OUT,SALE,11,2025-08-18,0,,0
2784,1,9,OUT,SALE,10,2025-08-19,0,,0
2785,1,9,OUT,SALE,12,2025-08-20,0,,0
2786,1,9,OUT,SALE,13,2025-08-21,0,,0
2787,1,9,OUT,SALE,13,2025-08-22,0,,0
2788,1,9,OUT,SALE,14,2025-08-23,0,,0
2789,1,9,OUT,SALE,13,2025-08-24,0,,0
2790,1,9,OUT,SALE,14,2025-08-25,0,,0
2791,1,9,OUT,SALE,11,2025-08-26,0,,0
2792,1,9,OUT,SALE,14,2025-08-27,0,,0
2793,1,9,OUT,SALE,11,2025-08-28,0,,0
2794,1,9,OUT,SALE,12,2025-08-29,0,,0
2795,1,9,OUT,SALE,12,2025-08-30,0,,0
2796,1,9,OUT,SALE,14,2025-08-31,0,,0
2797,1,9,OUT,SALE,14,2025-09-01,0,,0
2798,1,9,OUT,SALE,14,2025-09-02,0,,0
2799,1,9,OUT,SALE,14,2025-09-03,0,,0
2800,1,9,OUT,SALE,14,2025-09-04,0,,0
2801,1,9,OUT,SALE,11,2025-09-05,0,,0
2802,1,9,OUT,SALE,14,2025-09-06,0,,0
2803,1,9,OUT,SALE,13,2025-09-07,0,,0
2804,1,9,OUT,SALE,15,2025-09-08,0,,0
2805,1,9,OUT,SALE,11,2025-09-09,0,,0
2806,1,9,OUT,SALE,14,2025-09-10,0,,0
2807,1,9,OUT,SALE,14,2025-09-11,0,,0
2808,1,9,OUT,SALE,16,2025-09-12,0,,0
2809,1,9,OUT,SALE,14,2025-09-13,0,,0
2810,1,9,OUT,SALE,16,2025-09-14,0,,0
2811,1,9,OUT,SALE,16,2025-09-15,0,,0
2812,1,9,OUT,SALE,12,2025-09-16,0,,0
2813,1,9,OUT,SALE,10,2025-09-17,0,,0
2814,1,9,OUT,SALE,10,2025-09-18,0,,0
2815,1,9,OUT,SALE,14,2025-09-19,0,,0
2816,1,9,OUT,SALE,11,2025-09-20,0,,0
2817,1,9,OUT,SALE,14,2025-09-21,0,,0
2818,1,9,OUT,SALE,14,2025-09-22,0,,0
2819,1,9,OUT,SALE,13,2025-09-23,0,,0
2820,1,9,OUT,SALE,13,2025-09-24,0,,0
2821,1,9,OUT,SALE,13,2025-09-25,0,,0
2822,1,9,OUT,SALE,15,2025-09-26,0,,0
2823,1,9,OUT,SALE,13,2025-09-27,0,,0
2824,1,9,OUT,SALE,14,2025-09-28,0,,0
2825,1,9,OUT,SALE,12,2025-09-29,0,,0
2826,1,9,OUT,SALE,27,2025-09-30,0,,0
2827,1,9,OUT,SALE,28,2025-10-01,0,,0
2828,1,9,OUT,SALE,27,2025-10-02,0,,0
2829,1,9,OUT,SALE,29,2025-10-03,0,,0
2830,1,9,OUT,SALE,13,2025-10-04,0,,0
2831,1,9,OUT,SALE,18,2025-10-05,0,,0
2832,1,9,OUT,SALE,16,2025-10-06,0,,0
2833,1,9,OUT,SALE,15,2025-10-07,0,,0
2834,1,9,OUT,SALE,16,2025-10-08,0,,0
2835,1,9,OUT,SALE,11,2025-10-09,0,,0
2836,1,9,OUT,SALE,13,2025-10-10,0,,0
2837,1,9,OUT,SALE,14,2025-10-11,0,,0
2838,1,9,OUT,SALE,17,2025-10-12,0,,0
2839,1,9,OUT,SALE,12,2025-10-13,0,,0
2840,1,9,OUT,SALE,15,2025-10-14,0,,0
2841,1,9,OUT,SALE,16,2025-10-15,0,,0
2842,1,9,OUT,SALE,14,2025-10-16,0,,0
2843,1,9,OUT,SALE,14,2025-10-17,0,,0
2844,1,9,OUT,SALE,14,2025-10-18,0,,0
2845,1,9,OUT,SALE,14,2025-10-19,0,,0
2846,1,9,OUT,SALE,15,2025-10-20,0,,0
2847,1,9,OUT,SALE,15,2025-10-21,0,,0
2848,1,9,OUT,SALE,13,2025-10-22,0,,0
2849,1,9,OUT,SALE,13,2025-10-23,0,,0
2850,1,9,OUT,SALE,10,2025-10-24,0,,0
2851,1,9,OUT,SALE,13,2025-10-25,0,,0
2852,1,9,OUT,SALE,19,2025-10-26,0,,0
2853,1,9,OUT,SALE,11,2025-10-27,0,,0
2854,1,9,OUT,SALE,14,2025-10-28,0,,0
2855,1,9,OUT,SALE,15,2025-10-29,0,,0
2856,1,9,OUT,SALE,11,2025-10-30,0,,0
2857,1,9,OUT,SALE,14,2025-10-31,0,,0
2858,1,9,OUT,SALE,18,2025-11-01,0,,0
2859,1,9,OUT,SALE,16,2025-11-02,0,,0
2860,1,9,OUT,SALE,19,2025-11-03,0,,0
2861,1,9,OUT,SALE,11,2025-11-04,0,,0
2862,1,9,OUT,SALE,16,2025-11-05,0,,0
2863,1,9,OUT,SALE,14,2025-11-06,0,,0
2864,1,9,OUT,SALE,15,2025-11-07,0,,0
2865,1,9,OUT,SALE,17,2025-11-08,0,,0
2866,1,9,OUT,SALE,15,2025-11-09,0,,0
2867,1,9,OUT,SALE,14,2025-11-10,0,,0
2868,1,9,OUT,SALE,11,2025-11-11,0,,0
2869,1,9,OUT,SALE,15,2025-11-12,0,,0
2870,1,9,OUT,SALE,15,2025-11-13,0,,0
2871,1,9,OUT,SALE,15,2025-11-14,0,,0
2872,1,9,OUT,SALE,18,2025-11-15,0,,0
2873,1,9,OUT,SALE,17,2025-11-16,0,,0
2874,1,9,OUT,SALE,14,2025-11-17,0,,0
2875,1,9,OUT,DAMAGE,32,2025-11-18,1,REPEATED_LOSS,0
2876,1,9,OUT,SALE,13,2025-11-19,0,,0
2877,1,9,OUT,SALE,16,2025-11-20,0,,0
2878,1,9,OUT,SALE,16,2025-11-21,0,,0
2879,1,9,OUT,SALE,16,2025-11-22,0,,0
2880,1,9,OUT,SALE,16,2025-11-23,0,,0
2881,1,9,OUT,SALE,13,2025-11-24,0,,0
2882,1,9,OUT,SALE,16,2025-11-25,0,,0
2883,1,9,OUT,SALE,15,2025-11-26,0,,0
2884,1,9,OUT,SALE,17,2025-11-27,0,,0
2885,1,9,OUT,SALE,31,2025-11-28,0,,0
2886,1,9,OUT,SALE,39,2025-11-29,0,,0
2887,1,9,OUT,SALE,42,2025-11-30,0,,0
2888,1,9,OUT,SALE,16,2025-12-01,0,,0
2889,1,9,OUT,SALE,14,2025-12-02,0,,0
2890,1,9,OUT,SALE,13,2025-12-03,0,,0
2891,1,9,OUT,SALE,16,2025-12-04,0,,0
2892,1,9,OUT,SALE,16,2025-12-05,0,,0
2893,1,9,OUT,SALE,15,2025-12-06,0,,0
2894,1,9,OUT,SALE,20,2025-12-07,0,,0
2895,1,9,OUT,SALE,17,2025-12-08,0,,0
2896,1,9,OUT,SALE,15,2025-12-09,0,,0
2897,1,9,OUT,SALE,15,2025-12-10,0,,0
2898,1,9,OUT,SALE,16,2025-12-11,0,,0
2899,1,9,OUT,SALE,13,2025-12-12,0,,0
2900,1,9,OUT,SALE,17,2025-12-13,0,,0
2901,1,9,OUT,SALE,13,2025-12-14,0,,0
2902,1,9,OUT,SALE,16,2025-12-15,0,,0
2903,1,9,OUT,SALE,12,2025-12-16,0,,0
2904,1,9,OUT,SALE,17,2025-12-17,0,,0
2905,1,9,OUT,SALE,14,2025-12-18,0,,0
2906,1,9,OUT,SALE,14,2025-12-19,0,,0
2907,1,9,OUT,SALE,16,2025-12-20,0,,0
2908,1,9,OUT,SALE,16,2025-12-21,0,,0
2909,1,9,OUT,SALE,17,2025-12-22,0,,0
2910,1,9,OUT,DAMAGE,75,2025-12-23,1,OFF_HOURS_BULK,0
2911,1,9,OUT,SALE,29,2025-12-24,0,,0
2912,1,9,OUT,SALE,26,2025-12-25,0,,0
2913,1,9,OUT,SALE,21,2025-12-26,0,,0
2914,1,9,OUT,SALE,15,2025-12-27,0,,0
2915,1,9,OUT,SALE,20,2025-12-28,0,,0
2916,1,9,OUT,SALE,13,2025-12-29,0,,0
2917,1,9,OUT,SALE,13,2025-12-30,0,,0
2918,1,9,OUT,SALE,17,2025-12-31,0,,0
2919,2,1,OUT,SALE,1,2025-01-03,0,,0
2920,2,1,OUT,SALE,1,2025-01-04,0,,0
2921,2,1,OUT,SALE,1,2025-01-05,0,,0
2922,2,1,OUT,SALE,1,2025-01-10,0,,0
2923,2,1,OUT,SALE,1,2025-01-17,0,,0
2924,2,1,OUT,SALE,1,2025-01-21,0,,0
2925,2,1,OUT,SALE,1,2025-01-22,0,,0
2926,2,1,OUT,SALE,1,2025-01-25,0,,0
2927,2,1,OUT,SALE,1,2025-01-26,0,,0
2928,2,1,OUT,SALE,1,2025-01-27,0,,0
2929,2,1,OUT,SALE,1,2025-01-28,0,,0
2930,2,1,OUT,SALE,1,2025-02-01,0,,0
2931,2,1,OUT,SALE,1,2025-02-02,0,,0
2932,2,1,OUT,SALE,1,2025-02-03,0,,0
2933,2,1,OUT,SALE,1,2025-02-04,0,,0
2934,2,1,OUT,SALE,1,2025-02-05,0,,0
2935,2,1,OUT,SALE,1,2025-02-06,0,,0
2936,2,1,OUT,SALE,1,2025-02-07,0,,0
2937,2,1,OUT,SALE,1,2025-02-08,0,,0
2938,2,1,OUT,SALE,1,2025-02-09,0,,0
2939,2,1,OUT,SALE,1,2025-02-10,0,,0
2940,2,1,OUT,SALE,1,2025-02-11,0,,0
2941,2,1,OUT,SALE,1,2025-02-12,0,,0
2942,2,1,OUT,SALE,1,2025-02-13,0,,0
2943,2,1,OUT,SALE,1,2025-02-14,0,,0
2944,2,1,OUT,SALE,1,2025-02-15,0,,0
2945,2,1,OUT,SALE,1,2025-02-16,0,,0
2946,2,1,OUT,SALE,1,2025-02-17,0,,0
2947,2,1,OUT,SALE,1,2025-02-18,0,,0
2948,2,1,OUT,SALE,1,2025-02-19,0,,0
2949,2,1,OUT,SALE,1,2025-02-20,0,,0
2950,2,1,OUT,SALE,1,2025-02-21,0,,0
2951,2,1,OUT,SALE,1,2025-02-22,0,,0
2952,2,1,OUT,SALE,1,2025-02-23,0,,0
2953,2,1,OUT,SALE,1,2025-02-24,0,,0
2954,2,1,OUT,SALE,1,2025-02-25,0,,0
2955,2,1,OUT,SALE,1,2025-02-26,0,,0
2956,2,1,OUT,SALE,1,2025-02-27,0,,0
2957,2,1,OUT,SALE,1,2025-02-28,0,,0
2958,2,1,OUT,SALE,3,2025-03-01,0,,0
2959,2,1,OUT,SALE,2,2025-03-02,0,,0
2960,2,1,OUT,SALE,2,2025-03-03,0,,0
2961,2,1,OUT,SALE,2,2025-03-04,0,,0
2962,2,1,OUT,SALE,3,2025-03-05,0,,0
2963,2,1,OUT,SALE,3,2025-03-06,0,,0
2964,2,1,OUT,SALE,2,2025-03-07,0,,0
2965,2,1,OUT,SALE,3,2025-03-08,0,,0
2966,2,1,OUT,SALE,3,2025-03-09,0,,0
2967,2,1,OUT,SALE,2,2025-03-10,0,,0
2968,2,1,OUT,SALE,3,2025-03-11,0,,0
2969,2,1,OUT,SALE,3,2025-03-12,0,,0
2970,2,1,OUT,SALE,2,2025-03-13,0,,0
2971,2,1,OUT,SALE,2,2025-03-14,0,,0
2972,2,1,OUT,SALE,3,2025-03-15,0,,0
2973,2,1,OUT,SALE,2,2025-03-16,0,,0
2974,2,1,OUT,SALE,2,2025-03-17,0,,0
2975,2,1,OUT,SALE,2,2025-03-18,0,,0
2976,2,1,OUT,SALE,2,2025-03-19,0,,0
2977,2,1,OUT,SALE,2,2025-03-20,0,,0
2978,2,1,OUT,SALE,3,2025-03-21,0,,0
2979,2,1,OUT,SALE,3,2025-03-22,0,,0
2980,2,1,OUT,SALE,3,2025-03-23,0,,0
2981,2,1,OUT,SALE,3,2025-03-24,0,,0
2982,2,1,OUT,SALE,2,2025-03-25,0,,0
2983,2,1,OUT,SALE,2,2025-03-26,0,,0
2984,2,1,OUT,SALE,3,2025-03-27,0,,0
2985,2,1,OUT,SALE,2,2025-03-28,0,,0
2986,2,1,OUT,SALE,3,2025-03-29,0,,0
2987,2,1,OUT,SALE,3,2025-03-30,0,,0
2988,2,1,OUT,SALE,2,2025-03-31,0,,0
2989,2,1,OUT,SALE,4,2025-04-01,0,,0
2990,2,1,OUT,SALE,5,2025-04-02,0,,0
2991,2,1,OUT,SALE,4,2025-04-03,0,,0
2992,2,1,OUT,SALE,4,2025-04-04,0,,0
2993,2,1,OUT,SALE,5,2025-04-05,0,,0
2994,2,1,OUT,SALE,4,2025-04-06,0,,0
2995,2,1,OUT,SALE,4,2025-04-07,0,,0
2996,2,1,OUT,SALE,4,2025-04-08,0,,0
2997,2,1,OUT,SALE,5,2025-04-09,0,,0
2998,2,1,OUT,SALE,5,2025-04-10,0,,0
2999,2,1,OUT,SALE,4,2025-04-11,0,,0
3000,2,1,OUT,SALE,5,2025-04-12,0,,0
3001,2,1,OUT,SALE,6,2025-04-13,0,,0
3002,2,1,OUT,SALE,5,2025-04-14,0,,0
3003,2,1,OUT,SALE,4,2025-04-15,0,,0
3004,2,1,OUT,SALE,5,2025-04-16,0,,0
3005,2,1,OUT,SALE,5,2025-04-17,0,,0
3006,2,1,OUT,SALE,4,2025-04-18,0,,0
3007,2,1,OUT,SALE,5,2025-04-19,0,,0
3008,2,1,OUT,SALE,5,2025-04-20,0,,0
3009,2,1,OUT,SALE,6,2025-04-21,0,,0
3010,2,1,OUT,SALE,5,2025-04-22,0,,0
3011,2,1,OUT,SALE,4,2025-04-23,0,,0
3012,2,1,OUT,SALE,5,2025-04-24,0,,0
3013,2,1,OUT,SALE,5,2025-04-25,0,,0
3014,2,1,OUT,SALE,5,2025-04-26,0,,0
3015,2,1,OUT,SALE,5,2025-04-27,0,,0
3016,2,1,OUT,SALE,5,2025-04-28,0,,0
3017,2,1,OUT,SALE,4,2025-04-29,0,,0
3018,2,1,OUT,SALE,4,2025-04-30,0,,0
3019,2,1,OUT,SALE,5,2025-05-01,0,,0
3020,2,1,OUT,SALE,8,2025-05-02,0,,0
3021,2,1,OUT,SALE,7,2025-05-03,0,,0
3022,2,1,OUT,SALE,7,2025-05-04,0,,0
3023,2,1,OUT,SALE,6,2025-05-05,0,,0
3024,2,1,OUT,SALE,7,2025-05-06,0,,0
3025,2,1,OUT,SALE,6,2025-05-07,0,,0
3026,2,1,OUT,SALE,5,2025-05-08,0,,0
3027,2,1,OUT,SALE,7,2025-05-09,0,,0
3028,2,1,OUT,SALE,8,2025-05-10,0,,0
3029,2,1,OUT,SALE,8,2025-05-11,0,,0
3030,2,1,OUT,SALE,6,2025-05-12,0,,0
3031,2,1,OUT,SALE,7,2025-05-13,0,,0
3032,2,1,OUT,SALE,7,2025-05-14,0,,0
3033,2,1,OUT,SALE,7,2025-05-15,0,,0
3034,2,1,OUT,SALE,7,2025-05-16,0,,0
3035,2,1,OUT,SALE,6,2025-05-17,0,,0
3036,2,1,OUT,SALE,9,2025-05-18,0,,0
3037,2,1,OUT,SALE,6,2025-05-19,0,,0
3038,2,1,OUT,SALE,7,2025-05-20,0,,0
3039,2,1,OUT,SALE,5,2025-05-21,0,,0
3040,2,1,OUT,SALE,7,2025-05-22,0,,0
3041,2,1,OUT,SALE,7,2025-05-23,0,,0
3042,2,1,OUT,SALE,9,2025-05-24,0,,0
3043,2,1,OUT,SALE,9,2025-05-25,0,,0
3044,2,1,OUT,SALE,7,2025-05-26,0,,0
3045,2,1,OUT,SALE,5,2025-05-27,0,,0
3046,2,1,OUT,SALE,6,2025-05-28,0,,0
3047,2,1,OUT,SALE,6,2025-05-29,0,,0
3048,2,1,OUT,SALE,7,2025-05-30,0,,0
3049,2,1,OUT,SALE,6,2025-05-31,0,,0
3050,2,1,OUT,SALE,9,2025-06-01,0,,0
3051,2,1,OUT,SALE,7,2025-06-02,0,,0
3052,2,1,OUT,SALE,7,2025-06-03,0,,0
3053,2,1,OUT,SALE,7,2025-06-04,0,,0
3054,2,1,OUT,SALE,8,2025-06-05,0,,0
3055,2,1,OUT,SALE,8,2025-06-06,0,,0
3056,2,1,OUT,SALE,6,2025-06-07,0,,0
3057,2,1,OUT,SALE,6,2025-06-08,0,,0
3058,2,1,OUT,SALE,7,2025-06-09,0,,0
3059,2,1,OUT,SALE,8,2025-06-10,0,,0
3060,2,1,OUT,SALE,8,2025-06-11,0,,0
3061,2,1,OUT,SALE,7,2025-06-12,0,,0
3062,2,1,OUT,SALE,8,2025-06-13,0,,0
3063,2,1,OUT,SALE,9,2025-06-14,0,,0
3064,2,1,OUT,SALE,8,2025-06-15,0,,0
3065,2,1,OUT,SALE,9,2025-06-16,0,,0
3066,2,1,OUT,SALE,8,2025-06-17,0,,0
3067,2,1,OUT,SALE,8,2025-06-18,0,,0
3068,2,1,OUT,SALE,8,2025-06-19,0,,0
3069,2,1,OUT,SALE,10,2025-06-20,0,,0
3070,2,1,OUT,SALE,10,2025-06-21,0,,0
3071,2,1,OUT,SALE,8,2025-06-22,0,,0
3072,2,1,OUT,SALE,9,2025-06-23,0,,0
3073,2,1,OUT,SALE,6,2025-06-24,0,,0
3074,2,1,OUT,SALE,8,2025-06-25,0,,0
3075,2,1,OUT,SALE,8,2025-06-26,0,,0
3076,2,1,OUT,SALE,8,2025-06-27,0,,0
3077,2,1,OUT,SALE,9,2025-06-28,0,,0
3078,2,1,OUT,SALE,8,2025-06-29,0,,0
3079,2,1,OUT,SALE,7,2025-06-30,0,,0
3080,2,1,OUT,SALE,8,2025-07-01,0,,0
3081,2,1,OUT,SALE,7,2025-07-02,0,,0
3082,2,1,OUT,SALE,10,2025-07-03,0,,0
3083,2,1,OUT,SALE,6,2025-07-04,0,,0
3084,2,1,OUT,SALE,9,2025-07-05,0,,0
3085,2,1,OUT,SALE,10,2025-07-06,0,,0
3086,2,1,OUT,SALE,9,2025-07-07,0,,0
3087,2,1,OUT,SALE,7,2025-07-08,0,,0
3088,2,1,OUT,SALE,9,2025-07-09,0,,0
3089,2,1,OUT,SALE,7,2025-07-10,0,,0
3090,2,1,OUT,SALE,8,2025-07-11,0,,0
3091,2,1,OUT,SALE,10,2025-07-12,0,,0
3092,2,1,OUT,SALE,11,2025-07-13,0,,0
3093,2,1,OUT,SALE,7,2025-07-14,0,,0
3094,2,1,OUT,SALE,11,2025-07-15,0,,0
3095,2,1,OUT,SALE,7,2025-07-16,0,,0
3096,2,1,OUT,SALE,7,2025-07-17,0,,0
3097,2,1,OUT,SALE,9,2025-07-18,0,,0
3098,2,1,OUT,SALE,9,2025-07-19,0,,0
3099,2,1,OUT,SALE,20,2025-07-20,0,,1
3100,2,1,OUT,SALE,20,2025-07-21,0,,1
3101,2,1,OUT,SALE,15,2025-07-22,0,,0
3102,2,1,OUT,SALE,15,2025-07-23,0,,0
3103,2,1,OUT,SALE,17,2025-07-24,0,,1
3104,2,1,OUT,SALE,21,2025-07-25,0,,1
3105,2,1,OUT,SALE,9,2025-07-26,0,,0
3106,2,1,OUT,SALE,11,2025-07-27,0,,0
3107,2,1,OUT,SALE,10,2025-07-28,0,,0
3108,2,1,OUT,SALE,9,2025-07-29,0,,0
3109,2,1,OUT,SALE,9,2025-07-30,0,,0
3110,2,1,OUT,SALE,9,2025-07-31,0,,0
3111,2,1,OUT,SALE,8,2025-08-01,0,,0
3112,2,1,OUT,SALE,9,2025-08-02,0,,0
3113,2,1,OUT,SALE,9,2025-08-03,0,,0
3114,2,1,OUT,SALE,7,2025-08-04,0,,0
3115,2,1,OUT,SALE,6,2025-08-05,0,,0
3116,2,1,OUT,SALE,9,2025-08-06,0,,0
3117,2,1,OUT,SALE,8,2025-08-07,0,,0
3118,2,1,OUT,SALE,8,2025-08-08,0,,0
3119,2,1,OUT,SALE,9,2025-08-09,0,,0
3120,2,1,OUT,SALE,8,2025-08-10,0,,0
3121,2,1,OUT,SALE,7,2025-08-11,0,,0
3122,2,1,OUT,SALE,8,2025-08-12,0,,0
3123,2,1,OUT,SALE,9,2025-08-13,0,,0
3124,2,1,OUT,SALE,7,2025-08-14,0,,0
3125,2,1,OUT,SALE,5,2025-08-15,0,,0
3126,2,1,OUT,SALE,8,2025-08-16,0,,0
3127,2,1,OUT,SALE,10,2025-08-17,0,,0
3128,2,1,OUT,SALE,6,2025-08-18,0,,0
3129,2,1,OUT,SALE,7,2025-08-19,0,,0
3130,2,1,OUT,SALE,8,2025-08-20,0,,0
3131,2,1,OUT,SALE,10,2025-08-21,0,,0
3132,2,1,OUT,SALE,7,2025-08-22,0,,0
3133,2,1,OUT,SALE,7,2025-08-23,0,,0
3134,2,1,OUT,SALE,9,2025-08-24,0,,0
3135,2,1,OUT,SALE,9,2025-08-25,0,,0
3136,2,1,OUT,SALE,7,2025-08-26,0,,0
3137,2,1,OUT,SALE,6,2025-08-27,0,,0
3138,2,1,OUT,SALE,8,2025-08-28,0,,0
3139,2,1,OUT,SALE,8,2025-08-29,0,,0
3140,2,1,OUT,SALE,11,2025-08-30,0,,0
3141,2,1,OUT,SALE,10,2025-08-31,0,,0
3142,2,1,OUT,SALE,7,2025-09-01,0,,0
3143,2,1,OUT,SALE,6,2025-09-02,0,,0
3144,2,1,OUT,SALE,8,2025-09-03,0,,0
3145,2,1,OUT,SALE,6,2025-09-04,0,,0
3146,2,1,OUT,SALE,6,2025-09-05,0,,0
3147,2,1,OUT,SALE,9,2025-09-06,0,,0
3148,2,1,OUT,SALE,6,2025-09-07,0,,0
3149,2,1,OUT,SALE,5,2025-09-08,0,,0
3150,2,1,OUT,SALE,6,2025-09-09,0,,0
3151,2,1,OUT,SALE,6,2025-09-10,0,,0
3152,2,1,OUT,SALE,6,2025-09-11,0,,0
3153,2,1,OUT,SALE,7,2025-09-12,0,,0
3154,2,1,OUT,SALE,7,2025-09-13,0,,0
3155,2,1,OUT,SALE,7,2025-09-14,0,,0
3156,2,1,OUT,SALE,6,2025-09-15,0,,0
3157,2,1,OUT,SALE,6,2025-09-16,0,,0
3158,2,1,OUT,SALE,6,2025-09-17,0,,0
3159,2,1,OUT,SALE,7,2025-09-18,0,,0
3160,2,1,OUT,SALE,8,2025-09-19,0,,0
3161,2,1,OUT,SALE,8,2025-09-20,0,,0
3162,2,1,OUT,SALE,5,2025-09-21,0,,0
3163,2,1,OUT,SALE,6,2025-09-22,0,,0
3164,2,1,OUT,SALE,6,2025-09-23,0,,0
3165,2,1,OUT,SALE,7,2025-09-24,0,,0
3166,2,1,OUT,SALE,7,2025-09-25,0,,0
3167,2,1,OUT,SALE,7,2025-09-26,0,,0
3168,2,1,OUT,SALE,8,2025-09-27,0,,0
3169,2,1,OUT,SALE,9,2025-09-28,0,,0
3170,2,1,OUT,SALE,6,2025-09-29,0,,0
3171,2,1,OUT,SALE,12,2025-09-30,0,,0
3172,2,1,OUT,SALE,9,2025-10-01,0,,0
3173,2,1,OUT,SALE,8,2025-10-02,0,,0
3174,2,1,OUT,SALE,8,2025-10-03,0,,0
3175,2,1,OUT,SALE,5,2025-10-04,0,,0
3176,2,1,OUT,SALE,5,2025-10-05,0,,0
3177,2,1,OUT,SALE,5,2025-10-06,0,,0
3178,2,1,OUT,SALE,3,2025-10-07,0,,0
3179,2,1,OUT,SALE,4,2025-10-08,0,,0
3180,2,1,OUT,SALE,5,2025-10-09,0,,0
3181,2,1,OUT,SALE,4,2025-10-10,0,,0
3182,2,1,OUT,SALE,5,2025-10-11,0,,0
3183,2,1,OUT,SALE,4,2025-10-12,0,,0
3184,2,1,OUT,SALE,4,2025-10-13,0,,0
3185,2,1,OUT,DAMAGE,18,2025-10-14,1,OFF_HOURS_BULK,1
3186,2,1,OUT,SALE,4,2025-10-15,0,,0
3187,2,1,OUT,SALE,5,2025-10-16,0,,0
3188,2,1,OUT,SALE,5,2025-10-17,0,,0
3189,2,1,OUT,SALE,5,2025-10-18,0,,0
3190,2,1,OUT,SALE,6,2025-10-19,0,,0
3191,2,1,OUT,SALE,5,2025-10-20,0,,0
3192,2,1,OUT,SALE,5,2025-10-21,0,,0
3193,2,1,OUT,SALE,5,2025-10-22,0,,0
3194,2,1,OUT,SALE,4,2025-10-23,0,,0
3195,2,1,OUT,SALE,5,2025-10-24,0,,0
3196,2,1,OUT,SALE,5,2025-10-25,0,,0
3197,2,1,OUT,SALE,5,2025-10-26,0,,0
3198,2,1,OUT,SALE,5,2025-10-27,0,,0
3199,2,1,OUT,SALE,4,2025-10-28,0,,0
3200,2,1,OUT,SALE,4,2025-10-29,0,,0
3201,2,1,OUT,SALE,4,2025-10-30,0,,0
3202,2,1,OUT,SALE,5,2025-10-31,0,,0
3203,2,1,OUT,SALE,2,2025-11-01,0,,0
3204,2,1,OUT,SALE,3,2025-11-02,0,,0
3205,2,1,OUT,SALE,3,2025-11-03,0,,0
3206,2,1,OUT,SALE,3,2025-11-04,0,,0
3207,2,1,OUT,SALE,2,2025-11-05,0,,0
3208,2,1,OUT,SALE,2,2025-11-06,0,,0
3209,2,1,OUT,SALE,3,2025-11-07,0,,0
3210,2,1,OUT,SALE,3,2025-11-08,0,,0
3211,2,1,OUT,SALE,3,2025-11-09,0,,0
3212,2,1,OUT,SALE,2,2025-11-10,0,,0
3213,2,1,OUT,SALE,3,2025-11-11,0,,0
3214,2,1,OUT,SALE,3,2025-11-12,0,,0
3215,2,1,OUT,SALE,2,2025-11-13,0,,0
3216,2,1,OUT,SALE,3,2025-11-14,0,,0
3217,2,1,OUT,SALE,3,2025-11-15,0,,0
3218,2,1,OUT,SALE,3,2025-11-16,0,,0
3219,2,1,OUT,SALE,3,2025-11-17,0,,0
3220,2,1,OUT,SALE,3,2025-11-18,0,,0
3221,2,1,OUT,SALE,2,2025-11-19,0,,0
3222,2,1,OUT,SALE,2,2025-11-20,0,,0
3223,2,1,OUT,SALE,2,2025-11-21,0,,0
3224,2,1,OUT,SALE,2,2025-11-22,0,,0
3225,2,1,OUT,SALE,3,2025-11-23,0,,0
3226,2,1,OUT,SALE,3,2025-11-24,0,,0
3227,2,1,OUT,SALE,2,2025-11-25,0,,0
3228,2,1,OUT,SALE,2,2025-11-26,0,,0
3229,2,1,OUT,SALE,2,2025-11-27,0,,0
3230,2,1,OUT,SALE,6,2025-11-28,0,,0
3231,2,1,OUT,SALE,7,2025-11-29,0,,0
3232,2,1,OUT,SALE,7,2025-11-30,0,,0
3233,2,1,OUT,SALE,1,2025-12-01,0,,0
3234,2,1,OUT,SALE,1,2025-12-02,0,,0
3235,2,1,OUT,SALE,1,2025-12-03,0,,0
3236,2,1,OUT,SALE,1,2025-12-04,0,,0
3237,2,1,OUT,SALE,1,2025-12-05,0,,0
3238,2,1,OUT,SALE,1,2025-12-06,0,,0
3239,2,1,OUT,SALE,1,2025-12-07,0,,0
3240,2,1,OUT,SALE,1,2025-12-08,0,,0
3241,2,1,OUT,SALE,1,2025-12-09,0,,0
3242,2,1,OUT,SALE,1,2025-12-10,0,,0
3243,2,1,OUT,SALE,1,2025-12-11,0,,0
3244,2,1,OUT,SALE,1,2025-12-12,0,,0
3245,2,1,OUT,SALE,1,2025-12-13,0,,0
3246,2,1,OUT,SALE,1,2025-12-14,0,,0
3247,2,1,OUT,SALE,1,2025-12-15,0,,0
3248,2,1,OUT,SALE,1,2025-12-16,0,,0
3249,2,1,OUT,SALE,1,2025-12-17,0,,0
3250,2,1,OUT,SALE,1,2025-12-18,0,,0
3251,2,1,OUT,SALE,1,2025-12-19,0,,0
3252,2,1,OUT,SALE,1,2025-12-20,0,,0
3253,2,1,OUT,SALE,1,2025-12-21,0,,0
3254,2,1,OUT,SALE,1,2025-12-22,0,,0
3255,2,1,OUT,SALE,1,2025-12-23,0,,0
3256,2,1,OUT,SALE,2,2025-12-24,0,,0
3257,2,1,OUT,SALE,2,2025-12-25,0,,0
3258,2,1,OUT,SALE,2,2025-12-26,0,,0
3259,2,1,OUT,SALE,1,2025-12-27,0,,0
3260,2,1,OUT,SALE,1,2025-12-28,0,,0
3261,2,1,OUT,SALE,1,2025-12-29,0,,0
3262,2,1,OUT,SALE,1,2025-12-30,0,,0
3263,2,1,OUT,SALE,1,2025-12-31,0,,0
3264,2,2,OUT,SALE,1,2025-01-25,0,,0
3265,2,2,OUT,SALE,1,2025-01-26,0,,0
3266,2,2,OUT,SALE,1,2025-01-27,0,,0
3267,2,2,OUT,SALE,1,2025-02-01,0,,0
3268,2,2,OUT,SALE,1,2025-02-02,0,,0
3269,2,2,OUT,SALE,1,2025-02-03,0,,0
3270,2,2,OUT,DAMAGE,7,2025-02-04,1,OFF_HOURS_BULK,0
3271,2,2,OUT,SALE,1,2025-02-05,0,,0
3272,2,2,OUT,SALE,1,2025-02-06,0,,0
3273,2,2,OUT,SALE,1,2025-02-07,0,,0
3274,2,2,OUT,SALE,1,2025-02-08,0,,0
3275,2,2,OUT,SALE,1,2025-02-09,0,,0
3276,2,2,OUT,SALE,1,2025-02-10,0,,0
3277,2,2,OUT,SALE,1,2025-02-11,0,,0
3278,2,2,OUT,SALE,1,2025-02-12,0,,0
3279,2,2,OUT,SALE,1,2025-02-14,0,,0
3280,2,2,OUT,SALE,1,2025-02-15,0,,0
3281,2,2,OUT,SALE,1,2025-02-16,0,,0
3282,2,2,OUT,SALE,1,2025-02-17,0,,0
3283,2,2,OUT,SALE,1,2025-02-18,0,,0
3284,2,2,OUT,SALE,1,2025-02-19,0,,0
3285,2,2,OUT,SALE,1,2025-02-20,0,,0
3286,2,2,OUT,SALE,1,2025-02-22,0,,0
3287,2,2,OUT,SALE,1,2025-02-23,0,,0
3288,2,2,OUT,SALE,1,2025-02-24,0,,0
3289,2,2,OUT,SALE,1,2025-02-25,0,,0
3290,2,2,OUT,SALE,1,2025-02-26,0,,0
3291,2,2,OUT,SALE,1,2025-02-27,0,,0
3292,2,2,OUT,SALE,1,2025-02-28,0,,0
3293,2,2,OUT,SALE,1,2025-03-01,0,,0
3294,2,2,OUT,SALE,2,2025-03-02,0,,0
3295,2,2,OUT,SALE,2,2025-03-03,0,,0
3296,2,2,OUT,SALE,2,2025-03-04,0,,0
3297,2,2,OUT,SALE,2,2025-03-05,0,,0
3298,2,2,OUT,SALE,1,2025-03-06,0,,0
3299,2,2,OUT,SALE,2,2025-03-07,0,,0
3300,2,2,OUT,SALE,2,2025-03-08,0,,0
3301,2,2,OUT,SALE,2,2025-03-09,0,,0
3302,2,2,OUT,SALE,2,2025-03-10,0,,0
3303,2,2,OUT,SALE,1,2025-03-11,0,,0
3304,2,2,OUT,SALE,1,2025-03-12,0,,0
3305,2,2,OUT,SALE,2,2025-03-13,0,,0
3306,2,2,OUT,SALE,2,2025-03-14,0,,0
3307,2,2,OUT,SALE,2,2025-03-15,0,,0
3308,2,2,OUT,SALE,2,2025-03-16,0,,0
3309,2,2,OUT,SALE,1,2025-03-17,0,,0
3310,2,2,OUT,SALE,2,2025-03-18,0,,0
3311,2,2,OUT,SALE,2,2025-03-19,0,,0
3312,2,2,OUT,SALE,1,2025-03-20,0,,0
3313,2,2,OUT,SALE,1,2025-03-21,0,,0
3314,2,2,OUT,SALE,1,2025-03-22,0,,0
3315,2,2,OUT,SALE,2,2025-03-23,0,,0
3316,2,2,OUT,SALE,2,2025-03-24,0,,0
3317,2,2,OUT,SALE,1,2025-03-25,0,,0
3318,2,2,OUT,SALE,1,2025-03-26,0,,0
3319,2,2,OUT,SALE,1,2025-03-27,0,,0
3320,2,2,OUT,SALE,2,2025-03-28,0,,0
3321,2,2,OUT,SALE,2,2025-03-29,0,,0
3322,2,2,OUT,SALE,2,2025-03-30,0,,0
3323,2,2,OUT,SALE,2,2025-03-31,0,,0
3324,2,2,OUT,SALE,3,2025-04-01,0,,0
3325,2,2,OUT,SALE,3,2025-04-02,0,,0
3326,2,2,OUT,SALE,3,2025-04-03,0,,0
3327,2,2,OUT,SALE,3,2025-04-04,0,,0
3328,2,2,OUT,SALE,3,2025-04-05,0,,0
3329,2,2,OUT,SALE,3,2025-04-06,0,,0
3330,2,2,OUT,SALE,2,2025-04-07,0,,0
3331,2,2,OUT,SALE,3,2025-04-08,0,,0
3332,2,2,OUT,SALE,3,2025-04-09,0,,0
3333,2,2,OUT,SALE,2,2025-04-10,0,,0
3334,2,2,OUT,SALE,3,2025-04-11,0,,0
3335,2,2,OUT,SALE,3,2025-04-12,0,,0
3336,2,2,OUT,SALE,4,2025-04-13,0,,0
3337,2,2,OUT,SALE,2,2025-04-14,0,,0
3338,2,2,OUT,SALE,2,2025-04-15,0,,0
3339,2,2,OUT,SALE,3,2025-04-16,0,,0
3340,2,2,OUT,SALE,2,2025-04-17,0,,0
3341,2,2,OUT,SALE,3,2025-04-18,0,,0
3342,2,2,OUT,SALE,3,2025-04-19,0,,0
3343,2,2,OUT,SALE,3,2025-04-20,0,,0
3344,2,2,OUT,SALE,3,2025-04-21,0,,0
3345,2,2,OUT,SALE,3,2025-04-22,0,,0
3346,2,2,OUT,SALE,3,2025-04-23,0,,0
3347,2,2,OUT,SALE,2,2025-04-24,0,,0
3348,2,2,OUT,DAMAGE,6,2025-04-25,1,REPEATED_LOSS,0
3349,2,2,OUT,SALE,3,2025-04-26,0,,0
3350,2,2,OUT,SALE,3,2025-04-27,0,,0
3351,2,2,OUT,SALE,2,2025-04-28,0,,0
3352,2,2,OUT,SALE,3,2025-04-29,0,,0
3353,2,2,OUT,SALE,3,2025-04-30,0,,0
3354,2,2,OUT,SALE,4,2025-05-01,0,,0
3355,2,2,OUT,SALE,4,2025-05-02,0,,0
3356,2,2,OUT,SALE,5,2025-05-03,0,,0
3357,2,2,OUT,SALE,5,2025-05-04,0,,0
3358,2,2,OUT,SALE,4,2025-05-05,0,,0
3359,2,2,OUT,SALE,0,2025-05-06,1,DATA_ERROR,0
3360,2,2,OUT,SALE,4,2025-05-07,0,,0
3361,2,2,OUT,SALE,4,2025-05-08,0,,0
3362,2,2,OUT,SALE,4,2025-05-09,0,,0
3363,2,2,OUT,SALE,5,2025-05-10,0,,0
3364,2,2,OUT,SALE,5,2025-05-11,0,,0
3365,2,2,OUT,SALE,4,2025-05-12,0,,0
3366,2,2,OUT,SALE,4,2025-05-13,0,,0
3367,2,2,OUT,SALE,4,2025-05-14,0,,0
3368,2,2,OUT,SALE,3,2025-05-15,0,,0
3369,2,2,OUT,SALE,4,2025-05-16,0,,0
3370,2,2,OUT,SALE,3,2025-05-17,0,,0
3371,2,2,OUT,SALE,5,2025-05-18,0,,0
3372,2,2,OUT,SALE,4,2025-05-19,0,,0
3373,2,2,OUT,SALE,4,2025-05-20,0,,0
3374,2,2,OUT,SALE,4,2025-05-21,0,,0
3375,2,2,OUT,SALE,5,2025-05-22,0,,0
3376,2,2,OUT,SALE,4,2025-05-23,0,,0
3377,2,2,OUT,SALE,5,2025-05-24,0,,0
3378,2,2,OUT,SALE,5,2025-05-25,0,,0
3379,2,2,OUT,SALE,4,2025-05-26,0,,0
3380,2,2,OUT,SALE,3,2025-05-27,0,,0
3381,2,2,OUT,SALE,4,2025-05-28,0,,0
3382,2,2,OUT,SALE,4,2025-05-29,0,,0
3383,2,2,OUT,SALE,4,2025-05-30,0,,0
3384,2,2,OUT,SALE,5,2025-05-31,0,,0
3385,2,2,OUT,SALE,6,2025-06-01,0,,0
3386,2,2,OUT,SALE,5,2025-06-02,0,,0
3387,2,2,OUT,SALE,5,2025-06-03,0,,0
3388,2,2,OUT,SALE,5,2025-06-04,0,,0
3389,2,2,OUT,SALE,5,2025-06-05,0,,0
3390,2,2,OUT,SALE,5,2025-06-06,0,,0
3391,2,2,OUT,SALE,6,2025-06-07,0,,0
3392,2,2,OUT,SALE,5,2025-06-08,0,,0
3393,2,2,OUT,SALE,6,2025-06-09,0,,0
3394,2,2,OUT,SALE,4,2025-06-10,0,,0
3395,2,2,OUT,SALE,5,2025-06-11,0,,0
3396,2,2,OUT,SALE,5,2025-06-12,0,,0
3397,2,2,OUT,SALE,5,2025-06-13,0,,0
3398,2,2,OUT,SALE,6,2025-06-14,0,,0
3399,2,2,OUT,SALE,5,2025-06-15,0,,0
3400,2,2,OUT,SALE,4,2025-06-16,0,,0
3401,2,2,OUT,SALE,4,2025-06-17,0,,0
3402,2,2,OUT,SALE,6,2025-06-18,0,,0
3403,2,2,OUT,SALE,5,2025-06-19,0,,0
3404,2,2,OUT,SALE,4,2025-06-20,0,,0
3405,2,2,OUT,SALE,5,2025-06-21,0,,0
3406,2,2,OUT,SALE,6,2025-06-22,0,,0
3407,2,2,OUT,SALE,5,2025-06-23,0,,0
3408,2,2,OUT,SALE,5,2025-06-24,0,,0
3409,2,2,OUT,SALE,4,2025-06-25,0,,0
3410,2,2,OUT,SALE,4,2025-06-26,0,,0
3411,2,2,OUT,SALE,6,2025-06-27,0,,0
3412,2,2,OUT,SALE,7,2025-06-28,0,,0
3413,2,2,OUT,SALE,5,2025-06-29,0,,0
3414,2,2,OUT,SALE,6,2025-06-30,0,,0
3415,2,2,OUT,SALE,5,2025-07-01,0,,0
3416,2,2,OUT,SALE,6,2025-07-02,0,,0
3417,2,2,OUT,SALE,6,2025-07-03,0,,0
3418,2,2,OUT,SALE,5,2025-07-04,0,,0
3419,2,2,OUT,SALE,6,2025-07-05,0,,0
3420,2,2,OUT,SALE,7,2025-07-06,0,,0
3421,2,2,OUT,SALE,5,2025-07-07,0,,0
3422,2,2,OUT,SALE,6,2025-07-08,0,,0
3423,2,2,OUT,SALE,5,2025-07-09,0,,0
3424,2,2,OUT,SALE,5,2025-07-10,0,,0
3425,2,2,OUT,SALE,5,2025-07-11,0,,0
3426,2,2,OUT,SALE,5,2025-07-12,0,,0
3427,2,2,OUT,SALE,6,2025-07-13,0,,0
3428,2,2,OUT,SALE,5,2025-07-14,0,,0
3429,2,2,OUT,SALE,5,2025-07-15,0,,0
3430,2,2,OUT,SALE,5,2025-07-16,0,,0
3431,2,2,OUT,SALE,5,2025-07-17,0,,0
3432,2,2,OUT,SALE,5,2025-07-18,0,,0
3433,2,2,OUT,SALE,6,2025-07-19,0,,0
3434,2,2,OUT,SALE,12,2025-07-20,0,,1
3435,2,2,OUT,SALE,13,2025-07-21,0,,1
3436,2,2,OUT,SALE,12,2025-07-22,0,,1
3437,2,2,OUT,SALE,14,2025-07-23,0,,1
3438,2,2,OUT,SALE,15,2025-07-24,0,,1
3439,2,2,OUT,SALE,11,2025-07-25,0,,1
3440,2,2,OUT,SALE,6,2025-07-26,0,,0
3441,2,2,OUT,SALE,6,2025-07-27,0,,0
3442,2,2,OUT,SALE,6,2025-07-28,0,,0
3443,2,2,OUT,SALE,6,2025-07-29,0,,0
3444,2,2,OUT,SALE,5,2025-07-30,0,,0
3445,2,2,OUT,SALE,5,2025-07-31,0,,0
3446,2,2,OUT,SALE,5,2025-08-01,0,,0
3447,2,2,OUT,SALE,6,2025-08-02,0,,0
3448,2,2,OUT,SALE,7,2025-08-03,0,,0
3449,2,2,OUT,SALE,5,2025-08-04,0,,0
3450,2,2,OUT,SALE,4,2025-08-05,0,,0
3451,2,2,OUT,SALE,5,2025-08-06,0,,0
3452,2,2,OUT,SALE,4,2025-08-07,0,,0
3453,2,2,OUT,SALE,5,2025-08-08,0,,0
3454,2,2,OUT,SALE,6,2025-08-09,0,,0
3455,2,2,OUT,SALE,6,2025-08-10,0,,0
3456,2,2,OUT,SALE,5,2025-08-11,0,,0
3457,2,2,OUT,SALE,5,2025-08-12,0,,0
3458,2,2,OUT,SALE,3,2025-08-13,0,,0
3459,2,2,OUT,SALE,5,2025-08-14,0,,0
3460,2,2,OUT,SALE,5,2025-08-15,0,,0
3461,2,2,OUT,SALE,7,2025-08-16,0,,0
3462,2,2,OUT,SALE,6,2025-08-17,0,,0
3463,2,2,OUT,SALE,5,2025-08-18,0,,0
3464,2,2,OUT,SALE,5,2025-08-19,0,,0
3465,2,2,OUT,SALE,6,2025-08-20,0,,0
3466,2,2,OUT,SALE,5,2025-08-21,0,,0
3467,2,2,OUT,SALE,6,2025-08-22,0,,0
3468,2,2,OUT,SALE,5,2025-08-23,0,,0
3469,2,2,OUT,SALE,6,2025-08-24,0,,0
3470,2,2,OUT,SALE,5,2025-08-25,0,,0
3471,2,2,OUT,SALE,5,2025-08-26,0,,0
3472,2,2,OUT,SALE,5,2025-08-27,0,,0
3473,2,2,OUT,SALE,5,2025-08-28,0,,0
3474,2,2,OUT,SALE,6,2025-08-29,0,,0
3475,2,2,OUT,SALE,6,2025-08-30,0,,0
3476,2,2,OUT,SALE,5,2025-08-31,0,,0
3477,2,2,OUT,SALE,4,2025-09-01,0,,0
3478,2,2,OUT,SALE,5,2025-09-02,0,,0
3479,2,2,OUT,SALE,4,2025-09-03,0,,0
3480,2,2,OUT,SALE,5,2025-09-04,0,,0
3481,2,2,OUT,SALE,3,2025-09-05,0,,0
3482,2,2,OUT,SALE,5,2025-09-06,0,,0
3483,2,2,OUT,SALE,5,2025-09-07,0,,0
3484,2,2,OUT,SALE,5,2025-09-08,0,,0
3485,2,2,OUT,SALE,4,2025-09-09,0,,0
3486,2,2,OUT,SALE,4,2025-09-10,0,,0
3487,2,2,OUT,SALE,4,2025-09-11,0,,0
3488,2,2,OUT,SALE,5,2025-09-12,0,,0
3489,2,2,OUT,SALE,4,2025-09-13,0,,0
3490,2,2,OUT,SALE,3,2025-09-14,0,,0
3491,2,2,OUT,SALE,4,2025-09-15,0,,0
3492,2,2,OUT,SALE,4,2025-09-16,0,,0
3493,2,2,OUT,SALE,3,2025-09-17,0,,0
3494,2,2,OUT,SALE,4,2025-09-18,0,,0
3495,2,2,OUT,SALE,3,2025-09-19,0,,0
3496,2,2,OUT,SALE,4,2025-09-20,0,,0
3497,2,2,OUT,SALE,5,2025-09-21,0,,0
3498,2,2,OUT,SALE,3,2025-09-22,0,,0
3499,2,2,OUT,SALE,4,2025-09-23,0,,0
3500,2,2,OUT,SALE,5,2025-09-24,0,,0
3501,2,2,OUT,SALE,4,2025-09-25,0,,0
3502,2,2,OUT,SALE,4,2025-09-26,0,,0
3503,2,2,OUT,SALE,5,2025-09-27,0,,0
3504,2,2,OUT,SALE,5,2025-09-28,0,,0
3505,2,2,OUT,SALE,3,2025-09-29,0,,0
3506,2,2,OUT,SALE,8,2025-09-30,0,,0
3507,2,2,OUT,SALE,5,2025-10-01,0,,0
3508,2,2,OUT,SALE,5,2025-10-02,0,,0
3509,2,2,OUT,SALE,6,2025-10-03,0,,0
3510,2,2,OUT,SALE,3,2025-10-04,0,,0
3511,2,2,OUT,SALE,3,2025-10-05,0,,0
3512,2,2,OUT,SALE,3,2025-10-06,0,,0
3513,2,2,OUT,SALE,3,2025-10-07,0,,0
3514,2,2,OUT,SALE,3,2025-10-08,0,,0
3515,2,2,OUT,SALE,3,2025-10-09,0,,0
3516,2,2,OUT,SALE,3,2025-10-10,0,,0
3517,2,2,OUT,SALE,3,2025-10-11,0,,0
3518,2,2,OUT,SALE,3,2025-10-12,0,,0
3519,2,2,OUT,SALE,3,2025-10-13,0,,0
3520,2,2,OUT,SALE,3,2025-10-14,0,,0
3521,2,2,OUT,SALE,2,2025-10-15,0,,0
3522,2,2,OUT,SALE,3,2025-10-16,0,,0
3523,2,2,OUT,SALE,3,2025-10-17,0,,0
3524,2,2,OUT,SALE,4,2025-10-18,0,,0
3525,2,2,OUT,SALE,3,2025-10-19,0,,0
3526,2,2,OUT,SALE,3,2025-10-20,0,,0
3527,2,2,OUT,SALE,3,2025-10-21,0,,0
3528,2,2,OUT,SALE,2,2025-10-22,0,,0
3529,2,2,OUT,SALE,3,2025-10-23,0,,0
3530,2,2,OUT,SALE,3,2025-10-24,0,,0
3531,2,2,OUT,SALE,3,2025-10-25,0,,0
3532,2,2,OUT,SALE,3,2025-10-26,0,,0
3533,2,2,OUT,SALE,3,2025-10-27,0,,0
3534,2,2,OUT,SALE,3,2025-10-28,0,,0
3535,2,2,OUT,SALE,2,2025-10-29,0,,0
3536,2,2,OUT,SALE,3,2025-10-30,0,,0
3537,2,2,OUT,SALE,3,2025-10-31,0,,0
3538,2,2,OUT,SALE,2,2025-11-01,0,,0
3539,2,2,OUT,SALE,2,2025-11-02,0,,0
3540,2,2,OUT,SALE,2,2025-11-03,0,,0
3541,2,2,OUT,SALE,1,2025-11-04,0,,0
3542,2,2,OUT,SALE,2,2025-11-05,0,,0
3543,2,2,OUT,SALE,2,2025-11-06,0,,0
3544,2,2,OUT,SALE,1,2025-11-07,0,,0
3545,2,2,OUT,SALE,2,2025-11-08,0,,0
3546,2,2,OUT,SALE,2,2025-11-09,0,,0
3547,2,2,OUT,SALE,1,2025-11-10,0,,0
3548,2,2,OUT,SALE,2,2025-11-11,0,,0
3549,2,2,OUT,SALE,2,2025-11-12,0,,0
3550,2,2,OUT,SALE,2,2025-11-13,0,,0
3551,2,2,OUT,SALE,1,2025-11-14,0,,0
3552,2,2,OUT,SALE,2,2025-11-15,0,,0
3553,2,2,OUT,SALE,1,2025-11-16,0,,0
3554,2,2,OUT,SALE,2,2025-11-17,0,,0
3555,2,2,OUT,SALE,1,2025-11-18,0,,0
3556,2,2,OUT,SALE,2,2025-11-19,0,,0
3557,2,2,OUT,SALE,1,2025-11-20,0,,0
3558,2,2,OUT,SALE,2,2025-11-21,0,,0
3559,2,2,OUT,SALE,2,2025-11-22,0,,0
3560,2,2,OUT,SALE,2,2025-11-23,0,,0
3561,2,2,OUT,SALE,1,2025-11-24,0,,0
3562,2,2,OUT,SALE,2,2025-11-25,0,,0
3563,2,2,OUT,SALE,2,2025-11-26,0,,0
3564,2,2,OUT,SALE,1,2025-11-27,0,,0
3565,2,2,OUT,SALE,4,2025-11-28,0,,0
3566,2,2,OUT,DAMAGE,24,2025-11-29,1,OFF_HOURS_BULK,1
3567,2,2,OUT,SALE,4,2025-11-30,0,,0
3568,2,2,OUT,SALE,1,2025-12-01,0,,0
3569,2,2,OUT,SALE,1,2025-12-02,0,,0
3570,2,2,OUT,SALE,1,2025-12-03,0,,0
3571,2,2,OUT,SALE,1,2025-12-04,0,,0
3572,2,2,OUT,SALE,1,2025-12-05,0,,0
3573,2,2,OUT,SALE,1,2025-12-06,0,,0
3574,2,2,OUT,SALE,1,2025-12-07,0,,0
3575,2,2,OUT,SALE,1,2025-12-08,0,,0
3576,2,2,OUT,SALE,1,2025-12-09,0,,0
3577,2,2,OUT,SALE,1,2025-12-10,0,,0
3578,2,2,OUT,SALE,1,2025-12-11,0,,0
3579,2,2,OUT,SALE,1,2025-12-12,0,,0
3580,2,2,OUT,SALE,1,2025-12-13,0,,0
3581,2,2,OUT,SALE,1,2025-12-14,0,,0
3582,2,2,OUT,SALE,1,2025-12-16,0,,0
3583,2,2,OUT,SALE,1,2025-12-17,0,,0
3584,2,2,OUT,SALE,1,2025-12-18,0,,0
3585,2,2,OUT,SALE,1,2025-12-19,0,,0
3586,2,2,OUT,SALE,1,2025-12-20,0,,0
3587,2,2,OUT,SALE,1,2025-12-21,0,,0
3588,2,2,OUT,DAMAGE,4,2025-12-22,1,OFF_HOURS_BULK,0
3589,2,2,OUT,SALE,1,2025-12-23,0,,0
3590,2,2,OUT,SALE,1,2025-12-24,0,,0
3591,2,2,OUT,SALE,1,2025-12-25,0,,0
3592,2,2,OUT,SALE,1,2025-12-26,0,,0
3593,2,2,OUT,SALE,1,2025-12-27,0,,0
3594,2,2,OUT,SALE,1,2025-12-28,0,,0
3595,2,2,OUT,SALE,1,2025-12-29,0,,0
3596,2,2,OUT,SALE,1,2025-12-30,0,,0
3597,2,2,OUT,SALE,1,2025-12-31,0,,0
3598,2,3,OUT,SALE,6,2025-01-01,0,,0
3599,2,3,OUT,SALE,6,2025-01-02,0,,0
3600,2,3,OUT,SALE,7,2025-01-03,0,,0
3601,2,3,OUT,SALE,7,2025-01-04,0,,0
3602,2,3,OUT,SALE,8,2025-01-05,0,,0
3603,2,3,OUT,SALE,7,2025-01-06,0,,0
3604,2,3,OUT,SALE,7,2025-01-07,0,,0
3605,2,3,OUT,SALE,8,2025-01-08,0,,0
3606,2,3,OUT,SALE,6,2025-01-09,0,,0
3607,2,3,OUT,SALE,8,2025-01-10,0,,0
3608,2,3,OUT,SALE,7,2025-01-11,0,,0
3609,2,3,OUT,SALE,10,2025-01-12,0,,0
3610,2,3,OUT,SALE,8,2025-01-13,0,,0
3611,2,3,OUT,SALE,7,2025-01-14,0,,0
3612,2,3,OUT,SALE,6,2025-01-15,0,,0
3613,2,3,OUT,SALE,6,2025-01-16,0,,0
3614,2,3,OUT,SALE,8,2025-01-17,0,,0
3615,2,3,OUT,SALE,8,2025-01-18,0,,0
3616,2,3,OUT,SALE,9,2025-01-19,0,,0
3617,2,3,OUT,SALE,9,2025-01-20,0,,0
3618,2,3,OUT,SALE,6,2025-01-21,0,,0
3619,2,3,OUT,SALE,6,2025-01-22,0,,0
3620,2,3,OUT,SALE,7,2025-01-23,0,,0
3621,2,3,OUT,SALE,8,2025-01-24,0,,0
3622,2,3,OUT,SALE,13,2025-01-25,0,,0
3623,2,3,OUT,SALE,14,2025-01-26,0,,0
3624,2,3,OUT,SALE,14,2025-01-27,0,,0
3625,2,3,OUT,SALE,10,2025-01-28,0,,0
3626,2,3,OUT,SALE,7,2025-01-29,0,,0
3627,2,3,OUT,SALE,6,2025-01-30,0,,0
3628,2,3,OUT,SALE,7,2025-01-31,0,,0
3629,2,3,OUT,SALE,6,2025-02-01,0,,0
3630,2,3,OUT,SALE,5,2025-02-02,0,,0
3631,2,3,OUT,SALE,4,2025-02-03,0,,0
3632,2,3,OUT,SALE,4,2025-02-04,0,,0
3633,2,3,OUT,SALE,5,2025-02-05,0,,0
3634,2,3,OUT,SALE,5,2025-02-06,0,,0
3635,2,3,OUT,SALE,5,2025-02-07,0,,0
3636,2,3,OUT,SALE,5,2025-02-08,0,,0
3637,2,3,OUT,SALE,6,2025-02-09,0,,0
3638,2,3,OUT,SALE,4,2025-02-10,0,,0
3639,2,3,OUT,SALE,4,2025-02-11,0,,0
3640,2,3,OUT,SALE,5,2025-02-12,0,,0
3641,2,3,OUT,SALE,5,2025-02-13,0,,0
3642,2,3,OUT,SALE,4,2025-02-14,0,,0
3643,2,3,OUT,SALE,5,2025-02-15,0,,0
3644,2,3,OUT,SALE,5,2025-02-16,0,,0
3645,2,3,OUT,SALE,5,2025-02-17,0,,0
3646,2,3,OUT,SALE,5,2025-02-18,0,,0
3647,2,3,OUT,SALE,4,2025-02-19,0,,0
3648,2,3,OUT,SALE,4,2025-02-20,0,,0
3649,2,3,OUT,SALE,4,2025-02-21,0,,0
3650,2,3,OUT,SALE,4,2025-02-22,0,,0
3651,2,3,OUT,SALE,5,2025-02-23,0,,0
3652,2,3,OUT,SALE,4,2025-02-24,0,,0
3653,2,3,OUT,SALE,4,2025-02-25,0,,0
3654,2,3,OUT,SALE,4,2025-02-26,0,,0
3655,2,3,OUT,SALE,5,2025-02-27,0,,0
3656,2,3,OUT,SALE,4,2025-02-28,0,,0
3657,2,3,OUT,SALE,8,2025-03-01,0,,0
3658,2,3,OUT,SALE,8,2025-03-02,0,,0
3659,2,3,OUT,SALE,6,2025-03-03,0,,0
3660,2,3,OUT,SALE,7,2025-03-04,0,,0
3661,2,3,OUT,SALE,7,2025-03-05,0,,0
3662,2,3,OUT,SALE,7,2025-03-06,0,,0
3663,2,3,OUT,SALE,6,2025-03-07,0,,0
3664,2,3,OUT,SALE,8,2025-03-08,0,,0
3665,2,3,OUT,SALE,9,2025-03-09,0,,0
3666,2,3,OUT,SALE,7,2025-03-10,0,,0
3667,2,3,OUT,SALE,7,2025-03-11,0,,0
3668,2,3,OUT,SALE,7,2025-03-12,0,,0
3669,2,3,OUT,SALE,7,2025-03-13,0,,0
3670,2,3,OUT,SALE,7,2025-03-14,0,,0
3671,2,3,OUT,SALE,8,2025-03-15,0,,0
3672,2,3,OUT,SALE,7,2025-03-16,0,,0
3673,2,3,OUT,SALE,6,2025-03-17,0,,0
3674,2,3,OUT,SALE,8,2025-03-18,0,,0
3675,2,3,OUT,SALE,7,2025-03-19,0,,0
3676,2,3,OUT,SALE,7,2025-03-20,0,,0
3677,2,3,OUT,SALE,7,2025-03-21,0,,0
3678,2,3,OUT,SALE,8,2025-03-22,0,,0
3679,2,3,OUT,SALE,7,2025-03-23,0,,0
3680,2,3,OUT,SALE,6,2025-03-24,0,,0
3681,2,3,OUT,SALE,6,2025-03-25,0,,0
3682,2,3,OUT,SALE,8,2025-03-26,0,,0
3683,2,3,OUT,SALE,6,2025-03-27,0,,0
3684,2,3,OUT,SALE,8,2025-03-28,0,,0
3685,2,3,OUT,SALE,8,2025-03-29,0,,0
3686,2,3,OUT,SALE,7,2025-03-30,0,,0
3687,2,3,OUT,SALE,6,2025-03-31,0,,0
3688,2,3,OUT,SALE,12,2025-04-01,0,,0
3689,2,3,OUT,SALE,16,2025-04-02,0,,0
3690,2,3,OUT,SALE,12,2025-04-03,0,,0
3691,2,3,OUT,SALE,17,2025-04-04,0,,0
3692,2,3,OUT,SALE,14,2025-04-05,0,,0
3693,2,3,OUT,SALE,17,2025-04-06,0,,0
3694,2,3,OUT,SALE,13,2025-04-07,0,,0
3695,2,3,OUT,SALE,13,2025-04-08,0,,0
3696,2,3,OUT,SALE,11,2025-04-09,0,,0
3697,2,3,OUT,SALE,13,2025-04-10,0,,0
3698,2,3,OUT,SALE,11,2025-04-11,0,,0
3699,2,3,OUT,SALE,12,2025-04-12,0,,0
3700,2,3,OUT,SALE,16,2025-04-13,0,,0
3701,2,3,OUT,SALE,12,2025-04-14,0,,0
3702,2,3,OUT,SALE,16,2025-04-15,0,,0
3703,2,3,OUT,SALE,15,2025-04-16,0,,0
3704,2,3,OUT,SALE,16,2025-04-17,0,,0
3705,2,3,OUT,SALE,12,2025-04-18,0,,0
3706,2,3,OUT,SALE,16,2025-04-19,0,,0
3707,2,3,OUT,SALE,11,2025-04-20,0,,0
3708,2,3,OUT,SALE,9999,2025-04-21,1,DATA_ERROR,1
3709,2,3,OUT,SALE,14,2025-04-22,0,,0
3710,2,3,OUT,SALE,14,2025-04-23,0,,0
3711,2,3,OUT,SALE,13,2025-04-24,0,,0
3712,2,3,OUT,SALE,13,2025-04-25,0,,0
3713,2,3,OUT,SALE,10,2025-04-26,0,,0
3714,2,3,OUT,SALE,16,2025-04-27,0,,0
3715,2,3,OUT,SALE,14,2025-04-28,0,,0
3716,2,3,OUT,SALE,15,2025-04-29,0,,0
3717,2,3,OUT,SALE,14,2025-04-30,0,,0
3718,2,3,OUT,SALE,22,2025-05-01,0,,0
3719,2,3,OUT,SALE,25,2025-05-02,0,,0
3720,2,3,OUT,SALE,18,2025-05-03,0,,0
3721,2,3,OUT,SALE,24,2025-05-04,0,,0
3722,2,3,OUT,SALE,20,2025-05-05,0,,0
3723,2,3,OUT,SALE,22,2025-05-06,0,,0
3724,2,3,OUT,SALE,16,2025-05-07,0,,0
3725,2,3,OUT,SALE,26,2025-05-08,0,,0
3726,2,3,OUT,SALE,22,2025-05-09,0,,0
3727,2,3,OUT,SALE,27,2025-05-10,0,,0
3728,2,3,OUT,SALE,26,2025-05-11,0,,0
3729,2,3,OUT,SALE,26,2025-05-12,0,,0
3730,2,3,OUT,SALE,17,2025-05-13,0,,0
3731,2,3,OUT,SALE,23,2025-05-14,0,,0
3732,2,3,OUT,SALE,25,2025-05-15,0,,0
3733,2,3,OUT,SALE,22,2025-05-16,0,,0
3734,2,3,OUT,SALE,23,2025-05-17,0,,0
3735,2,3,OUT,SALE,24,2025-05-18,0,,0
3736,2,3,OUT,SALE,21,2025-05-19,0,,0
3737,2,3,OUT,SALE,20,2025-05-20,0,,0
3738,2,3,OUT,SALE,22,2025-05-21,0,,0
3739,2,3,OUT,SALE,26,2025-05-22,0,,0
3740,2,3,OUT,SALE,21,2025-05-23,0,,0
3741,2,3,OUT,SALE,24,2025-05-24,0,,0
3742,2,3,OUT,SALE,27,2025-05-25,0,,0
3743,2,3,OUT,SALE,22,2025-05-26,0,,0
3744,2,3,OUT,SALE,19,2025-05-27,0,,0
3745,2,3,OUT,SALE,22,2025-05-28,0,,0
3746,2,3,OUT,SALE,22,2025-05-29,0,,0
3747,2,3,OUT,SALE,25,2025-05-30,0,,0
3748,2,3,OUT,SALE,23,2025-05-31,0,,0
3749,2,3,OUT,SALE,40,2025-06-01,0,,0
3750,2,3,OUT,SALE,31,2025-06-02,0,,0
3751,2,3,OUT,SALE,27,2025-06-03,0,,0
3752,2,3,OUT,SALE,26,2025-06-04,0,,0
3753,2,3,OUT,SALE,38,2025-06-05,0,,0
3754,2,3,OUT,SALE,31,2025-06-06,0,,0
3755,2,3,OUT,SALE,40,2025-06-07,0,,0
3756,2,3,OUT,SALE,28,2025-06-08,0,,0
3757,2,3,OUT,SALE,41,2025-06-09,0,,0
3758,2,3,OUT,SALE,34,2025-06-10,0,,0
3759,2,3,OUT,SALE,30,2025-06-11,0,,0
3760,2,3,OUT,SALE,30,2025-06-12,0,,0
3761,2,3,OUT,SALE,34,2025-06-13,0,,0
3762,2,3,OUT,SALE,39,2025-06-14,0,,0
3763,2,3,OUT,SALE,37,2025-06-15,0,,0
3764,2,3,OUT,SALE,31,2025-06-16,0,,0
3765,2,3,OUT,SALE,33,2025-06-17,0,,0
3766,2,3,OUT,SALE,25,2025-06-18,0,,0
3767,2,3,OUT,SALE,30,2025-06-19,0,,0
3768,2,3,OUT,SALE,25,2025-06-20,0,,0
3769,2,3,OUT,SALE,38,2025-06-21,0,,0
3770,2,3,OUT,SALE,33,2025-06-22,0,,0
3771,2,3,OUT,SALE,25,2025-06-23,0,,0
3772,2,3,OUT,SALE,28,2025-06-24,0,,0
3773,2,3,OUT,SALE,32,2025-06-25,0,,0
3774,2,3,OUT,SALE,30,2025-06-26,0,,0
3775,2,3,OUT,SALE,27,2025-06-27,0,,0
3776,2,3,OUT,SALE,28,2025-06-28,0,,0
3777,2,3,OUT,SALE,36,2025-06-29,0,,0
3778,2,3,OUT,SALE,29,2025-06-30,0,,0
3779,2,3,OUT,SALE,36,2025-07-01,0,,0
3780,2,3,OUT,SALE,37,2025-07-02,0,,0
3781,2,3,OUT,SALE,40,2025-07-03,0,,0
3782,2,3,OUT,SALE,41,2025-07-04,0,,0
3783,2,3,OUT,SALE,44,2025-07-05,0,,0
3784,2,3,OUT,SALE,42,2025-07-06,0,,0
3785,2,3,OUT,SALE,38,2025-07-07,0,,0
3786,2,3,OUT,SALE,36,2025-07-08,0,,0
3787,2,3,OUT,SALE,30,2025-07-09,0,,0
3788,2,3,OUT,SALE,43,2025-07-10,0,,0
3789,2,3,OUT,SALE,42,2025-07-11,0,,0
3790,2,3,OUT,SALE,54,2025-07-12,0,,0
3791,2,3,OUT,SALE,55,2025-07-13,0,,0
3792,2,3,OUT,SALE,32,2025-07-14,0,,0
3793,2,3,OUT,SALE,36,2025-07-15,0,,0
3794,2,3,OUT,SALE,49,2025-07-16,0,,0
3795,2,3,OUT,SALE,37,2025-07-17,0,,0
3796,2,3,OUT,SALE,39,2025-07-18,0,,0
3797,2,3,OUT,SALE,35,2025-07-19,0,,0
3798,2,3,OUT,SALE,97,2025-07-20,0,,0
3799,2,3,OUT,SALE,102,2025-07-21,0,,0
3800,2,3,OUT,SALE,96,2025-07-22,0,,0
3801,2,3,OUT,SALE,77,2025-07-23,0,,0
3802,2,3,OUT,SALE,79,2025-07-24,0,,0
3803,2,3,OUT,SALE,72,2025-07-25,0,,0
3804,2,3,OUT,SALE,39,2025-07-26,0,,0
3805,2,3,OUT,SALE,33,2025-07-27,0,,0
3806,2,3,OUT,SALE,37,2025-07-28,0,,0
3807,2,3,OUT,SALE,44,2025-07-29,0,,0
3808,2,3,OUT,SALE,39,2025-07-30,0,,0
3809,2,3,OUT,SALE,44,2025-07-31,0,,0
3810,2,3,OUT,SALE,45,2025-08-01,0,,0
3811,2,3,OUT,SALE,43,2025-08-02,0,,0
3812,2,3,OUT,SALE,42,2025-08-03,0,,0
3813,2,3,OUT,SALE,37,2025-08-04,0,,0
3814,2,3,OUT,SALE,32,2025-08-05,0,,0
3815,2,3,OUT,SALE,40,2025-08-06,0,,0
3816,2,3,OUT,DAMAGE,76,2025-08-07,1,REPEATED_LOSS,0
3817,2,3,OUT,SALE,43,2025-08-08,0,,0
3818,2,3,OUT,SALE,46,2025-08-09,0,,0
3819,2,3,OUT,SALE,49,2025-08-10,0,,0
3820,2,3,OUT,SALE,45,2025-08-11,0,,0
3821,2,3,OUT,SALE,41,2025-08-12,0,,0
3822,2,3,OUT,SALE,48,2025-08-13,0,,0
3823,2,3,OUT,SALE,43,2025-08-14,0,,0
3824,2,3,OUT,SALE,36,2025-08-15,0,,0
3825,2,3,OUT,SALE,45,2025-08-16,0,,0
3826,2,3,OUT,SALE,34,2025-08-17,0,,0
3827,2,3,OUT,SALE,36,2025-08-18,0,,0
3828,2,3,OUT,SALE,38,2025-08-19,0,,0
3829,2,3,OUT,SALE,43,2025-08-20,0,,0
3830,2,3,OUT,SALE,36,2025-08-21,0,,0
3831,2,3,OUT,SALE,34,2025-08-22,0,,0
3832,2,3,OUT,SALE,36,2025-08-23,0,,0
3833,2,3,OUT,SALE,43,2025-08-24,0,,0
3834,2,3,OUT,SALE,49,2025-08-25,0,,0
3835,2,3,OUT,SALE,41,2025-08-26,0,,0
3836,2,3,OUT,SALE,45,2025-08-27,0,,0
3837,2,3,OUT,SALE,36,2025-08-28,0,,0
3838,2,3,OUT,SALE,32,2025-08-29,0,,0
3839,2,3,OUT,SALE,39,2025-08-30,0,,0
3840,2,3,OUT,SALE,46,2025-08-31,0,,0
3841,2,3,OUT,SALE,29,2025-09-01,0,,0
3842,2,3,OUT,SALE,33,2025-09-02,0,,0
3843,2,3,OUT,SALE,35,2025-09-03,0,,0
3844,2,3,OUT,SALE,32,2025-09-04,0,,0
3845,2,3,OUT,SALE,28,2025-09-05,0,,0
3846,2,3,OUT,SALE,45,2025-09-06,0,,0
3847,2,3,OUT,SALE,44,2025-09-07,0,,0
3848,2,3,OUT,SALE,41,2025-09-08,0,,0
3849,2,3,OUT,SALE,33,2025-09-09,0,,0
3850,2,3,OUT,SALE,41,2025-09-10,0,,0
3851,2,3,OUT,SALE,45,2025-09-11,0,,0
3852,2,3,OUT,SALE,39,2025-09-12,0,,0
3853,2,3,OUT,SALE,40,2025-09-13,0,,0
3854,2,3,OUT,SALE,44,2025-09-14,0,,0
3855,2,3,OUT,SALE,35,2025-09-15,0,,0
3856,2,3,OUT,SALE,34,2025-09-16,0,,0
3857,2,3,OUT,SALE,41,2025-09-17,0,,0
3858,2,3,OUT,SALE,37,2025-09-18,0,,0
3859,2,3,OUT,SALE,43,2025-09-19,0,,0
3860,2,3,OUT,SALE,41,2025-09-20,0,,0
3861,2,3,OUT,SALE,42,2025-09-21,0,,0
3862,2,3,OUT,SALE,35,2025-09-22,0,,0
3863,2,3,OUT,SALE,33,2025-09-23,0,,0
3864,2,3,OUT,SALE,41,2025-09-24,0,,0
3865,2,3,OUT,SALE,48,2025-09-25,0,,0
3866,2,3,OUT,SALE,36,2025-09-26,0,,0
3867,2,3,OUT,SALE,40,2025-09-27,0,,0
3868,2,3,OUT,SALE,39,2025-09-28,0,,0
3869,2,3,OUT,SALE,35,2025-09-29,0,,0
3870,2,3,OUT,SALE,86,2025-09-30,0,,0
3871,2,3,OUT,SALE,54,2025-10-01,0,,0
3872,2,3,OUT,SALE,55,2025-10-02,0,,0
3873,2,3,OUT,SALE,50,2025-10-03,0,,0
3874,2,3,OUT,SALE,37,2025-10-04,0,,0
3875,2,3,OUT,SALE,36,2025-10-05,0,,0
3876,2,3,OUT,SALE,27,2025-10-06,0,,0
3877,2,3,OUT,SALE,28,2025-10-07,0,,0
3878,2,3,OUT,SALE,37,2025-10-08,0,,0
3879,2,3,OUT,SALE,31,2025-10-09,0,,0
3880,2,3,OUT,SALE,32,2025-10-10,0,,0
3881,2,3,OUT,SALE,36,2025-10-11,0,,0
3882,2,3,OUT,SALE,42,2025-10-12,0,,0
3883,2,3,OUT,SALE,27,2025-10-13,0,,0
3884,2,3,OUT,SALE,30,2025-10-14,0,,0
3885,2,3,OUT,SALE,31,2025-10-15,0,,0
3886,2,3,OUT,SALE,25,2025-10-16,0,,0
3887,2,3,OUT,SALE,28,2025-10-17,0,,0
3888,2,3,OUT,SALE,40,2025-10-18,0,,0
3889,2,3,OUT,SALE,39,2025-10-19,0,,0
3890,2,3,OUT,SALE,35,2025-10-20,0,,0
3891,2,3,OUT,SALE,29,2025-10-21,0,,0
3892,2,3,OUT,SALE,29,2025-10-22,0,,0
3893,2,3,OUT,SALE,24,2025-10-23,0,,0
3894,2,3,OUT,SALE,35,2025-10-24,0,,0
3895,2,3,OUT,SALE,41,2025-10-25,0,,0
3896,2,3,OUT,SALE,40,2025-10-26,0,,0
3897,2,3,OUT,DAMAGE,170,2025-10-27,1,OFF_HOURS_BULK,0
3898,2,3,OUT,SALE,33,2025-10-28,0,,0
3899,2,3,OUT,SALE,37,2025-10-29,0,,0
3900,2,3,OUT,SALE,30,2025-10-30,0,,0
3901,2,3,OUT,SALE,25,2025-10-31,0,,0
3902,2,3,OUT,SALE,28,2025-11-01,0,,0
3903,2,3,OUT,SALE,20,2025-11-02,0,,0
3904,2,3,OUT,SALE,23,2025-11-03,0,,0
3905,2,3,OUT,SALE,25,2025-11-04,0,,0
3906,2,3,OUT,SALE,23,2025-11-05,0,,0
3907,2,3,OUT,SALE,28,2025-11-06,0,,0
3908,2,3,OUT,SALE,17,2025-11-07,0,,0
3909,2,3,OUT,SALE,25,2025-11-08,0,,0
3910,2,3,OUT,SALE,26,2025-11-09,0,,0
3911,2,3,OUT,SALE,19,2025-11-10,0,,0
3912,2,3,OUT,SALE,19,2025-11-11,0,,0
3913,2,3,OUT,SALE,20,2025-11-12,0,,0
3914,2,3,OUT,SALE,19,2025-11-13,0,,0
3915,2,3,OUT,SALE,22,2025-11-14,0,,0
3916,2,3,OUT,SALE,24,2025-11-15,0,,0
3917,2,3,OUT,DAMAGE,137,2025-11-16,1,THEFT_SPIKE,0
3918,2,3,OUT,SALE,24,2025-11-17,0,,0
3919,2,3,OUT,SALE,24,2025-11-18,0,,0
3920,2,3,OUT,SALE,21,2025-11-19,0,,0
3921,2,3,OUT,SALE,23,2025-11-20,0,,0
3922,2,3,OUT,SALE,25,2025-11-21,0,,0
3923,2,3,OUT,SALE,27,2025-11-22,0,,0
3924,2,3,OUT,SALE,31,2025-11-23,0,,0
3925,2,3,OUT,SALE,25,2025-11-24,0,,0
3926,2,3,OUT,SALE,27,2025-11-25,0,,0
3927,2,3,OUT,SALE,16,2025-11-26,0,,0
3928,2,3,OUT,SALE,23,2025-11-27,0,,0
3929,2,3,OUT,SALE,53,2025-11-28,0,,0
3930,2,3,OUT,SALE,63,2025-11-29,0,,0
3931,2,3,OUT,SALE,58,2025-11-30,0,,0
3932,2,3,OUT,SALE,14,2025-12-01,0,,0
3933,2,3,OUT,SALE,10,2025-12-02,0,,0
3934,2,3,OUT,SALE,14,2025-12-03,0,,0
3935,2,3,OUT,SALE,12,2025-12-04,0,,0
3936,2,3,OUT,SALE,13,2025-12-05,0,,0
3937,2,3,OUT,SALE,16,2025-12-06,0,,0
3938,2,3,OUT,SALE,15,2025-12-07,0,,0
3939,2,3,OUT,SALE,15,2025-12-08,0,,0
3940,2,3,OUT,SALE,12,2025-12-09,0,,0
3941,2,3,OUT,SALE,13,2025-12-10,0,,0
3942,2,3,OUT,SALE,15,2025-12-11,0,,0
3943,2,3,OUT,SALE,14,2025-12-12,0,,0
3944,2,3,OUT,SALE,16,2025-12-13,0,,0
3945,2,3,OUT,SALE,17,2025-12-14,0,,0
3946,2,3,OUT,SALE,13,2025-12-15,0,,0
3947,2,3,OUT,SALE,12,2025-12-16,0,,0
3948,2,3,OUT,SALE,14,2025-12-17,0,,0
3949,2,3,OUT,SALE,13,2025-12-18,0,,0
3950,2,3,OUT,SALE,15,2025-12-19,0,,0
3951,2,3,OUT,SALE,16,2025-12-20,0,,0
3952,2,3,OUT,SALE,14,2025-12-21,0,,0
3953,2,3,OUT,SALE,14,2025-12-22,0,,0
3954,2,3,OUT,SALE,12,2025-12-23,0,,0
3955,2,3,OUT,SALE,25,2025-12-24,0,,0
3956,2,3,OUT,SALE,19,2025-12-25,0,,0
3957,2,3,OUT,SALE,26,2025-12-26,0,,0
3958,2,3,OUT,SALE,16,2025-12-27,0,,0
3959,2,3,OUT,SALE,15,2025-12-28,0,,0
3960,2,3,OUT,SALE,15,2025-12-29,0,,0
3961,2,3,OUT,SALE,14,2025-12-30,0,,0
3962,2,3,OUT,SALE,15,2025-12-31,0,,0
3963,2,4,OUT,SALE,2,2025-01-01,0,,0
3964,2,4,OUT,SALE,1,2025-01-02,0,,0
3965,2,4,OUT,SALE,1,2025-01-03,0,,0
3966,2,4,OUT,SALE,1,2025-01-04,0,,0
3967,2,4,OUT,SALE,2,2025-01-05,0,,0
3968,2,4,OUT,SALE,2,2025-01-06,0,,0
3969,2,4,OUT,SALE,1,2025-01-07,0,,0
3970,2,4,OUT,SALE,1,2025-01-08,0,,0
3971,2,4,OUT,SALE,2,2025-01-09,0,,0
3972,2,4,OUT,SALE,1,2025-01-10,0,,0
3973,2,4,OUT,SALE,1,2025-01-11,0,,0
3974,2,4,OUT,SALE,2,2025-01-12,0,,0
3975,2,4,OUT,SALE,1,2025-01-13,0,,0
3976,2,4,OUT,SALE,1,2025-01-14,0,,0
3977,2,4,OUT,SALE,2,2025-01-15,0,,0
3978,2,4,OUT,SALE,1,2025-01-16,0,,0
3979,2,4,OUT,SALE,1,2025-01-17,0,,0
3980,2,4,OUT,SALE,2,2025-01-18,0,,0
3981,2,4,OUT,SALE,2,2025-01-19,0,,0
3982,2,4,OUT,SALE,1,2025-01-20,0,,0
3983,2,4,OUT,SALE,1,2025-01-21,0,,0
3984,2,4,OUT,SALE,2,2025-01-22,0,,0
3985,2,4,OUT,SALE,2,2025-01-23,0,,0
3986,2,4,OUT,SALE,1,2025-01-24,0,,0
3987,2,4,OUT,SALE,3,2025-01-25,0,,0
3988,2,4,OUT,DAMAGE,8,2025-01-26,1,REPEATED_LOSS,1
3989,2,4,OUT,SALE,2,2025-01-27,0,,0
3990,2,4,OUT,SALE,2,2025-01-28,0,,0
3991,2,4,OUT,SALE,1,2025-01-29,0,,0
3992,2,4,OUT,SALE,2,2025-01-30,0,,0
3993,2,4,OUT,SALE,1,2025-01-31,0,,0
3994,2,4,OUT,SALE,1,2025-02-01,0,,0
3995,2,4,OUT,SALE,2,2025-02-02,0,,0
3996,2,4,OUT,SALE,1,2025-02-03,0,,0
3997,2,4,OUT,SALE,1,2025-02-04,0,,0
3998,2,4,OUT,SALE,1,2025-02-05,0,,0
3999,2,4,OUT,SALE,1,2025-02-06,0,,0
4000,2,4,OUT,SALE,1,2025-02-07,0,,0
4001,2,4,OUT,SALE,1,2025-02-08,0,,0
4002,2,4,OUT,SALE,1,2025-02-09,0,,0
4003,2,4,OUT,SALE,1,2025-02-10,0,,0
4004,2,4,OUT,SALE,1,2025-02-11,0,,0
4005,2,4,OUT,SALE,1,2025-02-12,0,,0
4006,2,4,OUT,SALE,1,2025-02-13,0,,0
4007,2,4,OUT,SALE,1,2025-02-14,0,,0
4008,2,4,OUT,SALE,1,2025-02-15,0,,0
4009,2,4,OUT,SALE,1,2025-02-16,0,,0
4010,2,4,OUT,SALE,1,2025-02-17,0,,0
4011,2,4,OUT,SALE,1,2025-02-18,0,,0
4012,2,4,OUT,SALE,1,2025-02-19,0,,0
4013,2,4,OUT,SALE,1,2025-02-20,0,,0
4014,2,4,OUT,SALE,1,2025-02-21,0,,0
4015,2,4,OUT,SALE,1,2025-02-22,0,,0
4016,2,4,OUT,SALE,1,2025-02-23,0,,0
4017,2,4,OUT,SALE,1,2025-02-24,0,,0
4018,2,4,OUT,SALE,1,2025-02-25,0,,0
4019,2,4,OUT,SALE,1,2025-02-26,0,,0
4020,2,4,OUT,SALE,1,2025-02-27,0,,0
4021,2,4,OUT,SALE,1,2025-02-28,0,,0
4022,2,4,OUT,SALE,1,2025-03-01,0,,0
4023,2,4,OUT,SALE,1,2025-03-02,0,,0
4024,2,4,OUT,SALE,1,2025-03-03,0,,0
4025,2,4,OUT,SALE,1,2025-03-04,0,,0
4026,2,4,OUT,SALE,1,2025-03-05,0,,0
4027,2,4,OUT,SALE,1,2025-03-06,0,,0
4028,2,4,OUT,SALE,1,2025-03-07,0,,0
4029,2,4,OUT,SALE,1,2025-03-08,0,,0
4030,2,4,OUT,SALE,1,2025-03-09,0,,0
4031,2,4,OUT,SALE,1,2025-03-10,0,,0
4032,2,4,OUT,SALE,1,2025-03-11,0,,0
4033,2,4,OUT,SALE,1,2025-03-12,0,,0
4034,2,4,OUT,SALE,1,2025-03-13,0,,0
4035,2,4,OUT,SALE,1,2025-03-14,0,,0
4036,2,4,OUT,SALE,1,2025-03-15,0,,0
4037,2,4,OUT,SALE,1,2025-03-16,0,,0
4038,2,4,OUT,SALE,1,2025-03-17,0,,0
4039,2,4,OUT,SALE,1,2025-03-18,0,,0
4040,2,4,OUT,SALE,1,2025-03-19,0,,0
4041,2,4,OUT,SALE,1,2025-03-20,0,,0
4042,2,4,OUT,SALE,1,2025-03-21,0,,0
4043,2,4,OUT,SALE,1,2025-03-22,0,,0
4044,2,4,OUT,SALE,1,2025-03-23,0,,0
4045,2,4,OUT,SALE,1,2025-03-24,0,,0
4046,2,4,OUT,SALE,1,2025-03-25,0,,0
4047,2,4,OUT,SALE,1,2025-03-26,0,,0
4048,2,4,OUT,SALE,1,2025-03-27,0,,0
4049,2,4,OUT,SALE,1,2025-03-28,0,,0
4050,2,4,OUT,SALE,1,2025-03-29,0,,0
4051,2,4,OUT,SALE,1,2025-03-30,0,,0
4052,2,4,OUT,SALE,1,2025-03-31,0,,0
4053,2,4,OUT,SALE,1,2025-04-01,0,,0
4054,2,4,OUT,SALE,1,2025-04-02,0,,0
4055,2,4,OUT,SALE,1,2025-04-03,0,,0
4056,2,4,OUT,DAMAGE,9,2025-04-04,1,THEFT_SPIKE,1
4057,2,4,OUT,SALE,1,2025-04-05,0,,0
4058,2,4,OUT,SALE,1,2025-04-06,0,,0
4059,2,4,OUT,SALE,1,2025-04-07,0,,0
4060,2,4,OUT,SALE,1,2025-04-08,0,,0
4061,2,4,OUT,SALE,1,2025-04-09,0,,0
4062,2,4,OUT,SALE,1,2025-04-10,0,,0
4063,2,4,OUT,SALE,1,2025-04-11,0,,0
4064,2,4,OUT,SALE,1,2025-04-12,0,,0
4065,2,4,OUT,SALE,1,2025-04-13,0,,0
4066,2,4,OUT,SALE,1,2025-04-14,0,,0
4067,2,4,OUT,SALE,1,2025-04-15,0,,0
4068,2,4,OUT,SALE,1,2025-04-16,0,,0
4069,2,4,OUT,SALE,1,2025-04-17,0,,0
4070,2,4,OUT,SALE,1,2025-04-18,0,,0
4071,2,4,OUT,SALE,1,2025-04-19,0,,0
4072,2,4,OUT,SALE,1,2025-04-20,0,,0
4073,2,4,OUT,SALE,1,2025-04-21,0,,0
4074,2,4,OUT,SALE,1,2025-04-22,0,,0
4075,2,4,OUT,SALE,1,2025-04-23,0,,0
4076,2,4,OUT,SALE,1,2025-04-24,0,,0
4077,2,4,OUT,SALE,1,2025-04-25,0,,0
4078,2,4,OUT,SALE,1,2025-04-26,0,,0
4079,2,4,OUT,SALE,1,2025-04-27,0,,0
4080,2,4,OUT,SALE,1,2025-04-28,0,,0
4081,2,4,OUT,SALE,1,2025-04-29,0,,0
4082,2,4,OUT,SALE,1,2025-04-30,0,,0
4083,2,4,OUT,SALE,1,2025-09-14,0,,0
4084,2,4,OUT,SALE,1,2025-09-21,0,,0
4085,2,4,OUT,SALE,1,2025-09-28,0,,0
4086,2,4,OUT,SALE,1,2025-09-30,0,,0
4087,2,4,OUT,SALE,1,2025-10-01,0,,0
4088,2,4,OUT,DAMAGE,4,2025-10-02,1,OFF_HOURS_BULK,0
4089,2,4,OUT,SALE,1,2025-10-03,0,,0
4090,2,4,OUT,SALE,1,2025-10-04,0,,0
4091,2,4,OUT,SALE,1,2025-10-05,0,,0
4092,2,4,OUT,SALE,1,2025-10-07,0,,0
4093,2,4,OUT,SALE,1,2025-10-08,0,,0
4094,2,4,OUT,SALE,1,2025-10-09,0,,0
4095,2,4,OUT,SALE,1,2025-10-10,0,,0
4096,2,4,OUT,SALE,1,2025-10-11,0,,0
4097,2,4,OUT,SALE,1,2025-10-12,0,,0
4098,2,4,OUT,SALE,1,2025-10-13,0,,0
4099,2,4,OUT,SALE,1,2025-10-14,0,,0
4100,2,4,OUT,SALE,1,2025-10-15,0,,0
4101,2,4,OUT,SALE,1,2025-10-16,0,,0
4102,2,4,OUT,SALE,1,2025-10-17,0,,0
4103,2,4,OUT,SALE,1,2025-10-18,0,,0
4104,2,4,OUT,SALE,1,2025-10-19,0,,0
4105,2,4,OUT,SALE,1,2025-10-20,0,,0
4106,2,4,OUT,SALE,1,2025-10-21,0,,0
4107,2,4,OUT,SALE,1,2025-10-22,0,,0
4108,2,4,OUT,SALE,1,2025-10-23,0,,0
4109,2,4,OUT,SALE,1,2025-10-24,0,,0
4110,2,4,OUT,SALE,1,2025-10-25,0,,0
4111,2,4,OUT,SALE,1,2025-10-26,0,,0
4112,2,4,OUT,SALE,1,2025-10-27,0,,0
4113,2,4,OUT,SALE,1,2025-10-28,0,,0
4114,2,4,OUT,SALE,1,2025-10-29,0,,0
4115,2,4,OUT,SALE,1,2025-10-30,0,,0
4116,2,4,OUT,SALE,1,2025-10-31,0,,0
4117,2,4,OUT,SALE,1,2025-11-01,0,,0
4118,2,4,OUT,SALE,1,2025-11-02,0,,0
4119,2,4,OUT,SALE,1,2025-11-03,0,,0
4120,2,4,OUT,SALE,1,2025-11-04,0,,0
4121,2,4,OUT,SALE,1,2025-11-05,0,,0
4122,2,4,OUT,SALE,1,2025-11-06,0,,0
4123,2,4,OUT,SALE,1,2025-11-07,0,,0
4124,2,4,OUT,SALE,1,2025-11-08,0,,0
4125,2,4,OUT,SALE,1,2025-11-09,0,,0
4126,2,4,OUT,SALE,1,2025-11-10,0,,0
4127,2,4,OUT,SALE,1,2025-11-11,0,,0
4128,2,4,OUT,SALE,1,2025-11-12,0,,0
4129,2,4,OUT,SALE,1,2025-11-13,0,,0
4130,2,4,OUT,SALE,1,2025-11-14,0,,0
4131,2,4,OUT,SALE,1,2025-11-15,0,,0
4132,2,4,OUT,SALE,1,2025-11-16,0,,0
4133,2,4,OUT,SALE,1,2025-11-17,0,,0
4134,2,4,OUT,SALE,1,2025-11-18,0,,0
4135,2,4,OUT,SALE,1,2025-11-19,0,,0
4136,2,4,OUT,SALE,1,2025-11-20,0,,0
4137,2,4,OUT,SALE,1,2025-11-21,0,,0
4138,2,4,OUT,SALE,1,2025-11-22,0,,0
4139,2,4,OUT,SALE,1,2025-11-23,0,,0
4140,2,4,OUT,SALE,1,2025-11-24,0,,0
4141,2,4,OUT,SALE,1,2025-11-25,0,,0
4142,2,4,OUT,SALE,1,2025-11-26,0,,0
4143,2,4,OUT,SALE,1,2025-11-27,0,,0
4144,2,4,OUT,SALE,2,2025-11-28,0,,0
4145,2,4,OUT,SALE,3,2025-11-29,0,,0
4146,2,4,OUT,SALE,3,2025-11-30,0,,0
4147,2,4,OUT,SALE,2,2025-12-01,0,,0
4148,2,4,OUT,SALE,1,2025-12-02,0,,0
4149,2,4,OUT,SALE,1,2025-12-03,0,,0
4150,2,4,OUT,SALE,1,2025-12-04,0,,0
4151,2,4,OUT,SALE,1,2025-12-05,0,,0
4152,2,4,OUT,SALE,1,2025-12-06,0,,0
4153,2,4,OUT,SALE,1,2025-12-07,0,,0
4154,2,4,OUT,SALE,1,2025-12-08,0,,0
4155,2,4,OUT,SALE,1,2025-12-09,0,,0
4156,2,4,OUT,SALE,1,2025-12-10,0,,0
4157,2,4,OUT,DAMAGE,5,2025-12-11,1,OFF_HOURS_BULK,1
4158,2,4,OUT,SALE,1,2025-12-12,0,,0
4159,2,4,OUT,SALE,1,2025-12-13,0,,0
4160,2,4,OUT,SALE,2,2025-12-14,0,,0
4161,2,4,OUT,SALE,1,2025-12-15,0,,0
4162,2,4,OUT,SALE,1,2025-12-16,0,,0
4163,2,4,OUT,SALE,1,2025-12-17,0,,0
4164,2,4,OUT,SALE,1,2025-12-18,0,,0
4165,2,4,OUT,SALE,1,2025-12-19,0,,0
4166,2,4,OUT,SALE,2,2025-12-20,0,,0
4167,2,4,OUT,SALE,2,2025-12-21,0,,0
4168,2,4,OUT,SALE,1,2025-12-22,0,,0
4169,2,4,OUT,SALE,1,2025-12-23,0,,0
4170,2,4,OUT,SALE,2,2025-12-24,0,,0
4171,2,4,OUT,SALE,2,2025-12-25,0,,0
4172,2,4,OUT,SALE,2,2025-12-26,0,,0
4173,2,4,OUT,SALE,1,2025-12-27,0,,0
4174,2,4,OUT,DAMAGE,7,2025-12-28,1,THEFT_SPIKE,1
4175,2,4,OUT,SALE,1,2025-12-29,0,,0
4176,2,4,OUT,SALE,1,2025-12-30,0,,0
4177,2,4,OUT,SALE,1,2025-12-31,0,,0
4178,2,5,OUT,SALE,5,2025-01-01,0,,0
4179,2,5,OUT,SALE,4,2025-01-02,0,,0
4180,2,5,OUT,SALE,5,2025-01-03,0,,0
4181,2,5,OUT,SALE,5,2025-01-04,0,,0
4182,2,5,OUT,SALE,5,2025-01-05,0,,0
4183,2,5,OUT,SALE,5,2025-01-06,0,,0
4184,2,5,OUT,SALE,4,2025-01-07,0,,0
4185,2,5,OUT,SALE,4,2025-01-08,0,,0
4186,2,5,OUT,SALE,5,2025-01-09,0,,0
4187,2,5,OUT,SALE,4,2025-01-10,0,,0
4188,2,5,OUT,SALE,5,2025-01-11,0,,0
4189,2,5,OUT,SALE,5,2025-01-12,0,,0
4190,2,5,OUT,SALE,5,2025-01-13,0,,0
4191,2,5,OUT,SALE,5,2025-01-14,0,,0
4192,2,5,OUT,SALE,5,2025-01-15,0,,0
4193,2,5,OUT,SALE,5,2025-01-16,0,,0
4194,2,5,OUT,SALE,5,2025-01-17,0,,0
4195,2,5,OUT,SALE,6,2025-01-18,0,,0
4196,2,5,OUT,SALE,6,2025-01-19,0,,0
4197,2,5,OUT,SALE,4,2025-01-20,0,,0
4198,2,5,OUT,SALE,3,2025-01-21,0,,0
4199,2,5,OUT,SALE,4,2025-01-22,0,,0
4200,2,5,OUT,SALE,5,2025-01-23,0,,0
4201,2,5,OUT,SALE,5,2025-01-24,0,,0
4202,2,5,OUT,SALE,9,2025-01-25,0,,0
4203,2,5,OUT,SALE,11,2025-01-26,0,,0
4204,2,5,OUT,SALE,8,2025-01-27,0,,0
4205,2,5,OUT,SALE,6,2025-01-28,0,,0
4206,2,5,OUT,SALE,4,2025-01-29,0,,0
4207,2,5,OUT,SALE,5,2025-01-30,0,,0
4208,2,5,OUT,DAMAGE,30,2025-01-31,1,THEFT_SPIKE,1
4209,2,5,OUT,SALE,6,2025-02-01,0,,0
4210,2,5,OUT,SALE,4,2025-02-02,0,,0
4211,2,5,OUT,SALE,4,2025-02-03,0,,0
4212,2,5,OUT,SALE,4,2025-02-04,0,,0
4213,2,5,OUT,SALE,4,2025-02-05,0,,0
4214,2,5,OUT,SALE,3,2025-02-06,0,,0
4215,2,5,OUT,SALE,4,2025-02-07,0,,0
4216,2,5,OUT,SALE,5,2025-02-08,0,,0
4217,2,5,OUT,SALE,5,2025-02-09,0,,0
4218,2,5,OUT,SALE,5,2025-02-10,0,,0
4219,2,5,OUT,SALE,5,2025-02-11,0,,0
4220,2,5,OUT,SALE,4,2025-02-12,0,,0
4221,2,5,OUT,SALE,3,2025-02-13,0,,0
4222,2,5,OUT,SALE,4,2025-02-14,0,,0
4223,2,5,OUT,SALE,5,2025-02-15,0,,0
4224,2,5,OUT,SALE,4,2025-02-16,0,,0
4225,2,5,OUT,SALE,4,2025-02-17,0,,0
4226,2,5,OUT,SALE,5,2025-02-18,0,,0
4227,2,5,OUT,SALE,4,2025-02-19,0,,0
4228,2,5,OUT,SALE,5,2025-02-20,0,,0
4229,2,5,OUT,SALE,4,2025-02-21,0,,0
4230,2,5,OUT,SALE,5,2025-02-22,0,,0
4231,2,5,OUT,SALE,5,2025-02-23,0,,0
4232,2,5,OUT,SALE,4,2025-02-24,0,,0
4233,2,5,OUT,SALE,5,2025-02-25,0,,0
4234,2,5,OUT,SALE,4,2025-02-26,0,,0
4235,2,5,OUT,SALE,4,2025-02-27,0,,0
4236,2,5,OUT,SALE,4,2025-02-28,0,,0
4237,2,5,OUT,SALE,4,2025-03-01,0,,0
4238,2,5,OUT,SALE,4,2025-03-02,0,,0
4239,2,5,OUT,SALE,4,2025-03-03,0,,0
4240,2,5,OUT,SALE,3,2025-03-04,0,,0
4241,2,5,OUT,SALE,4,2025-03-05,0,,0
4242,2,5,OUT,SALE,3,2025-03-06,0,,0
4243,2,5,OUT,SALE,3,2025-03-07,0,,0
4244,2,5,OUT,SALE,4,2025-03-08,0,,0
4245,2,5,OUT,SALE,4,2025-03-09,0,,0
4246,2,5,OUT,SALE,3,2025-03-10,0,,0
4247,2,5,OUT,SALE,4,2025-03-11,0,,0
4248,2,5,OUT,SALE,4,2025-03-12,0,,0
4249,2,5,OUT,SALE,4,2025-03-13,0,,0
4250,2,5,OUT,SALE,3,2025-03-14,0,,0
4251,2,5,OUT,SALE,4,2025-03-15,0,,0
4252,2,5,OUT,SALE,4,2025-03-16,0,,0
4253,2,5,OUT,SALE,4,2025-03-17,0,,0
4254,2,5,OUT,SALE,3,2025-03-18,0,,0
4255,2,5,OUT,SALE,3,2025-03-19,0,,0
4256,2,5,OUT,SALE,3,2025-03-20,0,,0
4257,2,5,OUT,SALE,3,2025-03-21,0,,0
4258,2,5,OUT,SALE,4,2025-03-22,0,,0
4259,2,5,OUT,SALE,5,2025-03-23,0,,0
4260,2,5,OUT,SALE,3,2025-03-24,0,,0
4261,2,5,OUT,SALE,3,2025-03-25,0,,0
4262,2,5,OUT,SALE,4,2025-03-26,0,,0
4263,2,5,OUT,SALE,4,2025-03-27,0,,0
4264,2,5,OUT,SALE,3,2025-03-28,0,,0
4265,2,5,OUT,SALE,5,2025-03-29,0,,0
4266,2,5,OUT,SALE,4,2025-03-30,0,,0
4267,2,5,OUT,SALE,3,2025-03-31,0,,0
4268,2,5,OUT,SALE,2,2025-04-01,0,,0
4269,2,5,OUT,SALE,2,2025-04-02,0,,0
4270,2,5,OUT,SALE,2,2025-04-03,0,,0
4271,2,5,OUT,SALE,2,2025-04-04,0,,0
4272,2,5,OUT,SALE,3,2025-04-05,0,,0
4273,2,5,OUT,SALE,3,2025-04-06,0,,0
4274,2,5,OUT,SALE,2,2025-04-07,0,,0
4275,2,5,OUT,SALE,2,2025-04-08,0,,0
4276,2,5,OUT,SALE,2,2025-04-09,0,,0
4277,2,5,OUT,SALE,2,2025-04-10,0,,0
4278,2,5,OUT,SALE,2,2025-04-11,0,,0
4279,2,5,OUT,SALE,3,2025-04-12,0,,0
4280,2,5,OUT,SALE,3,2025-04-13,0,,0
4281,2,5,OUT,SALE,2,2025-04-14,0,,0
4282,2,5,OUT,SALE,2,2025-04-15,0,,0
4283,2,5,OUT,SALE,2,2025-04-16,0,,0
4284,2,5,OUT,SALE,2,2025-04-17,0,,0
4285,2,5,OUT,SALE,2,2025-04-18,0,,0
4286,2,5,OUT,SALE,2,2025-04-19,0,,0
4287,2,5,OUT,SALE,3,2025-04-20,0,,0
4288,2,5,OUT,SALE,2,2025-04-21,0,,0
4289,2,5,OUT,SALE,2,2025-04-22,0,,0
4290,2,5,OUT,SALE,2,2025-04-23,0,,0
4291,2,5,OUT,SALE,3,2025-04-24,0,,0
4292,2,5,OUT,SALE,3,2025-04-25,0,,0
4293,2,5,OUT,SALE,3,2025-04-26,0,,0
4294,2,5,OUT,SALE,3,2025-04-27,0,,0
4295,2,5,OUT,SALE,2,2025-04-28,0,,0
4296,2,5,OUT,SALE,3,2025-04-29,0,,0
4297,2,5,OUT,SALE,2,2025-04-30,0,,0
4298,2,5,OUT,SALE,1,2025-05-01,0,,0
4299,2,5,OUT,SALE,1,2025-05-02,0,,0
4300,2,5,OUT,SALE,2,2025-05-03,0,,0
4301,2,5,OUT,SALE,2,2025-05-04,0,,0
4302,2,5,OUT,SALE,1,2025-05-05,0,,0
4303,2,5,OUT,SALE,1,2025-05-06,0,,0
4304,2,5,OUT,SALE,1,2025-05-07,0,,0
4305,2,5,OUT,SALE,1,2025-05-08,0,,0
4306,2,5,OUT,SALE,1,2025-05-09,0,,0
4307,2,5,OUT,SALE,2,2025-05-10,0,,0
4308,2,5,OUT,SALE,1,2025-05-11,0,,0
4309,2,5,OUT,SALE,1,2025-05-12,0,,0
4310,2,5,OUT,SALE,1,2025-05-13,0,,0
4311,2,5,OUT,SALE,1,2025-05-14,0,,0
4312,2,5,OUT,SALE,1,2025-05-15,0,,0
4313,2,5,OUT,SALE,1,2025-05-16,0,,0
4314,2,5,OUT,SALE,1,2025-05-17,0,,0
4315,2,5,OUT,SALE,1,2025-05-18,0,,0
4316,2,5,OUT,SALE,1,2025-05-19,0,,0
4317,2,5,OUT,SALE,1,2025-05-20,0,,0
4318,2,5,OUT,SALE,1,2025-05-21,0,,0
4319,2,5,OUT,SALE,1,2025-05-22,0,,0
4320,2,5,OUT,DAMAGE,9,2025-05-23,1,THEFT_SPIKE,0
4321,2,5,OUT,SALE,1,2025-05-24,0,,0
4322,2,5,OUT,SALE,1,2025-05-25,0,,0
4323,2,5,OUT,SALE,1,2025-05-26,0,,0
4324,2,5,OUT,SALE,1,2025-05-27,0,,0
4325,2,5,OUT,SALE,1,2025-05-28,0,,0
4326,2,5,OUT,SALE,1,2025-05-29,0,,0
4327,2,5,OUT,SALE,1,2025-05-30,0,,0
4328,2,5,OUT,DAMAGE,2,2025-05-31,1,REPEATED_LOSS,0
4329,2,5,OUT,SALE,1,2025-06-07,0,,0
4330,2,5,OUT,SALE,1,2025-06-15,0,,0
4331,2,5,OUT,SALE,1,2025-06-28,0,,0
4332,2,5,OUT,SALE,1,2025-06-29,0,,0
4333,2,5,OUT,SALE,1,2025-08-03,0,,0
4334,2,5,OUT,SALE,1,2025-08-09,0,,0
4335,2,5,OUT,SALE,1,2025-08-27,0,,0
4336,2,5,OUT,SALE,1,2025-09-01,0,,0
4337,2,5,OUT,SALE,1,2025-09-02,0,,0
4338,2,5,OUT,SALE,1,2025-09-03,0,,0
4339,2,5,OUT,SALE,1,2025-09-04,0,,0
4340,2,5,OUT,SALE,1,2025-09-05,0,,0
4341,2,5,OUT,SALE,2,2025-09-06,0,,0
4342,2,5,OUT,SALE,2,2025-09-07,0,,0
4343,2,5,OUT,SALE,1,2025-09-08,0,,0
4344,2,5,OUT,SALE,1,2025-09-09,0,,0
4345,2,5,OUT,SALE,1,2025-09-10,0,,0
4346,2,5,OUT,SALE,1,2025-09-11,0,,0
4347,2,5,OUT,SALE,1,2025-09-12,0,,0
4348,2,5,OUT,SALE,2,2025-09-13,0,,0
4349,2,5,OUT,SALE,1,2025-09-14,0,,0
4350,2,5,OUT,SALE,1,2025-09-15,0,,0
4351,2,5,OUT,SALE,1,2025-09-16,0,,0
4352,2,5,OUT,SALE,1,2025-09-17,0,,0
4353,2,5,OUT,SALE,1,2025-09-18,0,,0
4354,2,5,OUT,SALE,1,2025-09-19,0,,0
4355,2,5,OUT,SALE,1,2025-09-20,0,,0
4356,2,5,OUT,SALE,1,2025-09-21,0,,0
4357,2,5,OUT,SALE,1,2025-09-22,0,,0
4358,2,5,OUT,SALE,1,2025-09-23,0,,0
4359,2,5,OUT,SALE,1,2025-09-24,0,,0
4360,2,5,OUT,SALE,1,2025-09-25,0,,0
4361,2,5,OUT,SALE,1,2025-09-26,0,,0
4362,2,5,OUT,SALE,1,2025-09-27,0,,0
4363,2,5,OUT,SALE,1,2025-09-28,0,,0
4364,2,5,OUT,SALE,1,2025-09-29,0,,0
4365,2,5,OUT,SALE,2,2025-09-30,0,,0
4366,2,5,OUT,SALE,4,2025-10-01,0,,0
4367,2,5,OUT,SALE,5,2025-10-02,0,,0
4368,2,5,OUT,SALE,4,2025-10-03,0,,0
4369,2,5,OUT,SALE,3,2025-10-04,0,,0
4370,2,5,OUT,SALE,3,2025-10-05,0,,0
4371,2,5,OUT,SALE,3,2025-10-06,0,,0
4372,2,5,OUT,SALE,2,2025-10-07,0,,0
4373,2,5,OUT,SALE,2,2025-10-08,0,,0
4374,2,5,OUT,SALE,2,2025-10-09,0,,0
4375,2,5,OUT,SALE,2,2025-10-10,0,,0
4376,2,5,OUT,SALE,3,2025-10-11,0,,0
4377,2,5,OUT,SALE,2,2025-10-12,0,,0
4378,2,5,OUT,SALE,2,2025-10-13,0,,0
4379,2,5,OUT,SALE,2,2025-10-14,0,,0
4380,2,5,OUT,SALE,3,2025-10-15,0,,0
4381,2,5,OUT,SALE,2,2025-10-16,0,,0
4382,2,5,OUT,SALE,2,2025-10-17,0,,0
4383,2,5,OUT,SALE,3,2025-10-18,0,,0
4384,2,5,OUT,SALE,3,2025-10-19,0,,0
4385,2,5,OUT,SALE,2,2025-10-20,0,,0
4386,2,5,OUT,SALE,2,2025-10-21,0,,0
4387,2,5,OUT,SALE,2,2025-10-22,0,,0
4388,2,5,OUT,SALE,3,2025-10-23,0,,0
4389,2,5,OUT,SALE,2,2025-10-24,0,,0
4390,2,5,OUT,SALE,3,2025-10-25,0,,0
4391,2,5,OUT,SALE,3,2025-10-26,0,,0
4392,2,5,OUT,SALE,2,2025-10-27,0,,0
4393,2,5,OUT,SALE,3,2025-10-28,0,,0
4394,2,5,OUT,SALE,3,2025-10-29,0,,0
4395,2,5,OUT,SALE,2,2025-10-30,0,,0
4396,2,5,OUT,SALE,3,2025-10-31,0,,0
4397,2,5,OUT,SALE,4,2025-11-01,0,,0
4398,2,5,OUT,SALE,4,2025-11-02,0,,0
4399,2,5,OUT,SALE,4,2025-11-03,0,,0
4400,2,5,OUT,SALE,3,2025-11-04,0,,0
4401,2,5,OUT,SALE,3,2025-11-05,0,,0
4402,2,5,OUT,SALE,3,2025-11-06,0,,0
4403,2,5,OUT,SALE,3,2025-11-07,0,,0
4404,2,5,OUT,SALE,3,2025-11-08,0,,0
4405,2,5,OUT,SALE,4,2025-11-09,0,,0
4406,2,5,OUT,SALE,4,2025-11-10,0,,0
4407,2,5,OUT,SALE,3,2025-11-11,0,,0
4408,2,5,OUT,SALE,4,2025-11-12,0,,0
4409,2,5,OUT,SALE,3,2025-11-13,0,,0
4410,2,5,OUT,SALE,4,2025-11-14,0,,0
4411,2,5,OUT,SALE,4,2025-11-15,0,,0
4412,2,5,OUT,SALE,3,2025-11-16,0,,0
4413,2,5,OUT,SALE,4,2025-11-17,0,,0
4414,2,5,OUT,SALE,3,2025-11-18,0,,0
4415,2,5,OUT,SALE,3,2025-11-19,0,,0
4416,2,5,OUT,SALE,3,2025-11-20,0,,0
4417,2,5,OUT,SALE,3,2025-11-21,0,,0
4418,2,5,OUT,SALE,3,2025-11-22,0,,0
4419,2,5,OUT,SALE,4,2025-11-23,0,,0
4420,2,5,OUT,SALE,4,2025-11-24,0,,0
4421,2,5,OUT,SALE,4,2025-11-25,0,,0
4422,2,5,OUT,SALE,3,2025-11-26,0,,0
4423,2,5,OUT,SALE,3,2025-11-27,0,,0
4424,2,5,OUT,SALE,9,2025-11-28,0,,0
4425,2,5,OUT,SALE,9,2025-11-29,0,,0
4426,2,5,OUT,SALE,8,2025-11-30,0,,0
4427,2,5,OUT,SALE,4,2025-12-01,0,,0
4428,2,5,OUT,SALE,5,2025-12-02,0,,0
4429,2,5,OUT,SALE,5,2025-12-03,0,,0
4430,2,5,OUT,SALE,5,2025-12-04,0,,0
4431,2,5,OUT,SALE,5,2025-12-05,0,,0
4432,2,5,OUT,SALE,5,2025-12-06,0,,0
4433,2,5,OUT,SALE,6,2025-12-07,0,,0
4434,2,5,OUT,SALE,5,2025-12-08,0,,0
4435,2,5,OUT,SALE,3,2025-12-09,0,,0
4436,2,5,OUT,SALE,4,2025-12-10,0,,0
4437,2,5,OUT,SALE,4,2025-12-11,0,,0
4438,2,5,OUT,SALE,4,2025-12-12,0,,0
4439,2,5,OUT,SALE,5,2025-12-13,0,,0
4440,2,5,OUT,SALE,5,2025-12-14,0,,0
4441,2,5,OUT,SALE,4,2025-12-15,0,,0
4442,2,5,OUT,SALE,4,2025-12-16,0,,0
4443,2,5,OUT,DAMAGE,44,2025-12-17,1,THEFT_SPIKE,1
4444,2,5,OUT,SALE,4,2025-12-18,0,,0
4445,2,5,OUT,SALE,5,2025-12-19,0,,0
4446,2,5,OUT,SALE,5,2025-12-20,0,,0
4447,2,5,OUT,SALE,5,2025-12-21,0,,0
4448,2,5,OUT,SALE,4,2025-12-22,0,,0
4449,2,5,OUT,SALE,4,2025-12-23,0,,0
4450,2,5,OUT,DAMAGE,17,2025-12-24,1,REPEATED_LOSS,1
4451,2,5,OUT,SALE,6,2025-12-25,0,,0
4452,2,5,OUT,SALE,6,2025-12-26,0,,0
4453,2,5,OUT,SALE,5,2025-12-27,0,,0
4454,2,5,OUT,SALE,5,2025-12-28,0,,0
4455,2,5,OUT,SALE,5,2025-12-29,0,,0
4456,2,5,OUT,SALE,4,2025-12-30,0,,0
4457,2,5,OUT,SALE,4,2025-12-31,0,,0
4458,2,6,OUT,SALE,3,2025-01-01,0,,0
4459,2,6,OUT,SALE,3,2025-01-02,0,,0
4460,2,6,OUT,SALE,3,2025-01-03,0,,0
4461,2,6,OUT,SALE,3,2025-01-04,0,,0
4462,2,6,OUT,SALE,4,2025-01-05,0,,0
4463,2,6,OUT,SALE,3,2025-01-06,0,,0
4464,2,6,OUT,SALE,3,2025-01-07,0,,0
4465,2,6,OUT,SALE,3,2025-01-08,0,,0
4466,2,6,OUT,SALE,2,2025-01-09,0,,0
4467,2,6,OUT,SALE,3,2025-01-10,0,,0
4468,2,6,OUT,SALE,3,2025-01-11,0,,0
4469,2,6,OUT,SALE,4,2025-01-12,0,,0
4470,2,6,OUT,SALE,3,2025-01-13,0,,0
4471,2,6,OUT,SALE,3,2025-01-14,0,,0
4472,2,6,OUT,SALE,3,2025-01-15,0,,0
4473,2,6,OUT,SALE,2,2025-01-16,0,,0
4474,2,6,OUT,SALE,2,2025-01-17,0,,0
4475,2,6,OUT,SALE,4,2025-01-18,0,,0
4476,2,6,OUT,SALE,4,2025-01-19,0,,0
4477,2,6,OUT,SALE,3,2025-01-20,0,,0
4478,2,6,OUT,SALE,2,2025-01-21,0,,0
4479,2,6,OUT,SALE,3,2025-01-22,0,,0
4480,2,6,OUT,SALE,2,2025-01-23,0,,0
4481,2,6,OUT,SALE,3,2025-01-24,0,,0
4482,2,6,OUT,DAMAGE,59,2025-01-25,1,THEFT_SPIKE,1
4483,2,6,OUT,SALE,6,2025-01-26,0,,0
4484,2,6,OUT,SALE,5,2025-01-27,0,,0
4485,2,6,OUT,SALE,5,2025-01-28,0,,0
4486,2,6,OUT,SALE,3,2025-01-29,0,,0
4487,2,6,OUT,SALE,3,2025-01-30,0,,0
4488,2,6,OUT,SALE,3,2025-01-31,0,,0
4489,2,6,OUT,SALE,3,2025-02-01,0,,0
4490,2,6,OUT,SALE,3,2025-02-02,0,,0
4491,2,6,OUT,SALE,3,2025-02-03,0,,0
4492,2,6,OUT,SALE,3,2025-02-04,0,,0
4493,2,6,OUT,SALE,3,2025-02-05,0,,0
4494,2,6,OUT,SALE,2,2025-02-06,0,,0
4495,2,6,OUT,SALE,2,2025-02-07,0,,0
4496,2,6,OUT,SALE,3,2025-02-08,0,,0
4497,2,6,OUT,SALE,3,2025-02-09,0,,0
4498,2,6,OUT,SALE,2,2025-02-10,0,,0
4499,2,6,OUT,SALE,2,2025-02-11,0,,0
4500,2,6,OUT,SALE,3,2025-02-12,0,,0
4501,2,6,OUT,SALE,3,2025-02-13,0,,0
4502,2,6,OUT,SALE,3,2025-02-14,0,,0
4503,2,6,OUT,SALE,3,2025-02-15,0,,0
4504,2,6,OUT,SALE,3,2025-02-16,0,,0
4505,2,6,OUT,SALE,3,2025-02-17,0,,0
4506,2,6,OUT,SALE,3,2025-02-18,0,,0
4507,2,6,OUT,SALE,2,2025-02-19,0,,0
4508,2,6,OUT,SALE,3,2025-02-20,0,,0
4509,2,6,OUT,SALE,3,2025-02-21,0,,0
4510,2,6,OUT,SALE,2,2025-02-22,0,,0
4511,2,6,OUT,SALE,3,2025-02-23,0,,0
4512,2,6,OUT,SALE,2,2025-02-24,0,,0
4513,2,6,OUT,SALE,2,2025-02-25,0,,0
4514,2,6,OUT,SALE,3,2025-02-26,0,,0
4515,2,6,OUT,SALE,2,2025-02-27,0,,0
4516,2,6,OUT,SALE,2,2025-02-28,0,,0
4517,2,6,OUT,SALE,3,2025-03-01,0,,0
4518,2,6,OUT,SALE,3,2025-03-02,0,,0
4519,2,6,OUT,SALE,2,2025-03-03,0,,0
4520,2,6,OUT,SALE,2,2025-03-04,0,,0
4521,2,6,OUT,SALE,0,2025-03-05,1,DATA_ERROR,0
4522,2,6,OUT,SALE,2,2025-03-06,0,,0
4523,2,6,OUT,SALE,2,2025-03-07,0,,0
4524,2,6,OUT,SALE,3,2025-03-08,0,,0
4525,2,6,OUT,SALE,3,2025-03-09,0,,0
4526,2,6,OUT,SALE,2,2025-03-10,0,,0
4527,2,6,OUT,SALE,2,2025-03-11,0,,0
4528,2,6,OUT,SALE,2,2025-03-12,0,,0
4529,2,6,OUT,SALE,3,2025-03-13,0,,0
4530,2,6,OUT,SALE,2,2025-03-14,0,,0
4531,2,6,OUT,SALE,3,2025-03-15,0,,0
4532,2,6,OUT,SALE,2,2025-03-16,0,,0
4533,2,6,OUT,SALE,2,2025-03-17,0,,0
4534,2,6,OUT,SALE,2,2025-03-18,0,,0
4535,2,6,OUT,SALE,2,2025-03-19,0,,0
4536,2,6,OUT,DAMAGE,10,2025-03-20,1,OFF_HOURS_BULK,0
4537,2,6,OUT,SALE,2,2025-03-21,0,,0
4538,2,6,OUT,SALE,2,2025-03-22,0,,0
4539,2,6,OUT,SALE,2,2025-03-23,0,,0
4540,2,6,OUT,SALE,1,2025-03-24,0,,0
4541,2,6,OUT,SALE,2,2025-03-25,0,,0
4542,2,6,OUT,SALE,2,2025-03-26,0,,0
4543,2,6,OUT,SALE,2,2025-03-27,0,,0
4544,2,6,OUT,DAMAGE,14,2025-03-28,1,OFF_HOURS_BULK,1
4545,2,6,OUT,SALE,3,2025-03-29,0,,0
4546,2,6,OUT,SALE,3,2025-03-30,0,,0
4547,2,6,OUT,SALE,2,2025-03-31,0,,0
4548,2,6,OUT,SALE,1,2025-04-01,0,,0
4549,2,6,OUT,SALE,1,2025-04-02,0,,0
4550,2,6,OUT,SALE,1,2025-04-03,0,,0
4551,2,6,OUT,SALE,2,2025-04-04,0,,0
4552,2,6,OUT,SALE,2,2025-04-05,0,,0
4553,2,6,OUT,SALE,1,2025-04-06,0,,0
4554,2,6,OUT,SALE,2,2025-04-07,0,,0
4555,2,6,OUT,SALE,1,2025-04-08,0,,0
4556,2,6,OUT,SALE,2,2025-04-09,0,,0
4557,2,6,OUT,SALE,2,2025-04-10,0,,0
4558,2,6,OUT,SALE,1,2025-04-11,0,,0
4559,2,6,OUT,SALE,2,2025-04-12,0,,0
4560,2,6,OUT,SALE,2,2025-04-13,0,,0
4561,2,6,OUT,SALE,1,2025-04-14,0,,0
4562,2,6,OUT,SALE,2,2025-04-15,0,,0
4563,2,6,OUT,SALE,1,2025-04-16,0,,0
4564,2,6,OUT,SALE,2,2025-04-17,0,,0
4565,2,6,OUT,SALE,1,2025-04-18,0,,0
4566,2,6,OUT,SALE,1,2025-04-19,0,,0
4567,2,6,OUT,SALE,2,2025-04-20,0,,0
4568,2,6,OUT,SALE,1,2025-04-21,0,,0
4569,2,6,OUT,SALE,1,2025-04-22,0,,0
4570,2,6,OUT,SALE,1,2025-04-23,0,,0
4571,2,6,OUT,SALE,2,2025-04-24,0,,0
4572,2,6,OUT,SALE,1,2025-04-25,0,,0
4573,2,6,OUT,SALE,2,2025-04-26,0,,0
4574,2,6,OUT,SALE,2,2025-04-27,0,,0
4575,2,6,OUT,SALE,2,2025-04-28,0,,0
4576,2,6,OUT,SALE,2,2025-04-29,0,,0
4577,2,6,OUT,SALE,1,2025-04-30,0,,0
4578,2,6,OUT,SALE,1,2025-05-01,0,,0
4579,2,6,OUT,SALE,1,2025-05-02,0,,0
4580,2,6,OUT,SALE,1,2025-05-03,0,,0
4581,2,6,OUT,SALE,1,2025-05-04,0,,0
4582,2,6,OUT,SALE,1,2025-05-05,0,,0
4583,2,6,OUT,SALE,1,2025-05-06,0,,0
4584,2,6,OUT,SALE,1,2025-05-07,0,,0
4585,2,6,OUT,SALE,1,2025-05-08,0,,0
4586,2,6,OUT,SALE,1,2025-05-09,0,,0
4587,2,6,OUT,SALE,0,2025-05-10,1,DATA_ERROR,0
4588,2,6,OUT,SALE,1,2025-05-11,0,,0
4589,2,6,OUT,DAMAGE,2,2025-05-12,1,REPEATED_LOSS,0
4590,2,6,OUT,SALE,1,2025-05-13,0,,0
4591,2,6,OUT,SALE,1,2025-05-14,0,,0
4592,2,6,OUT,SALE,1,2025-05-15,0,,0
4593,2,6,OUT,SALE,1,2025-05-16,0,,0
4594,2,6,OUT,SALE,1,2025-05-17,0,,0
4595,2,6,OUT,SALE,1,2025-05-18,0,,0
4596,2,6,OUT,SALE,1,2025-05-19,0,,0
4597,2,6,OUT,SALE,1,2025-05-20,0,,0
4598,2,6,OUT,SALE,1,2025-05-21,0,,0
4599,2,6,OUT,SALE,1,2025-05-22,0,,0
4600,2,6,OUT,SALE,1,2025-05-23,0,,0
4601,2,6,OUT,SALE,1,2025-05-24,0,,0
4602,2,6,OUT,SALE,1,2025-05-25,0,,0
4603,2,6,OUT,SALE,1,2025-05-26,0,,0
4604,2,6,OUT,SALE,1,2025-05-27,0,,0
4605,2,6,OUT,SALE,1,2025-05-28,0,,0
4606,2,6,OUT,SALE,1,2025-05-29,0,,0
4607,2,6,OUT,SALE,1,2025-05-30,0,,0
4608,2,6,OUT,SALE,1,2025-05-31,0,,0
4609,2,6,OUT,SALE,1,2025-09-01,0,,0
4610,2,6,OUT,SALE,1,2025-09-02,0,,0
4611,2,6,OUT,SALE,1,2025-09-03,0,,0
4612,2,6,OUT,SALE,1,2025-09-04,0,,0
4613,2,6,OUT,SALE,1,2025-09-05,0,,0
4614,2,6,OUT,SALE,1,2025-09-06,0,,0
4615,2,6,OUT,SALE,1,2025-09-07,0,,0
4616,2,6,OUT,SALE,1,2025-09-08,0,,0
4617,2,6,OUT,SALE,1,2025-09-09,0,,0
4618,2,6,OUT,SALE,1,2025-09-10,0,,0
4619,2,6,OUT,SALE,1,2025-09-11,0,,0
4620,2,6,OUT,SALE,1,2025-09-12,0,,0
4621,2,6,OUT,SALE,1,2025-09-13,0,,0
4622,2,6,OUT,SALE,1,2025-09-14,0,,0
4623,2,6,OUT,SALE,1,2025-09-15,0,,0
4624,2,6,OUT,SALE,1,2025-09-16,0,,0
4625,2,6,OUT,SALE,1,2025-09-17,0,,0
4626,2,6,OUT,SALE,1,2025-09-18,0,,0
4627,2,6,OUT,SALE,1,2025-09-19,0,,0
4628,2,6,OUT,SALE,1,2025-09-20,0,,0
4629,2,6,OUT,SALE,1,2025-09-21,0,,0
4630,2,6,OUT,SALE,1,2025-09-22,0,,0
4631,2,6,OUT,SALE,1,2025-09-23,0,,0
4632,2,6,OUT,SALE,1,2025-09-24,0,,0
4633,2,6,OUT,SALE,1,2025-09-25,0,,0
4634,2,6,OUT,SALE,1,2025-09-26,0,,0
4635,2,6,OUT,SALE,1,2025-09-27,0,,0
4636,2,6,OUT,SALE,1,2025-09-28,0,,0
4637,2,6,OUT,SALE,1,2025-09-29,0,,0
4638,2,6,OUT,SALE,1,2025-09-30,0,,0
4639,2,6,OUT,SALE,3,2025-10-01,0,,0
4640,2,6,OUT,SALE,3,2025-10-02,0,,0
4641,2,6,OUT,SALE,3,2025-10-03,0,,0
4642,2,6,OUT,SALE,1,2025-10-04,0,,0
4643,2,6,OUT,SALE,2,2025-10-05,0,,0
4644,2,6,OUT,SALE,1,2025-10-06,0,,0
4645,2,6,OUT,SALE,1,2025-10-07,0,,0
4646,2,6,OUT,SALE,1,2025-10-08,0,,0
4647,2,6,OUT,SALE,1,2025-10-09,0,,0
4648,2,6,OUT,SALE,1,2025-10-10,0,,0
4649,2,6,OUT,SALE,1,2025-10-11,0,,0
4650,2,6,OUT,SALE,2,2025-10-12,0,,0
4651,2,6,OUT,SALE,1,2025-10-13,0,,0
4652,2,6,OUT,SALE,1,2025-10-14,0,,0
4653,2,6,OUT,SALE,2,2025-10-15,0,,0
4654,2,6,OUT,SALE,1,2025-10-16,0,,0
4655,2,6,OUT,SALE,2,2025-10-17,0,,0
4656,2,6,OUT,SALE,1,2025-10-18,0,,0
4657,2,6,OUT,SALE,2,2025-10-19,0,,0
4658,2,6,OUT,SALE,1,2025-10-20,0,,0
4659,2,6,OUT,SALE,1,2025-10-21,0,,0
4660,2,6,OUT,SALE,1,2025-10-22,0,,0
4661,2,6,OUT,SALE,1,2025-10-23,0,,0
4662,2,6,OUT,SALE,1,2025-10-24,0,,0
4663,2,6,OUT,SALE,1,2025-10-25,0,,0
4664,2,6,OUT,SALE,1,2025-10-26,0,,0
4665,2,6,OUT,SALE,1,2025-10-27,0,,0
4666,2,6,OUT,SALE,1,2025-10-28,0,,0
4667,2,6,OUT,SALE,1,2025-10-29,0,,0
4668,2,6,OUT,SALE,2,2025-10-30,0,,0
4669,2,6,OUT,SALE,1,2025-10-31,0,,0
4670,2,6,OUT,SALE,2,2025-11-01,0,,0
4671,2,6,OUT,SALE,3,2025-11-02,0,,0
4672,2,6,OUT,SALE,2,2025-11-03,0,,0
4673,2,6,OUT,SALE,2,2025-11-04,0,,0
4674,2,6,OUT,SALE,2,2025-11-05,0,,0
4675,2,6,OUT,SALE,2,2025-11-06,0,,0
4676,2,6,OUT,SALE,2,2025-11-07,0,,0
4677,2,6,OUT,SALE,3,2025-11-08,0,,0
4678,2,6,OUT,SALE,2,2025-11-09,0,,0
4679,2,6,OUT,SALE,2,2025-11-10,0,,0
4680,2,6,OUT,SALE,2,2025-11-11,0,,0
4681,2,6,OUT,SALE,2,2025-11-12,0,,0
4682,2,6,OUT,SALE,2,2025-11-13,0,,0
4683,2,6,OUT,SALE,2,2025-11-14,0,,0
4684,2,6,OUT,SALE,2,2025-11-15,0,,0
4685,2,6,OUT,SALE,2,2025-11-16,0,,0
4686,2,6,OUT,SALE,2,2025-11-17,0,,0
4687,2,6,OUT,SALE,2,2025-11-18,0,,0
4688,2,6,OUT,SALE,2,2025-11-19,0,,0
4689,2,6,OUT,SALE,2,2025-11-20,0,,0
4690,2,6,OUT,SALE,2,2025-11-21,0,,0
4691,2,6,OUT,SALE,2,2025-11-22,0,,0
4692,2,6,OUT,SALE,3,2025-11-23,0,,0
4693,2,6,OUT,SALE,2,2025-11-24,0,,0
4694,2,6,OUT,SALE,2,2025-11-25,0,,0
4695,2,6,OUT,SALE,1,2025-11-26,0,,0
4696,2,6,OUT,SALE,2,2025-11-27,0,,0
4697,2,6,OUT,SALE,5,2025-11-28,0,,0
4698,2,6,OUT,SALE,5,2025-11-29,0,,0
4699,2,6,OUT,SALE,6,2025-11-30,0,,0
4700,2,6,OUT,SALE,2,2025-12-01,0,,0
4701,2,6,OUT,SALE,3,2025-12-02,0,,0
4702,2,6,OUT,SALE,3,2025-12-03,0,,0
4703,2,6,OUT,SALE,3,2025-12-04,0,,0
4704,2,6,OUT,SALE,3,2025-12-05,0,,0
4705,2,6,OUT,SALE,4,2025-12-06,0,,0
4706,2,6,OUT,SALE,3,2025-12-07,0,,0
4707,2,6,OUT,SALE,3,2025-12-08,0,,0
4708,2,6,OUT,SALE,2,2025-12-09,0,,0
4709,2,6,OUT,SALE,3,2025-12-10,0,,0
4710,2,6,OUT,SALE,3,2025-12-11,0,,0
4711,2,6,OUT,SALE,2,2025-12-12,0,,0
4712,2,6,OUT,SALE,3,2025-12-13,0,,0
4713,2,6,OUT,SALE,3,2025-12-14,0,,0
4714,2,6,OUT,SALE,2,2025-12-15,0,,0
4715,2,6,OUT,SALE,2,2025-12-16,0,,0
4716,2,6,OUT,SALE,3,2025-12-17,0,,0
4717,2,6,OUT,SALE,3,2025-12-18,0,,0
4718,2,6,OUT,SALE,3,2025-12-19,0,,0
4719,2,6,OUT,SALE,3,2025-12-20,0,,0
4720,2,6,OUT,SALE,3,2025-12-21,0,,0
4721,2,6,OUT,SALE,3,2025-12-22,0,,0
4722,2,6,OUT,SALE,3,2025-12-23,0,,0
4723,2,6,OUT,SALE,4,2025-12-24,0,,0
4724,2,6,OUT,SALE,4,2025-12-25,0,,0
4725,2,6,OUT,SALE,4,2025-12-26,0,,0
4726,2,6,OUT,SALE,3,2025-12-27,0,,0
4727,2,6,OUT,SALE,3,2025-12-28,0,,0
4728,2,6,OUT,SALE,3,2025-12-29,0,,0
4729,2,6,OUT,SALE,2,2025-12-30,0,,0
4730,2,6,OUT,SALE,2,2025-12-31,0,,0
4731,2,7,OUT,SALE,10,2025-01-01,0,,0
4732,2,7,OUT,SALE,7,2025-01-02,0,,0
4733,2,7,OUT,SALE,10,2025-01-03,0,,0
4734,2,7,OUT,SALE,12,2025-01-04,0,,0
4735,2,7,OUT,SALE,10,2025-01-05,0,,0
4736,2,7,OUT,SALE,10,2025-01-06,0,,0
4737,2,7,OUT,SALE,10,2025-01-07,0,,0
4738,2,7,OUT,SALE,9,2025-01-08,0,,0
4739,2,7,OUT,SALE,7,2025-01-09,0,,0
4740,2,7,OUT,SALE,10,2025-01-10,0,,0
4741,2,7,OUT,SALE,12,2025-01-11,0,,0
4742,2,7,OUT,SALE,9,2025-01-12,0,,0
4743,2,7,OUT,SALE,7,2025-01-13,0,,0
4744,2,7,OUT,SALE,9,2025-01-14,0,,0
4745,2,7,OUT,SALE,8,2025-01-15,0,,0
4746,2,7,OUT,SALE,9,2025-01-16,0,,0
4747,2,7,OUT,SALE,10,2025-01-17,0,,0
4748,2,7,OUT,SALE,8,2025-01-18,0,,0
4749,2,7,OUT,SALE,12,2025-01-19,0,,0
4750,2,7,OUT,SALE,9,2025-01-20,0,,0
4751,2,7,OUT,SALE,9,2025-01-21,0,,0
4752,2,7,OUT,SALE,10,2025-01-22,0,,0
4753,2,7,OUT,SALE,10,2025-01-23,0,,0
4754,2,7,OUT,SALE,9,2025-01-24,0,,0
4755,2,7,OUT,SALE,19,2025-01-25,0,,0
4756,2,7,OUT,SALE,19,2025-01-26,0,,0
4757,2,7,OUT,SALE,15,2025-01-27,0,,0
4758,2,7,OUT,SALE,13,2025-01-28,0,,0
4759,2,7,OUT,SALE,8,2025-01-29,0,,0
4760,2,7,OUT,SALE,9,2025-01-30,0,,0
4761,2,7,OUT,SALE,8,2025-01-31,0,,0
4762,2,7,OUT,SALE,10,2025-02-01,0,,0
4763,2,7,OUT,SALE,13,2025-02-02,0,,0
4764,2,7,OUT,SALE,10,2025-02-03,0,,0
4765,2,7,OUT,SALE,9,2025-02-04,0,,0
4766,2,7,OUT,SALE,10,2025-02-05,0,,0
4767,2,7,OUT,SALE,9,2025-02-06,0,,0
4768,2,7,OUT,SALE,9,2025-02-07,0,,0
4769,2,7,OUT,SALE,11,2025-02-08,0,,0
4770,2,7,OUT,SALE,10,2025-02-09,0,,0
4771,2,7,OUT,SALE,8,2025-02-10,0,,0
4772,2,7,OUT,SALE,11,2025-02-11,0,,0
4773,2,7,OUT,SALE,10,2025-02-12,0,,0
4774,2,7,OUT,SALE,7,2025-02-13,0,,0
4775,2,7,OUT,SALE,9,2025-02-14,0,,0
4776,2,7,OUT,SALE,10,2025-02-15,0,,0
4777,2,7,OUT,SALE,10,2025-02-16,0,,0
4778,2,7,OUT,SALE,10,2025-02-17,0,,0
4779,2,7,OUT,SALE,9,2025-02-18,0,,0
4780,2,7,OUT,SALE,8,2025-02-19,0,,0
4781,2,7,OUT,SALE,9,2025-02-20,0,,0
4782,2,7,OUT,SALE,10,2025-02-21,0,,0
4783,2,7,OUT,SALE,10,2025-02-22,0,,0
4784,2,7,OUT,SALE,10,2025-02-23,0,,0
4785,2,7,OUT,SALE,10,2025-02-24,0,,0
4786,2,7,OUT,SALE,11,2025-02-25,0,,0
4787,2,7,OUT,SALE,10,2025-02-26,0,,0
4788,2,7,OUT,SALE,11,2025-02-27,0,,0
4789,2,7,OUT,SALE,9,2025-02-28,0,,0
4790,2,7,OUT,SALE,12,2025-03-01,0,,0
4791,2,7,OUT,SALE,12,2025-03-02,0,,0
4792,2,7,OUT,SALE,10,2025-03-03,0,,0
4793,2,7,OUT,SALE,11,2025-03-04,0,,0
4794,2,7,OUT,SALE,9,2025-03-05,0,,0
4795,2,7,OUT,SALE,11,2025-03-06,0,,0
4796,2,7,OUT,SALE,8,2025-03-07,0,,0
4797,2,7,OUT,SALE,10,2025-03-08,0,,0
4798,2,7,OUT,SALE,15,2025-03-09,0,,0
4799,2,7,OUT,SALE,9,2025-03-10,0,,0
4800,2,7,OUT,SALE,11,2025-03-11,0,,0
4801,2,7,OUT,SALE,12,2025-03-12,0,,0
4802,2,7,OUT,SALE,7,2025-03-13,0,,0
4803,2,7,OUT,SALE,11,2025-03-14,0,,0
4804,2,7,OUT,SALE,12,2025-03-15,0,,0
4805,2,7,OUT,SALE,14,2025-03-16,0,,0
4806,2,7,OUT,SALE,9,2025-03-17,0,,0
4807,2,7,OUT,SALE,12,2025-03-18,0,,0
4808,2,7,OUT,SALE,9,2025-03-19,0,,0
4809,2,7,OUT,SALE,11,2025-03-20,0,,0
4810,2,7,OUT,SALE,10,2025-03-21,0,,0
4811,2,7,OUT,SALE,13,2025-03-22,0,,0
4812,2,7,OUT,SALE,12,2025-03-23,0,,0
4813,2,7,OUT,SALE,8,2025-03-24,0,,0
4814,2,7,OUT,SALE,6,2025-03-25,0,,0
4815,2,7,OUT,SALE,10,2025-03-26,0,,0
4816,2,7,OUT,SALE,10,2025-03-27,0,,0
4817,2,7,OUT,SALE,11,2025-03-28,0,,0
4818,2,7,OUT,SALE,11,2025-03-29,0,,0
4819,2,7,OUT,SALE,14,2025-03-30,0,,0
4820,2,7,OUT,SALE,10,2025-03-31,0,,0
4821,2,7,OUT,SALE,11,2025-04-01,0,,0
4822,2,7,OUT,SALE,12,2025-04-02,0,,0
4823,2,7,OUT,SALE,11,2025-04-03,0,,0
4824,2,7,OUT,SALE,11,2025-04-04,0,,0
4825,2,7,OUT,SALE,11,2025-04-05,0,,0
4826,2,7,OUT,SALE,13,2025-04-06,0,,0
4827,2,7,OUT,SALE,11,2025-04-07,0,,0
4828,2,7,OUT,SALE,10,2025-04-08,0,,0
4829,2,7,OUT,SALE,14,2025-04-09,0,,0
4830,2,7,OUT,SALE,10,2025-04-10,0,,0
4831,2,7,OUT,SALE,11,2025-04-11,0,,0
4832,2,7,OUT,SALE,12,2025-04-12,0,,0
4833,2,7,OUT,SALE,13,2025-04-13,0,,0
4834,2,7,OUT,SALE,9,2025-04-14,0,,0
4835,2,7,OUT,SALE,12,2025-04-15,0,,0
4836,2,7,OUT,SALE,14,2025-04-16,0,,0
4837,2,7,OUT,SALE,10,2025-04-17,0,,0
4838,2,7,OUT,SALE,13,2025-04-18,0,,0
4839,2,7,OUT,SALE,12,2025-04-19,0,,0
4840,2,7,OUT,SALE,15,2025-04-20,0,,0
4841,2,7,OUT,SALE,14,2025-04-21,0,,0
4842,2,7,OUT,SALE,11,2025-04-22,0,,0
4843,2,7,OUT,SALE,9,2025-04-23,0,,0
4844,2,7,OUT,SALE,12,2025-04-24,0,,0
4845,2,7,OUT,SALE,11,2025-04-25,0,,0
4846,2,7,OUT,SALE,14,2025-04-26,0,,0
4847,2,7,OUT,SALE,12,2025-04-27,0,,0
4848,2,7,OUT,SALE,10,2025-04-28,0,,0
4849,2,7,OUT,SALE,13,2025-04-29,0,,0
4850,2,7,OUT,SALE,12,2025-04-30,0,,0
4851,2,7,OUT,SALE,10,2025-05-01,0,,0
4852,2,7,OUT,SALE,13,2025-05-02,0,,0
4853,2,7,OUT,SALE,15,2025-05-03,0,,0
4854,2,7,OUT,SALE,14,2025-05-04,0,,0
4855,2,7,OUT,SALE,15,2025-05-05,0,,0
4856,2,7,OUT,SALE,11,2025-05-06,0,,0
4857,2,7,OUT,SALE,12,2025-05-07,0,,0
4858,2,7,OUT,SALE,13,2025-05-08,0,,0
4859,2,7,OUT,SALE,12,2025-05-09,0,,0
4860,2,7,OUT,SALE,12,2025-05-10,0,,0
4861,2,7,OUT,SALE,14,2025-05-11,0,,0
4862,2,7,OUT,SALE,12,2025-05-12,0,,0
4863,2,7,OUT,SALE,14,2025-05-13,0,,0
4864,2,7,OUT,SALE,13,2025-05-14,0,,0
4865,2,7,OUT,SALE,12,2025-05-15,0,,0
4866,2,7,OUT,SALE,11,2025-05-16,0,,0
4867,2,7,OUT,SALE,14,2025-05-17,0,,0
4868,2,7,OUT,SALE,16,2025-05-18,0,,0
4869,2,7,OUT,SALE,11,2025-05-19,0,,0
4870,2,7,OUT,SALE,12,2025-05-20,0,,0
4871,2,7,OUT,SALE,11,2025-05-21,0,,0
4872,2,7,OUT,SALE,11,2025-05-22,0,,0
4873,2,7,OUT,SALE,12,2025-05-23,0,,0
4874,2,7,OUT,SALE,9999,2025-05-24,1,DATA_ERROR,1
4875,2,7,OUT,SALE,18,2025-05-25,0,,0
4876,2,7,OUT,SALE,12,2025-05-26,0,,0
4877,2,7,OUT,SALE,12,2025-05-27,0,,0
4878,2,7,OUT,SALE,10,2025-05-28,0,,0
4879,2,7,OUT,SALE,13,2025-05-29,0,,0
4880,2,7,OUT,SALE,13,2025-05-30,0,,0
4881,2,7,OUT,SALE,17,2025-05-31,0,,0
4882,2,7,OUT,SALE,17,2025-06-01,0,,0
4883,2,7,OUT,SALE,14,2025-06-02,0,,0
4884,2,7,OUT,SALE,12,2025-06-03,0,,0
4885,2,7,OUT,SALE,13,2025-06-04,0,,0
4886,2,7,OUT,SALE,13,2025-06-05,0,,0
4887,2,7,OUT,SALE,15,2025-06-06,0,,0
4888,2,7,OUT,SALE,17,2025-06-07,0,,0
4889,2,7,OUT,SALE,15,2025-06-08,0,,0
4890,2,7,OUT,SALE,11,2025-06-09,0,,0
4891,2,7,OUT,SALE,15,2025-06-10,0,,0
4892,2,7,OUT,SALE,14,2025-06-11,0,,0
4893,2,7,OUT,SALE,13,2025-06-12,0,,0
4894,2,7,OUT,SALE,14,2025-06-13,0,,0
4895,2,7,OUT,SALE,15,2025-06-14,0,,0
4896,2,7,OUT,SALE,17,2025-06-15,0,,0
4897,2,7,OUT,SALE,10,2025-06-16,0,,0
4898,2,7,OUT,SALE,12,2025-06-17,0,,0
4899,2,7,OUT,SALE,16,2025-06-18,0,,0
4900,2,7,OUT,SALE,14,2025-06-19,0,,0
4901,2,7,OUT,SALE,16,2025-06-20,0,,0
4902,2,7,OUT,SALE,13,2025-06-21,0,,0
4903,2,7,OUT,SALE,17,2025-06-22,0,,0
4904,2,7,OUT,SALE,15,2025-06-23,0,,0
4905,2,7,OUT,SALE,10,2025-06-24,0,,0
4906,2,7,OUT,SALE,13,2025-06-25,0,,0
4907,2,7,OUT,SALE,13,2025-06-26,0,,0
4908,2,7,OUT,SALE,11,2025-06-27,0,,0
4909,2,7,OUT,SALE,15,2025-06-28,0,,0
4910,2,7,OUT,SALE,17,2025-06-29,0,,0
4911,2,7,OUT,SALE,12,2025-06-30,0,,0
4912,2,7,OUT,SALE,14,2025-07-01,0,,0
4913,2,7,OUT,SALE,14,2025-07-02,0,,0
4914,2,7,OUT,SALE,13,2025-07-03,0,,0
4915,2,7,OUT,SALE,12,2025-07-04,0,,0
4916,2,7,OUT,SALE,17,2025-07-05,0,,0
4917,2,7,OUT,SALE,12,2025-07-06,0,,0
4918,2,7,OUT,SALE,13,2025-07-07,0,,0
4919,2,7,OUT,SALE,16,2025-07-08,0,,0
4920,2,7,OUT,SALE,13,2025-07-09,0,,0
4921,2,7,OUT,SALE,12,2025-07-10,0,,0
4922,2,7,OUT,SALE,15,2025-07-11,0,,0
4923,2,7,OUT,SALE,16,2025-07-12,0,,0
4924,2,7,OUT,SALE,17,2025-07-13,0,,0
4925,2,7,OUT,SALE,13,2025-07-14,0,,0
4926,2,7,OUT,SALE,10,2025-07-15,0,,0
4927,2,7,OUT,SALE,15,2025-07-16,0,,0
4928,2,7,OUT,SALE,17,2025-07-17,0,,0
4929,2,7,OUT,SALE,15,2025-07-18,0,,0
4930,2,7,OUT,SALE,9,2025-07-19,0,,0
4931,2,7,OUT,SALE,36,2025-07-20,0,,0
4932,2,7,OUT,SALE,28,2025-07-21,0,,0
4933,2,7,OUT,SALE,26,2025-07-22,0,,0
4934,2,7,OUT,SALE,30,2025-07-23,0,,0
4935,2,7,OUT,SALE,29,2025-07-24,0,,0
4936,2,7,OUT,SALE,31,2025-07-25,0,,0
4937,2,7,OUT,SALE,16,2025-07-26,0,,0
4938,2,7,OUT,SALE,13,2025-07-27,0,,0
4939,2,7,OUT,SALE,12,2025-07-28,0,,0
4940,2,7,OUT,SALE,12,2025-07-29,0,,0
4941,2,7,OUT,SALE,11,2025-07-30,0,,0
4942,2,7,OUT,SALE,11,2025-07-31,0,,0
4943,2,7,OUT,SALE,13,2025-08-01,0,,0
4944,2,7,OUT,SALE,18,2025-08-02,0,,0
4945,2,7,OUT,SALE,14,2025-08-03,0,,0
4946,2,7,OUT,SALE,12,2025-08-04,0,,0
4947,2,7,OUT,SALE,11,2025-08-05,0,,0
4948,2,7,OUT,SALE,13,2025-08-06,0,,0
4949,2,7,OUT,SALE,15,2025-08-07,0,,0
4950,2,7,OUT,SALE,16,2025-08-08,0,,0
4951,2,7,OUT,SALE,16,2025-08-09,0,,0
4952,2,7,OUT,SALE,15,2025-08-10,0,,0
4953,2,7,OUT,SALE,12,2025-08-11,0,,0
4954,2,7,OUT,SALE,13,2025-08-12,0,,0
4955,2,7,OUT,SALE,14,2025-08-13,0,,0
4956,2,7,OUT,SALE,13,2025-08-14,0,,0
4957,2,7,OUT,SALE,13,2025-08-15,0,,0
4958,2,7,OUT,SALE,15,2025-08-16,0,,0
4959,2,7,OUT,SALE,14,2025-08-17,0,,0
4960,2,7,OUT,SALE,13,2025-08-18,0,,0
4961,2,7,OUT,SALE,10,2025-08-19,0,,0
4962,2,7,OUT,SALE,14,2025-08-20,0,,0
4963,2,7,OUT,SALE,17,2025-08-21,0,,0
4964,2,7,OUT,SALE,12,2025-08-22,0,,0
4965,2,7,OUT,SALE,16,2025-08-23,0,,0
4966,2,7,OUT,SALE,17,2025-08-24,0,,0
4967,2,7,OUT,SALE,15,2025-08-25,0,,0
4968,2,7,OUT,SALE,13,2025-08-26,0,,0
4969,2,7,OUT,SALE,10,2025-08-27,0,,0
4970,2,7,OUT,SALE,14,2025-08-28,0,,0
4971,2,7,OUT,SALE,13,2025-08-29,0,,0
4972,2,7,OUT,SALE,14,2025-08-30,0,,0
4973,2,7,OUT,SALE,15,2025-08-31,0,,0
4974,2,7,OUT,SALE,13,2025-09-01,0,,0
4975,2,7,OUT,SALE,13,2025-09-02,0,,0
4976,2,7,OUT,SALE,13,2025-09-03,0,,0
4977,2,7,OUT,SALE,12,2025-09-04,0,,0
4978,2,7,OUT,SALE,13,2025-09-05,0,,0
4979,2,7,OUT,SALE,14,2025-09-06,0,,0
4980,2,7,OUT,DAMAGE,90,2025-09-07,1,OFF_HOURS_BULK,0
4981,2,7,OUT,SALE,11,2025-09-08,0,,0
4982,2,7,OUT,SALE,12,2025-09-09,0,,0
4983,2,7,OUT,SALE,10,2025-09-10,0,,0
4984,2,7,OUT,SALE,12,2025-09-11,0,,0
4985,2,7,OUT,SALE,13,2025-09-12,0,,0
4986,2,7,OUT,SALE,12,2025-09-13,0,,0
4987,2,7,OUT,SALE,14,2025-09-14,0,,0
4988,2,7,OUT,SALE,9,2025-09-15,0,,0
4989,2,7,OUT,SALE,10,2025-09-16,0,,0
4990,2,7,OUT,SALE,11,2025-09-17,0,,0
4991,2,7,OUT,SALE,12,2025-09-18,0,,0
4992,2,7,OUT,SALE,13,2025-09-19,0,,0
4993,2,7,OUT,SALE,14,2025-09-20,0,,0
4994,2,7,OUT,SALE,13,2025-09-21,0,,0
4995,2,7,OUT,SALE,12,2025-09-22,0,,0
4996,2,7,OUT,SALE,13,2025-09-23,0,,0
4997,2,7,OUT,SALE,13,2025-09-24,0,,0
4998,2,7,OUT,SALE,12,2025-09-25,0,,0
4999,2,7,OUT,SALE,14,2025-09-26,0,,0
5000,2,7,OUT,SALE,17,2025-09-27,0,,0
5001,2,7,OUT,SALE,12,2025-09-28,0,,0
5002,2,7,OUT,SALE,13,2025-09-29,0,,0
5003,2,7,OUT,SALE,32,2025-09-30,0,,0
5004,2,7,OUT,SALE,22,2025-10-01,0,,0
5005,2,7,OUT,SALE,22,2025-10-02,0,,0
5006,2,7,OUT,SALE,21,2025-10-03,0,,0
5007,2,7,OUT,SALE,14,2025-10-04,0,,0
5008,2,7,OUT,SALE,14,2025-10-05,0,,0
5009,2,7,OUT,SALE,10,2025-10-06,0,,0
5010,2,7,OUT,SALE,11,2025-10-07,0,,0
5011,2,7,OUT,SALE,8,2025-10-08,0,,0
5012,2,7,OUT,SALE,11,2025-10-09,0,,0
5013,2,7,OUT,SALE,10,2025-10-10,0,,0
5014,2,7,OUT,SALE,13,2025-10-11,0,,0
5015,2,7,OUT,SALE,10,2025-10-12,0,,0
5016,2,7,OUT,SALE,10,2025-10-13,0,,0
5017,2,7,OUT,SALE,12,2025-10-14,0,,0
5018,2,7,OUT,SALE,10,2025-10-15,0,,0
5019,2,7,OUT,SALE,9,2025-10-16,0,,0
5020,2,7,OUT,SALE,12,2025-10-17,0,,0
5021,2,7,OUT,SALE,12,2025-10-18,0,,0
5022,2,7,OUT,SALE,13,2025-10-19,0,,0
5023,2,7,OUT,SALE,10,2025-10-20,0,,0
5024,2,7,OUT,SALE,14,2025-10-21,0,,0
5025,2,7,OUT,SALE,9,2025-10-22,0,,0
5026,2,7,OUT,SALE,15,2025-10-23,0,,0
5027,2,7,OUT,SALE,11,2025-10-24,0,,0
5028,2,7,OUT,SALE,13,2025-10-25,0,,0
5029,2,7,OUT,SALE,12,2025-10-26,0,,0
5030,2,7,OUT,SALE,10,2025-10-27,0,,0
5031,2,7,OUT,SALE,10,2025-10-28,0,,0
5032,2,7,OUT,SALE,12,2025-10-29,0,,0
5033,2,7,OUT,SALE,9,2025-10-30,0,,0
5034,2,7,OUT,SALE,12,2025-10-31,0,,0
5035,2,7,OUT,SALE,9,2025-11-01,0,,0
5036,2,7,OUT,SALE,12,2025-11-02,0,,0
5037,2,7,OUT,SALE,11,2025-11-03,0,,0
5038,2,7,OUT,SALE,9,2025-11-04,0,,0
5039,2,7,OUT,SALE,11,2025-11-05,0,,0
5040,2,7,OUT,SALE,10,2025-11-06,0,,0
5041,2,7,OUT,SALE,12,2025-11-07,0,,0
5042,2,7,OUT,SALE,10,2025-11-08,0,,0
5043,2,7,OUT,DAMAGE,98,2025-11-09,1,THEFT_SPIKE,0
5044,2,7,OUT,SALE,7,2025-11-10,0,,0
5045,2,7,OUT,SALE,10,2025-11-11,0,,0
5046,2,7,OUT,SALE,8,2025-11-12,0,,0
5047,2,7,OUT,SALE,12,2025-11-13,0,,0
5048,2,7,OUT,SALE,10,2025-11-14,0,,0
5049,2,7,OUT,SALE,11,2025-11-15,0,,0
5050,2,7,OUT,SALE,12,2025-11-16,0,,0
5051,2,7,OUT,SALE,10,2025-11-17,0,,0
5052,2,7,OUT,SALE,9,2025-11-18,0,,0
5053,2,7,OUT,SALE,9,2025-11-19,0,,0
5054,2,7,OUT,SALE,10,2025-11-20,0,,0
5055,2,7,OUT,SALE,11,2025-11-21,0,,0
5056,2,7,OUT,SALE,13,2025-11-22,0,,0
5057,2,7,OUT,SALE,14,2025-11-23,0,,0
5058,2,7,OUT,SALE,7,2025-11-24,0,,0
5059,2,7,OUT,SALE,10,2025-11-25,0,,0
5060,2,7,OUT,SALE,11,2025-11-26,0,,0
5061,2,7,OUT,SALE,10,2025-11-27,0,,0
5062,2,7,OUT,SALE,18,2025-11-28,0,,0
5063,2,7,OUT,SALE,24,2025-11-29,0,,0
5064,2,7,OUT,SALE,30,2025-11-30,0,,0
5065,2,7,OUT,SALE,10,2025-12-01,0,,0
5066,2,7,OUT,SALE,10,2025-12-02,0,,0
5067,2,7,OUT,SALE,8,2025-12-03,0,,0
5068,2,7,OUT,SALE,10,2025-12-04,0,,0
5069,2,7,OUT,SALE,8,2025-12-05,0,,0
5070,2,7,OUT,SALE,11,2025-12-06,0,,0
5071,2,7,OUT,SALE,11,2025-12-07,0,,0
5072,2,7,OUT,SALE,8,2025-12-08,0,,0
5073,2,7,OUT,SALE,11,2025-12-09,0,,0
5074,2,7,OUT,SALE,7,2025-12-10,0,,0
5075,2,7,OUT,SALE,9,2025-12-11,0,,0
5076,2,7,OUT,SALE,8,2025-12-12,0,,0
5077,2,7,OUT,SALE,13,2025-12-13,0,,0
5078,2,7,OUT,SALE,11,2025-12-14,0,,0
5079,2,7,OUT,SALE,9,2025-12-15,0,,0
5080,2,7,OUT,SALE,9,2025-12-16,0,,0
5081,2,7,OUT,SALE,11,2025-12-17,0,,0
5082,2,7,OUT,SALE,8,2025-12-18,0,,0
5083,2,7,OUT,SALE,7,2025-12-19,0,,0
5084,2,7,OUT,SALE,11,2025-12-20,0,,0
5085,2,7,OUT,SALE,11,2025-12-21,0,,0
5086,2,7,OUT,SALE,10,2025-12-22,0,,0
5087,2,7,OUT,SALE,10,2025-12-23,0,,0
5088,2,7,OUT,SALE,19,2025-12-24,0,,0
5089,2,7,OUT,SALE,12,2025-12-25,0,,0
5090,2,7,OUT,SALE,13,2025-12-26,0,,0
5091,2,7,OUT,SALE,11,2025-12-27,0,,0
5092,2,7,OUT,DAMAGE,57,2025-12-28,1,OFF_HOURS_BULK,0
5093,2,7,OUT,SALE,8,2025-12-29,0,,0
5094,2,7,OUT,SALE,11,2025-12-30,0,,0
5095,2,7,OUT,SALE,7,2025-12-31,0,,0
5096,2,8,OUT,SALE,19,2025-01-01,0,,0
5097,2,8,OUT,SALE,19,2025-01-02,0,,0
5098,2,8,OUT,SALE,23,2025-01-03,0,,0
5099,2,8,OUT,SALE,17,2025-01-04,0,,0
5100,2,8,OUT,SALE,24,2025-01-05,0,,0
5101,2,8,OUT,SALE,17,2025-01-06,0,,0
5102,2,8,OUT,SALE,21,2025-01-07,0,,0
5103,2,8,OUT,SALE,17,2025-01-08,0,,0
5104,2,8,OUT,SALE,23,2025-01-09,0,,0
5105,2,8,OUT,SALE,17,2025-01-10,0,,0
5106,2,8,OUT,SALE,16,2025-01-11,0,,0
5107,2,8,OUT,SALE,20,2025-01-12,0,,0
5108,2,8,OUT,SALE,19,2025-01-13,0,,0
5109,2,8,OUT,SALE,22,2025-01-14,0,,0
5110,2,8,OUT,SALE,17,2025-01-15,0,,0
5111,2,8,OUT,SALE,17,2025-01-16,0,,0
5112,2,8,OUT,SALE,22,2025-01-17,0,,0
5113,2,8,OUT,SALE,19,2025-01-18,0,,0
5114,2,8,OUT,SALE,22,2025-01-19,0,,0
5115,2,8,OUT,SALE,19,2025-01-20,0,,0
5116,2,8,OUT,SALE,20,2025-01-21,0,,0
5117,2,8,OUT,SALE,18,2025-01-22,0,,0
5118,2,8,OUT,SALE,17,2025-01-23,0,,0
5119,2,8,OUT,SALE,20,2025-01-24,0,,0
5120,2,8,OUT,SALE,36,2025-01-25,0,,0
5121,2,8,OUT,SALE,34,2025-01-26,0,,0
5122,2,8,OUT,SALE,40,2025-01-27,0,,0
5123,2,8,OUT,SALE,37,2025-01-28,0,,0
5124,2,8,OUT,SALE,24,2025-01-29,0,,0
5125,2,8,OUT,SALE,21,2025-01-30,0,,0
5126,2,8,OUT,SALE,17,2025-01-31,0,,0
5127,2,8,OUT,SALE,23,2025-02-01,0,,0
5128,2,8,OUT,SALE,20,2025-02-02,0,,0
5129,2,8,OUT,SALE,16,2025-02-03,0,,0
5130,2,8,OUT,SALE,19,2025-02-04,0,,0
5131,2,8,OUT,SALE,23,2025-02-05,0,,0
5132,2,8,OUT,SALE,21,2025-02-06,0,,0
5133,2,8,OUT,SALE,17,2025-02-07,0,,0
5134,2,8,OUT,SALE,22,2025-02-08,0,,0
5135,2,8,OUT,SALE,23,2025-02-09,0,,0
5136,2,8,OUT,SALE,16,2025-02-10,0,,0
5137,2,8,OUT,SALE,22,2025-02-11,0,,0
5138,2,8,OUT,SALE,20,2025-02-12,0,,0
5139,2,8,OUT,SALE,17,2025-02-13,0,,0
5140,2,8,OUT,SALE,17,2025-02-14,0,,0
5141,2,8,OUT,SALE,26,2025-02-15,0,,0
5142,2,8,OUT,SALE,22,2025-02-16,0,,0
5143,2,8,OUT,SALE,23,2025-02-17,0,,0
5144,2,8,OUT,SALE,24,2025-02-18,0,,0
5145,2,8,OUT,SALE,23,2025-02-19,0,,0
5146,2,8,OUT,SALE,19,2025-02-20,0,,0
5147,2,8,OUT,SALE,14,2025-02-21,0,,0
5148,2,8,OUT,SALE,24,2025-02-22,0,,0
5149,2,8,OUT,SALE,29,2025-02-23,0,,0
5150,2,8,OUT,SALE,20,2025-02-24,0,,0
5151,2,8,OUT,SALE,15,2025-02-25,0,,0
5152,2,8,OUT,SALE,19,2025-02-26,0,,0
5153,2,8,OUT,SALE,20,2025-02-27,0,,0
5154,2,8,OUT,SALE,18,2025-02-28,0,,0
5155,2,8,OUT,SALE,17,2025-03-01,0,,0
5156,2,8,OUT,SALE,25,2025-03-02,0,,0
5157,2,8,OUT,SALE,20,2025-03-03,0,,0
5158,2,8,OUT,SALE,27,2025-03-04,0,,0
5159,2,8,OUT,SALE,22,2025-03-05,0,,0
5160,2,8,OUT,SALE,23,2025-03-06,0,,0
5161,2,8,OUT,SALE,22,2025-03-07,0,,0
5162,2,8,OUT,SALE,26,2025-03-08,0,,0
5163,2,8,OUT,SALE,20,2025-03-09,0,,0
5164,2,8,OUT,SALE,19,2025-03-10,0,,0
5165,2,8,OUT,SALE,25,2025-03-11,0,,0
5166,2,8,OUT,SALE,23,2025-03-12,0,,0
5167,2,8,OUT,SALE,21,2025-03-13,0,,0
5168,2,8,OUT,SALE,23,2025-03-14,0,,0
5169,2,8,OUT,SALE,27,2025-03-15,0,,0
5170,2,8,OUT,SALE,31,2025-03-16,0,,0
5171,2,8,OUT,SALE,22,2025-03-17,0,,0
5172,2,8,OUT,SALE,19,2025-03-18,0,,0
5173,2,8,OUT,SALE,22,2025-03-19,0,,0
5174,2,8,OUT,SALE,24,2025-03-20,0,,0
5175,2,8,OUT,SALE,25,2025-03-21,0,,0
5176,2,8,OUT,SALE,20,2025-03-22,0,,0
5177,2,8,OUT,SALE,26,2025-03-23,0,,0
5178,2,8,OUT,SALE,20,2025-03-24,0,,0
5179,2,8,OUT,SALE,20,2025-03-25,0,,0
5180,2,8,OUT,SALE,24,2025-03-26,0,,0
5181,2,8,OUT,SALE,24,2025-03-27,0,,0
5182,2,8,OUT,SALE,20,2025-03-28,0,,0
5183,2,8,OUT,SALE,25,2025-03-29,0,,0
5184,2,8,OUT,SALE,24,2025-03-30,0,,0
5185,2,8,OUT,SALE,30,2025-03-31,0,,0
5186,2,8,OUT,SALE,25,2025-04-01,0,,0
5187,2,8,OUT,SALE,22,2025-04-02,0,,0
5188,2,8,OUT,SALE,28,2025-04-03,0,,0
5189,2,8,OUT,SALE,28,2025-04-04,0,,0
5190,2,8,OUT,SALE,34,2025-04-05,0,,0
5191,2,8,OUT,SALE,35,2025-04-06,0,,0
5192,2,8,OUT,SALE,26,2025-04-07,0,,0
5193,2,8,OUT,SALE,23,2025-04-08,0,,0
5194,2,8,OUT,SALE,24,2025-04-09,0,,0
5195,2,8,OUT,SALE,24,2025-04-10,0,,0
5196,2,8,OUT,SALE,23,2025-04-11,0,,0
5197,2,8,OUT,SALE,32,2025-04-12,0,,0
5198,2,8,OUT,SALE,28,2025-04-13,0,,0
5199,2,8,OUT,SALE,27,2025-04-14,0,,0
5200,2,8,OUT,SALE,26,2025-04-15,0,,0
5201,2,8,OUT,SALE,21,2025-04-16,0,,0
5202,2,8,OUT,SALE,19,2025-04-17,0,,0
5203,2,8,OUT,SALE,21,2025-04-18,0,,0
5204,2,8,OUT,SALE,27,2025-04-19,0,,0
5205,2,8,OUT,SALE,29,2025-04-20,0,,0
5206,2,8,OUT,SALE,23,2025-04-21,0,,0
5207,2,8,OUT,SALE,26,2025-04-22,0,,0
5208,2,8,OUT,SALE,23,2025-04-23,0,,0
5209,2,8,OUT,SALE,25,2025-04-24,0,,0
5210,2,8,OUT,SALE,25,2025-04-25,0,,0
5211,2,8,OUT,SALE,34,2025-04-26,0,,0
5212,2,8,OUT,SALE,25,2025-04-27,0,,0
5213,2,8,OUT,SALE,31,2025-04-28,0,,0
5214,2,8,OUT,SALE,23,2025-04-29,0,,0
5215,2,8,OUT,SALE,20,2025-04-30,0,,0
5216,2,8,OUT,SALE,26,2025-05-01,0,,0
5217,2,8,OUT,SALE,37,2025-05-02,0,,0
5218,2,8,OUT,SALE,34,2025-05-03,0,,0
5219,2,8,OUT,SALE,33,2025-05-04,0,,0
5220,2,8,OUT,SALE,29,2025-05-05,0,,0
5221,2,8,OUT,SALE,24,2025-05-06,0,,0
5222,2,8,OUT,SALE,28,2025-05-07,0,,0
5223,2,8,OUT,SALE,27,2025-05-08,0,,0
5224,2,8,OUT,SALE,33,2025-05-09,0,,0
5225,2,8,OUT,SALE,30,2025-05-10,0,,0
5226,2,8,OUT,SALE,29,2025-05-11,0,,0
5227,2,8,OUT,SALE,23,2025-05-12,0,,0
5228,2,8,OUT,SALE,27,2025-05-13,0,,0
5229,2,8,OUT,SALE,28,2025-05-14,0,,0
5230,2,8,OUT,SALE,23,2025-05-15,0,,0
5231,2,8,OUT,SALE,28,2025-05-16,0,,0
5232,2,8,OUT,SALE,32,2025-05-17,0,,0
5233,2,8,OUT,SALE,35,2025-05-18,0,,0
5234,2,8,OUT,SALE,31,2025-05-19,0,,0
5235,2,8,OUT,SALE,27,2025-05-20,0,,0
5236,2,8,OUT,SALE,24,2025-05-21,0,,0
5237,2,8,OUT,SALE,24,2025-05-22,0,,0
5238,2,8,OUT,SALE,33,2025-05-23,0,,0
5239,2,8,OUT,SALE,32,2025-05-24,0,,0
5240,2,8,OUT,SALE,37,2025-05-25,0,,0
5241,2,8,OUT,SALE,28,2025-05-26,0,,0
5242,2,8,OUT,SALE,29,2025-05-27,0,,0
5243,2,8,OUT,SALE,30,2025-05-28,0,,0
5244,2,8,OUT,SALE,23,2025-05-29,0,,0
5245,2,8,OUT,SALE,28,2025-05-30,0,,0
5246,2,8,OUT,SALE,26,2025-05-31,0,,0
5247,2,8,OUT,SALE,32,2025-06-01,0,,0
5248,2,8,OUT,SALE,31,2025-06-02,0,,0
5249,2,8,OUT,SALE,25,2025-06-03,0,,0
5250,2,8,OUT,SALE,31,2025-06-04,0,,0
5251,2,8,OUT,SALE,23,2025-06-05,0,,0
5252,2,8,OUT,SALE,33,2025-06-06,0,,0
5253,2,8,OUT,SALE,30,2025-06-07,0,,0
5254,2,8,OUT,SALE,29,2025-06-08,0,,0
5255,2,8,OUT,SALE,24,2025-06-09,0,,0
5256,2,8,OUT,SALE,27,2025-06-10,0,,0
5257,2,8,OUT,SALE,22,2025-06-11,0,,0
5258,2,8,OUT,SALE,27,2025-06-12,0,,0
5259,2,8,OUT,SALE,32,2025-06-13,0,,0
5260,2,8,OUT,SALE,32,2025-06-14,0,,0
5261,2,8,OUT,SALE,28,2025-06-15,0,,0
5262,2,8,OUT,SALE,29,2025-06-16,0,,0
5263,2,8,OUT,SALE,29,2025-06-17,0,,0
5264,2,8,OUT,SALE,35,2025-06-18,0,,0
5265,2,8,OUT,SALE,31,2025-06-19,0,,0
5266,2,8,OUT,SALE,30,2025-06-20,0,,0
5267,2,8,OUT,DAMAGE,101,2025-06-21,1,REPEATED_LOSS,1
5268,2,8,OUT,SALE,32,2025-06-22,0,,0
5269,2,8,OUT,SALE,28,2025-06-23,0,,0
5270,2,8,OUT,SALE,34,2025-06-24,0,,0
5271,2,8,OUT,SALE,23,2025-06-25,0,,0
5272,2,8,OUT,SALE,32,2025-06-26,0,,0
5273,2,8,OUT,SALE,28,2025-06-27,0,,0
5274,2,8,OUT,SALE,32,2025-06-28,0,,0
5275,2,8,OUT,SALE,31,2025-06-29,0,,0
5276,2,8,OUT,SALE,29,2025-06-30,0,,0
5277,2,8,OUT,SALE,29,2025-07-01,0,,0
5278,2,8,OUT,SALE,28,2025-07-02,0,,0
5279,2,8,OUT,SALE,27,2025-07-03,0,,0
5280,2,8,OUT,SALE,23,2025-07-04,0,,0
5281,2,8,OUT,SALE,31,2025-07-05,0,,0
5282,2,8,OUT,SALE,32,2025-07-06,0,,0
5283,2,8,OUT,SALE,30,2025-07-07,0,,0
5284,2,8,OUT,SALE,36,2025-07-08,0,,0
5285,2,8,OUT,SALE,27,2025-07-09,0,,0
5286,2,8,OUT,SALE,26,2025-07-10,0,,0
5287,2,8,OUT,SALE,27,2025-07-11,0,,0
5288,2,8,OUT,SALE,34,2025-07-12,0,,0
5289,2,8,OUT,SALE,36,2025-07-13,0,,0
5290,2,8,OUT,SALE,32,2025-07-14,0,,0
5291,2,8,OUT,SALE,32,2025-07-15,0,,0
5292,2,8,OUT,SALE,33,2025-07-16,0,,0
5293,2,8,OUT,SALE,28,2025-07-17,0,,0
5294,2,8,OUT,SALE,37,2025-07-18,0,,0
5295,2,8,OUT,SALE,32,2025-07-19,0,,0
5296,2,8,OUT,SALE,75,2025-07-20,0,,0
5297,2,8,OUT,SALE,74,2025-07-21,0,,0
5298,2,8,OUT,SALE,69,2025-07-22,0,,0
5299,2,8,OUT,SALE,47,2025-07-23,0,,0
5300,2,8,OUT,SALE,65,2025-07-24,0,,0
5301,2,8,OUT,SALE,71,2025-07-25,0,,0
5302,2,8,OUT,SALE,28,2025-07-26,0,,0
5303,2,8,OUT,SALE,37,2025-07-27,0,,0
5304,2,8,OUT,SALE,31,2025-07-28,0,,0
5305,2,8,OUT,SALE,33,2025-07-29,0,,0
5306,2,8,OUT,SALE,27,2025-07-30,0,,0
5307,2,8,OUT,SALE,33,2025-07-31,0,,0
5308,2,8,OUT,SALE,29,2025-08-01,0,,0
5309,2,8,OUT,SALE,40,2025-08-02,0,,0
5310,2,8,OUT,SALE,44,2025-08-03,0,,0
5311,2,8,OUT,SALE,34,2025-08-04,0,,0
5312,2,8,OUT,SALE,30,2025-08-05,0,,0
5313,2,8,OUT,SALE,37,2025-08-06,0,,0
5314,2,8,OUT,SALE,31,2025-08-07,0,,0
5315,2,8,OUT,SALE,26,2025-08-08,0,,0
5316,2,8,OUT,SALE,33,2025-08-09,0,,0
5317,2,8,OUT,SALE,36,2025-08-10,0,,0
5318,2,8,OUT,SALE,31,2025-08-11,0,,0
5319,2,8,OUT,SALE,25,2025-08-12,0,,0
5320,2,8,OUT,SALE,25,2025-08-13,0,,0
5321,2,8,OUT,SALE,27,2025-08-14,0,,0
5322,2,8,OUT,SALE,30,2025-08-15,0,,0
5323,2,8,OUT,SALE,36,2025-08-16,0,,0
5324,2,8,OUT,SALE,34,2025-08-17,0,,0
5325,2,8,OUT,SALE,26,2025-08-18,0,,0
5326,2,8,OUT,SALE,35,2025-08-19,0,,0
5327,2,8,OUT,SALE,25,2025-08-20,0,,0
5328,2,8,OUT,SALE,33,2025-08-21,0,,0
5329,2,8,OUT,SALE,31,2025-08-22,0,,0
5330,2,8,OUT,SALE,38,2025-08-23,0,,0
5331,2,8,OUT,SALE,31,2025-08-24,0,,0
5332,2,8,OUT,SALE,28,2025-08-25,0,,0
5333,2,8,OUT,SALE,29,2025-08-26,0,,0
5334,2,8,OUT,SALE,27,2025-08-27,0,,0
5335,2,8,OUT,SALE,29,2025-08-28,0,,0
5336,2,8,OUT,SALE,34,2025-08-29,0,,0
5337,2,8,OUT,SALE,28,2025-08-30,0,,0
5338,2,8,OUT,SALE,30,2025-08-31,0,,0
5339,2,8,OUT,SALE,24,2025-09-01,0,,0
5340,2,8,OUT,SALE,27,2025-09-02,0,,0
5341,2,8,OUT,SALE,26,2025-09-03,0,,0
5342,2,8,OUT,SALE,29,2025-09-04,0,,0
5343,2,8,OUT,SALE,27,2025-09-05,0,,0
5344,2,8,OUT,SALE,32,2025-09-06,0,,0
5345,2,8,OUT,SALE,32,2025-09-07,0,,0
5346,2,8,OUT,SALE,28,2025-09-08,0,,0
5347,2,8,OUT,SALE,29,2025-09-09,0,,0
5348,2,8,OUT,SALE,26,2025-09-10,0,,0
5349,2,8,OUT,SALE,32,2025-09-11,0,,0
5350,2,8,OUT,SALE,35,2025-09-12,0,,0
5351,2,8,OUT,SALE,34,2025-09-13,0,,0
5352,2,8,OUT,SALE,32,2025-09-14,0,,0
5353,2,8,OUT,SALE,29,2025-09-15,0,,0
5354,2,8,OUT,SALE,23,2025-09-16,0,,0
5355,2,8,OUT,SALE,27,2025-09-17,0,,0
5356,2,8,OUT,SALE,25,2025-09-18,0,,0
5357,2,8,OUT,DAMAGE,76,2025-09-19,1,REPEATED_LOSS,1
5358,2,8,OUT,SALE,28,2025-09-20,0,,0
5359,2,8,OUT,SALE,30,2025-09-21,0,,0
5360,2,8,OUT,SALE,21,2025-09-22,0,,0
5361,2,8,OUT,SALE,23,2025-09-23,0,,0
5362,2,8,OUT,SALE,28,2025-09-24,0,,0
5363,2,8,OUT,SALE,24,2025-09-25,0,,0
5364,2,8,OUT,SALE,30,2025-09-26,0,,0
5365,2,8,OUT,SALE,27,2025-09-27,0,,0
5366,2,8,OUT,SALE,33,2025-09-28,0,,0
5367,2,8,OUT,SALE,24,2025-09-29,0,,0
5368,2,8,OUT,SALE,53,2025-09-30,0,,0
5369,2,8,OUT,SALE,38,2025-10-01,0,,0
5370,2,8,OUT,SALE,44,2025-10-02,0,,0
5371,2,8,OUT,SALE,42,2025-10-03,0,,0
5372,2,8,OUT,SALE,31,2025-10-04,0,,0
5373,2,8,OUT,SALE,30,2025-10-05,0,,0
5374,2,8,OUT,SALE,21,2025-10-06,0,,0
5375,2,8,OUT,SALE,24,2025-10-07,0,,0
5376,2,8,OUT,SALE,22,2025-10-08,0,,0
5377,2,8,OUT,DAMAGE,245,2025-10-09,1,THEFT_SPIKE,1
5378,2,8,OUT,SALE,28,2025-10-10,0,,0
5379,2,8,OUT,SALE,23,2025-10-11,0,,0
5380,2,8,OUT,SALE,31,2025-10-12,0,,0
5381,2,8,OUT,SALE,22,2025-10-13,0,,0
5382,2,8,OUT,DAMAGE,127,2025-10-14,1,THEFT_SPIKE,1
5383,2,8,OUT,SALE,25,2025-10-15,0,,0
5384,2,8,OUT,SALE,30,2025-10-16,0,,0
5385,2,8,OUT,SALE,21,2025-10-17,0,,0
5386,2,8,OUT,SALE,31,2025-10-18,0,,0
5387,2,8,OUT,SALE,24,2025-10-19,0,,0
5388,2,8,OUT,SALE,21,2025-10-20,0,,0
5389,2,8,OUT,SALE,25,2025-10-21,0,,0
5390,2,8,OUT,SALE,24,2025-10-22,0,,0
5391,2,8,OUT,SALE,16,2025-10-23,0,,0
5392,2,8,OUT,SALE,28,2025-10-24,0,,0
5393,2,8,OUT,SALE,21,2025-10-25,0,,0
5394,2,8,OUT,SALE,28,2025-10-26,0,,0
5395,2,8,OUT,SALE,28,2025-10-27,0,,0
5396,2,8,OUT,SALE,31,2025-10-28,0,,0
5397,2,8,OUT,SALE,23,2025-10-29,0,,0
5398,2,8,OUT,SALE,20,2025-10-30,0,,0
5399,2,8,OUT,SALE,28,2025-10-31,0,,0
5400,2,8,OUT,SALE,28,2025-11-01,0,,0
5401,2,8,OUT,SALE,24,2025-11-02,0,,0
5402,2,8,OUT,SALE,20,2025-11-03,0,,0
5403,2,8,OUT,SALE,20,2025-11-04,0,,0
5404,2,8,OUT,SALE,21,2025-11-05,0,,0
5405,2,8,OUT,SALE,23,2025-11-06,0,,0
5406,2,8,OUT,SALE,20,2025-11-07,0,,0
5407,2,8,OUT,SALE,24,2025-11-08,0,,0
5408,2,8,OUT,SALE,27,2025-11-09,0,,0
5409,2,8,OUT,SALE,18,2025-11-10,0,,0
5410,2,8,OUT,SALE,21,2025-11-11,0,,0
5411,2,8,OUT,SALE,18,2025-11-12,0,,0
5412,2,8,OUT,SALE,22,2025-11-13,0,,0
5413,2,8,OUT,SALE,17,2025-11-14,0,,0
5414,2,8,OUT,SALE,28,2025-11-15,0,,0
5415,2,8,OUT,SALE,21,2025-11-16,0,,0
5416,2,8,OUT,SALE,17,2025-11-17,0,,0
5417,2,8,OUT,SALE,21,2025-11-18,0,,0
5418,2,8,OUT,SALE,26,2025-11-19,0,,0
5419,2,8,OUT,SALE,24,2025-11-20,0,,0
5420,2,8,OUT,SALE,17,2025-11-21,0,,0
5421,2,8,OUT,SALE,21,2025-11-22,0,,0
5422,2,8,OUT,SALE,24,2025-11-23,0,,0
5423,2,8,OUT,SALE,28,2025-11-24,0,,0
5424,2,8,OUT,SALE,20,2025-11-25,0,,0
5425,2,8,OUT,SALE,20,2025-11-26,0,,0
5426,2,8,OUT,SALE,26,2025-11-27,0,,0
5427,2,8,OUT,SALE,56,2025-11-28,0,,0
5428,2,8,OUT,SALE,71,2025-11-29,0,,0
5429,2,8,OUT,SALE,58,2025-11-30,0,,0
5430,2,8,OUT,SALE,20,2025-12-01,0,,0
5431,2,8,OUT,SALE,23,2025-12-02,0,,0
5432,2,8,OUT,SALE,20,2025-12-03,0,,0
5433,2,8,OUT,SALE,23,2025-12-04,0,,0
5434,2,8,OUT,SALE,21,2025-12-05,0,,0
5435,2,8,OUT,SALE,20,2025-12-06,0,,0
5436,2,8,OUT,SALE,23,2025-12-07,0,,0
5437,2,8,OUT,SALE,23,2025-12-08,0,,0
5438,2,8,OUT,SALE,22,2025-12-09,0,,0
5439,2,8,OUT,SALE,20,2025-12-10,0,,0
5440,2,8,OUT,SALE,16,2025-12-11,0,,0
5441,2,8,OUT,SALE,16,2025-12-12,0,,0
5442,2,8,OUT,SALE,19,2025-12-13,0,,0
5443,2,8,OUT,SALE,22,2025-12-14,0,,0
5444,2,8,OUT,SALE,19,2025-12-15,0,,0
5445,2,8,OUT,SALE,17,2025-12-16,0,,0
5446,2,8,OUT,SALE,23,2025-12-17,0,,0
5447,2,8,OUT,SALE,17,2025-12-18,0,,0
5448,2,8,OUT,SALE,17,2025-12-19,0,,0
5449,2,8,OUT,SALE,23,2025-12-20,0,,0
5450,2,8,OUT,SALE,26,2025-12-21,0,,0
5451,2,8,OUT,SALE,25,2025-12-22,0,,0
5452,2,8,OUT,SALE,22,2025-12-23,0,,0
5453,2,8,OUT,SALE,41,2025-12-24,0,,0
5454,2,8,OUT,SALE,29,2025-12-25,0,,0
5455,2,8,OUT,SALE,43,2025-12-26,0,,0
5456,2,8,OUT,SALE,18,2025-12-27,0,,0
5457,2,8,OUT,SALE,22,2025-12-28,0,,0
5458,2,8,OUT,SALE,22,2025-12-29,0,,0
5459,2,8,OUT,SALE,16,2025-12-30,0,,0
5460,2,8,OUT,SALE,18,2025-12-31,0,,0
5461,2,9,OUT,SALE,13,2025-01-01,0,,0
5462,2,9,OUT,SALE,14,2025-01-02,0,,0
5463,2,9,OUT,SALE,17,2025-01-03,0,,0
5464,2,9,OUT,SALE,17,2025-01-04,0,,0
5465,2,9,OUT,SALE,16,2025-01-05,0,,0
5466,2,9,OUT,SALE,9,2025-01-06,0,,0
5467,2,9,OUT,SALE,15,2025-01-07,0,,0
5468,2,9,OUT,SALE,16,2025-01-08,0,,0
5469,2,9,OUT,SALE,12,2025-01-09,0,,0
5470,2,9,OUT,SALE,14,2025-01-10,0,,0
5471,2,9,OUT,SALE,17,2025-01-11,0,,0
5472,2,9,OUT,SALE,19,2025-01-12,0,,0
5473,2,9,OUT,SALE,13,2025-01-13,0,,0
5474,2,9,OUT,SALE,13,2025-01-14,0,,0
5475,2,9,OUT,SALE,14,2025-01-15,0,,0
5476,2,9,OUT,SALE,17,2025-01-16,0,,0
5477,2,9,OUT,SALE,16,2025-01-17,0,,0
5478,2,9,OUT,SALE,17,2025-01-18,0,,0
5479,2,9,OUT,SALE,19,2025-01-19,0,,0
5480,2,9,OUT,SALE,10,2025-01-20,0,,0
5481,2,9,OUT,SALE,16,2025-01-21,0,,0
5482,2,9,OUT,SALE,13,2025-01-22,0,,0
5483,2,9,OUT,SALE,18,2025-01-23,0,,0
5484,2,9,OUT,SALE,13,2025-01-24,0,,0
5485,2,9,OUT,SALE,27,2025-01-25,0,,0
5486,2,9,OUT,SALE,32,2025-01-26,0,,0
5487,2,9,OUT,SALE,28,2025-01-27,0,,0
5488,2,9,OUT,SALE,25,2025-01-28,0,,0
5489,2,9,OUT,SALE,15,2025-01-29,0,,0
5490,2,9,OUT,SALE,15,2025-01-30,0,,0
5491,2,9,OUT,SALE,15,2025-01-31,0,,0
5492,2,9,OUT,SALE,16,2025-02-01,0,,0
5493,2,9,OUT,SALE,18,2025-02-02,0,,0
5494,2,9,OUT,SALE,17,2025-02-03,0,,0
5495,2,9,OUT,SALE,13,2025-02-04,0,,0
5496,2,9,OUT,SALE,13,2025-02-05,0,,0
5497,2,9,OUT,SALE,15,2025-02-06,0,,0
5498,2,9,OUT,SALE,13,2025-02-07,0,,0
5499,2,9,OUT,SALE,13,2025-02-08,0,,0
5500,2,9,OUT,SALE,19,2025-02-09,0,,0
5501,2,9,OUT,SALE,11,2025-02-10,0,,0
5502,2,9,OUT,SALE,14,2025-02-11,0,,0
5503,2,9,OUT,SALE,16,2025-02-12,0,,0
5504,2,9,OUT,SALE,15,2025-02-13,0,,0
5505,2,9,OUT,SALE,14,2025-02-14,0,,0
5506,2,9,OUT,SALE,15,2025-02-15,0,,0
5507,2,9,OUT,SALE,18,2025-02-16,0,,0
5508,2,9,OUT,SALE,13,2025-02-17,0,,0
5509,2,9,OUT,SALE,15,2025-02-18,0,,0
5510,2,9,OUT,SALE,15,2025-02-19,0,,0
5511,2,9,OUT,SALE,15,2025-02-20,0,,0
5512,2,9,OUT,SALE,14,2025-02-21,0,,0
5513,2,9,OUT,SALE,21,2025-02-22,0,,0
5514,2,9,OUT,SALE,18,2025-02-23,0,,0
5515,2,9,OUT,SALE,14,2025-02-24,0,,0
5516,2,9,OUT,SALE,15,2025-02-25,0,,0
5517,2,9,OUT,SALE,13,2025-02-26,0,,0
5518,2,9,OUT,SALE,14,2025-02-27,0,,0
5519,2,9,OUT,SALE,19,2025-02-28,0,,0
5520,2,9,OUT,SALE,15,2025-03-01,0,,0
5521,2,9,OUT,SALE,17,2025-03-02,0,,0
5522,2,9,OUT,SALE,14,2025-03-03,0,,0
5523,2,9,OUT,SALE,13,2025-03-04,0,,0
5524,2,9,OUT,SALE,15,2025-03-05,0,,0
5525,2,9,OUT,SALE,15,2025-03-06,0,,0
5526,2,9,OUT,SALE,16,2025-03-07,0,,0
5527,2,9,OUT,SALE,18,2025-03-08,0,,0
5528,2,9,OUT,SALE,18,2025-03-09,0,,0
5529,2,9,OUT,SALE,13,2025-03-10,0,,0
5530,2,9,OUT,SALE,16,2025-03-11,0,,0
5531,2,9,OUT,SALE,16,2025-03-12,0,,0
5532,2,9,OUT,SALE,13,2025-03-13,0,,0
5533,2,9,OUT,SALE,14,2025-03-14,0,,0
5534,2,9,OUT,SALE,14,2025-03-15,0,,0
5535,2,9,OUT,SALE,18,2025-03-16,0,,0
5536,2,9,OUT,SALE,16,2025-03-17,0,,0
5537,2,9,OUT,SALE,17,2025-03-18,0,,0
5538,2,9,OUT,SALE,14,2025-03-19,0,,0
5539,2,9,OUT,SALE,15,2025-03-20,0,,0
5540,2,9,OUT,SALE,16,2025-03-21,0,,0
5541,2,9,OUT,SALE,15,2025-03-22,0,,0
5542,2,9,OUT,SALE,15,2025-03-23,0,,0
5543,2,9,OUT,SALE,13,2025-03-24,0,,0
5544,2,9,OUT,SALE,14,2025-03-25,0,,0
5545,2,9,OUT,SALE,13,2025-03-26,0,,0
5546,2,9,OUT,SALE,13,2025-03-27,0,,0
5547,2,9,OUT,SALE,16,2025-03-28,0,,0
5548,2,9,OUT,SALE,16,2025-03-29,0,,0
5549,2,9,OUT,SALE,17,2025-03-30,0,,0
5550,2,9,OUT,SALE,14,2025-03-31,0,,0
5551,2,9,OUT,SALE,13,2025-04-01,0,,0
5552,2,9,OUT,SALE,14,2025-04-02,0,,0
5553,2,9,OUT,SALE,14,2025-04-03,0,,0
5554,2,9,OUT,SALE,15,2025-04-04,0,,0
5555,2,9,OUT,SALE,19,2025-04-05,0,,0
5556,2,9,OUT,SALE,15,2025-04-06,0,,0
5557,2,9,OUT,SALE,15,2025-04-07,0,,0
5558,2,9,OUT,SALE,12,2025-04-08,0,,0
5559,2,9,OUT,SALE,18,2025-04-09,0,,0
5560,2,9,OUT,SALE,13,2025-04-10,0,,0
5561,2,9,OUT,SALE,15,2025-04-11,0,,0
5562,2,9,OUT,SALE,14,2025-04-12,0,,0
5563,2,9,OUT,SALE,16,2025-04-13,0,,0
5564,2,9,OUT,SALE,17,2025-04-14,0,,0
5565,2,9,OUT,SALE,13,2025-04-15,0,,0
5566,2,9,OUT,SALE,18,2025-04-16,0,,0
5567,2,9,OUT,SALE,14,2025-04-17,0,,0
5568,2,9,OUT,SALE,16,2025-04-18,0,,0
5569,2,9,OUT,SALE,17,2025-04-19,0,,0
5570,2,9,OUT,SALE,17,2025-04-20,0,,0
5571,2,9,OUT,SALE,12,2025-04-21,0,,0
5572,2,9,OUT,SALE,13,2025-04-22,0,,0
5573,2,9,OUT,SALE,16,2025-04-23,0,,0
5574,2,9,OUT,SALE,13,2025-04-24,0,,0
5575,2,9,OUT,SALE,14,2025-04-25,0,,0
5576,2,9,OUT,SALE,13,2025-04-26,0,,0
5577,2,9,OUT,SALE,15,2025-04-27,0,,0
5578,2,9,OUT,SALE,16,2025-04-28,0,,0
5579,2,9,OUT,SALE,12,2025-04-29,0,,0
5580,2,9,OUT,SALE,15,2025-04-30,0,,0
5581,2,9,OUT,SALE,14,2025-05-01,0,,0
5582,2,9,OUT,SALE,13,2025-05-02,0,,0
5583,2,9,OUT,SALE,15,2025-05-03,0,,0
5584,2,9,OUT,SALE,14,2025-05-04,0,,0
5585,2,9,OUT,SALE,13,2025-05-05,0,,0
5586,2,9,OUT,SALE,15,2025-05-06,0,,0
5587,2,9,OUT,SALE,13,2025-05-07,0,,0
5588,2,9,OUT,SALE,16,2025-05-08,0,,0
5589,2,9,OUT,SALE,14,2025-05-09,0,,0
5590,2,9,OUT,SALE,14,2025-05-10,0,,0
5591,2,9,OUT,SALE,17,2025-05-11,0,,0
5592,2,9,OUT,SALE,14,2025-05-12,0,,0
5593,2,9,OUT,SALE,11,2025-05-13,0,,0
5594,2,9,OUT,DAMAGE,96,2025-05-14,1,THEFT_SPIKE,1
5595,2,9,OUT,SALE,13,2025-05-15,0,,0
5596,2,9,OUT,SALE,11,2025-05-16,0,,0
5597,2,9,OUT,SALE,19,2025-05-17,0,,0
5598,2,9,OUT,SALE,17,2025-05-18,0,,0
5599,2,9,OUT,SALE,13,2025-05-19,0,,0
5600,2,9,OUT,SALE,13,2025-05-20,0,,0
5601,2,9,OUT,SALE,12,2025-05-21,0,,0
5602,2,9,OUT,SALE,10,2025-05-22,0,,0
5603,2,9,OUT,SALE,11,2025-05-23,0,,0
5604,2,9,OUT,SALE,19,2025-05-24,0,,0
5605,2,9,OUT,SALE,18,2025-05-25,0,,0
5606,2,9,OUT,SALE,12,2025-05-26,0,,0
5607,2,9,OUT,SALE,15,2025-05-27,0,,0
5608,2,9,OUT,SALE,14,2025-05-28,0,,0
5609,2,9,OUT,DAMAGE,98,2025-05-29,1,OFF_HOURS_BULK,1
5610,2,9,OUT,SALE,11,2025-05-30,0,,0
5611,2,9,OUT,SALE,12,2025-05-31,0,,0
5612,2,9,OUT,SALE,17,2025-06-01,0,,0
5613,2,9,OUT,SALE,10,2025-06-02,0,,0
5614,2,9,OUT,SALE,12,2025-06-03,0,,0
5615,2,9,OUT,SALE,12,2025-06-04,0,,0
5616,2,9,OUT,SALE,12,2025-06-05,0,,0
5617,2,9,OUT,SALE,13,2025-06-06,0,,0
5618,2,9,OUT,SALE,13,2025-06-07,0,,0
5619,2,9,OUT,SALE,15,2025-06-08,0,,0
5620,2,9,OUT,SALE,13,2025-06-09,0,,0
5621,2,9,OUT,SALE,16,2025-06-10,0,,0
5622,2,9,OUT,SALE,11,2025-06-11,0,,0
5623,2,9,OUT,SALE,13,2025-06-12,0,,0
5624,2,9,OUT,SALE,13,2025-06-13,0,,0
5625,2,9,OUT,SALE,14,2025-06-14,0,,0
5626,2,9,OUT,SALE,12,2025-06-15,0,,0
5627,2,9,OUT,SALE,15,2025-06-16,0,,0
5628,2,9,OUT,SALE,13,2025-06-17,0,,0
5629,2,9,OUT,SALE,11,2025-06-18,0,,0
5630,2,9,OUT,SALE,13,2025-06-19,0,,0
5631,2,9,OUT,SALE,15,2025-06-20,0,,0
5632,2,9,OUT,SALE,15,2025-06-21,0,,0
5633,2,9,OUT,SALE,15,2025-06-22,0,,0
5634,2,9,OUT,SALE,15,2025-06-23,0,,0
5635,2,9,OUT,SALE,11,2025-06-24,0,,0
5636,2,9,OUT,SALE,15,2025-06-25,0,,0
5637,2,9,OUT,SALE,14,2025-06-26,0,,0
5638,2,9,OUT,SALE,11,2025-06-27,0,,0
5639,2,9,OUT,SALE,13,2025-06-28,0,,0
5640,2,9,OUT,SALE,14,2025-06-29,0,,0
5641,2,9,OUT,SALE,10,2025-06-30,0,,0
5642,2,9,OUT,SALE,13,2025-07-01,0,,0
5643,2,9,OUT,SALE,11,2025-07-02,0,,0
5644,2,9,OUT,SALE,13,2025-07-03,0,,0
5645,2,9,OUT,SALE,10,2025-07-04,0,,0
5646,2,9,OUT,SALE,16,2025-07-05,0,,0
5647,2,9,OUT,SALE,15,2025-07-06,0,,0
5648,2,9,OUT,SALE,11,2025-07-07,0,,0
5649,2,9,OUT,SALE,13,2025-07-08,0,,0
5650,2,9,OUT,SALE,12,2025-07-09,0,,0
5651,2,9,OUT,SALE,14,2025-07-10,0,,0
5652,2,9,OUT,SALE,11,2025-07-11,0,,0
5653,2,9,OUT,SALE,14,2025-07-12,0,,0
5654,2,9,OUT,SALE,13,2025-07-13,0,,0
5655,2,9,OUT,SALE,12,2025-07-14,0,,0
5656,2,9,OUT,SALE,13,2025-07-15,0,,0
5657,2,9,OUT,SALE,11,2025-07-16,0,,0
5658,2,9,OUT,SALE,12,2025-07-17,0,,0
5659,2,9,OUT,SALE,14,2025-07-18,0,,0
5660,2,9,OUT,SALE,16,2025-07-19,0,,0
5661,2,9,OUT,SALE,33,2025-07-20,0,,0
5662,2,9,OUT,SALE,26,2025-07-21,0,,0
5663,2,9,OUT,SALE,26,2025-07-22,0,,0
5664,2,9,OUT,SALE,29,2025-07-23,0,,0
5665,2,9,OUT,SALE,28,2025-07-24,0,,0
5666,2,9,OUT,SALE,22,2025-07-25,0,,0
5667,2,9,OUT,SALE,15,2025-07-26,0,,0
5668,2,9,OUT,SALE,13,2025-07-27,0,,0
5669,2,9,OUT,SALE,10,2025-07-28,0,,0
5670,2,9,OUT,SALE,10,2025-07-29,0,,0
5671,2,9,OUT,SALE,12,2025-07-30,0,,0
5672,2,9,OUT,SALE,11,2025-07-31,0,,0
5673,2,9,OUT,SALE,9,2025-08-01,0,,0
5674,2,9,OUT,SALE,13,2025-08-02,0,,0
5675,2,9,OUT,SALE,13,2025-08-03,0,,0
5676,2,9,OUT,SALE,12,2025-08-04,0,,0
5677,2,9,OUT,SALE,11,2025-08-05,0,,0
5678,2,9,OUT,SALE,15,2025-08-06,0,,0
5679,2,9,OUT,SALE,13,2025-08-07,0,,0
5680,2,9,OUT,SALE,11,2025-08-08,0,,0
5681,2,9,OUT,SALE,14,2025-08-09,0,,0
5682,2,9,OUT,SALE,16,2025-08-10,0,,0
5683,2,9,OUT,SALE,13,2025-08-11,0,,0
5684,2,9,OUT,SALE,10,2025-08-12,0,,0
5685,2,9,OUT,SALE,11,2025-08-13,0,,0
5686,2,9,OUT,SALE,11,2025-08-14,0,,0
5687,2,9,OUT,SALE,11,2025-08-15,0,,0
5688,2,9,OUT,SALE,13,2025-08-16,0,,0
5689,2,9,OUT,SALE,14,2025-08-17,0,,0
5690,2,9,OUT,SALE,13,2025-08-18,0,,0
5691,2,9,OUT,SALE,13,2025-08-19,0,,0
5692,2,9,OUT,SALE,12,2025-08-20,0,,0
5693,2,9,OUT,SALE,10,2025-08-21,0,,0
5694,2,9,OUT,SALE,11,2025-08-22,0,,0
5695,2,9,OUT,SALE,13,2025-08-23,0,,0
5696,2,9,OUT,SALE,12,2025-08-24,0,,0
5697,2,9,OUT,SALE,14,2025-08-25,0,,0
5698,2,9,OUT,SALE,10,2025-08-26,0,,0
5699,2,9,OUT,SALE,13,2025-08-27,0,,0
5700,2,9,OUT,SALE,10,2025-08-28,0,,0
5701,2,9,OUT,SALE,13,2025-08-29,0,,0
5702,2,9,OUT,SALE,14,2025-08-30,0,,0
5703,2,9,OUT,SALE,16,2025-08-31,0,,0
5704,2,9,OUT,SALE,11,2025-09-01,0,,0
5705,2,9,OUT,SALE,11,2025-09-02,0,,0
5706,2,9,OUT,SALE,12,2025-09-03,0,,0
5707,2,9,OUT,SALE,12,2025-09-04,0,,0
5708,2,9,OUT,SALE,12,2025-09-05,0,,0
5709,2,9,OUT,SALE,13,2025-09-06,0,,0
5710,2,9,OUT,SALE,13,2025-09-07,0,,0
5711,2,9,OUT,SALE,9,2025-09-08,0,,0
5712,2,9,OUT,SALE,14,2025-09-09,0,,0
5713,2,9,OUT,SALE,16,2025-09-10,0,,0
5714,2,9,OUT,SALE,13,2025-09-11,0,,0
5715,2,9,OUT,SALE,11,2025-09-12,0,,0
5716,2,9,OUT,SALE,12,2025-09-13,0,,0
5717,2,9,OUT,SALE,15,2025-09-14,0,,0
5718,2,9,OUT,SALE,13,2025-09-15,0,,0
5719,2,9,OUT,SALE,12,2025-09-16,0,,0
5720,2,9,OUT,SALE,13,2025-09-17,0,,0
5721,2,9,OUT,DAMAGE,22,2025-09-18,1,REPEATED_LOSS,0
5722,2,9,OUT,SALE,13,2025-09-19,0,,0
5723,2,9,OUT,SALE,14,2025-09-20,0,,0
5724,2,9,OUT,SALE,12,2025-09-21,0,,0
5725,2,9,OUT,SALE,10,2025-09-22,0,,0
5726,2,9,OUT,SALE,12,2025-09-23,0,,0
5727,2,9,OUT,SALE,14,2025-09-24,0,,0
5728,2,9,OUT,SALE,12,2025-09-25,0,,0
5729,2,9,OUT,SALE,11,2025-09-26,0,,0
5730,2,9,OUT,SALE,14,2025-09-27,0,,0
5731,2,9,OUT,SALE,17,2025-09-28,0,,0
5732,2,9,OUT,SALE,13,2025-09-29,0,,0
5733,2,9,OUT,SALE,25,2025-09-30,0,,0
5734,2,9,OUT,SALE,28,2025-10-01,0,,0
5735,2,9,OUT,SALE,25,2025-10-02,0,,0
5736,2,9,OUT,SALE,22,2025-10-03,0,,0
5737,2,9,OUT,SALE,12,2025-10-04,0,,0
5738,2,9,OUT,SALE,13,2025-10-05,0,,0
5739,2,9,OUT,SALE,11,2025-10-06,0,,0
5740,2,9,OUT,SALE,14,2025-10-07,0,,0
5741,2,9,OUT,SALE,14,2025-10-08,0,,0
5742,2,9,OUT,SALE,13,2025-10-09,0,,0
5743,2,9,OUT,SALE,11,2025-10-10,0,,0
5744,2,9,OUT,SALE,18,2025-10-11,0,,0
5745,2,9,OUT,SALE,14,2025-10-12,0,,0
5746,2,9,OUT,SALE,14,2025-10-13,0,,0
5747,2,9,OUT,SALE,13,2025-10-14,0,,0
5748,2,9,OUT,SALE,13,2025-10-15,0,,0
5749,2,9,OUT,SALE,14,2025-10-16,0,,0
5750,2,9,OUT,SALE,12,2025-10-17,0,,0
5751,2,9,OUT,SALE,17,2025-10-18,0,,0
5752,2,9,OUT,SALE,12,2025-10-19,0,,0
5753,2,9,OUT,SALE,11,2025-10-20,0,,0
5754,2,9,OUT,SALE,15,2025-10-21,0,,0
5755,2,9,OUT,SALE,14,2025-10-22,0,,0
5756,2,9,OUT,SALE,17,2025-10-23,0,,0
5757,2,9,OUT,SALE,13,2025-10-24,0,,0
5758,2,9,OUT,SALE,18,2025-10-25,0,,0
5759,2,9,OUT,SALE,11,2025-10-26,0,,0
5760,2,9,OUT,SALE,11,2025-10-27,0,,0
5761,2,9,OUT,SALE,14,2025-10-28,0,,0
5762,2,9,OUT,SALE,10,2025-10-29,0,,0
5763,2,9,OUT,SALE,12,2025-10-30,0,,0
5764,2,9,OUT,SALE,14,2025-10-31,0,,0
5765,2,9,OUT,SALE,16,2025-11-01,0,,0
5766,2,9,OUT,SALE,15,2025-11-02,0,,0
5767,2,9,OUT,SALE,13,2025-11-03,0,,0
5768,2,9,OUT,SALE,14,2025-11-04,0,,0
5769,2,9,OUT,SALE,14,2025-11-05,0,,0
5770,2,9,OUT,SALE,12,2025-11-06,0,,0
5771,2,9,OUT,SALE,14,2025-11-07,0,,0
5772,2,9,OUT,SALE,17,2025-11-08,0,,0
5773,2,9,OUT,SALE,15,2025-11-09,0,,0
5774,2,9,OUT,SALE,13,2025-11-10,0,,0
5775,2,9,OUT,SALE,14,2025-11-11,0,,0
5776,2,9,OUT,SALE,14,2025-11-12,0,,0
5777,2,9,OUT,SALE,15,2025-11-13,0,,0
5778,2,9,OUT,SALE,12,2025-11-14,0,,0
5779,2,9,OUT,SALE,14,2025-11-15,0,,0
5780,2,9,OUT,SALE,14,2025-11-16,0,,0
5781,2,9,OUT,SALE,12,2025-11-17,0,,0
5782,2,9,OUT,SALE,10,2025-11-18,0,,0
5783,2,9,OUT,SALE,8,2025-11-19,0,,0
5784,2,9,OUT,SALE,15,2025-11-20,0,,0
5785,2,9,OUT,SALE,11,2025-11-21,0,,0
5786,2,9,OUT,SALE,18,2025-11-22,0,,0
5787,2,9,OUT,SALE,17,2025-11-23,0,,0
5788,2,9,OUT,SALE,13,2025-11-24,0,,0
5789,2,9,OUT,SALE,14,2025-11-25,0,,0
5790,2,9,OUT,SALE,14,2025-11-26,0,,0
5791,2,9,OUT,SALE,12,2025-11-27,0,,0
5792,2,9,OUT,SALE,33,2025-11-28,0,,0
5793,2,9,OUT,SALE,34,2025-11-29,0,,0
5794,2,9,OUT,SALE,41,2025-11-30,0,,1
5795,2,9,OUT,SALE,13,2025-12-01,0,,0
5796,2,9,OUT,SALE,14,2025-12-02,0,,0
5797,2,9,OUT,SALE,14,2025-12-03,0,,0
5798,2,9,OUT,SALE,14,2025-12-04,0,,0
5799,2,9,OUT,SALE,17,2025-12-05,0,,0
5800,2,9,OUT,SALE,16,2025-12-06,0,,0
5801,2,9,OUT,SALE,18,2025-12-07,0,,0
5802,2,9,OUT,SALE,15,2025-12-08,0,,0
5803,2,9,OUT,SALE,16,2025-12-09,0,,0
5804,2,9,OUT,SALE,13,2025-12-10,0,,0
5805,2,9,OUT,SALE,15,2025-12-11,0,,0
5806,2,9,OUT,SALE,14,2025-12-12,0,,0
5807,2,9,OUT,SALE,10,2025-12-13,0,,0
5808,2,9,OUT,SALE,14,2025-12-14,0,,0
5809,2,9,OUT,SALE,15,2025-12-15,0,,0
5810,2,9,OUT,SALE,15,2025-12-16,0,,0
5811,2,9,OUT,SALE,12,2025-12-17,0,,0
5812,2,9,OUT,SALE,14,2025-12-18,0,,0
5813,2,9,OUT,SALE,15,2025-12-19,0,,0
5814,2,9,OUT,SALE,16,2025-12-20,0,,0
5815,2,9,OUT,SALE,18,2025-12-21,0,,0
5816,2,9,OUT,SALE,15,2025-12-22,0,,0
5817,2,9,OUT,SALE,14,2025-12-23,0,,0
5818,2,9,OUT,SALE,22,2025-12-24,0,,0
5819,2,9,OUT,SALE,27,2025-12-25,0,,0
5820,2,9,OUT,SALE,25,2025-12-26,0,,0
5821,2,9,OUT,SALE,13,2025-12-27,0,,0
5822,2,9,OUT,SALE,17,2025-12-28,0,,0
5823,2,9,OUT,SALE,12,2025-12-29,0,,0
5824,2,9,OUT,SALE,12,2025-12-30,0,,0
5825,2,9,OUT,SALE,13,2025-12-31,0,,0
5826,3,1,OUT,SALE,1,2025-01-06,0,,0
5827,3,1,OUT,SALE,1,2025-01-08,0,,0
5828,3,1,OUT,SALE,1,2025-01-11,0,,0
5829,3,1,OUT,SALE,1,2025-01-14,0,,0
5830,3,1,OUT,SALE,1,2025-01-17,0,,0
5831,3,1,OUT,SALE,1,2025-01-21,0,,0
5832,3,1,OUT,SALE,1,2025-01-25,0,,0
5833,3,1,OUT,SALE,1,2025-01-26,0,,0
5834,3,1,OUT,SALE,1,2025-01-27,0,,0
5835,3,1,OUT,SALE,1,2025-01-28,0,,0
5836,3,1,OUT,SALE,1,2025-02-01,0,,0
5837,3,1,OUT,SALE,1,2025-02-02,0,,0
5838,3,1,OUT,SALE,1,2025-02-03,0,,0
5839,3,1,OUT,SALE,1,2025-02-04,0,,0
5840,3,1,OUT,SALE,1,2025-02-05,0,,0
5841,3,1,OUT,SALE,1,2025-02-06,0,,0
5842,3,1,OUT,SALE,1,2025-02-07,0,,0
5843,3,1,OUT,SALE,1,2025-02-08,0,,0
5844,3,1,OUT,SALE,1,2025-02-09,0,,0
5845,3,1,OUT,SALE,1,2025-02-10,0,,0
5846,3,1,OUT,SALE,1,2025-02-11,0,,0
5847,3,1,OUT,SALE,1,2025-02-12,0,,0
5848,3,1,OUT,SALE,1,2025-02-13,0,,0
5849,3,1,OUT,SALE,1,2025-02-14,0,,0
5850,3,1,OUT,SALE,1,2025-02-15,0,,0
5851,3,1,OUT,SALE,1,2025-02-16,0,,0
5852,3,1,OUT,SALE,1,2025-02-17,0,,0
5853,3,1,OUT,SALE,1,2025-02-18,0,,0
5854,3,1,OUT,SALE,1,2025-02-19,0,,0
5855,3,1,OUT,SALE,1,2025-02-20,0,,0
5856,3,1,OUT,SALE,1,2025-02-21,0,,0
5857,3,1,OUT,SALE,1,2025-02-22,0,,0
5858,3,1,OUT,SALE,1,2025-02-23,0,,0
5859,3,1,OUT,SALE,1,2025-02-24,0,,0
5860,3,1,OUT,SALE,1,2025-02-25,0,,0
5861,3,1,OUT,SALE,1,2025-02-26,0,,0
5862,3,1,OUT,DAMAGE,2,2025-02-27,1,REPEATED_LOSS,0
5863,3,1,OUT,SALE,1,2025-02-28,0,,0
5864,3,1,OUT,SALE,3,2025-03-01,0,,0
5865,3,1,OUT,SALE,3,2025-03-02,0,,0
5866,3,1,OUT,SALE,2,2025-03-03,0,,0
5867,3,1,OUT,SALE,3,2025-03-04,0,,0
5868,3,1,OUT,SALE,2,2025-03-05,0,,0
5869,3,1,OUT,SALE,2,2025-03-06,0,,0
5870,3,1,OUT,SALE,2,2025-03-07,0,,0
5871,3,1,OUT,SALE,3,2025-03-08,0,,0
5872,3,1,OUT,SALE,3,2025-03-09,0,,0
5873,3,1,OUT,SALE,0,2025-03-10,1,DATA_ERROR,0
5874,3,1,OUT,SALE,3,2025-03-11,0,,0
5875,3,1,OUT,SALE,2,2025-03-12,0,,0
5876,3,1,OUT,SALE,3,2025-03-13,0,,0
5877,3,1,OUT,SALE,2,2025-03-14,0,,0
5878,3,1,OUT,SALE,3,2025-03-15,0,,0
5879,3,1,OUT,SALE,3,2025-03-16,0,,0
5880,3,1,OUT,SALE,2,2025-03-17,0,,0
5881,3,1,OUT,SALE,3,2025-03-18,0,,0
5882,3,1,OUT,SALE,2,2025-03-19,0,,0
5883,3,1,OUT,SALE,3,2025-03-20,0,,0
5884,3,1,OUT,SALE,2,2025-03-21,0,,0
5885,3,1,OUT,SALE,3,2025-03-22,0,,0
5886,3,1,OUT,SALE,3,2025-03-23,0,,0
5887,3,1,OUT,SALE,2,2025-03-24,0,,0
5888,3,1,OUT,SALE,3,2025-03-25,0,,0
5889,3,1,OUT,SALE,2,2025-03-26,0,,0
5890,3,1,OUT,SALE,2,2025-03-27,0,,0
5891,3,1,OUT,SALE,2,2025-03-28,0,,0
5892,3,1,OUT,SALE,2,2025-03-29,0,,0
5893,3,1,OUT,SALE,3,2025-03-30,0,,0
5894,3,1,OUT,SALE,3,2025-03-31,0,,0
5895,3,1,OUT,SALE,5,2025-04-01,0,,0
5896,3,1,OUT,SALE,5,2025-04-02,0,,0
5897,3,1,OUT,SALE,4,2025-04-03,0,,0
5898,3,1,OUT,SALE,5,2025-04-04,0,,0
5899,3,1,OUT,SALE,5,2025-04-05,0,,0
5900,3,1,OUT,SALE,6,2025-04-06,0,,0
5901,3,1,OUT,SALE,5,2025-04-07,0,,0
5902,3,1,OUT,SALE,4,2025-04-08,0,,0
5903,3,1,OUT,SALE,4,2025-04-09,0,,0
5904,3,1,OUT,SALE,4,2025-04-10,0,,0
5905,3,1,OUT,SALE,4,2025-04-11,0,,0
5906,3,1,OUT,SALE,5,2025-04-12,0,,0
5907,3,1,OUT,SALE,5,2025-04-13,0,,0
5908,3,1,OUT,SALE,5,2025-04-14,0,,0
5909,3,1,OUT,SALE,4,2025-04-15,0,,0
5910,3,1,OUT,SALE,4,2025-04-16,0,,0
5911,3,1,OUT,SALE,4,2025-04-17,0,,0
5912,3,1,OUT,SALE,4,2025-04-18,0,,0
5913,3,1,OUT,SALE,5,2025-04-19,0,,0
5914,3,1,OUT,SALE,4,2025-04-20,0,,0
5915,3,1,OUT,SALE,4,2025-04-21,0,,0
5916,3,1,OUT,SALE,5,2025-04-22,0,,0
5917,3,1,OUT,SALE,4,2025-04-23,0,,0
5918,3,1,OUT,SALE,4,2025-04-24,0,,0
5919,3,1,OUT,SALE,5,2025-04-25,0,,0
5920,3,1,OUT,SALE,5,2025-04-26,0,,0
5921,3,1,OUT,SALE,4,2025-04-27,0,,0
5922,3,1,OUT,SALE,5,2025-04-28,0,,0
5923,3,1,OUT,SALE,5,2025-04-29,0,,0
5924,3,1,OUT,SALE,4,2025-04-30,0,,0
5925,3,1,OUT,SALE,6,2025-05-01,0,,0
5926,3,1,OUT,SALE,7,2025-05-02,0,,0
5927,3,1,OUT,SALE,7,2025-05-03,0,,0
5928,3,1,OUT,SALE,5,2025-05-04,0,,0
5929,3,1,OUT,SALE,5,2025-05-05,0,,0
5930,3,1,OUT,SALE,6,2025-05-06,0,,0
5931,3,1,OUT,SALE,6,2025-05-07,0,,0
5932,3,1,OUT,SALE,6,2025-05-08,0,,0
5933,3,1,OUT,SALE,6,2025-05-09,0,,0
5934,3,1,OUT,SALE,9,2025-05-10,0,,0
5935,3,1,OUT,SALE,7,2025-05-11,0,,0
5936,3,1,OUT,SALE,7,2025-05-12,0,,0
5937,3,1,OUT,SALE,8,2025-05-13,0,,0
5938,3,1,OUT,SALE,8,2025-05-14,0,,0
5939,3,1,OUT,SALE,7,2025-05-15,0,,0
5940,3,1,OUT,DAMAGE,14,2025-05-16,1,REPEATED_LOSS,0
5941,3,1,OUT,SALE,8,2025-05-17,0,,0
5942,3,1,OUT,SALE,8,2025-05-18,0,,0
5943,3,1,OUT,SALE,6,2025-05-19,0,,0
5944,3,1,OUT,SALE,8,2025-05-20,0,,0
5945,3,1,OUT,SALE,7,2025-05-21,0,,0
5946,3,1,OUT,SALE,7,2025-05-22,0,,0
5947,3,1,OUT,SALE,7,2025-05-23,0,,0
5948,3,1,OUT,SALE,8,2025-05-24,0,,0
5949,3,1,OUT,SALE,5,2025-05-25,0,,0
5950,3,1,OUT,SALE,6,2025-05-26,0,,0
5951,3,1,OUT,SALE,7,2025-05-27,0,,0
5952,3,1,OUT,SALE,6,2025-05-28,0,,0
5953,3,1,OUT,SALE,6,2025-05-29,0,,0
5954,3,1,OUT,SALE,9999,2025-05-30,1,DATA_ERROR,1
5955,3,1,OUT,SALE,9,2025-05-31,0,,0
5956,3,1,OUT,SALE,11,2025-06-01,0,,0
5957,3,1,OUT,SALE,7,2025-06-02,0,,0
5958,3,1,OUT,SALE,8,2025-06-03,0,,0
5959,3,1,OUT,SALE,7,2025-06-04,0,,0
5960,3,1,OUT,SALE,8,2025-06-05,0,,0
5961,3,1,OUT,SALE,8,2025-06-06,0,,0
5962,3,1,OUT,SALE,10,2025-06-07,0,,0
5963,3,1,OUT,SALE,9,2025-06-08,0,,0
5964,3,1,OUT,SALE,11,2025-06-09,0,,0
5965,3,1,OUT,SALE,7,2025-06-10,0,,0
5966,3,1,OUT,SALE,6,2025-06-11,0,,0
5967,3,1,OUT,SALE,0,2025-06-12,1,DATA_ERROR,0
5968,3,1,OUT,SALE,6,2025-06-13,0,,0
5969,3,1,OUT,SALE,7,2025-06-14,0,,0
5970,3,1,OUT,SALE,8,2025-06-15,0,,0
5971,3,1,OUT,SALE,7,2025-06-16,0,,0
5972,3,1,OUT,SALE,7,2025-06-17,0,,0
5973,3,1,OUT,SALE,8,2025-06-18,0,,0
5974,3,1,OUT,SALE,7,2025-06-19,0,,0
5975,3,1,OUT,SALE,8,2025-06-20,0,,0
5976,3,1,OUT,SALE,10,2025-06-21,0,,0
5977,3,1,OUT,SALE,8,2025-06-22,0,,0
5978,3,1,OUT,SALE,8,2025-06-23,0,,0
5979,3,1,OUT,SALE,8,2025-06-24,0,,0
5980,3,1,OUT,SALE,6,2025-06-25,0,,0
5981,3,1,OUT,SALE,6,2025-06-26,0,,0
5982,3,1,OUT,SALE,8,2025-06-27,0,,0
5983,3,1,OUT,SALE,10,2025-06-28,0,,0
5984,3,1,OUT,SALE,11,2025-06-29,0,,0
5985,3,1,OUT,SALE,8,2025-06-30,0,,0
5986,3,1,OUT,SALE,9,2025-07-01,0,,0
5987,3,1,OUT,SALE,8,2025-07-02,0,,0
5988,3,1,OUT,SALE,9,2025-07-03,0,,0
5989,3,1,OUT,SALE,10,2025-07-04,0,,0
5990,3,1,OUT,SALE,7,2025-07-05,0,,0
5991,3,1,OUT,SALE,10,2025-07-06,0,,0
5992,3,1,OUT,DAMAGE,99,2025-07-07,1,THEFT_SPIKE,0
5993,3,1,OUT,SALE,9,2025-07-08,0,,0
5994,3,1,OUT,SALE,10,2025-07-09,0,,0
5995,3,1,OUT,SALE,8,2025-07-10,0,,0
5996,3,1,OUT,SALE,8,2025-07-11,0,,0
5997,3,1,OUT,SALE,10,2025-07-12,0,,0
5998,3,1,OUT,SALE,7,2025-07-13,0,,0
5999,3,1,OUT,SALE,7,2025-07-14,0,,0
6000,3,1,OUT,SALE,7,2025-07-15,0,,0
6001,3,1,OUT,SALE,9,2025-07-16,0,,0
6002,3,1,OUT,SALE,9,2025-07-17,0,,0
6003,3,1,OUT,SALE,9,2025-07-18,0,,0
6004,3,1,OUT,SALE,11,2025-07-19,0,,0
6005,3,1,OUT,SALE,21,2025-07-20,0,,0
6006,3,1,OUT,SALE,21,2025-07-21,0,,0
6007,3,1,OUT,SALE,19,2025-07-22,0,,0
6008,3,1,OUT,SALE,19,2025-07-23,0,,0
6009,3,1,OUT,SALE,18,2025-07-24,0,,0
6010,3,1,OUT,SALE,20,2025-07-25,0,,0
6011,3,1,OUT,SALE,9,2025-07-26,0,,0
6012,3,1,OUT,SALE,11,2025-07-27,0,,0
6013,3,1,OUT,SALE,7,2025-07-28,0,,0
6014,3,1,OUT,SALE,7,2025-07-29,0,,0
6015,3,1,OUT,SALE,9,2025-07-30,0,,0
6016,3,1,OUT,SALE,8,2025-07-31,0,,0
6017,3,1,OUT,SALE,7,2025-08-01,0,,0
6018,3,1,OUT,SALE,10,2025-08-02,0,,0
6019,3,1,OUT,SALE,8,2025-08-03,0,,0
6020,3,1,OUT,SALE,8,2025-08-04,0,,0
6021,3,1,OUT,SALE,9,2025-08-05,0,,0
6022,3,1,OUT,SALE,9,2025-08-06,0,,0
6023,3,1,OUT,SALE,9,2025-08-07,0,,0
6024,3,1,OUT,SALE,8,2025-08-08,0,,0
6025,3,1,OUT,SALE,10,2025-08-09,0,,0
6026,3,1,OUT,SALE,8,2025-08-10,0,,0
6027,3,1,OUT,SALE,7,2025-08-11,0,,0
6028,3,1,OUT,SALE,6,2025-08-12,0,,0
6029,3,1,OUT,SALE,9,2025-08-13,0,,0
6030,3,1,OUT,SALE,7,2025-08-14,0,,0
6031,3,1,OUT,SALE,8,2025-08-15,0,,0
6032,3,1,OUT,SALE,8,2025-08-16,0,,0
6033,3,1,OUT,SALE,10,2025-08-17,0,,0
6034,3,1,OUT,SALE,8,2025-08-18,0,,0
6035,3,1,OUT,SALE,7,2025-08-19,0,,0
6036,3,1,OUT,SALE,8,2025-08-20,0,,0
6037,3,1,OUT,SALE,7,2025-08-21,0,,0
6038,3,1,OUT,SALE,7,2025-08-22,0,,0
6039,3,1,OUT,SALE,7,2025-08-23,0,,0
6040,3,1,OUT,SALE,8,2025-08-24,0,,0
6041,3,1,OUT,SALE,8,2025-08-25,0,,0
6042,3,1,OUT,SALE,6,2025-08-26,0,,0
6043,3,1,OUT,SALE,6,2025-08-27,0,,0
6044,3,1,OUT,SALE,8,2025-08-28,0,,0
6045,3,1,OUT,SALE,7,2025-08-29,0,,0
6046,3,1,OUT,SALE,11,2025-08-30,0,,0
6047,3,1,OUT,SALE,11,2025-08-31,0,,0
6048,3,1,OUT,SALE,6,2025-09-01,0,,0
6049,3,1,OUT,SALE,7,2025-09-02,0,,0
6050,3,1,OUT,SALE,7,2025-09-03,0,,0
6051,3,1,OUT,SALE,6,2025-09-04,0,,0
6052,3,1,OUT,SALE,5,2025-09-05,0,,0
6053,3,1,OUT,SALE,7,2025-09-06,0,,0
6054,3,1,OUT,SALE,7,2025-09-07,0,,0
6055,3,1,OUT,SALE,6,2025-09-08,0,,0
6056,3,1,OUT,SALE,7,2025-09-09,0,,0
6057,3,1,OUT,SALE,6,2025-09-10,0,,0
6058,3,1,OUT,SALE,6,2025-09-11,0,,0
6059,3,1,OUT,SALE,6,2025-09-12,0,,0
6060,3,1,OUT,SALE,8,2025-09-13,0,,0
6061,3,1,OUT,SALE,6,2025-09-14,0,,0
6062,3,1,OUT,SALE,7,2025-09-15,0,,0
6063,3,1,OUT,SALE,5,2025-09-16,0,,0
6064,3,1,OUT,SALE,6,2025-09-17,0,,0
6065,3,1,OUT,SALE,6,2025-09-18,0,,0
6066,3,1,OUT,SALE,6,2025-09-19,0,,0
6067,3,1,OUT,SALE,7,2025-09-20,0,,0
6068,3,1,OUT,SALE,9,2025-09-21,0,,0
6069,3,1,OUT,SALE,6,2025-09-22,0,,0
6070,3,1,OUT,SALE,8,2025-09-23,0,,0
6071,3,1,OUT,SALE,7,2025-09-24,0,,0
6072,3,1,OUT,SALE,6,2025-09-25,0,,0
6073,3,1,OUT,SALE,7,2025-09-26,0,,0
6074,3,1,OUT,SALE,10,2025-09-27,0,,0
6075,3,1,OUT,SALE,6,2025-09-28,0,,0
6076,3,1,OUT,SALE,6,2025-09-29,0,,0
6077,3,1,OUT,SALE,11,2025-09-30,0,,0
6078,3,1,OUT,SALE,8,2025-10-01,0,,0
6079,3,1,OUT,SALE,7,2025-10-02,0,,0
6080,3,1,OUT,SALE,8,2025-10-03,0,,0
6081,3,1,OUT,SALE,6,2025-10-04,0,,0
6082,3,1,OUT,SALE,5,2025-10-05,0,,0
6083,3,1,OUT,SALE,4,2025-10-06,0,,0
6084,3,1,OUT,SALE,4,2025-10-07,0,,0
6085,3,1,OUT,SALE,0,2025-10-08,1,DATA_ERROR,0
6086,3,1,OUT,SALE,4,2025-10-09,0,,0
6087,3,1,OUT,SALE,5,2025-10-10,0,,0
6088,3,1,OUT,SALE,6,2025-10-11,0,,0
6089,3,1,OUT,SALE,5,2025-10-12,0,,0
6090,3,1,OUT,SALE,4,2025-10-13,0,,0
6091,3,1,OUT,SALE,5,2025-10-14,0,,0
6092,3,1,OUT,SALE,5,2025-10-15,0,,0
6093,3,1,OUT,SALE,4,2025-10-16,0,,0
6094,3,1,OUT,SALE,4,2025-10-17,0,,0
6095,3,1,OUT,SALE,4,2025-10-18,0,,0
6096,3,1,OUT,SALE,5,2025-10-19,0,,0
6097,3,1,OUT,SALE,5,2025-10-20,0,,0
6098,3,1,OUT,SALE,4,2025-10-21,0,,0
6099,3,1,OUT,SALE,4,2025-10-22,0,,0
6100,3,1,OUT,SALE,4,2025-10-23,0,,0
6101,3,1,OUT,SALE,4,2025-10-24,0,,0
6102,3,1,OUT,SALE,5,2025-10-25,0,,0
6103,3,1,OUT,SALE,5,2025-10-26,0,,0
6104,3,1,OUT,SALE,0,2025-10-27,1,DATA_ERROR,0
6105,3,1,OUT,SALE,4,2025-10-28,0,,0
6106,3,1,OUT,SALE,5,2025-10-29,0,,0
6107,3,1,OUT,SALE,4,2025-10-30,0,,0
6108,3,1,OUT,SALE,4,2025-10-31,0,,0
6109,3,1,OUT,SALE,3,2025-11-01,0,,0
6110,3,1,OUT,SALE,3,2025-11-02,0,,0
6111,3,1,OUT,SALE,2,2025-11-03,0,,0
6112,3,1,OUT,SALE,2,2025-11-04,0,,0
6113,3,1,OUT,SALE,3,2025-11-05,0,,0
6114,3,1,OUT,SALE,2,2025-11-06,0,,0
6115,3,1,OUT,SALE,2,2025-11-07,0,,0
6116,3,1,OUT,SALE,3,2025-11-08,0,,0
6117,3,1,OUT,SALE,4,2025-11-09,0,,0
6118,3,1,OUT,SALE,2,2025-11-10,0,,0
6119,3,1,OUT,SALE,3,2025-11-11,0,,0
6120,3,1,OUT,SALE,2,2025-11-12,0,,0
6121,3,1,OUT,DAMAGE,5,2025-11-13,1,REPEATED_LOSS,0
6122,3,1,OUT,SALE,2,2025-11-14,0,,0
6123,3,1,OUT,SALE,2,2025-11-15,0,,0
6124,3,1,OUT,SALE,3,2025-11-16,0,,0
6125,3,1,OUT,SALE,2,2025-11-17,0,,0
6126,3,1,OUT,SALE,3,2025-11-18,0,,0
6127,3,1,OUT,SALE,2,2025-11-19,0,,0
6128,3,1,OUT,SALE,3,2025-11-20,0,,0
6129,3,1,OUT,SALE,2,2025-11-21,0,,0
6130,3,1,OUT,SALE,3,2025-11-22,0,,0
6131,3,1,OUT,SALE,3,2025-11-23,0,,0
6132,3,1,OUT,SALE,2,2025-11-24,0,,0
6133,3,1,OUT,SALE,2,2025-11-25,0,,0
6134,3,1,OUT,SALE,2,2025-11-26,0,,0
6135,3,1,OUT,DAMAGE,8,2025-11-27,1,OFF_HOURS_BULK,0
6136,3,1,OUT,SALE,5,2025-11-28,0,,0
6137,3,1,OUT,SALE,8,2025-11-29,0,,0
6138,3,1,OUT,SALE,6,2025-11-30,0,,0
6139,3,1,OUT,SALE,1,2025-12-01,0,,0
6140,3,1,OUT,SALE,1,2025-12-02,0,,0
6141,3,1,OUT,SALE,1,2025-12-03,0,,0
6142,3,1,OUT,SALE,1,2025-12-04,0,,0
6143,3,1,OUT,SALE,1,2025-12-05,0,,0
6144,3,1,OUT,SALE,1,2025-12-06,0,,0
6145,3,1,OUT,SALE,1,2025-12-07,0,,0
6146,3,1,OUT,SALE,1,2025-12-08,0,,0
6147,3,1,OUT,SALE,1,2025-12-09,0,,0
6148,3,1,OUT,SALE,1,2025-12-10,0,,0
6149,3,1,OUT,SALE,1,2025-12-11,0,,0
6150,3,1,OUT,SALE,1,2025-12-12,0,,0
6151,3,1,OUT,SALE,1,2025-12-13,0,,0
6152,3,1,OUT,SALE,1,2025-12-14,0,,0
6153,3,1,OUT,SALE,1,2025-12-15,0,,0
6154,3,1,OUT,SALE,1,2025-12-16,0,,0
6155,3,1,OUT,SALE,1,2025-12-17,0,,0
6156,3,1,OUT,DAMAGE,2,2025-12-18,1,REPEATED_LOSS,0
6157,3,1,OUT,SALE,1,2025-12-19,0,,0
6158,3,1,OUT,SALE,1,2025-12-20,0,,0
6159,3,1,OUT,SALE,1,2025-12-21,0,,0
6160,3,1,OUT,SALE,1,2025-12-22,0,,0
6161,3,1,OUT,SALE,1,2025-12-23,0,,0
6162,3,1,OUT,SALE,2,2025-12-24,0,,0
6163,3,1,OUT,SALE,2,2025-12-25,0,,0
6164,3,1,OUT,SALE,2,2025-12-26,0,,0
6165,3,1,OUT,SALE,1,2025-12-27,0,,0
6166,3,1,OUT,SALE,1,2025-12-28,0,,0
6167,3,1,OUT,SALE,1,2025-12-29,0,,0
6168,3,1,OUT,SALE,1,2025-12-30,0,,0
6169,3,1,OUT,SALE,1,2025-12-31,0,,0
6170,3,2,OUT,SALE,1,2025-01-25,0,,0
6171,3,2,OUT,SALE,1,2025-01-26,0,,0
6172,3,2,OUT,SALE,1,2025-02-01,0,,0
6173,3,2,OUT,SALE,1,2025-02-02,0,,0
6174,3,2,OUT,SALE,1,2025-02-03,0,,0
6175,3,2,OUT,SALE,1,2025-02-04,0,,0
6176,3,2,OUT,SALE,1,2025-02-06,0,,0
6177,3,2,OUT,SALE,1,2025-02-07,0,,0
6178,3,2,OUT,SALE,1,2025-02-08,0,,0
6179,3,2,OUT,SALE,1,2025-02-09,0,,0
6180,3,2,OUT,SALE,1,2025-02-10,0,,0
6181,3,2,OUT,SALE,1,2025-02-11,0,,0
6182,3,2,OUT,SALE,1,2025-02-12,0,,0
6183,3,2,OUT,SALE,1,2025-02-13,0,,0
6184,3,2,OUT,SALE,1,2025-02-14,0,,0
6185,3,2,OUT,SALE,1,2025-02-15,0,,0
6186,3,2,OUT,SALE,1,2025-02-16,0,,0
6187,3,2,OUT,SALE,1,2025-02-17,0,,0
6188,3,2,OUT,SALE,1,2025-02-18,0,,0
6189,3,2,OUT,SALE,1,2025-02-19,0,,0
6190,3,2,OUT,SALE,1,2025-02-20,0,,0
6191,3,2,OUT,SALE,1,2025-02-21,0,,0
6192,3,2,OUT,SALE,1,2025-02-22,0,,0
6193,3,2,OUT,SALE,1,2025-02-23,0,,0
6194,3,2,OUT,SALE,1,2025-02-24,0,,0
6195,3,2,OUT,SALE,1,2025-02-25,0,,0
6196,3,2,OUT,SALE,1,2025-02-26,0,,0
6197,3,2,OUT,SALE,1,2025-02-28,0,,0
6198,3,2,OUT,SALE,2,2025-03-01,0,,0
6199,3,2,OUT,SALE,2,2025-03-02,0,,0
6200,3,2,OUT,SALE,2,2025-03-03,0,,0
6201,3,2,OUT,SALE,2,2025-03-04,0,,0
6202,3,2,OUT,SALE,2,2025-03-05,0,,0
6203,3,2,OUT,SALE,2,2025-03-06,0,,0
6204,3,2,OUT,SALE,2,2025-03-07,0,,0
6205,3,2,OUT,SALE,2,2025-03-08,0,,0
6206,3,2,OUT,SALE,2,2025-03-09,0,,0
6207,3,2,OUT,SALE,2,2025-03-10,0,,0
6208,3,2,OUT,SALE,2,2025-03-11,0,,0
6209,3,2,OUT,SALE,1,2025-03-12,0,,0
6210,3,2,OUT,SALE,2,2025-03-13,0,,0
6211,3,2,OUT,SALE,2,2025-03-14,0,,0
6212,3,2,OUT,SALE,2,2025-03-15,0,,0
6213,3,2,OUT,SALE,2,2025-03-16,0,,0
6214,3,2,OUT,SALE,2,2025-03-17,0,,0
6215,3,2,OUT,SALE,2,2025-03-18,0,,0
6216,3,2,OUT,SALE,1,2025-03-19,0,,0
6217,3,2,OUT,SALE,1,2025-03-20,0,,0
6218,3,2,OUT,SALE,2,2025-03-21,0,,0
6219,3,2,OUT,DAMAGE,4,2025-03-22,1,REPEATED_LOSS,0
6220,3,2,OUT,SALE,2,2025-03-23,0,,0
6221,3,2,OUT,SALE,2,2025-03-24,0,,0
6222,3,2,OUT,SALE,1,2025-03-25,0,,0
6223,3,2,OUT,SALE,1,2025-03-26,0,,0
6224,3,2,OUT,SALE,2,2025-03-27,0,,0
6225,3,2,OUT,SALE,1,2025-03-28,0,,0
6226,3,2,OUT,SALE,2,2025-03-29,0,,0
6227,3,2,OUT,SALE,2,2025-03-30,0,,0
6228,3,2,OUT,SALE,1,2025-03-31,0,,0
6229,3,2,OUT,SALE,3,2025-04-01,0,,0
6230,3,2,OUT,SALE,3,2025-04-02,0,,0
6231,3,2,OUT,SALE,2,2025-04-03,0,,0
6232,3,2,OUT,SALE,2,2025-04-04,0,,0
6233,3,2,OUT,SALE,2,2025-04-05,0,,0
6234,3,2,OUT,SALE,3,2025-04-06,0,,0
6235,3,2,OUT,SALE,3,2025-04-07,0,,0
6236,3,2,OUT,SALE,3,2025-04-08,0,,0
6237,3,2,OUT,SALE,3,2025-04-09,0,,0
6238,3,2,OUT,SALE,2,2025-04-10,0,,0
6239,3,2,OUT,SALE,3,2025-04-11,0,,0
6240,3,2,OUT,SALE,3,2025-04-12,0,,0
6241,3,2,OUT,SALE,3,2025-04-13,0,,0
6242,3,2,OUT,SALE,3,2025-04-14,0,,0
6243,3,2,OUT,SALE,2,2025-04-15,0,,0
6244,3,2,OUT,SALE,2,2025-04-16,0,,0
6245,3,2,OUT,DAMAGE,7,2025-04-17,1,REPEATED_LOSS,0
6246,3,2,OUT,SALE,3,2025-04-18,0,,0
6247,3,2,OUT,SALE,4,2025-04-19,0,,0
6248,3,2,OUT,SALE,3,2025-04-20,0,,0
6249,3,2,OUT,SALE,3,2025-04-21,0,,0
6250,3,2,OUT,SALE,2,2025-04-22,0,,0
6251,3,2,OUT,SALE,3,2025-04-23,0,,0
6252,3,2,OUT,SALE,3,2025-04-24,0,,0
6253,3,2,OUT,SALE,3,2025-04-25,0,,0
6254,3,2,OUT,SALE,3,2025-04-26,0,,0
6255,3,2,OUT,SALE,4,2025-04-27,0,,0
6256,3,2,OUT,SALE,3,2025-04-28,0,,0
6257,3,2,OUT,SALE,3,2025-04-29,0,,0
6258,3,2,OUT,SALE,3,2025-04-30,0,,0
6259,3,2,OUT,SALE,4,2025-05-01,0,,0
6260,3,2,OUT,SALE,4,2025-05-02,0,,0
6261,3,2,OUT,SALE,4,2025-05-03,0,,0
6262,3,2,OUT,SALE,4,2025-05-04,0,,0
6263,3,2,OUT,SALE,5,2025-05-05,0,,0
6264,3,2,OUT,SALE,3,2025-05-06,0,,0
6265,3,2,OUT,SALE,5,2025-05-07,0,,0
6266,3,2,OUT,SALE,4,2025-05-08,0,,0
6267,3,2,OUT,SALE,3,2025-05-09,0,,0
6268,3,2,OUT,SALE,5,2025-05-10,0,,0
6269,3,2,OUT,SALE,5,2025-05-11,0,,0
6270,3,2,OUT,SALE,5,2025-05-12,0,,0
6271,3,2,OUT,SALE,4,2025-05-13,0,,0
6272,3,2,OUT,SALE,5,2025-05-14,0,,0
6273,3,2,OUT,SALE,4,2025-05-15,0,,0
6274,3,2,OUT,SALE,4,2025-05-16,0,,0
6275,3,2,OUT,SALE,5,2025-05-17,0,,0
6276,3,2,OUT,SALE,5,2025-05-18,0,,0
6277,3,2,OUT,SALE,4,2025-05-19,0,,0
6278,3,2,OUT,SALE,4,2025-05-20,0,,0
6279,3,2,OUT,SALE,4,2025-05-21,0,,0
6280,3,2,OUT,SALE,3,2025-05-22,0,,0
6281,3,2,OUT,SALE,4,2025-05-23,0,,0
6282,3,2,OUT,SALE,4,2025-05-24,0,,0
6283,3,2,OUT,SALE,5,2025-05-25,0,,0
6284,3,2,OUT,SALE,4,2025-05-26,0,,0
6285,3,2,OUT,SALE,4,2025-05-27,0,,0
6286,3,2,OUT,SALE,5,2025-05-28,0,,0
6287,3,2,OUT,SALE,3,2025-05-29,0,,0
6288,3,2,OUT,SALE,5,2025-05-30,0,,0
6289,3,2,OUT,SALE,5,2025-05-31,0,,0
6290,3,2,OUT,SALE,4,2025-06-01,0,,0
6291,3,2,OUT,SALE,7,2025-06-02,0,,0
6292,3,2,OUT,SALE,5,2025-06-03,0,,0
6293,3,2,OUT,SALE,4,2025-06-04,0,,0
6294,3,2,OUT,SALE,4,2025-06-05,0,,0
6295,3,2,OUT,SALE,5,2025-06-06,0,,0
6296,3,2,OUT,SALE,6,2025-06-07,0,,0
6297,3,2,OUT,SALE,6,2025-06-08,0,,0
6298,3,2,OUT,SALE,5,2025-06-09,0,,0
6299,3,2,OUT,SALE,5,2025-06-10,0,,0
6300,3,2,OUT,SALE,5,2025-06-11,0,,0
6301,3,2,OUT,SALE,4,2025-06-12,0,,0
6302,3,2,OUT,SALE,5,2025-06-13,0,,0
6303,3,2,OUT,SALE,4,2025-06-14,0,,0
6304,3,2,OUT,SALE,6,2025-06-15,0,,0
6305,3,2,OUT,SALE,4,2025-06-16,0,,0
6306,3,2,OUT,DAMAGE,13,2025-06-17,1,REPEATED_LOSS,0
6307,3,2,OUT,SALE,6,2025-06-18,0,,0
6308,3,2,OUT,SALE,4,2025-06-19,0,,0
6309,3,2,OUT,SALE,6,2025-06-20,0,,0
6310,3,2,OUT,SALE,5,2025-06-21,0,,0
6311,3,2,OUT,DAMAGE,16,2025-06-22,1,REPEATED_LOSS,0
6312,3,2,OUT,SALE,5,2025-06-23,0,,0
6313,3,2,OUT,SALE,4,2025-06-24,0,,0
6314,3,2,OUT,SALE,5,2025-06-25,0,,0
6315,3,2,OUT,SALE,0,2025-06-26,1,DATA_ERROR,0
6316,3,2,OUT,SALE,4,2025-06-27,0,,0
6317,3,2,OUT,SALE,5,2025-06-28,0,,0
6318,3,2,OUT,SALE,6,2025-06-29,0,,0
6319,3,2,OUT,SALE,6,2025-06-30,0,,0
6320,3,2,OUT,SALE,4,2025-07-01,0,,0
6321,3,2,OUT,SALE,5,2025-07-02,0,,0
6322,3,2,OUT,SALE,6,2025-07-03,0,,0
6323,3,2,OUT,SALE,5,2025-07-04,0,,0
6324,3,2,OUT,SALE,7,2025-07-05,0,,0
6325,3,2,OUT,SALE,6,2025-07-06,0,,0
6326,3,2,OUT,SALE,5,2025-07-07,0,,0
6327,3,2,OUT,SALE,6,2025-07-08,0,,0
6328,3,2,OUT,SALE,5,2025-07-09,0,,0
6329,3,2,OUT,SALE,5,2025-07-10,0,,0
6330,3,2,OUT,SALE,6,2025-07-11,0,,0
6331,3,2,OUT,SALE,6,2025-07-12,0,,0
6332,3,2,OUT,SALE,6,2025-07-13,0,,0
6333,3,2,OUT,SALE,5,2025-07-14,0,,0
6334,3,2,OUT,SALE,6,2025-07-15,0,,0
6335,3,2,OUT,SALE,3,2025-07-16,0,,0
6336,3,2,OUT,SALE,5,2025-07-17,0,,0
6337,3,2,OUT,SALE,5,2025-07-18,0,,0
6338,3,2,OUT,SALE,5,2025-07-19,0,,0
6339,3,2,OUT,SALE,14,2025-07-20,0,,0
6340,3,2,OUT,SALE,12,2025-07-21,0,,0
6341,3,2,OUT,SALE,12,2025-07-22,0,,0
6342,3,2,OUT,SALE,8,2025-07-23,0,,0
6343,3,2,OUT,SALE,13,2025-07-24,0,,0
6344,3,2,OUT,SALE,11,2025-07-25,0,,0
6345,3,2,OUT,SALE,7,2025-07-26,0,,0
6346,3,2,OUT,SALE,7,2025-07-27,0,,0
6347,3,2,OUT,SALE,5,2025-07-28,0,,0
6348,3,2,OUT,SALE,6,2025-07-29,0,,0
6349,3,2,OUT,SALE,5,2025-07-30,0,,0
6350,3,2,OUT,SALE,4,2025-07-31,0,,0
6351,3,2,OUT,SALE,6,2025-08-01,0,,0
6352,3,2,OUT,SALE,5,2025-08-02,0,,0
6353,3,2,OUT,SALE,5,2025-08-03,0,,0
6354,3,2,OUT,SALE,5,2025-08-04,0,,0
6355,3,2,OUT,SALE,5,2025-08-05,0,,0
6356,3,2,OUT,SALE,5,2025-08-06,0,,0
6357,3,2,OUT,SALE,5,2025-08-07,0,,0
6358,3,2,OUT,SALE,4,2025-08-08,0,,0
6359,3,2,OUT,SALE,5,2025-08-09,0,,0
6360,3,2,OUT,SALE,6,2025-08-10,0,,0
6361,3,2,OUT,SALE,6,2025-08-11,0,,0
6362,3,2,OUT,SALE,5,2025-08-12,0,,0
6363,3,2,OUT,SALE,6,2025-08-13,0,,0
6364,3,2,OUT,SALE,5,2025-08-14,0,,0
6365,3,2,OUT,SALE,5,2025-08-15,0,,0
6366,3,2,OUT,SALE,5,2025-08-16,0,,0
6367,3,2,OUT,SALE,6,2025-08-17,0,,0
6368,3,2,OUT,SALE,5,2025-08-18,0,,0
6369,3,2,OUT,SALE,6,2025-08-19,0,,0
6370,3,2,OUT,SALE,5,2025-08-20,0,,0
6371,3,2,OUT,SALE,6,2025-08-21,0,,0
6372,3,2,OUT,SALE,4,2025-08-22,0,,0
6373,3,2,OUT,SALE,5,2025-08-23,0,,0
6374,3,2,OUT,SALE,5,2025-08-24,0,,0
6375,3,2,OUT,SALE,5,2025-08-25,0,,0
6376,3,2,OUT,SALE,5,2025-08-26,0,,0
6377,3,2,OUT,SALE,5,2025-08-27,0,,0
6378,3,2,OUT,SALE,4,2025-08-28,0,,0
6379,3,2,OUT,SALE,5,2025-08-29,0,,0
6380,3,2,OUT,SALE,6,2025-08-30,0,,0
6381,3,2,OUT,SALE,4,2025-08-31,0,,0
6382,3,2,OUT,SALE,5,2025-09-01,0,,0
6383,3,2,OUT,SALE,4,2025-09-02,0,,0
6384,3,2,OUT,SALE,3,2025-09-03,0,,0
6385,3,2,OUT,SALE,4,2025-09-04,0,,0
6386,3,2,OUT,SALE,4,2025-09-05,0,,0
6387,3,2,OUT,SALE,5,2025-09-06,0,,0
6388,3,2,OUT,SALE,5,2025-09-07,0,,0
6389,3,2,OUT,SALE,4,2025-09-08,0,,0
6390,3,2,OUT,SALE,4,2025-09-09,0,,0
6391,3,2,OUT,SALE,4,2025-09-10,0,,0
6392,3,2,OUT,SALE,4,2025-09-11,0,,0
6393,3,2,OUT,SALE,5,2025-09-12,0,,0
6394,3,2,OUT,SALE,4,2025-09-13,0,,0
6395,3,2,OUT,SALE,5,2025-09-14,0,,0
6396,3,2,OUT,SALE,4,2025-09-15,0,,0
6397,3,2,OUT,SALE,4,2025-09-16,0,,0
6398,3,2,OUT,SALE,4,2025-09-17,0,,0
6399,3,2,OUT,SALE,3,2025-09-18,0,,0
6400,3,2,OUT,SALE,4,2025-09-19,0,,0
6401,3,2,OUT,SALE,5,2025-09-20,0,,0
6402,3,2,OUT,SALE,5,2025-09-21,0,,0
6403,3,2,OUT,SALE,3,2025-09-22,0,,0
6404,3,2,OUT,SALE,5,2025-09-23,0,,0
6405,3,2,OUT,SALE,5,2025-09-24,0,,0
6406,3,2,OUT,SALE,4,2025-09-25,0,,0
6407,3,2,OUT,SALE,9999,2025-09-26,1,DATA_ERROR,1
6408,3,2,OUT,SALE,9999,2025-09-27,1,DATA_ERROR,1
6409,3,2,OUT,SALE,5,2025-09-28,0,,0
6410,3,2,OUT,SALE,4,2025-09-29,0,,0
6411,3,2,OUT,SALE,7,2025-09-30,0,,0
6412,3,2,OUT,SALE,6,2025-10-01,0,,0
6413,3,2,OUT,SALE,5,2025-10-02,0,,0
6414,3,2,OUT,SALE,4,2025-10-03,0,,0
6415,3,2,OUT,SALE,4,2025-10-04,0,,0
6416,3,2,OUT,SALE,2,2025-10-05,0,,0
6417,3,2,OUT,SALE,3,2025-10-06,0,,0
6418,3,2,OUT,SALE,4,2025-10-07,0,,0
6419,3,2,OUT,SALE,3,2025-10-08,0,,0
6420,3,2,OUT,SALE,2,2025-10-09,0,,0
6421,3,2,OUT,SALE,3,2025-10-10,0,,0
6422,3,2,OUT,SALE,3,2025-10-11,0,,0
6423,3,2,OUT,SALE,3,2025-10-12,0,,0
6424,3,2,OUT,SALE,3,2025-10-13,0,,0
6425,3,2,OUT,SALE,2,2025-10-14,0,,0
6426,3,2,OUT,SALE,3,2025-10-15,0,,0
6427,3,2,OUT,SALE,3,2025-10-16,0,,0
6428,3,2,OUT,DAMAGE,16,2025-10-17,1,OFF_HOURS_BULK,0
6429,3,2,OUT,SALE,3,2025-10-18,0,,0
6430,3,2,OUT,SALE,4,2025-10-19,0,,0
6431,3,2,OUT,SALE,3,2025-10-20,0,,0
6432,3,2,OUT,SALE,3,2025-10-21,0,,0
6433,3,2,OUT,SALE,2,2025-10-22,0,,0
6434,3,2,OUT,SALE,2,2025-10-23,0,,0
6435,3,2,OUT,SALE,3,2025-10-24,0,,0
6436,3,2,OUT,SALE,3,2025-10-25,0,,0
6437,3,2,OUT,SALE,3,2025-10-26,0,,0
6438,3,2,OUT,SALE,3,2025-10-27,0,,0
6439,3,2,OUT,SALE,3,2025-10-28,0,,0
6440,3,2,OUT,SALE,3,2025-10-29,0,,0
6441,3,2,OUT,SALE,3,2025-10-30,0,,0
6442,3,2,OUT,SALE,3,2025-10-31,0,,0
6443,3,2,OUT,SALE,1,2025-11-01,0,,0
6444,3,2,OUT,SALE,1,2025-11-02,0,,0
6445,3,2,OUT,SALE,2,2025-11-03,0,,0
6446,3,2,OUT,SALE,1,2025-11-04,0,,0
6447,3,2,OUT,SALE,2,2025-11-05,0,,0
6448,3,2,OUT,SALE,2,2025-11-06,0,,0
6449,3,2,OUT,SALE,2,2025-11-07,0,,0
6450,3,2,OUT,SALE,2,2025-11-08,0,,0
6451,3,2,OUT,SALE,2,2025-11-09,0,,0
6452,3,2,OUT,SALE,2,2025-11-10,0,,0
6453,3,2,OUT,SALE,1,2025-11-11,0,,0
6454,3,2,OUT,SALE,2,2025-11-12,0,,0
6455,3,2,OUT,SALE,2,2025-11-13,0,,0
6456,3,2,OUT,SALE,2,2025-11-14,0,,0
6457,3,2,OUT,SALE,2,2025-11-15,0,,0
6458,3,2,OUT,SALE,2,2025-11-16,0,,0
6459,3,2,OUT,SALE,1,2025-11-17,0,,0
6460,3,2,OUT,SALE,1,2025-11-18,0,,0
6461,3,2,OUT,SALE,2,2025-11-19,0,,0
6462,3,2,OUT,SALE,2,2025-11-20,0,,0
6463,3,2,OUT,SALE,2,2025-11-21,0,,0
6464,3,2,OUT,SALE,2,2025-11-22,0,,0
6465,3,2,OUT,SALE,1,2025-11-23,0,,0
6466,3,2,OUT,SALE,2,2025-11-24,0,,0
6467,3,2,OUT,SALE,2,2025-11-25,0,,0
6468,3,2,OUT,SALE,1,2025-11-26,0,,0
6469,3,2,OUT,SALE,2,2025-11-27,0,,0
6470,3,2,OUT,SALE,3,2025-11-28,0,,0
6471,3,2,OUT,SALE,4,2025-11-29,0,,0
6472,3,2,OUT,SALE,4,2025-11-30,0,,0
6473,3,2,OUT,SALE,1,2025-12-01,0,,0
6474,3,2,OUT,SALE,1,2025-12-02,0,,0
6475,3,2,OUT,SALE,1,2025-12-03,0,,0
6476,3,2,OUT,SALE,1,2025-12-04,0,,0
6477,3,2,OUT,SALE,1,2025-12-05,0,,0
6478,3,2,OUT,SALE,1,2025-12-06,0,,0
6479,3,2,OUT,SALE,1,2025-12-07,0,,0
6480,3,2,OUT,SALE,1,2025-12-08,0,,0
6481,3,2,OUT,SALE,1,2025-12-09,0,,0
6482,3,2,OUT,SALE,1,2025-12-10,0,,0
6483,3,2,OUT,SALE,1,2025-12-11,0,,0
6484,3,2,OUT,SALE,1,2025-12-12,0,,0
6485,3,2,OUT,SALE,1,2025-12-14,0,,0
6486,3,2,OUT,SALE,1,2025-12-15,0,,0
6487,3,2,OUT,SALE,1,2025-12-16,0,,0
6488,3,2,OUT,SALE,1,2025-12-17,0,,0
6489,3,2,OUT,SALE,1,2025-12-18,0,,0
6490,3,2,OUT,SALE,1,2025-12-19,0,,0
6491,3,2,OUT,SALE,1,2025-12-20,0,,0
6492,3,2,OUT,SALE,1,2025-12-21,0,,0
6493,3,2,OUT,SALE,1,2025-12-22,0,,0
6494,3,2,OUT,SALE,1,2025-12-23,0,,0
6495,3,2,OUT,SALE,1,2025-12-24,0,,0
6496,3,2,OUT,SALE,1,2025-12-25,0,,0
6497,3,2,OUT,SALE,1,2025-12-26,0,,0
6498,3,2,OUT,SALE,1,2025-12-27,0,,0
6499,3,2,OUT,SALE,1,2025-12-29,0,,0
6500,3,2,OUT,SALE,1,2025-12-30,0,,0
6501,3,2,OUT,SALE,1,2025-12-31,0,,0
6502,3,3,OUT,SALE,6,2025-01-01,0,,0
6503,3,3,OUT,SALE,7,2025-01-02,0,,0
6504,3,3,OUT,SALE,6,2025-01-03,0,,0
6505,3,3,OUT,SALE,8,2025-01-04,0,,0
6506,3,3,OUT,SALE,6,2025-01-05,0,,0
6507,3,3,OUT,SALE,6,2025-01-06,0,,0
6508,3,3,OUT,SALE,8,2025-01-07,0,,0
6509,3,3,OUT,SALE,6,2025-01-08,0,,0
6510,3,3,OUT,SALE,8,2025-01-09,0,,0
6511,3,3,OUT,SALE,7,2025-01-10,0,,0
6512,3,3,OUT,SALE,6,2025-01-11,0,,0
6513,3,3,OUT,SALE,9,2025-01-12,0,,0
6514,3,3,OUT,SALE,7,2025-01-13,0,,0
6515,3,3,OUT,SALE,7,2025-01-14,0,,0
6516,3,3,OUT,SALE,7,2025-01-15,0,,0
6517,3,3,OUT,SALE,7,2025-01-16,0,,0
6518,3,3,OUT,SALE,7,2025-01-17,0,,0
6519,3,3,OUT,SALE,9,2025-01-18,0,,0
6520,3,3,OUT,SALE,8,2025-01-19,0,,0
6521,3,3,OUT,SALE,6,2025-01-20,0,,0
6522,3,3,OUT,SALE,7,2025-01-21,0,,0
6523,3,3,OUT,SALE,9,2025-01-22,0,,0
6524,3,3,OUT,SALE,7,2025-01-23,0,,0
6525,3,3,OUT,SALE,9,2025-01-24,0,,0
6526,3,3,OUT,SALE,17,2025-01-25,0,,0
6527,3,3,OUT,SALE,15,2025-01-26,0,,0
6528,3,3,OUT,SALE,13,2025-01-27,0,,0
6529,3,3,OUT,SALE,12,2025-01-28,0,,0
6530,3,3,OUT,SALE,5,2025-01-29,0,,0
6531,3,3,OUT,SALE,7,2025-01-30,0,,0
6532,3,3,OUT,SALE,8,2025-01-31,0,,0
6533,3,3,OUT,SALE,5,2025-02-01,0,,0
6534,3,3,OUT,SALE,5,2025-02-02,0,,0
6535,3,3,OUT,SALE,5,2025-02-03,0,,0
6536,3,3,OUT,SALE,4,2025-02-04,0,,0
6537,3,3,OUT,SALE,4,2025-02-05,0,,0
6538,3,3,OUT,SALE,4,2025-02-06,0,,0
6539,3,3,OUT,SALE,4,2025-02-07,0,,0
6540,3,3,OUT,SALE,4,2025-02-08,0,,0
6541,3,3,OUT,SALE,5,2025-02-09,0,,0
6542,3,3,OUT,SALE,5,2025-02-10,0,,0
6543,3,3,OUT,SALE,4,2025-02-11,0,,0
6544,3,3,OUT,SALE,5,2025-02-12,0,,0
6545,3,3,OUT,SALE,4,2025-02-13,0,,0
6546,3,3,OUT,SALE,5,2025-02-14,0,,0
6547,3,3,OUT,SALE,6,2025-02-15,0,,0
6548,3,3,OUT,SALE,6,2025-02-16,0,,0
6549,3,3,OUT,SALE,5,2025-02-17,0,,0
6550,3,3,OUT,SALE,4,2025-02-18,0,,0
6551,3,3,OUT,SALE,4,2025-02-19,0,,0
6552,3,3,OUT,SALE,6,2025-02-20,0,,0
6553,3,3,OUT,SALE,4,2025-02-21,0,,0
6554,3,3,OUT,SALE,6,2025-02-22,0,,0
6555,3,3,OUT,SALE,6,2025-02-23,0,,0
6556,3,3,OUT,SALE,4,2025-02-24,0,,0
6557,3,3,OUT,SALE,5,2025-02-25,0,,0
6558,3,3,OUT,SALE,5,2025-02-26,0,,0
6559,3,3,OUT,SALE,5,2025-02-27,0,,0
6560,3,3,OUT,SALE,4,2025-02-28,0,,0
6561,3,3,OUT,SALE,7,2025-03-01,0,,0
6562,3,3,OUT,SALE,7,2025-03-02,0,,0
6563,3,3,OUT,SALE,7,2025-03-03,0,,0
6564,3,3,OUT,SALE,7,2025-03-04,0,,0
6565,3,3,OUT,SALE,7,2025-03-05,0,,0
6566,3,3,OUT,SALE,5,2025-03-06,0,,0
6567,3,3,OUT,SALE,7,2025-03-07,0,,0
6568,3,3,OUT,SALE,10,2025-03-08,0,,0
6569,3,3,OUT,SALE,8,2025-03-09,0,,0
6570,3,3,OUT,SALE,7,2025-03-10,0,,0
6571,3,3,OUT,SALE,7,2025-03-11,0,,0
6572,3,3,OUT,SALE,7,2025-03-12,0,,0
6573,3,3,OUT,SALE,8,2025-03-13,0,,0
6574,3,3,OUT,SALE,7,2025-03-14,0,,0
6575,3,3,OUT,SALE,8,2025-03-15,0,,0
6576,3,3,OUT,SALE,7,2025-03-16,0,,0
6577,3,3,OUT,SALE,7,2025-03-17,0,,0
6578,3,3,OUT,SALE,7,2025-03-18,0,,0
6579,3,3,OUT,SALE,7,2025-03-19,0,,0
6580,3,3,OUT,SALE,7,2025-03-20,0,,0
6581,3,3,OUT,SALE,7,2025-03-21,0,,0
6582,3,3,OUT,SALE,9,2025-03-22,0,,0
6583,3,3,OUT,SALE,9,2025-03-23,0,,0
6584,3,3,OUT,SALE,7,2025-03-24,0,,0
6585,3,3,OUT,SALE,6,2025-03-25,0,,0
6586,3,3,OUT,SALE,7,2025-03-26,0,,0
6587,3,3,OUT,SALE,7,2025-03-27,0,,0
6588,3,3,OUT,SALE,5,2025-03-28,0,,0
6589,3,3,OUT,SALE,9,2025-03-29,0,,0
6590,3,3,OUT,SALE,8,2025-03-30,0,,0
6591,3,3,OUT,SALE,7,2025-03-31,0,,0
6592,3,3,OUT,SALE,16,2025-04-01,0,,0
6593,3,3,OUT,SALE,12,2025-04-02,0,,0
6594,3,3,OUT,SALE,14,2025-04-03,0,,0
6595,3,3,OUT,SALE,13,2025-04-04,0,,0
6596,3,3,OUT,SALE,15,2025-04-05,0,,0
6597,3,3,OUT,SALE,14,2025-04-06,0,,0
6598,3,3,OUT,SALE,16,2025-04-07,0,,0
6599,3,3,OUT,SALE,13,2025-04-08,0,,0
6600,3,3,OUT,SALE,15,2025-04-09,0,,0
6601,3,3,OUT,SALE,10,2025-04-10,0,,0
6602,3,3,OUT,SALE,15,2025-04-11,0,,0
6603,3,3,OUT,SALE,17,2025-04-12,0,,0
6604,3,3,OUT,SALE,16,2025-04-13,0,,0
6605,3,3,OUT,SALE,13,2025-04-14,0,,0
6606,3,3,OUT,SALE,14,2025-04-15,0,,0
6607,3,3,OUT,SALE,17,2025-04-16,0,,0
6608,3,3,OUT,SALE,11,2025-04-17,0,,0
6609,3,3,OUT,SALE,15,2025-04-18,0,,0
6610,3,3,OUT,SALE,14,2025-04-19,0,,0
6611,3,3,OUT,SALE,15,2025-04-20,0,,0
6612,3,3,OUT,SALE,13,2025-04-21,0,,0
6613,3,3,OUT,SALE,13,2025-04-22,0,,0
6614,3,3,OUT,SALE,13,2025-04-23,0,,0
6615,3,3,OUT,SALE,12,2025-04-24,0,,0
6616,3,3,OUT,SALE,15,2025-04-25,0,,0
6617,3,3,OUT,SALE,12,2025-04-26,0,,0
6618,3,3,OUT,SALE,16,2025-04-27,0,,0
6619,3,3,OUT,SALE,13,2025-04-28,0,,0
6620,3,3,OUT,SALE,12,2025-04-29,0,,0
6621,3,3,OUT,SALE,14,2025-04-30,0,,0
6622,3,3,OUT,SALE,18,2025-05-01,0,,0
6623,3,3,OUT,SALE,23,2025-05-02,0,,0
6624,3,3,OUT,SALE,21,2025-05-03,0,,0
6625,3,3,OUT,SALE,27,2025-05-04,0,,0
6626,3,3,OUT,SALE,20,2025-05-05,0,,0
6627,3,3,OUT,SALE,21,2025-05-06,0,,0
6628,3,3,OUT,SALE,23,2025-05-07,0,,0
6629,3,3,OUT,SALE,20,2025-05-08,0,,0
6630,3,3,OUT,SALE,22,2025-05-09,0,,0
6631,3,3,OUT,SALE,21,2025-05-10,0,,0
6632,3,3,OUT,SALE,28,2025-05-11,0,,0
6633,3,3,OUT,SALE,27,2025-05-12,0,,0
6634,3,3,OUT,SALE,30,2025-05-13,0,,0
6635,3,3,OUT,SALE,23,2025-05-14,0,,0
6636,3,3,OUT,SALE,25,2025-05-15,0,,0
6637,3,3,OUT,SALE,18,2025-05-16,0,,0
6638,3,3,OUT,SALE,30,2025-05-17,0,,0
6639,3,3,OUT,SALE,28,2025-05-18,0,,0
6640,3,3,OUT,SALE,21,2025-05-19,0,,0
6641,3,3,OUT,SALE,26,2025-05-20,0,,0
6642,3,3,OUT,SALE,22,2025-05-21,0,,0
6643,3,3,OUT,SALE,21,2025-05-22,0,,0
6644,3,3,OUT,SALE,24,2025-05-23,0,,0
6645,3,3,OUT,SALE,23,2025-05-24,0,,0
6646,3,3,OUT,SALE,29,2025-05-25,0,,0
6647,3,3,OUT,SALE,20,2025-05-26,0,,0
6648,3,3,OUT,SALE,20,2025-05-27,0,,0
6649,3,3,OUT,SALE,20,2025-05-28,0,,0
6650,3,3,OUT,SALE,24,2025-05-29,0,,0
6651,3,3,OUT,SALE,21,2025-05-30,0,,0
6652,3,3,OUT,SALE,22,2025-05-31,0,,0
6653,3,3,OUT,SALE,34,2025-06-01,0,,0
6654,3,3,OUT,SALE,31,2025-06-02,0,,0
6655,3,3,OUT,SALE,27,2025-06-03,0,,0
6656,3,3,OUT,SALE,27,2025-06-04,0,,0
6657,3,3,OUT,SALE,39,2025-06-05,0,,0
6658,3,3,OUT,SALE,28,2025-06-06,0,,0
6659,3,3,OUT,SALE,35,2025-06-07,0,,0
6660,3,3,OUT,SALE,35,2025-06-08,0,,0
6661,3,3,OUT,SALE,30,2025-06-09,0,,0
6662,3,3,OUT,SALE,34,2025-06-10,0,,0
6663,3,3,OUT,SALE,35,2025-06-11,0,,0
6664,3,3,OUT,SALE,30,2025-06-12,0,,0
6665,3,3,OUT,SALE,27,2025-06-13,0,,0
6666,3,3,OUT,SALE,42,2025-06-14,0,,0
6667,3,3,OUT,SALE,36,2025-06-15,0,,0
6668,3,3,OUT,SALE,38,2025-06-16,0,,0
6669,3,3,OUT,SALE,23,2025-06-17,0,,0
6670,3,3,OUT,SALE,32,2025-06-18,0,,0
6671,3,3,OUT,SALE,39,2025-06-19,0,,0
6672,3,3,OUT,SALE,30,2025-06-20,0,,0
6673,3,3,OUT,SALE,35,2025-06-21,0,,0
6674,3,3,OUT,SALE,37,2025-06-22,0,,0
6675,3,3,OUT,SALE,29,2025-06-23,0,,0
6676,3,3,OUT,SALE,30,2025-06-24,0,,0
6677,3,3,OUT,SALE,30,2025-06-25,0,,0
6678,3,3,OUT,SALE,29,2025-06-26,0,,0
6679,3,3,OUT,SALE,36,2025-06-27,0,,0
6680,3,3,OUT,SALE,38,2025-06-28,0,,0
6681,3,3,OUT,SALE,37,2025-06-29,0,,0
6682,3,3,OUT,SALE,34,2025-06-30,0,,0
6683,3,3,OUT,SALE,37,2025-07-01,0,,0
6684,3,3,OUT,SALE,34,2025-07-02,0,,0
6685,3,3,OUT,SALE,35,2025-07-03,0,,0
6686,3,3,OUT,SALE,38,2025-07-04,0,,0
6687,3,3,OUT,SALE,38,2025-07-05,0,,0
6688,3,3,OUT,SALE,41,2025-07-06,0,,0
6689,3,3,OUT,DAMAGE,324,2025-07-07,1,THEFT_SPIKE,1
6690,3,3,OUT,SALE,48,2025-07-08,0,,0
6691,3,3,OUT,SALE,25,2025-07-09,0,,0
6692,3,3,OUT,SALE,37,2025-07-10,0,,0
6693,3,3,OUT,SALE,46,2025-07-11,0,,0
6694,3,3,OUT,SALE,44,2025-07-12,0,,0
6695,3,3,OUT,SALE,48,2025-07-13,0,,0
6696,3,3,OUT,SALE,38,2025-07-14,0,,0
6697,3,3,OUT,SALE,35,2025-07-15,0,,0
6698,3,3,OUT,SALE,28,2025-07-16,0,,0
6699,3,3,OUT,SALE,39,2025-07-17,0,,0
6700,3,3,OUT,SALE,34,2025-07-18,0,,0
6701,3,3,OUT,SALE,39,2025-07-19,0,,0
6702,3,3,OUT,SALE,90,2025-07-20,0,,0
6703,3,3,OUT,SALE,101,2025-07-21,0,,0
6704,3,3,OUT,SALE,108,2025-07-22,0,,1
6705,3,3,OUT,SALE,86,2025-07-23,0,,0
6706,3,3,OUT,SALE,79,2025-07-24,0,,0
6707,3,3,OUT,SALE,72,2025-07-25,0,,0
6708,3,3,OUT,SALE,46,2025-07-26,0,,0
6709,3,3,OUT,SALE,53,2025-07-27,0,,0
6710,3,3,OUT,SALE,37,2025-07-28,0,,0
6711,3,3,OUT,SALE,27,2025-07-29,0,,0
6712,3,3,OUT,SALE,41,2025-07-30,0,,0
6713,3,3,OUT,SALE,42,2025-07-31,0,,0
6714,3,3,OUT,SALE,33,2025-08-01,0,,0
6715,3,3,OUT,SALE,47,2025-08-02,0,,0
6716,3,3,OUT,SALE,49,2025-08-03,0,,0
6717,3,3,OUT,SALE,40,2025-08-04,0,,0
6718,3,3,OUT,SALE,37,2025-08-05,0,,0
6719,3,3,OUT,SALE,45,2025-08-06,0,,0
6720,3,3,OUT,SALE,38,2025-08-07,0,,0
6721,3,3,OUT,SALE,33,2025-08-08,0,,0
6722,3,3,OUT,SALE,35,2025-08-09,0,,0
6723,3,3,OUT,SALE,53,2025-08-10,0,,0
6724,3,3,OUT,SALE,43,2025-08-11,0,,0
6725,3,3,OUT,SALE,41,2025-08-12,0,,0
6726,3,3,OUT,SALE,38,2025-08-13,0,,0
6727,3,3,OUT,SALE,38,2025-08-14,0,,0
6728,3,3,OUT,SALE,35,2025-08-15,0,,0
6729,3,3,OUT,SALE,44,2025-08-16,0,,0
6730,3,3,OUT,SALE,35,2025-08-17,0,,0
6731,3,3,OUT,SALE,37,2025-08-18,0,,0
6732,3,3,OUT,SALE,39,2025-08-19,0,,0
6733,3,3,OUT,DAMAGE,225,2025-08-20,1,OFF_HOURS_BULK,1
6734,3,3,OUT,SALE,40,2025-08-21,0,,0
6735,3,3,OUT,SALE,44,2025-08-22,0,,0
6736,3,3,OUT,SALE,54,2025-08-23,0,,0
6737,3,3,OUT,SALE,52,2025-08-24,0,,0
6738,3,3,OUT,SALE,43,2025-08-25,0,,0
6739,3,3,OUT,SALE,40,2025-08-26,0,,0
6740,3,3,OUT,SALE,36,2025-08-27,0,,0
6741,3,3,OUT,SALE,44,2025-08-28,0,,0
6742,3,3,OUT,SALE,49,2025-08-29,0,,0
6743,3,3,OUT,SALE,48,2025-08-30,0,,0
6744,3,3,OUT,SALE,57,2025-08-31,0,,0
6745,3,3,OUT,SALE,31,2025-09-01,0,,0
6746,3,3,OUT,SALE,33,2025-09-02,0,,0
6747,3,3,OUT,SALE,42,2025-09-03,0,,0
6748,3,3,OUT,SALE,39,2025-09-04,0,,0
6749,3,3,OUT,SALE,44,2025-09-05,0,,0
6750,3,3,OUT,SALE,44,2025-09-06,0,,0
6751,3,3,OUT,SALE,39,2025-09-07,0,,0
6752,3,3,OUT,SALE,37,2025-09-08,0,,0
6753,3,3,OUT,SALE,31,2025-09-09,0,,0
6754,3,3,OUT,SALE,33,2025-09-10,0,,0
6755,3,3,OUT,SALE,42,2025-09-11,0,,0
6756,3,3,OUT,SALE,42,2025-09-12,0,,0
6757,3,3,OUT,SALE,46,2025-09-13,0,,0
6758,3,3,OUT,SALE,35,2025-09-14,0,,0
6759,3,3,OUT,SALE,36,2025-09-15,0,,0
6760,3,3,OUT,SALE,32,2025-09-16,0,,0
6761,3,3,OUT,SALE,43,2025-09-17,0,,0
6762,3,3,OUT,SALE,35,2025-09-18,0,,0
6763,3,3,OUT,SALE,33,2025-09-19,0,,0
6764,3,3,OUT,SALE,44,2025-09-20,0,,0
6765,3,3,OUT,SALE,40,2025-09-21,0,,0
6766,3,3,OUT,SALE,45,2025-09-22,0,,0
6767,3,3,OUT,SALE,35,2025-09-23,0,,0
6768,3,3,OUT,SALE,32,2025-09-24,0,,0
6769,3,3,OUT,SALE,28,2025-09-25,0,,0
6770,3,3,OUT,SALE,38,2025-09-26,0,,0
6771,3,3,OUT,SALE,41,2025-09-27,0,,0
6772,3,3,OUT,SALE,36,2025-09-28,0,,0
6773,3,3,OUT,SALE,43,2025-09-29,0,,0
6774,3,3,OUT,SALE,78,2025-09-30,0,,0
6775,3,3,OUT,SALE,59,2025-10-01,0,,0
6776,3,3,OUT,SALE,69,2025-10-02,0,,0
6777,3,3,OUT,SALE,64,2025-10-03,0,,0
6778,3,3,OUT,SALE,33,2025-10-04,0,,0
6779,3,3,OUT,SALE,32,2025-10-05,0,,0
6780,3,3,OUT,SALE,34,2025-10-06,0,,0
6781,3,3,OUT,SALE,33,2025-10-07,0,,0
6782,3,3,OUT,SALE,32,2025-10-08,0,,0
6783,3,3,OUT,SALE,28,2025-10-09,0,,0
6784,3,3,OUT,SALE,34,2025-10-10,0,,0
6785,3,3,OUT,SALE,33,2025-10-11,0,,0
6786,3,3,OUT,SALE,36,2025-10-12,0,,0
6787,3,3,OUT,SALE,37,2025-10-13,0,,0
6788,3,3,OUT,DAMAGE,75,2025-10-14,1,REPEATED_LOSS,0
6789,3,3,OUT,SALE,25,2025-10-15,0,,0
6790,3,3,OUT,SALE,27,2025-10-16,0,,0
6791,3,3,OUT,SALE,35,2025-10-17,0,,0
6792,3,3,OUT,SALE,37,2025-10-18,0,,0
6793,3,3,OUT,SALE,36,2025-10-19,0,,0
6794,3,3,OUT,SALE,29,2025-10-20,0,,0
6795,3,3,OUT,SALE,33,2025-10-21,0,,0
6796,3,3,OUT,SALE,28,2025-10-22,0,,0
6797,3,3,OUT,SALE,33,2025-10-23,0,,0
6798,3,3,OUT,SALE,29,2025-10-24,0,,0
6799,3,3,OUT,SALE,32,2025-10-25,0,,0
6800,3,3,OUT,SALE,33,2025-10-26,0,,0
6801,3,3,OUT,SALE,30,2025-10-27,0,,0
6802,3,3,OUT,SALE,31,2025-10-28,0,,0
6803,3,3,OUT,SALE,32,2025-10-29,0,,0
6804,3,3,OUT,SALE,18,2025-10-30,0,,0
6805,3,3,OUT,SALE,28,2025-10-31,0,,0
6806,3,3,OUT,SALE,25,2025-11-01,0,,0
6807,3,3,OUT,SALE,30,2025-11-02,0,,0
6808,3,3,OUT,SALE,20,2025-11-03,0,,0
6809,3,3,OUT,SALE,23,2025-11-04,0,,0
6810,3,3,OUT,SALE,26,2025-11-05,0,,0
6811,3,3,OUT,SALE,19,2025-11-06,0,,0
6812,3,3,OUT,SALE,23,2025-11-07,0,,0
6813,3,3,OUT,SALE,23,2025-11-08,0,,0
6814,3,3,OUT,SALE,24,2025-11-09,0,,0
6815,3,3,OUT,SALE,20,2025-11-10,0,,0
6816,3,3,OUT,SALE,20,2025-11-11,0,,0
6817,3,3,OUT,SALE,30,2025-11-12,0,,0
6818,3,3,OUT,SALE,25,2025-11-13,0,,0
6819,3,3,OUT,SALE,25,2025-11-14,0,,0
6820,3,3,OUT,SALE,27,2025-11-15,0,,0
6821,3,3,OUT,SALE,21,2025-11-16,0,,0
6822,3,3,OUT,SALE,24,2025-11-17,0,,0
6823,3,3,OUT,SALE,25,2025-11-18,0,,0
6824,3,3,OUT,SALE,20,2025-11-19,0,,0
6825,3,3,OUT,SALE,25,2025-11-20,0,,0
6826,3,3,OUT,SALE,24,2025-11-21,0,,0
6827,3,3,OUT,SALE,32,2025-11-22,0,,0
6828,3,3,OUT,SALE,25,2025-11-23,0,,0
6829,3,3,OUT,SALE,19,2025-11-24,0,,0
6830,3,3,OUT,SALE,21,2025-11-25,0,,0
6831,3,3,OUT,SALE,26,2025-11-26,0,,0
6832,3,3,OUT,SALE,18,2025-11-27,0,,0
6833,3,3,OUT,SALE,42,2025-11-28,0,,0
6834,3,3,OUT,SALE,65,2025-11-29,0,,0
6835,3,3,OUT,SALE,61,2025-11-30,0,,0
6836,3,3,OUT,SALE,13,2025-12-01,0,,0
6837,3,3,OUT,SALE,15,2025-12-02,0,,0
6838,3,3,OUT,SALE,13,2025-12-03,0,,0
6839,3,3,OUT,SALE,10,2025-12-04,0,,0
6840,3,3,OUT,SALE,17,2025-12-05,0,,0
6841,3,3,OUT,SALE,14,2025-12-06,0,,0
6842,3,3,OUT,SALE,14,2025-12-07,0,,0
6843,3,3,OUT,SALE,15,2025-12-08,0,,0
6844,3,3,OUT,SALE,13,2025-12-09,0,,0
6845,3,3,OUT,SALE,13,2025-12-10,0,,0
6846,3,3,OUT,SALE,14,2025-12-11,0,,0
6847,3,3,OUT,SALE,15,2025-12-12,0,,0
6848,3,3,OUT,SALE,15,2025-12-13,0,,0
6849,3,3,OUT,SALE,18,2025-12-14,0,,0
6850,3,3,OUT,SALE,10,2025-12-15,0,,0
6851,3,3,OUT,SALE,15,2025-12-16,0,,0
6852,3,3,OUT,SALE,12,2025-12-17,0,,0
6853,3,3,OUT,SALE,16,2025-12-18,0,,0
6854,3,3,OUT,SALE,14,2025-12-19,0,,0
6855,3,3,OUT,SALE,14,2025-12-20,0,,0
6856,3,3,OUT,SALE,17,2025-12-21,0,,0
6857,3,3,OUT,SALE,15,2025-12-22,0,,0
6858,3,3,OUT,SALE,15,2025-12-23,0,,0
6859,3,3,OUT,SALE,20,2025-12-24,0,,0
6860,3,3,OUT,SALE,22,2025-12-25,0,,0
6861,3,3,OUT,SALE,23,2025-12-26,0,,0
6862,3,3,OUT,SALE,15,2025-12-27,0,,0
6863,3,3,OUT,SALE,17,2025-12-28,0,,0
6864,3,3,OUT,SALE,10,2025-12-29,0,,0
6865,3,3,OUT,SALE,14,2025-12-30,0,,0
6866,3,3,OUT,SALE,13,2025-12-31,0,,0
6867,3,4,OUT,SALE,1,2025-01-01,0,,0
6868,3,4,OUT,SALE,1,2025-01-02,0,,0
6869,3,4,OUT,SALE,1,2025-01-03,0,,0
6870,3,4,OUT,SALE,1,2025-01-04,0,,0
6871,3,4,OUT,SALE,1,2025-01-05,0,,0
6872,3,4,OUT,SALE,1,2025-01-06,0,,0
6873,3,4,OUT,SALE,1,2025-01-07,0,,0
6874,3,4,OUT,SALE,1,2025-01-08,0,,0
6875,3,4,OUT,SALE,1,2025-01-09,0,,0
6876,3,4,OUT,SALE,2,2025-01-10,0,,0
6877,3,4,OUT,SALE,2,2025-01-11,0,,0
6878,3,4,OUT,SALE,2,2025-01-12,0,,0
6879,3,4,OUT,SALE,1,2025-01-13,0,,0
6880,3,4,OUT,SALE,1,2025-01-14,0,,0
6881,3,4,OUT,SALE,1,2025-01-15,0,,0
6882,3,4,OUT,SALE,1,2025-01-16,0,,0
6883,3,4,OUT,SALE,1,2025-01-17,0,,0
6884,3,4,OUT,SALE,1,2025-01-18,0,,0
6885,3,4,OUT,SALE,2,2025-01-19,0,,0
6886,3,4,OUT,SALE,1,2025-01-20,0,,0
6887,3,4,OUT,SALE,1,2025-01-21,0,,0
6888,3,4,OUT,SALE,2,2025-01-22,0,,0
6889,3,4,OUT,SALE,2,2025-01-23,0,,0
6890,3,4,OUT,SALE,1,2025-01-24,0,,0
6891,3,4,OUT,SALE,3,2025-01-25,0,,0
6892,3,4,OUT,SALE,3,2025-01-26,0,,0
6893,3,4,OUT,SALE,3,2025-01-27,0,,0
6894,3,4,OUT,SALE,2,2025-01-28,0,,0
6895,3,4,OUT,SALE,1,2025-01-29,0,,0
6896,3,4,OUT,SALE,2,2025-01-30,0,,0
6897,3,4,OUT,SALE,1,2025-01-31,0,,0
6898,3,4,OUT,SALE,1,2025-02-01,0,,0
6899,3,4,OUT,SALE,2,2025-02-02,0,,0
6900,3,4,OUT,SALE,1,2025-02-03,0,,0
6901,3,4,OUT,SALE,1,2025-02-04,0,,0
6902,3,4,OUT,SALE,1,2025-02-05,0,,0
6903,3,4,OUT,SALE,1,2025-02-06,0,,0
6904,3,4,OUT,SALE,1,2025-02-07,0,,0
6905,3,4,OUT,SALE,1,2025-02-08,0,,0
6906,3,4,OUT,SALE,2,2025-02-09,0,,0
6907,3,4,OUT,SALE,1,2025-02-10,0,,0
6908,3,4,OUT,SALE,1,2025-02-11,0,,0
6909,3,4,OUT,SALE,1,2025-02-12,0,,0
6910,3,4,OUT,SALE,1,2025-02-13,0,,0
6911,3,4,OUT,SALE,1,2025-02-14,0,,0
6912,3,4,OUT,SALE,1,2025-02-15,0,,0
6913,3,4,OUT,SALE,1,2025-02-16,0,,0
6914,3,4,OUT,SALE,1,2025-02-17,0,,0
6915,3,4,OUT,SALE,1,2025-02-18,0,,0
6916,3,4,OUT,SALE,1,2025-02-19,0,,0
6917,3,4,OUT,SALE,2,2025-02-20,0,,0
6918,3,4,OUT,SALE,1,2025-02-21,0,,0
6919,3,4,OUT,SALE,1,2025-02-22,0,,0
6920,3,4,OUT,SALE,1,2025-02-23,0,,0
6921,3,4,OUT,SALE,1,2025-02-24,0,,0
6922,3,4,OUT,SALE,1,2025-02-25,0,,0
6923,3,4,OUT,SALE,2,2025-02-26,0,,0
6924,3,4,OUT,SALE,1,2025-02-27,0,,0
6925,3,4,OUT,SALE,1,2025-02-28,0,,0
6926,3,4,OUT,SALE,1,2025-03-01,0,,0
6927,3,4,OUT,SALE,1,2025-03-02,0,,0
6928,3,4,OUT,SALE,1,2025-03-03,0,,0
6929,3,4,OUT,SALE,1,2025-03-04,0,,0
6930,3,4,OUT,SALE,1,2025-03-05,0,,0
6931,3,4,OUT,SALE,1,2025-03-06,0,,0
6932,3,4,OUT,SALE,1,2025-03-07,0,,0
6933,3,4,OUT,SALE,1,2025-03-08,0,,0
6934,3,4,OUT,SALE,1,2025-03-09,0,,0
6935,3,4,OUT,SALE,1,2025-03-10,0,,0
6936,3,4,OUT,SALE,1,2025-03-11,0,,0
6937,3,4,OUT,SALE,1,2025-03-12,0,,0
6938,3,4,OUT,SALE,1,2025-03-13,0,,0
6939,3,4,OUT,SALE,1,2025-03-14,0,,0
6940,3,4,OUT,SALE,1,2025-03-15,0,,0
6941,3,4,OUT,SALE,1,2025-03-16,0,,0
6942,3,4,OUT,DAMAGE,9,2025-03-17,1,THEFT_SPIKE,1
6943,3,4,OUT,SALE,1,2025-03-18,0,,0
6944,3,4,OUT,SALE,1,2025-03-19,0,,0
6945,3,4,OUT,SALE,1,2025-03-20,0,,0
6946,3,4,OUT,SALE,1,2025-03-21,0,,0
6947,3,4,OUT,DAMAGE,8,2025-03-22,1,THEFT_SPIKE,1
6948,3,4,OUT,SALE,1,2025-03-23,0,,0
6949,3,4,OUT,SALE,1,2025-03-24,0,,0
6950,3,4,OUT,SALE,1,2025-03-25,0,,0
6951,3,4,OUT,SALE,1,2025-03-26,0,,0
6952,3,4,OUT,SALE,1,2025-03-27,0,,0
6953,3,4,OUT,SALE,1,2025-03-28,0,,0
6954,3,4,OUT,SALE,1,2025-03-29,0,,0
6955,3,4,OUT,DAMAGE,2,2025-03-30,1,REPEATED_LOSS,0
6956,3,4,OUT,SALE,1,2025-03-31,0,,0
6957,3,4,OUT,SALE,1,2025-04-01,0,,0
6958,3,4,OUT,SALE,1,2025-04-02,0,,0
6959,3,4,OUT,SALE,1,2025-04-03,0,,0
6960,3,4,OUT,SALE,1,2025-04-04,0,,0
6961,3,4,OUT,SALE,1,2025-04-05,0,,0
6962,3,4,OUT,SALE,1,2025-04-06,0,,0
6963,3,4,OUT,SALE,1,2025-04-07,0,,0
6964,3,4,OUT,SALE,1,2025-04-08,0,,0
6965,3,4,OUT,SALE,1,2025-04-09,0,,0
6966,3,4,OUT,SALE,1,2025-04-10,0,,0
6967,3,4,OUT,SALE,1,2025-04-11,0,,0
6968,3,4,OUT,SALE,1,2025-04-12,0,,0
6969,3,4,OUT,SALE,1,2025-04-13,0,,0
6970,3,4,OUT,SALE,1,2025-04-14,0,,0
6971,3,4,OUT,SALE,1,2025-04-15,0,,0
6972,3,4,OUT,SALE,1,2025-04-16,0,,0
6973,3,4,OUT,SALE,1,2025-04-17,0,,0
6974,3,4,OUT,SALE,1,2025-04-18,0,,0
6975,3,4,OUT,SALE,1,2025-04-19,0,,0
6976,3,4,OUT,SALE,1,2025-04-20,0,,0
6977,3,4,OUT,SALE,1,2025-04-21,0,,0
6978,3,4,OUT,SALE,1,2025-04-22,0,,0
6979,3,4,OUT,SALE,1,2025-04-23,0,,0
6980,3,4,OUT,SALE,1,2025-04-24,0,,0
6981,3,4,OUT,SALE,1,2025-04-25,0,,0
6982,3,4,OUT,SALE,1,2025-04-26,0,,0
6983,3,4,OUT,SALE,1,2025-04-27,0,,0
6984,3,4,OUT,SALE,1,2025-04-28,0,,0
6985,3,4,OUT,SALE,1,2025-04-29,0,,0
6986,3,4,OUT,SALE,1,2025-04-30,0,,0
6987,3,4,OUT,SALE,1,2025-09-21,0,,0
6988,3,4,OUT,SALE,1,2025-09-30,0,,0
6989,3,4,OUT,SALE,1,2025-10-01,0,,0
6990,3,4,OUT,SALE,1,2025-10-02,0,,0
6991,3,4,OUT,SALE,1,2025-10-03,0,,0
6992,3,4,OUT,SALE,1,2025-10-04,0,,0
6993,3,4,OUT,SALE,1,2025-10-05,0,,0
6994,3,4,OUT,SALE,1,2025-10-06,0,,0
6995,3,4,OUT,SALE,1,2025-10-07,0,,0
6996,3,4,OUT,SALE,1,2025-10-08,0,,0
6997,3,4,OUT,SALE,1,2025-10-09,0,,0
6998,3,4,OUT,SALE,1,2025-10-10,0,,0
6999,3,4,OUT,DAMAGE,8,2025-10-11,1,THEFT_SPIKE,1
7000,3,4,OUT,SALE,1,2025-10-12,0,,0
7001,3,4,OUT,SALE,1,2025-10-13,0,,0
7002,3,4,OUT,SALE,1,2025-10-14,0,,0
7003,3,4,OUT,SALE,1,2025-10-15,0,,0
7004,3,4,OUT,SALE,1,2025-10-16,0,,0
7005,3,4,OUT,SALE,1,2025-10-17,0,,0
7006,3,4,OUT,SALE,1,2025-10-18,0,,0
7007,3,4,OUT,SALE,1,2025-10-19,0,,0
7008,3,4,OUT,SALE,1,2025-10-20,0,,0
7009,3,4,OUT,SALE,1,2025-10-21,0,,0
7010,3,4,OUT,SALE,1,2025-10-22,0,,0
7011,3,4,OUT,SALE,1,2025-10-23,0,,0
7012,3,4,OUT,SALE,1,2025-10-24,0,,0
7013,3,4,OUT,SALE,1,2025-10-25,0,,0
7014,3,4,OUT,SALE,1,2025-10-26,0,,0
7015,3,4,OUT,SALE,1,2025-10-27,0,,0
7016,3,4,OUT,SALE,1,2025-10-28,0,,0
7017,3,4,OUT,SALE,1,2025-10-29,0,,0
7018,3,4,OUT,SALE,1,2025-10-30,0,,0
7019,3,4,OUT,SALE,1,2025-10-31,0,,0
7020,3,4,OUT,SALE,1,2025-11-01,0,,0
7021,3,4,OUT,SALE,1,2025-11-02,0,,0
7022,3,4,OUT,SALE,1,2025-11-03,0,,0
7023,3,4,OUT,SALE,1,2025-11-04,0,,0
7024,3,4,OUT,SALE,1,2025-11-05,0,,0
7025,3,4,OUT,SALE,1,2025-11-06,0,,0
7026,3,4,OUT,SALE,1,2025-11-07,0,,0
7027,3,4,OUT,SALE,1,2025-11-08,0,,0
7028,3,4,OUT,SALE,1,2025-11-09,0,,0
7029,3,4,OUT,SALE,1,2025-11-10,0,,0
7030,3,4,OUT,SALE,1,2025-11-11,0,,0
7031,3,4,OUT,SALE,1,2025-11-12,0,,0
7032,3,4,OUT,SALE,1,2025-11-13,0,,0
7033,3,4,OUT,SALE,1,2025-11-14,0,,0
7034,3,4,OUT,DAMAGE,6,2025-11-15,1,OFF_HOURS_BULK,1
7035,3,4,OUT,SALE,1,2025-11-16,0,,0
7036,3,4,OUT,SALE,1,2025-11-17,0,,0
7037,3,4,OUT,SALE,1,2025-11-18,0,,0
7038,3,4,OUT,SALE,1,2025-11-19,0,,0
7039,3,4,OUT,SALE,1,2025-11-20,0,,0
7040,3,4,OUT,SALE,1,2025-11-21,0,,0
7041,3,4,OUT,SALE,1,2025-11-22,0,,0
7042,3,4,OUT,SALE,1,2025-11-23,0,,0
7043,3,4,OUT,SALE,1,2025-11-24,0,,0
7044,3,4,OUT,SALE,1,2025-11-25,0,,0
7045,3,4,OUT,SALE,1,2025-11-26,0,,0
7046,3,4,OUT,SALE,1,2025-11-27,0,,0
7047,3,4,OUT,SALE,3,2025-11-28,0,,0
7048,3,4,OUT,SALE,3,2025-11-29,0,,0
7049,3,4,OUT,SALE,3,2025-11-30,0,,0
7050,3,4,OUT,SALE,1,2025-12-01,0,,0
7051,3,4,OUT,SALE,1,2025-12-02,0,,0
7052,3,4,OUT,SALE,1,2025-12-03,0,,0
7053,3,4,OUT,SALE,1,2025-12-04,0,,0
7054,3,4,OUT,SALE,1,2025-12-05,0,,0
7055,3,4,OUT,SALE,1,2025-12-06,0,,0
7056,3,4,OUT,SALE,1,2025-12-07,0,,0
7057,3,4,OUT,SALE,1,2025-12-08,0,,0
7058,3,4,OUT,SALE,1,2025-12-09,0,,0
7059,3,4,OUT,SALE,1,2025-12-10,0,,0
7060,3,4,OUT,SALE,2,2025-12-11,0,,0
7061,3,4,OUT,SALE,1,2025-12-12,0,,0
7062,3,4,OUT,SALE,1,2025-12-13,0,,0
7063,3,4,OUT,SALE,1,2025-12-14,0,,0
7064,3,4,OUT,SALE,1,2025-12-15,0,,0
7065,3,4,OUT,SALE,1,2025-12-16,0,,0
7066,3,4,OUT,SALE,1,2025-12-17,0,,0
7067,3,4,OUT,SALE,1,2025-12-18,0,,0
7068,3,4,OUT,SALE,1,2025-12-19,0,,0
7069,3,4,OUT,SALE,1,2025-12-20,0,,0
7070,3,4,OUT,SALE,1,2025-12-21,0,,0
7071,3,4,OUT,SALE,1,2025-12-22,0,,0
7072,3,4,OUT,SALE,1,2025-12-23,0,,0
7073,3,4,OUT,SALE,3,2025-12-24,0,,0
7074,3,4,OUT,SALE,3,2025-12-25,0,,0
7075,3,4,OUT,SALE,2,2025-12-26,0,,0
7076,3,4,OUT,SALE,1,2025-12-27,0,,0
7077,3,4,OUT,SALE,2,2025-12-28,0,,0
7078,3,4,OUT,SALE,1,2025-12-29,0,,0
7079,3,4,OUT,SALE,1,2025-12-30,0,,0
7080,3,4,OUT,SALE,1,2025-12-31,0,,0
7081,3,5,OUT,SALE,6,2025-01-01,0,,0
7082,3,5,OUT,SALE,4,2025-01-02,0,,0
7083,3,5,OUT,SALE,4,2025-01-03,0,,0
7084,3,5,OUT,SALE,4,2025-01-04,0,,0
7085,3,5,OUT,SALE,6,2025-01-05,0,,0
7086,3,5,OUT,SALE,5,2025-01-06,0,,0
7087,3,5,OUT,SALE,5,2025-01-07,0,,0
7088,3,5,OUT,SALE,4,2025-01-08,0,,0
7089,3,5,OUT,SALE,4,2025-01-09,0,,0
7090,3,5,OUT,SALE,4,2025-01-10,0,,0
7091,3,5,OUT,SALE,5,2025-01-11,0,,0
7092,3,5,OUT,SALE,5,2025-01-12,0,,0
7093,3,5,OUT,SALE,4,2025-01-13,0,,0
7094,3,5,OUT,SALE,4,2025-01-14,0,,0
7095,3,5,OUT,SALE,4,2025-01-15,0,,0
7096,3,5,OUT,SALE,4,2025-01-16,0,,0
7097,3,5,OUT,SALE,5,2025-01-17,0,,0
7098,3,5,OUT,SALE,5,2025-01-18,0,,0
7099,3,5,OUT,SALE,5,2025-01-19,0,,0
7100,3,5,OUT,SALE,5,2025-01-20,0,,0
7101,3,5,OUT,SALE,4,2025-01-21,0,,0
7102,3,5,OUT,SALE,5,2025-01-22,0,,0
7103,3,5,OUT,SALE,5,2025-01-23,0,,0
7104,3,5,OUT,SALE,4,2025-01-24,0,,0
7105,3,5,OUT,SALE,11,2025-01-25,0,,0
7106,3,5,OUT,SALE,8,2025-01-26,0,,0
7107,3,5,OUT,SALE,8,2025-01-27,0,,0
7108,3,5,OUT,SALE,9,2025-01-28,0,,0
7109,3,5,OUT,SALE,5,2025-01-29,0,,0
7110,3,5,OUT,SALE,5,2025-01-30,0,,0
7111,3,5,OUT,SALE,4,2025-01-31,0,,0
7112,3,5,OUT,SALE,5,2025-02-01,0,,0
7113,3,5,OUT,SALE,5,2025-02-02,0,,0
7114,3,5,OUT,SALE,4,2025-02-03,0,,0
7115,3,5,OUT,SALE,4,2025-02-04,0,,0
7116,3,5,OUT,SALE,3,2025-02-05,0,,0
7117,3,5,OUT,SALE,4,2025-02-06,0,,0
7118,3,5,OUT,SALE,4,2025-02-07,0,,0
7119,3,5,OUT,SALE,6,2025-02-08,0,,0
7120,3,5,OUT,SALE,5,2025-02-09,0,,0
7121,3,5,OUT,SALE,5,2025-02-10,0,,0
7122,3,5,OUT,SALE,4,2025-02-11,0,,0
7123,3,5,OUT,SALE,5,2025-02-12,0,,0
7124,3,5,OUT,SALE,4,2025-02-13,0,,0
7125,3,5,OUT,SALE,5,2025-02-14,0,,0
7126,3,5,OUT,SALE,4,2025-02-15,0,,0
7127,3,5,OUT,SALE,5,2025-02-16,0,,0
7128,3,5,OUT,SALE,3,2025-02-17,0,,0
7129,3,5,OUT,SALE,4,2025-02-18,0,,0
7130,3,5,OUT,SALE,5,2025-02-19,0,,0
7131,3,5,OUT,SALE,4,2025-02-20,0,,0
7132,3,5,OUT,SALE,4,2025-02-21,0,,0
7133,3,5,OUT,SALE,5,2025-02-22,0,,0
7134,3,5,OUT,SALE,5,2025-02-23,0,,0
7135,3,5,OUT,SALE,4,2025-02-24,0,,0
7136,3,5,OUT,SALE,4,2025-02-25,0,,0
7137,3,5,OUT,SALE,6,2025-02-26,0,,0
7138,3,5,OUT,SALE,5,2025-02-27,0,,0
7139,3,5,OUT,SALE,5,2025-02-28,0,,0
7140,3,5,OUT,SALE,4,2025-03-01,0,,0
7141,3,5,OUT,SALE,4,2025-03-02,0,,0
7142,3,5,OUT,SALE,2,2025-03-03,0,,0
7143,3,5,OUT,DAMAGE,27,2025-03-04,1,THEFT_SPIKE,0
7144,3,5,OUT,SALE,3,2025-03-05,0,,0
7145,3,5,OUT,SALE,3,2025-03-06,0,,0
7146,3,5,OUT,SALE,3,2025-03-07,0,,0
7147,3,5,OUT,SALE,3,2025-03-08,0,,0
7148,3,5,OUT,SALE,4,2025-03-09,0,,0
7149,3,5,OUT,SALE,4,2025-03-10,0,,0
7150,3,5,OUT,SALE,4,2025-03-11,0,,0
7151,3,5,OUT,SALE,4,2025-03-12,0,,0
7152,3,5,OUT,DAMAGE,29,2025-03-13,1,THEFT_SPIKE,0
7153,3,5,OUT,SALE,3,2025-03-14,0,,0
7154,3,5,OUT,SALE,3,2025-03-15,0,,0
7155,3,5,OUT,SALE,3,2025-03-16,0,,0
7156,3,5,OUT,SALE,3,2025-03-17,0,,0
7157,3,5,OUT,SALE,3,2025-03-18,0,,0
7158,3,5,OUT,SALE,3,2025-03-19,0,,0
7159,3,5,OUT,SALE,4,2025-03-20,0,,0
7160,3,5,OUT,SALE,3,2025-03-21,0,,0
7161,3,5,OUT,SALE,4,2025-03-22,0,,0
7162,3,5,OUT,SALE,5,2025-03-23,0,,0
7163,3,5,OUT,SALE,3,2025-03-24,0,,0
7164,3,5,OUT,SALE,4,2025-03-25,0,,0
7165,3,5,OUT,SALE,3,2025-03-26,0,,0
7166,3,5,OUT,SALE,3,2025-03-27,0,,0
7167,3,5,OUT,SALE,4,2025-03-28,0,,0
7168,3,5,OUT,SALE,4,2025-03-29,0,,0
7169,3,5,OUT,SALE,4,2025-03-30,0,,0
7170,3,5,OUT,SALE,3,2025-03-31,0,,0
7171,3,5,OUT,SALE,2,2025-04-01,0,,0
7172,3,5,OUT,SALE,2,2025-04-02,0,,0
7173,3,5,OUT,SALE,3,2025-04-03,0,,0
7174,3,5,OUT,SALE,2,2025-04-04,0,,0
7175,3,5,OUT,SALE,3,2025-04-05,0,,0
7176,3,5,OUT,SALE,2,2025-04-06,0,,0
7177,3,5,OUT,SALE,2,2025-04-07,0,,0
7178,3,5,OUT,SALE,2,2025-04-08,0,,0
7179,3,5,OUT,SALE,3,2025-04-09,0,,0
7180,3,5,OUT,SALE,2,2025-04-10,0,,0
7181,3,5,OUT,SALE,2,2025-04-11,0,,0
7182,3,5,OUT,SALE,2,2025-04-12,0,,0
7183,3,5,OUT,SALE,2,2025-04-13,0,,0
7184,3,5,OUT,SALE,2,2025-04-14,0,,0
7185,3,5,OUT,SALE,2,2025-04-15,0,,0
7186,3,5,OUT,SALE,3,2025-04-16,0,,0
7187,3,5,OUT,SALE,2,2025-04-17,0,,0
7188,3,5,OUT,SALE,3,2025-04-18,0,,0
7189,3,5,OUT,SALE,3,2025-04-19,0,,0
7190,3,5,OUT,SALE,3,2025-04-20,0,,0
7191,3,5,OUT,SALE,2,2025-04-21,0,,0
7192,3,5,OUT,SALE,2,2025-04-22,0,,0
7193,3,5,OUT,SALE,2,2025-04-23,0,,0
7194,3,5,OUT,SALE,2,2025-04-24,0,,0
7195,3,5,OUT,SALE,2,2025-04-25,0,,0
7196,3,5,OUT,SALE,3,2025-04-26,0,,0
7197,3,5,OUT,SALE,3,2025-04-27,0,,0
7198,3,5,OUT,SALE,2,2025-04-28,0,,0
7199,3,5,OUT,SALE,2,2025-04-29,0,,0
7200,3,5,OUT,SALE,2,2025-04-30,0,,0
7201,3,5,OUT,SALE,1,2025-05-01,0,,0
7202,3,5,OUT,SALE,1,2025-05-02,0,,0
7203,3,5,OUT,SALE,2,2025-05-03,0,,0
7204,3,5,OUT,SALE,2,2025-05-04,0,,0
7205,3,5,OUT,SALE,1,2025-05-05,0,,0
7206,3,5,OUT,SALE,1,2025-05-06,0,,0
7207,3,5,OUT,SALE,2,2025-05-07,0,,0
7208,3,5,OUT,SALE,1,2025-05-08,0,,0
7209,3,5,OUT,SALE,1,2025-05-09,0,,0
7210,3,5,OUT,SALE,1,2025-05-10,0,,0
7211,3,5,OUT,SALE,1,2025-05-11,0,,0
7212,3,5,OUT,SALE,1,2025-05-12,0,,0
7213,3,5,OUT,SALE,1,2025-05-13,0,,0
7214,3,5,OUT,SALE,1,2025-05-14,0,,0
7215,3,5,OUT,SALE,1,2025-05-15,0,,0
7216,3,5,OUT,SALE,1,2025-05-16,0,,0
7217,3,5,OUT,SALE,2,2025-05-17,0,,0
7218,3,5,OUT,SALE,2,2025-05-18,0,,0
7219,3,5,OUT,SALE,1,2025-05-19,0,,0
7220,3,5,OUT,SALE,1,2025-05-20,0,,0
7221,3,5,OUT,SALE,1,2025-05-21,0,,0
7222,3,5,OUT,SALE,1,2025-05-22,0,,0
7223,3,5,OUT,SALE,1,2025-05-23,0,,0
7224,3,5,OUT,SALE,1,2025-05-24,0,,0
7225,3,5,OUT,SALE,1,2025-05-25,0,,0
7226,3,5,OUT,SALE,1,2025-05-26,0,,0
7227,3,5,OUT,SALE,1,2025-05-27,0,,0
7228,3,5,OUT,SALE,1,2025-05-28,0,,0
7229,3,5,OUT,SALE,1,2025-05-29,0,,0
7230,3,5,OUT,SALE,1,2025-05-30,0,,0
7231,3,5,OUT,SALE,2,2025-05-31,0,,0
7232,3,5,OUT,SALE,1,2025-06-01,0,,0
7233,3,5,OUT,SALE,1,2025-06-07,0,,0
7234,3,5,OUT,SALE,1,2025-06-08,0,,0
7235,3,5,OUT,SALE,1,2025-06-09,0,,0
7236,3,5,OUT,SALE,1,2025-06-21,0,,0
7237,3,5,OUT,SALE,1,2025-06-22,0,,0
7238,3,5,OUT,SALE,1,2025-08-11,0,,0
7239,3,5,OUT,SALE,1,2025-08-16,0,,0
7240,3,5,OUT,SALE,1,2025-08-26,0,,0
7241,3,5,OUT,SALE,1,2025-08-31,0,,0
7242,3,5,OUT,SALE,1,2025-09-01,0,,0
7243,3,5,OUT,SALE,1,2025-09-02,0,,0
7244,3,5,OUT,SALE,1,2025-09-03,0,,0
7245,3,5,OUT,SALE,1,2025-09-04,0,,0
7246,3,5,OUT,SALE,1,2025-09-05,0,,0
7247,3,5,OUT,SALE,1,2025-09-06,0,,0
7248,3,5,OUT,SALE,1,2025-09-07,0,,0
7249,3,5,OUT,SALE,1,2025-09-08,0,,0
7250,3,5,OUT,SALE,1,2025-09-09,0,,0
7251,3,5,OUT,SALE,2,2025-09-10,0,,0
7252,3,5,OUT,SALE,1,2025-09-11,0,,0
7253,3,5,OUT,SALE,2,2025-09-12,0,,0
7254,3,5,OUT,SALE,2,2025-09-13,0,,0
7255,3,5,OUT,SALE,2,2025-09-14,0,,0
7256,3,5,OUT,SALE,2,2025-09-15,0,,0
7257,3,5,OUT,SALE,1,2025-09-16,0,,0
7258,3,5,OUT,SALE,1,2025-09-17,0,,0
7259,3,5,OUT,SALE,1,2025-09-18,0,,0
7260,3,5,OUT,SALE,1,2025-09-19,0,,0
7261,3,5,OUT,SALE,1,2025-09-20,0,,0
7262,3,5,OUT,SALE,1,2025-09-21,0,,0
7263,3,5,OUT,SALE,1,2025-09-22,0,,0
7264,3,5,OUT,SALE,1,2025-09-23,0,,0
7265,3,5,OUT,SALE,1,2025-09-24,0,,0
7266,3,5,OUT,SALE,1,2025-09-25,0,,0
7267,3,5,OUT,SALE,2,2025-09-26,0,,0
7268,3,5,OUT,SALE,1,2025-09-27,0,,0
7269,3,5,OUT,SALE,1,2025-09-28,0,,0
7270,3,5,OUT,SALE,1,2025-09-29,0,,0
7271,3,5,OUT,SALE,3,2025-09-30,0,,0
7272,3,5,OUT,SALE,5,2025-10-01,0,,0
7273,3,5,OUT,SALE,4,2025-10-02,0,,0
7274,3,5,OUT,SALE,5,2025-10-03,0,,0
7275,3,5,OUT,SALE,3,2025-10-04,0,,0
7276,3,5,OUT,SALE,3,2025-10-05,0,,0
7277,3,5,OUT,SALE,3,2025-10-06,0,,0
7278,3,5,OUT,SALE,2,2025-10-07,0,,0
7279,3,5,OUT,SALE,9999,2025-10-08,1,DATA_ERROR,1
7280,3,5,OUT,SALE,2,2025-10-09,0,,0
7281,3,5,OUT,SALE,2,2025-10-10,0,,0
7282,3,5,OUT,SALE,3,2025-10-11,0,,0
7283,3,5,OUT,SALE,3,2025-10-12,0,,0
7284,3,5,OUT,SALE,2,2025-10-13,0,,0
7285,3,5,OUT,SALE,3,2025-10-14,0,,0
7286,3,5,OUT,SALE,2,2025-10-15,0,,0
7287,3,5,OUT,SALE,2,2025-10-16,0,,0
7288,3,5,OUT,SALE,2,2025-10-17,0,,0
7289,3,5,OUT,SALE,3,2025-10-18,0,,0
7290,3,5,OUT,SALE,3,2025-10-19,0,,0
7291,3,5,OUT,SALE,3,2025-10-20,0,,0
7292,3,5,OUT,SALE,2,2025-10-21,0,,0
7293,3,5,OUT,SALE,3,2025-10-22,0,,0
7294,3,5,OUT,SALE,3,2025-10-23,0,,0
7295,3,5,OUT,SALE,2,2025-10-24,0,,0
7296,3,5,OUT,SALE,2,2025-10-25,0,,0
7297,3,5,OUT,SALE,2,2025-10-26,0,,0
7298,3,5,OUT,SALE,2,2025-10-27,0,,0
7299,3,5,OUT,SALE,2,2025-10-28,0,,0
7300,3,5,OUT,SALE,2,2025-10-29,0,,0
7301,3,5,OUT,SALE,2,2025-10-30,0,,0
7302,3,5,OUT,SALE,3,2025-10-31,0,,0
7303,3,5,OUT,SALE,3,2025-11-01,0,,0
7304,3,5,OUT,SALE,3,2025-11-02,0,,0
7305,3,5,OUT,SALE,4,2025-11-03,0,,0
7306,3,5,OUT,SALE,3,2025-11-04,0,,0
7307,3,5,OUT,SALE,4,2025-11-05,0,,0
7308,3,5,OUT,SALE,4,2025-11-06,0,,0
7309,3,5,OUT,SALE,4,2025-11-07,0,,0
7310,3,5,OUT,SALE,3,2025-11-08,0,,0
7311,3,5,OUT,SALE,4,2025-11-09,0,,0
7312,3,5,OUT,SALE,4,2025-11-10,0,,0
7313,3,5,OUT,SALE,4,2025-11-11,0,,0
7314,3,5,OUT,DAMAGE,28,2025-11-12,1,THEFT_SPIKE,0
7315,3,5,OUT,SALE,4,2025-11-13,0,,0
7316,3,5,OUT,SALE,3,2025-11-14,0,,0
7317,3,5,OUT,SALE,4,2025-11-15,0,,0
7318,3,5,OUT,SALE,4,2025-11-16,0,,0
7319,3,5,OUT,SALE,3,2025-11-17,0,,0
7320,3,5,OUT,SALE,4,2025-11-18,0,,0
7321,3,5,OUT,SALE,4,2025-11-19,0,,0
7322,3,5,OUT,SALE,3,2025-11-20,0,,0
7323,3,5,OUT,SALE,3,2025-11-21,0,,0
7324,3,5,OUT,SALE,4,2025-11-22,0,,0
7325,3,5,OUT,SALE,4,2025-11-23,0,,0
7326,3,5,OUT,SALE,4,2025-11-24,0,,0
7327,3,5,OUT,SALE,4,2025-11-25,0,,0
7328,3,5,OUT,SALE,4,2025-11-26,0,,0
7329,3,5,OUT,SALE,4,2025-11-27,0,,0
7330,3,5,OUT,SALE,8,2025-11-28,0,,0
7331,3,5,OUT,SALE,9,2025-11-29,0,,0
7332,3,5,OUT,SALE,10,2025-11-30,0,,0
7333,3,5,OUT,SALE,3,2025-12-01,0,,0
7334,3,5,OUT,SALE,4,2025-12-02,0,,0
7335,3,5,OUT,SALE,4,2025-12-03,0,,0
7336,3,5,OUT,SALE,4,2025-12-04,0,,0
7337,3,5,OUT,SALE,4,2025-12-05,0,,0
7338,3,5,OUT,SALE,5,2025-12-06,0,,0
7339,3,5,OUT,SALE,5,2025-12-07,0,,0
7340,3,5,OUT,SALE,4,2025-12-08,0,,0
7341,3,5,OUT,SALE,4,2025-12-09,0,,0
7342,3,5,OUT,SALE,4,2025-12-10,0,,0
7343,3,5,OUT,SALE,5,2025-12-11,0,,0
7344,3,5,OUT,SALE,4,2025-12-12,0,,0
7345,3,5,OUT,SALE,4,2025-12-13,0,,0
7346,3,5,OUT,SALE,6,2025-12-14,0,,0
7347,3,5,OUT,SALE,4,2025-12-15,0,,0
7348,3,5,OUT,SALE,4,2025-12-16,0,,0
7349,3,5,OUT,SALE,4,2025-12-17,0,,0
7350,3,5,OUT,SALE,4,2025-12-18,0,,0
7351,3,5,OUT,SALE,4,2025-12-19,0,,0
7352,3,5,OUT,SALE,6,2025-12-20,0,,0
7353,3,5,OUT,SALE,5,2025-12-21,0,,0
7354,3,5,OUT,SALE,4,2025-12-22,0,,0
7355,3,5,OUT,SALE,5,2025-12-23,0,,0
7356,3,5,OUT,SALE,8,2025-12-24,0,,0
7357,3,5,OUT,SALE,7,2025-12-25,0,,0
7358,3,5,OUT,SALE,8,2025-12-26,0,,0
7359,3,5,OUT,SALE,5,2025-12-27,0,,0
7360,3,5,OUT,SALE,5,2025-12-28,0,,0
7361,3,5,OUT,SALE,5,2025-12-29,0,,0
7362,3,5,OUT,SALE,5,2025-12-30,0,,0
7363,3,5,OUT,SALE,4,2025-12-31,0,,0
7364,3,6,OUT,SALE,3,2025-01-01,0,,0
7365,3,6,OUT,SALE,2,2025-01-02,0,,0
7366,3,6,OUT,SALE,4,2025-01-03,0,,0
7367,3,6,OUT,SALE,3,2025-01-04,0,,0
7368,3,6,OUT,SALE,3,2025-01-05,0,,0
7369,3,6,OUT,SALE,3,2025-01-06,0,,0
7370,3,6,OUT,SALE,3,2025-01-07,0,,0
7371,3,6,OUT,SALE,3,2025-01-08,0,,0
7372,3,6,OUT,SALE,2,2025-01-09,0,,0
7373,3,6,OUT,SALE,3,2025-01-10,0,,0
7374,3,6,OUT,SALE,3,2025-01-11,0,,0
7375,3,6,OUT,SALE,3,2025-01-12,0,,0
7376,3,6,OUT,SALE,3,2025-01-13,0,,0
7377,3,6,OUT,SALE,3,2025-01-14,0,,0
7378,3,6,OUT,SALE,3,2025-01-15,0,,0
7379,3,6,OUT,SALE,3,2025-01-16,0,,0
7380,3,6,OUT,SALE,3,2025-01-17,0,,0
7381,3,6,OUT,SALE,4,2025-01-18,0,,0
7382,3,6,OUT,SALE,3,2025-01-19,0,,0
7383,3,6,OUT,SALE,3,2025-01-20,0,,0
7384,3,6,OUT,SALE,3,2025-01-21,0,,0
7385,3,6,OUT,SALE,3,2025-01-22,0,,0
7386,3,6,OUT,SALE,3,2025-01-23,0,,0
7387,3,6,OUT,SALE,3,2025-01-24,0,,0
7388,3,6,OUT,SALE,5,2025-01-25,0,,0
7389,3,6,OUT,SALE,5,2025-01-26,0,,0
7390,3,6,OUT,SALE,5,2025-01-27,0,,0
7391,3,6,OUT,SALE,5,2025-01-28,0,,0
7392,3,6,OUT,SALE,3,2025-01-29,0,,0
7393,3,6,OUT,SALE,3,2025-01-30,0,,0
7394,3,6,OUT,SALE,3,2025-01-31,0,,0
7395,3,6,OUT,SALE,3,2025-02-01,0,,0
7396,3,6,OUT,SALE,3,2025-02-02,0,,0
7397,3,6,OUT,SALE,3,2025-02-03,0,,0
7398,3,6,OUT,SALE,3,2025-02-04,0,,0
7399,3,6,OUT,SALE,3,2025-02-05,0,,0
7400,3,6,OUT,SALE,2,2025-02-06,0,,0
7401,3,6,OUT,SALE,3,2025-02-07,0,,0
7402,3,6,OUT,SALE,3,2025-02-08,0,,0
7403,3,6,OUT,SALE,3,2025-02-09,0,,0
7404,3,6,OUT,SALE,3,2025-02-10,0,,0
7405,3,6,OUT,SALE,2,2025-02-11,0,,0
7406,3,6,OUT,SALE,3,2025-02-12,0,,0
7407,3,6,OUT,SALE,3,2025-02-13,0,,0
7408,3,6,OUT,SALE,2,2025-02-14,0,,0
7409,3,6,OUT,SALE,3,2025-02-15,0,,0
7410,3,6,OUT,SALE,2,2025-02-16,0,,0
7411,3,6,OUT,SALE,3,2025-02-17,0,,0
7412,3,6,OUT,SALE,2,2025-02-18,0,,0
7413,3,6,OUT,SALE,2,2025-02-19,0,,0
7414,3,6,OUT,SALE,2,2025-02-20,0,,0
7415,3,6,OUT,SALE,3,2025-02-21,0,,0
7416,3,6,OUT,SALE,3,2025-02-22,0,,0
7417,3,6,OUT,SALE,3,2025-02-23,0,,0
7418,3,6,OUT,SALE,2,2025-02-24,0,,0
7419,3,6,OUT,SALE,3,2025-02-25,0,,0
7420,3,6,OUT,SALE,2,2025-02-26,0,,0
7421,3,6,OUT,SALE,2,2025-02-27,0,,0
7422,3,6,OUT,SALE,3,2025-02-28,0,,0
7423,3,6,OUT,SALE,2,2025-03-01,0,,0
7424,3,6,OUT,SALE,3,2025-03-02,0,,0
7425,3,6,OUT,SALE,2,2025-03-03,0,,0
7426,3,6,OUT,SALE,2,2025-03-04,0,,0
7427,3,6,OUT,SALE,2,2025-03-05,0,,0
7428,3,6,OUT,SALE,2,2025-03-06,0,,0
7429,3,6,OUT,SALE,9999,2025-03-07,1,DATA_ERROR,1
7430,3,6,OUT,SALE,2,2025-03-08,0,,0
7431,3,6,OUT,SALE,3,2025-03-09,0,,0
7432,3,6,OUT,SALE,2,2025-03-10,0,,0
7433,3,6,OUT,SALE,2,2025-03-11,0,,0
7434,3,6,OUT,SALE,2,2025-03-12,0,,0
7435,3,6,OUT,SALE,2,2025-03-13,0,,0
7436,3,6,OUT,SALE,2,2025-03-14,0,,0
7437,3,6,OUT,SALE,2,2025-03-15,0,,0
7438,3,6,OUT,SALE,3,2025-03-16,0,,0
7439,3,6,OUT,SALE,2,2025-03-17,0,,0
7440,3,6,OUT,SALE,2,2025-03-18,0,,0
7441,3,6,OUT,SALE,2,2025-03-19,0,,0
7442,3,6,OUT,SALE,3,2025-03-20,0,,0
7443,3,6,OUT,SALE,2,2025-03-21,0,,0
7444,3,6,OUT,SALE,3,2025-03-22,0,,0
7445,3,6,OUT,SALE,3,2025-03-23,0,,0
7446,3,6,OUT,SALE,2,2025-03-24,0,,0
7447,3,6,OUT,SALE,2,2025-03-25,0,,0
7448,3,6,OUT,SALE,2,2025-03-26,0,,0
7449,3,6,OUT,SALE,2,2025-03-27,0,,0
7450,3,6,OUT,SALE,2,2025-03-28,0,,0
7451,3,6,OUT,SALE,2,2025-03-29,0,,0
7452,3,6,OUT,SALE,2,2025-03-30,0,,0
7453,3,6,OUT,SALE,2,2025-03-31,0,,0
7454,3,6,OUT,SALE,1,2025-04-01,0,,0
7455,3,6,OUT,SALE,2,2025-04-02,0,,0
7456,3,6,OUT,SALE,2,2025-04-03,0,,0
7457,3,6,OUT,SALE,2,2025-04-04,0,,0
7458,3,6,OUT,SALE,1,2025-04-05,0,,0
7459,3,6,OUT,SALE,2,2025-04-06,0,,0
7460,3,6,OUT,SALE,2,2025-04-07,0,,0
7461,3,6,OUT,SALE,1,2025-04-08,0,,0
7462,3,6,OUT,SALE,2,2025-04-09,0,,0
7463,3,6,OUT,DAMAGE,4,2025-04-10,1,OFF_HOURS_BULK,0
7464,3,6,OUT,SALE,1,2025-04-11,0,,0
7465,3,6,OUT,SALE,2,2025-04-12,0,,0
7466,3,6,OUT,SALE,2,2025-04-13,0,,0
7467,3,6,OUT,SALE,1,2025-04-14,0,,0
7468,3,6,OUT,SALE,1,2025-04-15,0,,0
7469,3,6,OUT,SALE,2,2025-04-16,0,,0
7470,3,6,OUT,SALE,1,2025-04-17,0,,0
7471,3,6,OUT,SALE,2,2025-04-18,0,,0
7472,3,6,OUT,SALE,2,2025-04-19,0,,0
7473,3,6,OUT,SALE,2,2025-04-20,0,,0
7474,3,6,OUT,SALE,1,2025-04-21,0,,0
7475,3,6,OUT,SALE,1,2025-04-22,0,,0
7476,3,6,OUT,SALE,1,2025-04-23,0,,0
7477,3,6,OUT,SALE,2,2025-04-24,0,,0
7478,3,6,OUT,SALE,1,2025-04-25,0,,0
7479,3,6,OUT,SALE,2,2025-04-26,0,,0
7480,3,6,OUT,SALE,2,2025-04-27,0,,0
7481,3,6,OUT,SALE,1,2025-04-28,0,,0
7482,3,6,OUT,SALE,1,2025-04-29,0,,0
7483,3,6,OUT,SALE,1,2025-04-30,0,,0
7484,3,6,OUT,SALE,1,2025-05-01,0,,0
7485,3,6,OUT,SALE,1,2025-05-02,0,,0
7486,3,6,OUT,SALE,1,2025-05-03,0,,0
7487,3,6,OUT,SALE,1,2025-05-04,0,,0
7488,3,6,OUT,SALE,1,2025-05-05,0,,0
7489,3,6,OUT,SALE,1,2025-05-06,0,,0
7490,3,6,OUT,SALE,1,2025-05-07,0,,0
7491,3,6,OUT,SALE,1,2025-05-08,0,,0
7492,3,6,OUT,SALE,1,2025-05-09,0,,0
7493,3,6,OUT,SALE,1,2025-05-10,0,,0
7494,3,6,OUT,SALE,1,2025-05-11,0,,0
7495,3,6,OUT,SALE,1,2025-05-12,0,,0
7496,3,6,OUT,SALE,1,2025-05-13,0,,0
7497,3,6,OUT,SALE,1,2025-05-14,0,,0
7498,3,6,OUT,SALE,1,2025-05-15,0,,0
7499,3,6,OUT,SALE,1,2025-05-16,0,,0
7500,3,6,OUT,SALE,1,2025-05-17,0,,0
7501,3,6,OUT,SALE,1,2025-05-18,0,,0
7502,3,6,OUT,SALE,1,2025-05-19,0,,0
7503,3,6,OUT,SALE,1,2025-05-20,0,,0
7504,3,6,OUT,SALE,1,2025-05-21,0,,0
7505,3,6,OUT,SALE,1,2025-05-22,0,,0
7506,3,6,OUT,SALE,1,2025-05-23,0,,0
7507,3,6,OUT,SALE,1,2025-05-24,0,,0
7508,3,6,OUT,SALE,1,2025-05-25,0,,0
7509,3,6,OUT,SALE,1,2025-05-26,0,,0
7510,3,6,OUT,SALE,1,2025-05-27,0,,0
7511,3,6,OUT,SALE,1,2025-05-28,0,,0
7512,3,6,OUT,SALE,1,2025-05-29,0,,0
7513,3,6,OUT,SALE,1,2025-05-30,0,,0
7514,3,6,OUT,SALE,1,2025-05-31,0,,0
7515,3,6,OUT,SALE,1,2025-09-01,0,,0
7516,3,6,OUT,SALE,1,2025-09-02,0,,0
7517,3,6,OUT,SALE,1,2025-09-03,0,,0
7518,3,6,OUT,SALE,1,2025-09-04,0,,0
7519,3,6,OUT,SALE,1,2025-09-05,0,,0
7520,3,6,OUT,SALE,1,2025-09-06,0,,0
7521,3,6,OUT,SALE,1,2025-09-07,0,,0
7522,3,6,OUT,SALE,1,2025-09-08,0,,0
7523,3,6,OUT,SALE,1,2025-09-09,0,,0
7524,3,6,OUT,SALE,1,2025-09-10,0,,0
7525,3,6,OUT,SALE,1,2025-09-11,0,,0
7526,3,6,OUT,SALE,1,2025-09-12,0,,0
7527,3,6,OUT,SALE,1,2025-09-13,0,,0
7528,3,6,OUT,SALE,1,2025-09-14,0,,0
7529,3,6,OUT,SALE,1,2025-09-15,0,,0
7530,3,6,OUT,SALE,1,2025-09-16,0,,0
7531,3,6,OUT,SALE,1,2025-09-17,0,,0
7532,3,6,OUT,SALE,1,2025-09-18,0,,0
7533,3,6,OUT,SALE,1,2025-09-19,0,,0
7534,3,6,OUT,SALE,1,2025-09-20,0,,0
7535,3,6,OUT,SALE,1,2025-09-21,0,,0
7536,3,6,OUT,SALE,1,2025-09-22,0,,0
7537,3,6,OUT,SALE,1,2025-09-23,0,,0
7538,3,6,OUT,SALE,1,2025-09-24,0,,0
7539,3,6,OUT,SALE,1,2025-09-25,0,,0
7540,3,6,OUT,SALE,1,2025-09-26,0,,0
7541,3,6,OUT,SALE,1,2025-09-27,0,,0
7542,3,6,OUT,SALE,1,2025-09-28,0,,0
7543,3,6,OUT,SALE,1,2025-09-29,0,,0
7544,3,6,OUT,SALE,1,2025-09-30,0,,0
7545,3,6,OUT,SALE,3,2025-10-01,0,,0
7546,3,6,OUT,SALE,3,2025-10-02,0,,0
7547,3,6,OUT,SALE,2,2025-10-03,0,,0
7548,3,6,OUT,SALE,1,2025-10-04,0,,0
7549,3,6,OUT,SALE,2,2025-10-05,0,,0
7550,3,6,OUT,SALE,1,2025-10-06,0,,0
7551,3,6,OUT,SALE,2,2025-10-07,0,,0
7552,3,6,OUT,SALE,2,2025-10-08,0,,0
7553,3,6,OUT,SALE,2,2025-10-09,0,,0
7554,3,6,OUT,SALE,1,2025-10-10,0,,0
7555,3,6,OUT,SALE,2,2025-10-11,0,,0
7556,3,6,OUT,SALE,2,2025-10-12,0,,0
7557,3,6,OUT,SALE,1,2025-10-13,0,,0
7558,3,6,OUT,SALE,2,2025-10-14,0,,0
7559,3,6,OUT,SALE,1,2025-10-15,0,,0
7560,3,6,OUT,SALE,2,2025-10-16,0,,0
7561,3,6,OUT,SALE,0,2025-10-17,1,DATA_ERROR,0
7562,3,6,OUT,SALE,2,2025-10-18,0,,0
7563,3,6,OUT,DAMAGE,4,2025-10-19,1,REPEATED_LOSS,0
7564,3,6,OUT,SALE,2,2025-10-20,0,,0
7565,3,6,OUT,SALE,1,2025-10-21,0,,0
7566,3,6,OUT,SALE,1,2025-10-22,0,,0
7567,3,6,OUT,SALE,1,2025-10-23,0,,0
7568,3,6,OUT,SALE,2,2025-10-24,0,,0
7569,3,6,OUT,SALE,2,2025-10-25,0,,0
7570,3,6,OUT,SALE,1,2025-10-26,0,,0
7571,3,6,OUT,SALE,2,2025-10-27,0,,0
7572,3,6,OUT,SALE,2,2025-10-28,0,,0
7573,3,6,OUT,SALE,2,2025-10-29,0,,0
7574,3,6,OUT,SALE,1,2025-10-30,0,,0
7575,3,6,OUT,SALE,2,2025-10-31,0,,0
7576,3,6,OUT,SALE,3,2025-11-01,0,,0
7577,3,6,OUT,SALE,2,2025-11-02,0,,0
7578,3,6,OUT,SALE,2,2025-11-03,0,,0
7579,3,6,OUT,SALE,2,2025-11-04,0,,0
7580,3,6,OUT,SALE,2,2025-11-05,0,,0
7581,3,6,OUT,SALE,2,2025-11-06,0,,0
7582,3,6,OUT,SALE,2,2025-11-07,0,,0
7583,3,6,OUT,SALE,3,2025-11-08,0,,0
7584,3,6,OUT,SALE,3,2025-11-09,0,,0
7585,3,6,OUT,SALE,2,2025-11-10,0,,0
7586,3,6,OUT,SALE,2,2025-11-11,0,,0
7587,3,6,OUT,SALE,2,2025-11-12,0,,0
7588,3,6,OUT,SALE,2,2025-11-13,0,,0
7589,3,6,OUT,SALE,2,2025-11-14,0,,0
7590,3,6,OUT,SALE,3,2025-11-15,0,,0
7591,3,6,OUT,SALE,3,2025-11-16,0,,0
7592,3,6,OUT,SALE,2,2025-11-17,0,,0
7593,3,6,OUT,SALE,2,2025-11-18,0,,0
7594,3,6,OUT,SALE,3,2025-11-19,0,,0
7595,3,6,OUT,SALE,2,2025-11-20,0,,0
7596,3,6,OUT,SALE,2,2025-11-21,0,,0
7597,3,6,OUT,SALE,2,2025-11-22,0,,0
7598,3,6,OUT,SALE,2,2025-11-23,0,,0
7599,3,6,OUT,SALE,2,2025-11-24,0,,0
7600,3,6,OUT,SALE,2,2025-11-25,0,,0
7601,3,6,OUT,SALE,2,2025-11-26,0,,0
7602,3,6,OUT,SALE,2,2025-11-27,0,,0
7603,3,6,OUT,SALE,5,2025-11-28,0,,0
7604,3,6,OUT,SALE,6,2025-11-29,0,,0
7605,3,6,OUT,SALE,6,2025-11-30,0,,0
7606,3,6,OUT,SALE,3,2025-12-01,0,,0
7607,3,6,OUT,SALE,2,2025-12-02,0,,0
7608,3,6,OUT,SALE,2,2025-12-03,0,,0
7609,3,6,OUT,SALE,3,2025-12-04,0,,0
7610,3,6,OUT,SALE,3,2025-12-05,0,,0
7611,3,6,OUT,SALE,3,2025-12-06,0,,0
7612,3,6,OUT,SALE,4,2025-12-07,0,,0
7613,3,6,OUT,SALE,2,2025-12-08,0,,0
7614,3,6,OUT,SALE,3,2025-12-09,0,,0
7615,3,6,OUT,SALE,3,2025-12-10,0,,0
7616,3,6,OUT,SALE,2,2025-12-11,0,,0
7617,3,6,OUT,SALE,3,2025-12-12,0,,0
7618,3,6,OUT,SALE,3,2025-12-13,0,,0
7619,3,6,OUT,SALE,3,2025-12-14,0,,0
7620,3,6,OUT,SALE,3,2025-12-15,0,,0
7621,3,6,OUT,SALE,3,2025-12-16,0,,0
7622,3,6,OUT,SALE,2,2025-12-17,0,,0
7623,3,6,OUT,SALE,3,2025-12-18,0,,0
7624,3,6,OUT,SALE,2,2025-12-19,0,,0
7625,3,6,OUT,SALE,3,2025-12-20,0,,0
7626,3,6,OUT,SALE,3,2025-12-21,0,,0
7627,3,6,OUT,SALE,3,2025-12-22,0,,0
7628,3,6,OUT,SALE,3,2025-12-23,0,,0
7629,3,6,OUT,SALE,4,2025-12-24,0,,0
7630,3,6,OUT,DAMAGE,24,2025-12-25,1,THEFT_SPIKE,0
7631,3,6,OUT,SALE,5,2025-12-26,0,,0
7632,3,6,OUT,SALE,3,2025-12-27,0,,0
7633,3,6,OUT,SALE,3,2025-12-28,0,,0
7634,3,6,OUT,SALE,3,2025-12-29,0,,0
7635,3,6,OUT,SALE,3,2025-12-30,0,,0
7636,3,6,OUT,SALE,3,2025-12-31,0,,0
7637,3,7,OUT,SALE,10,2025-01-01,0,,0
7638,3,7,OUT,SALE,9,2025-01-02,0,,0
7639,3,7,OUT,SALE,11,2025-01-03,0,,0
7640,3,7,OUT,SALE,0,2025-01-04,1,DATA_ERROR,0
7641,3,7,OUT,SALE,11,2025-01-05,0,,0
7642,3,7,OUT,SALE,11,2025-01-06,0,,0
7643,3,7,OUT,SALE,8,2025-01-07,0,,0
7644,3,7,OUT,SALE,9,2025-01-08,0,,0
7645,3,7,OUT,SALE,10,2025-01-09,0,,0
7646,3,7,OUT,SALE,10,2025-01-10,0,,0
7647,3,7,OUT,SALE,10,2025-01-11,0,,0
7648,3,7,OUT,SALE,9,2025-01-12,0,,0
7649,3,7,OUT,SALE,10,2025-01-13,0,,0
7650,3,7,OUT,SALE,10,2025-01-14,0,,0
7651,3,7,OUT,SALE,8,2025-01-15,0,,0
7652,3,7,OUT,SALE,8,2025-01-16,0,,0
7653,3,7,OUT,SALE,9,2025-01-17,0,,0
7654,3,7,OUT,SALE,11,2025-01-18,0,,0
7655,3,7,OUT,SALE,10,2025-01-19,0,,0
7656,3,7,OUT,SALE,10,2025-01-20,0,,0
7657,3,7,OUT,SALE,8,2025-01-21,0,,0
7658,3,7,OUT,SALE,7,2025-01-22,0,,0
7659,3,7,OUT,SALE,9,2025-01-23,0,,0
7660,3,7,OUT,SALE,9,2025-01-24,0,,0
7661,3,7,OUT,SALE,18,2025-01-25,0,,0
7662,3,7,OUT,SALE,16,2025-01-26,0,,0
7663,3,7,OUT,SALE,13,2025-01-27,0,,0
7664,3,7,OUT,SALE,15,2025-01-28,0,,0
7665,3,7,OUT,SALE,10,2025-01-29,0,,0
7666,3,7,OUT,SALE,10,2025-01-30,0,,0
7667,3,7,OUT,SALE,10,2025-01-31,0,,0
7668,3,7,OUT,SALE,10,2025-02-01,0,,0
7669,3,7,OUT,SALE,9,2025-02-02,0,,0
7670,3,7,OUT,SALE,10,2025-02-03,0,,0
7671,3,7,OUT,SALE,10,2025-02-04,0,,0
7672,3,7,OUT,SALE,10,2025-02-05,0,,0
7673,3,7,OUT,SALE,7,2025-02-06,0,,0
7674,3,7,OUT,SALE,8,2025-02-07,0,,0
7675,3,7,OUT,SALE,11,2025-02-08,0,,0
7676,3,7,OUT,SALE,11,2025-02-09,0,,0
7677,3,7,OUT,SALE,10,2025-02-10,0,,0
7678,3,7,OUT,SALE,9,2025-02-11,0,,0
7679,3,7,OUT,SALE,10,2025-02-12,0,,0
7680,3,7,OUT,SALE,9,2025-02-13,0,,0
7681,3,7,OUT,SALE,10,2025-02-14,0,,0
7682,3,7,OUT,SALE,11,2025-02-15,0,,0
7683,3,7,OUT,SALE,11,2025-02-16,0,,0
7684,3,7,OUT,SALE,9,2025-02-17,0,,0
7685,3,7,OUT,SALE,9,2025-02-18,0,,0
7686,3,7,OUT,SALE,10,2025-02-19,0,,0
7687,3,7,OUT,SALE,10,2025-02-20,0,,0
7688,3,7,OUT,SALE,10,2025-02-21,0,,0
7689,3,7,OUT,SALE,12,2025-02-22,0,,0
7690,3,7,OUT,SALE,11,2025-02-23,0,,0
7691,3,7,OUT,SALE,9,2025-02-24,0,,0
7692,3,7,OUT,SALE,10,2025-02-25,0,,0
7693,3,7,OUT,SALE,8,2025-02-26,0,,0
7694,3,7,OUT,SALE,8,2025-02-27,0,,0
7695,3,7,OUT,SALE,10,2025-02-28,0,,0
7696,3,7,OUT,SALE,12,2025-03-01,0,,0
7697,3,7,OUT,SALE,10,2025-03-02,0,,0
7698,3,7,OUT,SALE,10,2025-03-03,0,,0
7699,3,7,OUT,SALE,9,2025-03-04,0,,0
7700,3,7,OUT,SALE,10,2025-03-05,0,,0
7701,3,7,OUT,SALE,11,2025-03-06,0,,0
7702,3,7,OUT,SALE,11,2025-03-07,0,,0
7703,3,7,OUT,SALE,12,2025-03-08,0,,0
7704,3,7,OUT,SALE,11,2025-03-09,0,,0
7705,3,7,OUT,SALE,9,2025-03-10,0,,0
7706,3,7,OUT,SALE,12,2025-03-11,0,,0
7707,3,7,OUT,SALE,11,2025-03-12,0,,0
7708,3,7,OUT,SALE,9,2025-03-13,0,,0
7709,3,7,OUT,SALE,11,2025-03-14,0,,0
7710,3,7,OUT,SALE,12,2025-03-15,0,,0
7711,3,7,OUT,SALE,11,2025-03-16,0,,0
7712,3,7,OUT,SALE,11,2025-03-17,0,,0
7713,3,7,OUT,SALE,9,2025-03-18,0,,0
7714,3,7,OUT,SALE,10,2025-03-19,0,,0
7715,3,7,OUT,SALE,10,2025-03-20,0,,0
7716,3,7,OUT,SALE,10,2025-03-21,0,,0
7717,3,7,OUT,SALE,13,2025-03-22,0,,0
7718,3,7,OUT,SALE,14,2025-03-23,0,,0
7719,3,7,OUT,SALE,9,2025-03-24,0,,0
7720,3,7,OUT,SALE,8,2025-03-25,0,,0
7721,3,7,OUT,SALE,8,2025-03-26,0,,0
7722,3,7,OUT,SALE,10,2025-03-27,0,,0
7723,3,7,OUT,SALE,9,2025-03-28,0,,0
7724,3,7,OUT,SALE,12,2025-03-29,0,,0
7725,3,7,OUT,SALE,12,2025-03-30,0,,0
7726,3,7,OUT,SALE,8,2025-03-31,0,,0
7727,3,7,OUT,SALE,9,2025-04-01,0,,0
7728,3,7,OUT,SALE,12,2025-04-02,0,,0
7729,3,7,OUT,SALE,11,2025-04-03,0,,0
7730,3,7,OUT,SALE,11,2025-04-04,0,,0
7731,3,7,OUT,SALE,10,2025-04-05,0,,0
7732,3,7,OUT,SALE,14,2025-04-06,0,,0
7733,3,7,OUT,SALE,13,2025-04-07,0,,0
7734,3,7,OUT,SALE,12,2025-04-08,0,,0
7735,3,7,OUT,SALE,10,2025-04-09,0,,0
7736,3,7,OUT,SALE,11,2025-04-10,0,,0
7737,3,7,OUT,SALE,9,2025-04-11,0,,0
7738,3,7,OUT,SALE,15,2025-04-12,0,,0
7739,3,7,OUT,SALE,13,2025-04-13,0,,0
7740,3,7,OUT,SALE,9,2025-04-14,0,,0
7741,3,7,OUT,SALE,11,2025-04-15,0,,0
7742,3,7,OUT,SALE,12,2025-04-16,0,,0
7743,3,7,OUT,SALE,11,2025-04-17,0,,0
7744,3,7,OUT,SALE,11,2025-04-18,0,,0
7745,3,7,OUT,SALE,11,2025-04-19,0,,0
7746,3,7,OUT,SALE,14,2025-04-20,0,,0
7747,3,7,OUT,SALE,10,2025-04-21,0,,0
7748,3,7,OUT,SALE,8,2025-04-22,0,,0
7749,3,7,OUT,SALE,11,2025-04-23,0,,0
7750,3,7,OUT,SALE,13,2025-04-24,0,,0
7751,3,7,OUT,SALE,11,2025-04-25,0,,0
7752,3,7,OUT,SALE,16,2025-04-26,0,,0
7753,3,7,OUT,SALE,14,2025-04-27,0,,0
7754,3,7,OUT,SALE,12,2025-04-28,0,,0
7755,3,7,OUT,SALE,11,2025-04-29,0,,0
7756,3,7,OUT,SALE,11,2025-04-30,0,,0
7757,3,7,OUT,SALE,12,2025-05-01,0,,0
7758,3,7,OUT,SALE,12,2025-05-02,0,,0
7759,3,7,OUT,SALE,15,2025-05-03,0,,0
7760,3,7,OUT,SALE,13,2025-05-04,0,,0
7761,3,7,OUT,SALE,11,2025-05-05,0,,0
7762,3,7,OUT,SALE,11,2025-05-06,0,,0
7763,3,7,OUT,SALE,15,2025-05-07,0,,0
7764,3,7,OUT,SALE,13,2025-05-08,0,,0
7765,3,7,OUT,SALE,13,2025-05-09,0,,0
7766,3,7,OUT,SALE,12,2025-05-10,0,,0
7767,3,7,OUT,SALE,15,2025-05-11,0,,0
7768,3,7,OUT,SALE,12,2025-05-12,0,,0
7769,3,7,OUT,SALE,13,2025-05-13,0,,0
7770,3,7,OUT,SALE,11,2025-05-14,0,,0
7771,3,7,OUT,SALE,13,2025-05-15,0,,0
7772,3,7,OUT,SALE,12,2025-05-16,0,,0
7773,3,7,OUT,SALE,13,2025-05-17,0,,0
7774,3,7,OUT,SALE,16,2025-05-18,0,,0
7775,3,7,OUT,SALE,10,2025-05-19,0,,0
7776,3,7,OUT,SALE,13,2025-05-20,0,,0
7777,3,7,OUT,SALE,13,2025-05-21,0,,0
7778,3,7,OUT,SALE,11,2025-05-22,0,,0
7779,3,7,OUT,SALE,11,2025-05-23,0,,0
7780,3,7,OUT,SALE,14,2025-05-24,0,,0
7781,3,7,OUT,SALE,15,2025-05-25,0,,0
7782,3,7,OUT,SALE,12,2025-05-26,0,,0
7783,3,7,OUT,SALE,13,2025-05-27,0,,0
7784,3,7,OUT,SALE,15,2025-05-28,0,,0
7785,3,7,OUT,SALE,12,2025-05-29,0,,0
7786,3,7,OUT,SALE,10,2025-05-30,0,,0
7787,3,7,OUT,SALE,16,2025-05-31,0,,0
7788,3,7,OUT,SALE,18,2025-06-01,0,,0
7789,3,7,OUT,SALE,14,2025-06-02,0,,0
7790,3,7,OUT,SALE,11,2025-06-03,0,,0
7791,3,7,OUT,SALE,13,2025-06-04,0,,0
7792,3,7,OUT,SALE,11,2025-06-05,0,,0
7793,3,7,OUT,SALE,14,2025-06-06,0,,0
7794,3,7,OUT,SALE,13,2025-06-07,0,,0
7795,3,7,OUT,SALE,15,2025-06-08,0,,0
7796,3,7,OUT,SALE,12,2025-06-09,0,,0
7797,3,7,OUT,SALE,13,2025-06-10,0,,0
7798,3,7,OUT,SALE,13,2025-06-11,0,,0
7799,3,7,OUT,SALE,14,2025-06-12,0,,0
7800,3,7,OUT,SALE,13,2025-06-13,0,,0
7801,3,7,OUT,SALE,13,2025-06-14,0,,0
7802,3,7,OUT,SALE,16,2025-06-15,0,,0
7803,3,7,OUT,SALE,13,2025-06-16,0,,0
7804,3,7,OUT,SALE,12,2025-06-17,0,,0
7805,3,7,OUT,DAMAGE,129,2025-06-18,1,OFF_HOURS_BULK,1
7806,3,7,OUT,SALE,14,2025-06-19,0,,0
7807,3,7,OUT,SALE,13,2025-06-20,0,,0
7808,3,7,OUT,SALE,18,2025-06-21,0,,0
7809,3,7,OUT,SALE,19,2025-06-22,0,,0
7810,3,7,OUT,SALE,13,2025-06-23,0,,0
7811,3,7,OUT,SALE,14,2025-06-24,0,,0
7812,3,7,OUT,SALE,12,2025-06-25,0,,0
7813,3,7,OUT,SALE,13,2025-06-26,0,,0
7814,3,7,OUT,SALE,13,2025-06-27,0,,0
7815,3,7,OUT,SALE,16,2025-06-28,0,,0
7816,3,7,OUT,SALE,16,2025-06-29,0,,0
7817,3,7,OUT,SALE,14,2025-06-30,0,,0
7818,3,7,OUT,SALE,14,2025-07-01,0,,0
7819,3,7,OUT,SALE,12,2025-07-02,0,,0
7820,3,7,OUT,SALE,12,2025-07-03,0,,0
7821,3,7,OUT,SALE,13,2025-07-04,0,,0
7822,3,7,OUT,SALE,15,2025-07-05,0,,0
7823,3,7,OUT,SALE,18,2025-07-06,0,,0
7824,3,7,OUT,SALE,12,2025-07-07,0,,0
7825,3,7,OUT,SALE,13,2025-07-08,0,,0
7826,3,7,OUT,SALE,15,2025-07-09,0,,0
7827,3,7,OUT,SALE,13,2025-07-10,0,,0
7828,3,7,OUT,SALE,14,2025-07-11,0,,0
7829,3,7,OUT,SALE,15,2025-07-12,0,,0
7830,3,7,OUT,SALE,16,2025-07-13,0,,0
7831,3,7,OUT,SALE,13,2025-07-14,0,,0
7832,3,7,OUT,SALE,15,2025-07-15,0,,0
7833,3,7,OUT,SALE,11,2025-07-16,0,,0
7834,3,7,OUT,SALE,13,2025-07-17,0,,0
7835,3,7,OUT,SALE,14,2025-07-18,0,,0
7836,3,7,OUT,SALE,17,2025-07-19,0,,0
7837,3,7,OUT,SALE,40,2025-07-20,0,,1
7838,3,7,OUT,SALE,28,2025-07-21,0,,0
7839,3,7,OUT,SALE,35,2025-07-22,0,,0
7840,3,7,OUT,SALE,27,2025-07-23,0,,0
7841,3,7,OUT,SALE,35,2025-07-24,0,,0
7842,3,7,OUT,SALE,33,2025-07-25,0,,0
7843,3,7,OUT,SALE,14,2025-07-26,0,,0
7844,3,7,OUT,DAMAGE,36,2025-07-27,1,REPEATED_LOSS,0
7845,3,7,OUT,SALE,13,2025-07-28,0,,0
7846,3,7,OUT,SALE,15,2025-07-29,0,,0
7847,3,7,OUT,SALE,13,2025-07-30,0,,0
7848,3,7,OUT,SALE,13,2025-07-31,0,,0
7849,3,7,OUT,SALE,15,2025-08-01,0,,0
7850,3,7,OUT,SALE,15,2025-08-02,0,,0
7851,3,7,OUT,SALE,17,2025-08-03,0,,0
7852,3,7,OUT,SALE,13,2025-08-04,0,,0
7853,3,7,OUT,SALE,16,2025-08-05,0,,0
7854,3,7,OUT,SALE,12,2025-08-06,0,,0
7855,3,7,OUT,SALE,12,2025-08-07,0,,0
7856,3,7,OUT,SALE,16,2025-08-08,0,,0
7857,3,7,OUT,SALE,14,2025-08-09,0,,0
7858,3,7,OUT,SALE,18,2025-08-10,0,,0
7859,3,7,OUT,SALE,15,2025-08-11,0,,0
7860,3,7,OUT,SALE,13,2025-08-12,0,,0
7861,3,7,OUT,SALE,10,2025-08-13,0,,0
7862,3,7,OUT,SALE,13,2025-08-14,0,,0
7863,3,7,OUT,SALE,13,2025-08-15,0,,0
7864,3,7,OUT,SALE,17,2025-08-16,0,,0
7865,3,7,OUT,SALE,18,2025-08-17,0,,0
7866,3,7,OUT,SALE,12,2025-08-18,0,,0
7867,3,7,OUT,SALE,14,2025-08-19,0,,0
7868,3,7,OUT,SALE,14,2025-08-20,0,,0
7869,3,7,OUT,SALE,15,2025-08-21,0,,0
7870,3,7,OUT,SALE,14,2025-08-22,0,,0
7871,3,7,OUT,SALE,12,2025-08-23,0,,0
7872,3,7,OUT,SALE,15,2025-08-24,0,,0
7873,3,7,OUT,SALE,11,2025-08-25,0,,0
7874,3,7,OUT,SALE,13,2025-08-26,0,,0
7875,3,7,OUT,SALE,15,2025-08-27,0,,0
7876,3,7,OUT,SALE,14,2025-08-28,0,,0
7877,3,7,OUT,SALE,15,2025-08-29,0,,0
7878,3,7,OUT,SALE,16,2025-08-30,0,,0
7879,3,7,OUT,SALE,13,2025-08-31,0,,0
7880,3,7,OUT,SALE,9,2025-09-01,0,,0
7881,3,7,OUT,SALE,13,2025-09-02,0,,0
7882,3,7,OUT,SALE,12,2025-09-03,0,,0
7883,3,7,OUT,SALE,11,2025-09-04,0,,0
7884,3,7,OUT,SALE,10,2025-09-05,0,,0
7885,3,7,OUT,SALE,13,2025-09-06,0,,0
7886,3,7,OUT,SALE,14,2025-09-07,0,,0
7887,3,7,OUT,SALE,13,2025-09-08,0,,0
7888,3,7,OUT,SALE,13,2025-09-09,0,,0
7889,3,7,OUT,SALE,15,2025-09-10,0,,0
7890,3,7,OUT,SALE,11,2025-09-11,0,,0
7891,3,7,OUT,SALE,14,2025-09-12,0,,0
7892,3,7,OUT,SALE,14,2025-09-13,0,,0
7893,3,7,OUT,SALE,15,2025-09-14,0,,0
7894,3,7,OUT,SALE,12,2025-09-15,0,,0
7895,3,7,OUT,SALE,14,2025-09-16,0,,0
7896,3,7,OUT,SALE,13,2025-09-17,0,,0
7897,3,7,OUT,SALE,11,2025-09-18,0,,0
7898,3,7,OUT,SALE,12,2025-09-19,0,,0
7899,3,7,OUT,SALE,14,2025-09-20,0,,0
7900,3,7,OUT,SALE,15,2025-09-21,0,,0
7901,3,7,OUT,SALE,11,2025-09-22,0,,0
7902,3,7,OUT,SALE,12,2025-09-23,0,,0
7903,3,7,OUT,SALE,13,2025-09-24,0,,0
7904,3,7,OUT,SALE,12,2025-09-25,0,,0
7905,3,7,OUT,SALE,14,2025-09-26,0,,0
7906,3,7,OUT,SALE,16,2025-09-27,0,,0
7907,3,7,OUT,SALE,14,2025-09-28,0,,0
7908,3,7,OUT,SALE,13,2025-09-29,0,,0
7909,3,7,OUT,SALE,24,2025-09-30,0,,0
7910,3,7,OUT,SALE,22,2025-10-01,0,,0
7911,3,7,OUT,SALE,17,2025-10-02,0,,0
7912,3,7,OUT,SALE,21,2025-10-03,0,,0
7913,3,7,OUT,SALE,11,2025-10-04,0,,0
7914,3,7,OUT,SALE,15,2025-10-05,0,,0
7915,3,7,OUT,SALE,11,2025-10-06,0,,0
7916,3,7,OUT,SALE,11,2025-10-07,0,,0
7917,3,7,OUT,SALE,12,2025-10-08,0,,0
7918,3,7,OUT,SALE,12,2025-10-09,0,,0
7919,3,7,OUT,SALE,10,2025-10-10,0,,0
7920,3,7,OUT,SALE,13,2025-10-11,0,,0
7921,3,7,OUT,SALE,12,2025-10-12,0,,0
7922,3,7,OUT,SALE,9,2025-10-13,0,,0
7923,3,7,OUT,SALE,10,2025-10-14,0,,0
7924,3,7,OUT,SALE,11,2025-10-15,0,,0
7925,3,7,OUT,SALE,11,2025-10-16,0,,0
7926,3,7,OUT,SALE,9,2025-10-17,0,,0
7927,3,7,OUT,SALE,15,2025-10-18,0,,0
7928,3,7,OUT,SALE,13,2025-10-19,0,,0
7929,3,7,OUT,SALE,11,2025-10-20,0,,0
7930,3,7,OUT,SALE,12,2025-10-21,0,,0
7931,3,7,OUT,SALE,10,2025-10-22,0,,0
7932,3,7,OUT,SALE,12,2025-10-23,0,,0
7933,3,7,OUT,SALE,11,2025-10-24,0,,0
7934,3,7,OUT,SALE,12,2025-10-25,0,,0
7935,3,7,OUT,SALE,14,2025-10-26,0,,0
7936,3,7,OUT,SALE,13,2025-10-27,0,,0
7937,3,7,OUT,SALE,12,2025-10-28,0,,0
7938,3,7,OUT,SALE,13,2025-10-29,0,,0
7939,3,7,OUT,SALE,11,2025-10-30,0,,0
7940,3,7,OUT,SALE,9,2025-10-31,0,,0
7941,3,7,OUT,SALE,14,2025-11-01,0,,0
7942,3,7,OUT,SALE,15,2025-11-02,0,,0
7943,3,7,OUT,SALE,12,2025-11-03,0,,0
7944,3,7,OUT,SALE,10,2025-11-04,0,,0
7945,3,7,OUT,SALE,9,2025-11-05,0,,0
7946,3,7,OUT,SALE,9,2025-11-06,0,,0
7947,3,7,OUT,SALE,8,2025-11-07,0,,0
7948,3,7,OUT,SALE,12,2025-11-08,0,,0
7949,3,7,OUT,SALE,14,2025-11-09,0,,0
7950,3,7,OUT,SALE,10,2025-11-10,0,,0
7951,3,7,OUT,SALE,11,2025-11-11,0,,0
7952,3,7,OUT,SALE,12,2025-11-12,0,,0
7953,3,7,OUT,SALE,10,2025-11-13,0,,0
7954,3,7,OUT,SALE,13,2025-11-14,0,,0
7955,3,7,OUT,SALE,14,2025-11-15,0,,0
7956,3,7,OUT,SALE,11,2025-11-16,0,,0
7957,3,7,OUT,SALE,9,2025-11-17,0,,0
7958,3,7,OUT,SALE,11,2025-11-18,0,,0
7959,3,7,OUT,SALE,10,2025-11-19,0,,0
7960,3,7,OUT,DAMAGE,71,2025-11-20,1,THEFT_SPIKE,1
7961,3,7,OUT,SALE,12,2025-11-21,0,,0
7962,3,7,OUT,SALE,13,2025-11-22,0,,0
7963,3,7,OUT,SALE,12,2025-11-23,0,,0
7964,3,7,OUT,SALE,9,2025-11-24,0,,0
7965,3,7,OUT,SALE,9,2025-11-25,0,,0
7966,3,7,OUT,SALE,10,2025-11-26,0,,0
7967,3,7,OUT,SALE,10,2025-11-27,0,,0
7968,3,7,OUT,SALE,24,2025-11-28,0,,0
7969,3,7,OUT,SALE,33,2025-11-29,0,,0
7970,3,7,OUT,SALE,32,2025-11-30,0,,0
7971,3,7,OUT,SALE,11,2025-12-01,0,,0
7972,3,7,OUT,SALE,8,2025-12-02,0,,0
7973,3,7,OUT,SALE,9,2025-12-03,0,,0
7974,3,7,OUT,SALE,10,2025-12-04,0,,0
7975,3,7,OUT,SALE,10,2025-12-05,0,,0
7976,3,7,OUT,SALE,13,2025-12-06,0,,0
7977,3,7,OUT,SALE,11,2025-12-07,0,,0
7978,3,7,OUT,SALE,11,2025-12-08,0,,0
7979,3,7,OUT,SALE,10,2025-12-09,0,,0
7980,3,7,OUT,SALE,11,2025-12-10,0,,0
7981,3,7,OUT,SALE,9,2025-12-11,0,,0
7982,3,7,OUT,SALE,9,2025-12-12,0,,0
7983,3,7,OUT,SALE,12,2025-12-13,0,,0
7984,3,7,OUT,SALE,13,2025-12-14,0,,0
7985,3,7,OUT,SALE,10,2025-12-15,0,,0
7986,3,7,OUT,SALE,9,2025-12-16,0,,0
7987,3,7,OUT,SALE,11,2025-12-17,0,,0
7988,3,7,OUT,SALE,7,2025-12-18,0,,0
7989,3,7,OUT,SALE,8,2025-12-19,0,,0
7990,3,7,OUT,SALE,12,2025-12-20,0,,0
7991,3,7,OUT,SALE,11,2025-12-21,0,,0
7992,3,7,OUT,SALE,10,2025-12-22,0,,0
7993,3,7,OUT,SALE,9,2025-12-23,0,,0
7994,3,7,OUT,SALE,17,2025-12-24,0,,0
7995,3,7,OUT,SALE,14,2025-12-25,0,,0
7996,3,7,OUT,SALE,17,2025-12-26,0,,0
7997,3,7,OUT,SALE,12,2025-12-27,0,,0
7998,3,7,OUT,SALE,12,2025-12-28,0,,0
7999,3,7,OUT,SALE,12,2025-12-29,0,,0
8000,3,7,OUT,SALE,10,2025-12-30,0,,0
8001,3,7,OUT,SALE,10,2025-12-31,0,,0
8002,3,8,OUT,SALE,16,2025-01-01,0,,0
8003,3,8,OUT,SALE,18,2025-01-02,0,,0
8004,3,8,OUT,SALE,19,2025-01-03,0,,0
8005,3,8,OUT,SALE,26,2025-01-04,0,,0
8006,3,8,OUT,SALE,21,2025-01-05,0,,0
8007,3,8,OUT,SALE,22,2025-01-06,0,,0
8008,3,8,OUT,SALE,20,2025-01-07,0,,0
8009,3,8,OUT,SALE,19,2025-01-08,0,,0
8010,3,8,OUT,SALE,20,2025-01-09,0,,0
8011,3,8,OUT,SALE,19,2025-01-10,0,,0
8012,3,8,OUT,SALE,21,2025-01-11,0,,0
8013,3,8,OUT,SALE,18,2025-01-12,0,,0
8014,3,8,OUT,SALE,19,2025-01-13,0,,0
8015,3,8,OUT,SALE,19,2025-01-14,0,,0
8016,3,8,OUT,SALE,18,2025-01-15,0,,0
8017,3,8,OUT,SALE,21,2025-01-16,0,,0
8018,3,8,OUT,SALE,21,2025-01-17,0,,0
8019,3,8,OUT,SALE,23,2025-01-18,0,,0
8020,3,8,OUT,SALE,25,2025-01-19,0,,0
8021,3,8,OUT,SALE,21,2025-01-20,0,,0
8022,3,8,OUT,SALE,0,2025-01-21,1,DATA_ERROR,0
8023,3,8,OUT,SALE,19,2025-01-22,0,,0
8024,3,8,OUT,SALE,20,2025-01-23,0,,0
8025,3,8,OUT,SALE,21,2025-01-24,0,,0
8026,3,8,OUT,SALE,48,2025-01-25,0,,0
8027,3,8,OUT,SALE,47,2025-01-26,0,,0
8028,3,8,OUT,SALE,33,2025-01-27,0,,0
8029,3,8,OUT,SALE,35,2025-01-28,0,,0
8030,3,8,OUT,SALE,21,2025-01-29,0,,0
8031,3,8,OUT,SALE,22,2025-01-30,0,,0
8032,3,8,OUT,SALE,22,2025-01-31,0,,0
8033,3,8,OUT,SALE,23,2025-02-01,0,,0
8034,3,8,OUT,SALE,20,2025-02-02,0,,0
8035,3,8,OUT,SALE,18,2025-02-03,0,,0
8036,3,8,OUT,SALE,21,2025-02-04,0,,0
8037,3,8,OUT,SALE,21,2025-02-05,0,,0
8038,3,8,OUT,SALE,18,2025-02-06,0,,0
8039,3,8,OUT,SALE,20,2025-02-07,0,,0
8040,3,8,OUT,SALE,25,2025-02-08,0,,0
8041,3,8,OUT,SALE,20,2025-02-09,0,,0
8042,3,8,OUT,SALE,23,2025-02-10,0,,0
8043,3,8,OUT,SALE,19,2025-02-11,0,,0
8044,3,8,OUT,SALE,23,2025-02-12,0,,0
8045,3,8,OUT,SALE,19,2025-02-13,0,,0
8046,3,8,OUT,SALE,18,2025-02-14,0,,0
8047,3,8,OUT,SALE,22,2025-02-15,0,,0
8048,3,8,OUT,SALE,23,2025-02-16,0,,0
8049,3,8,OUT,SALE,19,2025-02-17,0,,0
8050,3,8,OUT,SALE,20,2025-02-18,0,,0
8051,3,8,OUT,SALE,21,2025-02-19,0,,0
8052,3,8,OUT,SALE,20,2025-02-20,0,,0
8053,3,8,OUT,SALE,20,2025-02-21,0,,0
8054,3,8,OUT,SALE,19,2025-02-22,0,,0
8055,3,8,OUT,SALE,25,2025-02-23,0,,0
8056,3,8,OUT,DAMAGE,57,2025-02-24,1,REPEATED_LOSS,0
8057,3,8,OUT,SALE,24,2025-02-25,0,,0
8058,3,8,OUT,SALE,18,2025-02-26,0,,0
8059,3,8,OUT,SALE,16,2025-02-27,0,,0
8060,3,8,OUT,SALE,22,2025-02-28,0,,0
8061,3,8,OUT,SALE,27,2025-03-01,0,,0
8062,3,8,OUT,SALE,22,2025-03-02,0,,0
8063,3,8,OUT,SALE,18,2025-03-03,0,,0
8064,3,8,OUT,SALE,26,2025-03-04,0,,0
8065,3,8,OUT,SALE,26,2025-03-05,0,,0
8066,3,8,OUT,SALE,16,2025-03-06,0,,0
8067,3,8,OUT,SALE,21,2025-03-07,0,,0
8068,3,8,OUT,SALE,31,2025-03-08,0,,0
8069,3,8,OUT,SALE,24,2025-03-09,0,,0
8070,3,8,OUT,SALE,21,2025-03-10,0,,0
8071,3,8,OUT,SALE,21,2025-03-11,0,,0
8072,3,8,OUT,SALE,19,2025-03-12,0,,0
8073,3,8,OUT,SALE,18,2025-03-13,0,,0
8074,3,8,OUT,SALE,25,2025-03-14,0,,0
8075,3,8,OUT,SALE,20,2025-03-15,0,,0
8076,3,8,OUT,SALE,26,2025-03-16,0,,0
8077,3,8,OUT,SALE,25,2025-03-17,0,,0
8078,3,8,OUT,SALE,18,2025-03-18,0,,0
8079,3,8,OUT,SALE,20,2025-03-19,0,,0
8080,3,8,OUT,SALE,25,2025-03-20,0,,0
8081,3,8,OUT,SALE,24,2025-03-21,0,,0
8082,3,8,OUT,SALE,24,2025-03-22,0,,0
8083,3,8,OUT,SALE,29,2025-03-23,0,,0
8084,3,8,OUT,SALE,25,2025-03-24,0,,0
8085,3,8,OUT,SALE,23,2025-03-25,0,,0
8086,3,8,OUT,SALE,20,2025-03-26,0,,0
8087,3,8,OUT,SALE,21,2025-03-27,0,,0
8088,3,8,OUT,SALE,23,2025-03-28,0,,0
8089,3,8,OUT,SALE,25,2025-03-29,0,,0
8090,3,8,OUT,SALE,28,2025-03-30,0,,0
8091,3,8,OUT,SALE,18,2025-03-31,0,,0
8092,3,8,OUT,SALE,20,2025-04-01,0,,0
8093,3,8,OUT,SALE,25,2025-04-02,0,,0
8094,3,8,OUT,SALE,23,2025-04-03,0,,0
8095,3,8,OUT,SALE,23,2025-04-04,0,,0
8096,3,8,OUT,SALE,22,2025-04-05,0,,0
8097,3,8,OUT,SALE,28,2025-04-06,0,,0
8098,3,8,OUT,SALE,24,2025-04-07,0,,0
8099,3,8,OUT,SALE,27,2025-04-08,0,,0
8100,3,8,OUT,SALE,25,2025-04-09,0,,0
8101,3,8,OUT,SALE,24,2025-04-10,0,,0
8102,3,8,OUT,SALE,28,2025-04-11,0,,0
8103,3,8,OUT,SALE,24,2025-04-12,0,,0
8104,3,8,OUT,SALE,0,2025-04-13,1,DATA_ERROR,0
8105,3,8,OUT,SALE,20,2025-04-14,0,,0
8106,3,8,OUT,SALE,22,2025-04-15,0,,0
8107,3,8,OUT,SALE,21,2025-04-16,0,,0
8108,3,8,OUT,SALE,27,2025-04-17,0,,0
8109,3,8,OUT,SALE,24,2025-04-18,0,,0
8110,3,8,OUT,DAMAGE,251,2025-04-19,1,THEFT_SPIKE,0
8111,3,8,OUT,SALE,25,2025-04-20,0,,0
8112,3,8,OUT,SALE,24,2025-04-21,0,,0
8113,3,8,OUT,SALE,22,2025-04-22,0,,0
8114,3,8,OUT,SALE,26,2025-04-23,0,,0
8115,3,8,OUT,SALE,22,2025-04-24,0,,0
8116,3,8,OUT,SALE,29,2025-04-25,0,,0
8117,3,8,OUT,SALE,23,2025-04-26,0,,0
8118,3,8,OUT,SALE,26,2025-04-27,0,,0
8119,3,8,OUT,SALE,30,2025-04-28,0,,0
8120,3,8,OUT,SALE,23,2025-04-29,0,,0
8121,3,8,OUT,SALE,21,2025-04-30,0,,0
8122,3,8,OUT,SALE,28,2025-05-01,0,,0
8123,3,8,OUT,SALE,26,2025-05-02,0,,0
8124,3,8,OUT,SALE,28,2025-05-03,0,,0
8125,3,8,OUT,SALE,27,2025-05-04,0,,0
8126,3,8,OUT,SALE,36,2025-05-05,0,,0
8127,3,8,OUT,SALE,26,2025-05-06,0,,0
8128,3,8,OUT,SALE,21,2025-05-07,0,,0
8129,3,8,OUT,SALE,32,2025-05-08,0,,0
8130,3,8,OUT,SALE,29,2025-05-09,0,,0
8131,3,8,OUT,SALE,28,2025-05-10,0,,0
8132,3,8,OUT,SALE,28,2025-05-11,0,,0
8133,3,8,OUT,SALE,29,2025-05-12,0,,0
8134,3,8,OUT,SALE,26,2025-05-13,0,,0
8135,3,8,OUT,SALE,21,2025-05-14,0,,0
8136,3,8,OUT,SALE,33,2025-05-15,0,,0
8137,3,8,OUT,SALE,26,2025-05-16,0,,0
8138,3,8,OUT,SALE,37,2025-05-17,0,,0
8139,3,8,OUT,SALE,36,2025-05-18,0,,0
8140,3,8,OUT,SALE,24,2025-05-19,0,,0
8141,3,8,OUT,SALE,30,2025-05-20,0,,0
8142,3,8,OUT,SALE,25,2025-05-21,0,,0
8143,3,8,OUT,SALE,21,2025-05-22,0,,0
8144,3,8,OUT,SALE,26,2025-05-23,0,,0
8145,3,8,OUT,SALE,33,2025-05-24,0,,0
8146,3,8,OUT,SALE,29,2025-05-25,0,,0
8147,3,8,OUT,SALE,26,2025-05-26,0,,0
8148,3,8,OUT,SALE,31,2025-05-27,0,,0
8149,3,8,OUT,SALE,27,2025-05-28,0,,0
8150,3,8,OUT,SALE,24,2025-05-29,0,,0
8151,3,8,OUT,SALE,29,2025-05-30,0,,0
8152,3,8,OUT,SALE,32,2025-05-31,0,,0
8153,3,8,OUT,SALE,23,2025-06-01,0,,0
8154,3,8,OUT,SALE,30,2025-06-02,0,,0
8155,3,8,OUT,SALE,30,2025-06-03,0,,0
8156,3,8,OUT,SALE,29,2025-06-04,0,,0
8157,3,8,OUT,SALE,32,2025-06-05,0,,0
8158,3,8,OUT,SALE,27,2025-06-06,0,,0
8159,3,8,OUT,SALE,35,2025-06-07,0,,0
8160,3,8,OUT,SALE,0,2025-06-08,1,DATA_ERROR,0
8161,3,8,OUT,SALE,30,2025-06-09,0,,0
8162,3,8,OUT,SALE,36,2025-06-10,0,,0
8163,3,8,OUT,SALE,25,2025-06-11,0,,0
8164,3,8,OUT,SALE,26,2025-06-12,0,,0
8165,3,8,OUT,SALE,26,2025-06-13,0,,0
8166,3,8,OUT,SALE,34,2025-06-14,0,,0
8167,3,8,OUT,SALE,29,2025-06-15,0,,0
8168,3,8,OUT,SALE,30,2025-06-16,0,,0
8169,3,8,OUT,SALE,32,2025-06-17,0,,0
8170,3,8,OUT,SALE,31,2025-06-18,0,,0
8171,3,8,OUT,SALE,23,2025-06-19,0,,0
8172,3,8,OUT,SALE,32,2025-06-20,0,,0
8173,3,8,OUT,SALE,37,2025-06-21,0,,0
8174,3,8,OUT,SALE,37,2025-06-22,0,,0
8175,3,8,OUT,SALE,30,2025-06-23,0,,0
8176,3,8,OUT,SALE,30,2025-06-24,0,,0
8177,3,8,OUT,SALE,32,2025-06-25,0,,0
8178,3,8,OUT,SALE,36,2025-06-26,0,,0
8179,3,8,OUT,SALE,26,2025-06-27,0,,0
8180,3,8,OUT,SALE,38,2025-06-28,0,,0
8181,3,8,OUT,SALE,33,2025-06-29,0,,0
8182,3,8,OUT,SALE,28,2025-06-30,0,,0
8183,3,8,OUT,SALE,24,2025-07-01,0,,0
8184,3,8,OUT,SALE,29,2025-07-02,0,,0
8185,3,8,OUT,SALE,26,2025-07-03,0,,0
8186,3,8,OUT,DAMAGE,265,2025-07-04,1,THEFT_SPIKE,0
8187,3,8,OUT,SALE,30,2025-07-05,0,,0
8188,3,8,OUT,SALE,32,2025-07-06,0,,0
8189,3,8,OUT,SALE,28,2025-07-07,0,,0
8190,3,8,OUT,SALE,30,2025-07-08,0,,0
8191,3,8,OUT,SALE,24,2025-07-09,0,,0
8192,3,8,OUT,SALE,24,2025-07-10,0,,0
8193,3,8,OUT,SALE,31,2025-07-11,0,,0
8194,3,8,OUT,SALE,31,2025-07-12,0,,0
8195,3,8,OUT,SALE,38,2025-07-13,0,,0
8196,3,8,OUT,SALE,30,2025-07-14,0,,0
8197,3,8,OUT,SALE,32,2025-07-15,0,,0
8198,3,8,OUT,SALE,35,2025-07-16,0,,0
8199,3,8,OUT,SALE,28,2025-07-17,0,,0
8200,3,8,OUT,SALE,28,2025-07-18,0,,0
8201,3,8,OUT,SALE,38,2025-07-19,0,,0
8202,3,8,OUT,SALE,79,2025-07-20,0,,0
8203,3,8,OUT,SALE,64,2025-07-21,0,,0
8204,3,8,OUT,SALE,76,2025-07-22,0,,0
8205,3,8,OUT,SALE,63,2025-07-23,0,,0
8206,3,8,OUT,SALE,65,2025-07-24,0,,0
8207,3,8,OUT,SALE,65,2025-07-25,0,,0
8208,3,8,OUT,SALE,30,2025-07-26,0,,0
8209,3,8,OUT,SALE,34,2025-07-27,0,,0
8210,3,8,OUT,SALE,35,2025-07-28,0,,0
8211,3,8,OUT,SALE,31,2025-07-29,0,,0
8212,3,8,OUT,SALE,30,2025-07-30,0,,0
8213,3,8,OUT,SALE,29,2025-07-31,0,,0
8214,3,8,OUT,SALE,30,2025-08-01,0,,0
8215,3,8,OUT,SALE,36,2025-08-02,0,,0
8216,3,8,OUT,SALE,36,2025-08-03,0,,0
8217,3,8,OUT,SALE,28,2025-08-04,0,,0
8218,3,8,OUT,SALE,30,2025-08-05,0,,0
8219,3,8,OUT,SALE,31,2025-08-06,0,,0
8220,3,8,OUT,SALE,25,2025-08-07,0,,0
8221,3,8,OUT,SALE,29,2025-08-08,0,,0
8222,3,8,OUT,SALE,25,2025-08-09,0,,0
8223,3,8,OUT,SALE,35,2025-08-10,0,,0
8224,3,8,OUT,SALE,31,2025-08-11,0,,0
8225,3,8,OUT,SALE,31,2025-08-12,0,,0
8226,3,8,OUT,SALE,28,2025-08-13,0,,0
8227,3,8,OUT,SALE,30,2025-08-14,0,,0
8228,3,8,OUT,SALE,34,2025-08-15,0,,0
8229,3,8,OUT,SALE,39,2025-08-16,0,,0
8230,3,8,OUT,SALE,33,2025-08-17,0,,0
8231,3,8,OUT,SALE,29,2025-08-18,0,,0
8232,3,8,OUT,SALE,33,2025-08-19,0,,0
8233,3,8,OUT,SALE,24,2025-08-20,0,,0
8234,3,8,OUT,SALE,28,2025-08-21,0,,0
8235,3,8,OUT,SALE,34,2025-08-22,0,,0
8236,3,8,OUT,SALE,37,2025-08-23,0,,0
8237,3,8,OUT,SALE,35,2025-08-24,0,,0
8238,3,8,OUT,SALE,24,2025-08-25,0,,0
8239,3,8,OUT,SALE,29,2025-08-26,0,,0
8240,3,8,OUT,SALE,27,2025-08-27,0,,0
8241,3,8,OUT,SALE,30,2025-08-28,0,,0
8242,3,8,OUT,SALE,26,2025-08-29,0,,0
8243,3,8,OUT,SALE,29,2025-08-30,0,,0
8244,3,8,OUT,SALE,25,2025-08-31,0,,0
8245,3,8,OUT,SALE,31,2025-09-01,0,,0
8246,3,8,OUT,SALE,26,2025-09-02,0,,0
8247,3,8,OUT,SALE,28,2025-09-03,0,,0
8248,3,8,OUT,SALE,27,2025-09-04,0,,0
8249,3,8,OUT,SALE,24,2025-09-05,0,,0
8250,3,8,OUT,SALE,26,2025-09-06,0,,0
8251,3,8,OUT,SALE,27,2025-09-07,0,,0
8252,3,8,OUT,SALE,25,2025-09-08,0,,0
8253,3,8,OUT,SALE,28,2025-09-09,0,,0
8254,3,8,OUT,SALE,25,2025-09-10,0,,0
8255,3,8,OUT,SALE,33,2025-09-11,0,,0
8256,3,8,OUT,SALE,30,2025-09-12,0,,0
8257,3,8,OUT,SALE,34,2025-09-13,0,,0
8258,3,8,OUT,SALE,31,2025-09-14,0,,0
8259,3,8,OUT,SALE,32,2025-09-15,0,,0
8260,3,8,OUT,SALE,26,2025-09-16,0,,0
8261,3,8,OUT,SALE,9999,2025-09-17,1,DATA_ERROR,1
8262,3,8,OUT,SALE,28,2025-09-18,0,,0
8263,3,8,OUT,SALE,29,2025-09-19,0,,0
8264,3,8,OUT,SALE,34,2025-09-20,0,,0
8265,3,8,OUT,SALE,29,2025-09-21,0,,0
8266,3,8,OUT,SALE,25,2025-09-22,0,,0
8267,3,8,OUT,SALE,29,2025-09-23,0,,0
8268,3,8,OUT,SALE,29,2025-09-24,0,,0
8269,3,8,OUT,SALE,26,2025-09-25,0,,0
8270,3,8,OUT,SALE,22,2025-09-26,0,,0
8271,3,8,OUT,SALE,30,2025-09-27,0,,0
8272,3,8,OUT,SALE,33,2025-09-28,0,,0
8273,3,8,OUT,SALE,33,2025-09-29,0,,0
8274,3,8,OUT,SALE,44,2025-09-30,0,,0
8275,3,8,OUT,SALE,44,2025-10-01,0,,0
8276,3,8,OUT,SALE,45,2025-10-02,0,,0
8277,3,8,OUT,SALE,54,2025-10-03,0,,0
8278,3,8,OUT,SALE,28,2025-10-04,0,,0
8279,3,8,OUT,SALE,25,2025-10-05,0,,0
8280,3,8,OUT,DAMAGE,142,2025-10-06,1,OFF_HOURS_BULK,0
8281,3,8,OUT,SALE,23,2025-10-07,0,,0
8282,3,8,OUT,SALE,21,2025-10-08,0,,0
8283,3,8,OUT,SALE,22,2025-10-09,0,,0
8284,3,8,OUT,SALE,30,2025-10-10,0,,0
8285,3,8,OUT,SALE,30,2025-10-11,0,,0
8286,3,8,OUT,SALE,29,2025-10-12,0,,0
8287,3,8,OUT,SALE,24,2025-10-13,0,,0
8288,3,8,OUT,SALE,25,2025-10-14,0,,0
8289,3,8,OUT,SALE,25,2025-10-15,0,,0
8290,3,8,OUT,SALE,25,2025-10-16,0,,0
8291,3,8,OUT,SALE,25,2025-10-17,0,,0
8292,3,8,OUT,SALE,31,2025-10-18,0,,0
8293,3,8,OUT,SALE,28,2025-10-19,0,,0
8294,3,8,OUT,SALE,22,2025-10-20,0,,0
8295,3,8,OUT,SALE,23,2025-10-21,0,,0
8296,3,8,OUT,SALE,19,2025-10-22,0,,0
8297,3,8,OUT,SALE,31,2025-10-23,0,,0
8298,3,8,OUT,SALE,27,2025-10-24,0,,0
8299,3,8,OUT,SALE,26,2025-10-25,0,,0
8300,3,8,OUT,SALE,27,2025-10-26,0,,0
8301,3,8,OUT,SALE,23,2025-10-27,0,,0
8302,3,8,OUT,SALE,29,2025-10-28,0,,0
8303,3,8,OUT,SALE,20,2025-10-29,0,,0
8304,3,8,OUT,SALE,25,2025-10-30,0,,0
8305,3,8,OUT,SALE,24,2025-10-31,0,,0
8306,3,8,OUT,SALE,28,2025-11-01,0,,0
8307,3,8,OUT,SALE,25,2025-11-02,0,,0
8308,3,8,OUT,SALE,17,2025-11-03,0,,0
8309,3,8,OUT,SALE,21,2025-11-04,0,,0
8310,3,8,OUT,SALE,20,2025-11-05,0,,0
8311,3,8,OUT,SALE,22,2025-11-06,0,,0
8312,3,8,OUT,SALE,26,2025-11-07,0,,0
8313,3,8,OUT,SALE,20,2025-11-08,0,,0
8314,3,8,OUT,SALE,23,2025-11-09,0,,0
8315,3,8,OUT,SALE,21,2025-11-10,0,,0
8316,3,8,OUT,SALE,21,2025-11-11,0,,0
8317,3,8,OUT,SALE,24,2025-11-12,0,,0
8318,3,8,OUT,SALE,22,2025-11-13,0,,0
8319,3,8,OUT,SALE,23,2025-11-14,0,,0
8320,3,8,OUT,SALE,24,2025-11-15,0,,0
8321,3,8,OUT,SALE,26,2025-11-16,0,,0
8322,3,8,OUT,SALE,24,2025-11-17,0,,0
8323,3,8,OUT,SALE,20,2025-11-18,0,,0
8324,3,8,OUT,SALE,24,2025-11-19,0,,0
8325,3,8,OUT,SALE,22,2025-11-20,0,,0
8326,3,8,OUT,SALE,25,2025-11-21,0,,0
8327,3,8,OUT,SALE,25,2025-11-22,0,,0
8328,3,8,OUT,SALE,27,2025-11-23,0,,0
8329,3,8,OUT,SALE,22,2025-11-24,0,,0
8330,3,8,OUT,SALE,22,2025-11-25,0,,0
8331,3,8,OUT,SALE,23,2025-11-26,0,,0
8332,3,8,OUT,SALE,24,2025-11-27,0,,0
8333,3,8,OUT,SALE,47,2025-11-28,0,,0
8334,3,8,OUT,SALE,75,2025-11-29,0,,0
8335,3,8,OUT,SALE,50,2025-11-30,0,,0
8336,3,8,OUT,SALE,19,2025-12-01,0,,0
8337,3,8,OUT,SALE,20,2025-12-02,0,,0
8338,3,8,OUT,SALE,21,2025-12-03,0,,0
8339,3,8,OUT,SALE,24,2025-12-04,0,,0
8340,3,8,OUT,SALE,9999,2025-12-05,1,DATA_ERROR,1
8341,3,8,OUT,SALE,22,2025-12-06,0,,0
8342,3,8,OUT,SALE,17,2025-12-07,0,,0
8343,3,8,OUT,SALE,20,2025-12-08,0,,0
8344,3,8,OUT,SALE,21,2025-12-09,0,,0
8345,3,8,OUT,SALE,24,2025-12-10,0,,0
8346,3,8,OUT,SALE,21,2025-12-11,0,,0
8347,3,8,OUT,SALE,23,2025-12-12,0,,0
8348,3,8,OUT,SALE,25,2025-12-13,0,,0
8349,3,8,OUT,SALE,22,2025-12-14,0,,0
8350,3,8,OUT,SALE,17,2025-12-15,0,,0
8351,3,8,OUT,SALE,21,2025-12-16,0,,0
8352,3,8,OUT,SALE,17,2025-12-17,0,,0
8353,3,8,OUT,SALE,24,2025-12-18,0,,0
8354,3,8,OUT,SALE,20,2025-12-19,0,,0
8355,3,8,OUT,SALE,27,2025-12-20,0,,0
8356,3,8,OUT,SALE,22,2025-12-21,0,,0
8357,3,8,OUT,SALE,21,2025-12-22,0,,0
8358,3,8,OUT,SALE,21,2025-12-23,0,,0
8359,3,8,OUT,SALE,34,2025-12-24,0,,0
8360,3,8,OUT,SALE,33,2025-12-25,0,,0
8361,3,8,OUT,SALE,36,2025-12-26,0,,0
8362,3,8,OUT,SALE,21,2025-12-27,0,,0
8363,3,8,OUT,SALE,20,2025-12-28,0,,0
8364,3,8,OUT,SALE,23,2025-12-29,0,,0
8365,3,8,OUT,SALE,22,2025-12-30,0,,0
8366,3,8,OUT,SALE,21,2025-12-31,0,,0
8367,3,9,OUT,SALE,18,2025-01-01,0,,0
8368,3,9,OUT,SALE,14,2025-01-02,0,,0
8369,3,9,OUT,SALE,17,2025-01-03,0,,0
8370,3,9,OUT,SALE,17,2025-01-04,0,,0
8371,3,9,OUT,SALE,15,2025-01-05,0,,0
8372,3,9,OUT,SALE,18,2025-01-06,0,,0
8373,3,9,OUT,SALE,16,2025-01-07,0,,0
8374,3,9,OUT,SALE,14,2025-01-08,0,,0
8375,3,9,OUT,SALE,16,2025-01-09,0,,0
8376,3,9,OUT,SALE,14,2025-01-10,0,,0
8377,3,9,OUT,SALE,18,2025-01-11,0,,0
8378,3,9,OUT,SALE,12,2025-01-12,0,,0
8379,3,9,OUT,SALE,13,2025-01-13,0,,0
8380,3,9,OUT,SALE,16,2025-01-14,0,,0
8381,3,9,OUT,SALE,14,2025-01-15,0,,0
8382,3,9,OUT,SALE,15,2025-01-16,0,,0
8383,3,9,OUT,SALE,12,2025-01-17,0,,0
8384,3,9,OUT,SALE,21,2025-01-18,0,,0
8385,3,9,OUT,SALE,19,2025-01-19,0,,0
8386,3,9,OUT,SALE,14,2025-01-20,0,,0
8387,3,9,OUT,SALE,14,2025-01-21,0,,0
8388,3,9,OUT,SALE,16,2025-01-22,0,,0
8389,3,9,OUT,SALE,18,2025-01-23,0,,0
8390,3,9,OUT,SALE,16,2025-01-24,0,,0
8391,3,9,OUT,SALE,38,2025-01-25,0,,1
8392,3,9,OUT,SALE,27,2025-01-26,0,,0
8393,3,9,OUT,SALE,24,2025-01-27,0,,0
8394,3,9,OUT,SALE,23,2025-01-28,0,,0
8395,3,9,OUT,SALE,15,2025-01-29,0,,0
8396,3,9,OUT,SALE,15,2025-01-30,0,,0
8397,3,9,OUT,SALE,14,2025-01-31,0,,0
8398,3,9,OUT,SALE,19,2025-02-01,0,,0
8399,3,9,OUT,SALE,20,2025-02-02,0,,0
8400,3,9,OUT,SALE,12,2025-02-03,0,,0
8401,3,9,OUT,SALE,14,2025-02-04,0,,0
8402,3,9,OUT,SALE,16,2025-02-05,0,,0
8403,3,9,OUT,SALE,14,2025-02-06,0,,0
8404,3,9,OUT,SALE,13,2025-02-07,0,,0
8405,3,9,OUT,SALE,19,2025-02-08,0,,0
8406,3,9,OUT,SALE,14,2025-02-09,0,,0
8407,3,9,OUT,SALE,14,2025-02-10,0,,0
8408,3,9,OUT,SALE,15,2025-02-11,0,,0
8409,3,9,OUT,SALE,14,2025-02-12,0,,0
8410,3,9,OUT,SALE,16,2025-02-13,0,,0
8411,3,9,OUT,SALE,14,2025-02-14,0,,0
8412,3,9,OUT,SALE,20,2025-02-15,0,,0
8413,3,9,OUT,SALE,17,2025-02-16,0,,0
8414,3,9,OUT,SALE,16,2025-02-17,0,,0
8415,3,9,OUT,SALE,16,2025-02-18,0,,0
8416,3,9,OUT,SALE,14,2025-02-19,0,,0
8417,3,9,OUT,SALE,11,2025-02-20,0,,0
8418,3,9,OUT,SALE,15,2025-02-21,0,,0
8419,3,9,OUT,SALE,17,2025-02-22,0,,0
8420,3,9,OUT,SALE,18,2025-02-23,0,,0
8421,3,9,OUT,SALE,14,2025-02-24,0,,0
8422,3,9,OUT,SALE,14,2025-02-25,0,,0
8423,3,9,OUT,SALE,18,2025-02-26,0,,0
8424,3,9,OUT,SALE,12,2025-02-27,0,,0
8425,3,9,OUT,SALE,16,2025-02-28,0,,0
8426,3,9,OUT,SALE,16,2025-03-01,0,,0
8427,3,9,OUT,SALE,16,2025-03-02,0,,0
8428,3,9,OUT,SALE,14,2025-03-03,0,,0
8429,3,9,OUT,SALE,13,2025-03-04,0,,0
8430,3,9,OUT,SALE,16,2025-03-05,0,,0
8431,3,9,OUT,SALE,17,2025-03-06,0,,0
8432,3,9,OUT,SALE,15,2025-03-07,0,,0
8433,3,9,OUT,SALE,17,2025-03-08,0,,0
8434,3,9,OUT,SALE,15,2025-03-09,0,,0
8435,3,9,OUT,SALE,16,2025-03-10,0,,0
8436,3,9,OUT,SALE,18,2025-03-11,0,,0
8437,3,9,OUT,SALE,14,2025-03-12,0,,0
8438,3,9,OUT,SALE,14,2025-03-13,0,,0
8439,3,9,OUT,SALE,14,2025-03-14,0,,0
8440,3,9,OUT,SALE,16,2025-03-15,0,,0
8441,3,9,OUT,SALE,11,2025-03-16,0,,0
8442,3,9,OUT,SALE,15,2025-03-17,0,,0
8443,3,9,OUT,SALE,13,2025-03-18,0,,0
8444,3,9,OUT,SALE,12,2025-03-19,0,,0
8445,3,9,OUT,SALE,16,2025-03-20,0,,0
8446,3,9,OUT,SALE,13,2025-03-21,0,,0
8447,3,9,OUT,SALE,16,2025-03-22,0,,0
8448,3,9,OUT,SALE,20,2025-03-23,0,,0
8449,3,9,OUT,SALE,12,2025-03-24,0,,0
8450,3,9,OUT,SALE,12,2025-03-25,0,,0
8451,3,9,OUT,SALE,15,2025-03-26,0,,0
8452,3,9,OUT,SALE,17,2025-03-27,0,,0
8453,3,9,OUT,SALE,12,2025-03-28,0,,0
8454,3,9,OUT,SALE,18,2025-03-29,0,,0
8455,3,9,OUT,SALE,18,2025-03-30,0,,0
8456,3,9,OUT,SALE,11,2025-03-31,0,,0
8457,3,9,OUT,SALE,15,2025-04-01,0,,0
8458,3,9,OUT,SALE,16,2025-04-02,0,,0
8459,3,9,OUT,SALE,14,2025-04-03,0,,0
8460,3,9,OUT,SALE,16,2025-04-04,0,,0
8461,3,9,OUT,SALE,18,2025-04-05,0,,0
8462,3,9,OUT,SALE,16,2025-04-06,0,,0
8463,3,9,OUT,SALE,13,2025-04-07,0,,0
8464,3,9,OUT,SALE,12,2025-04-08,0,,0
8465,3,9,OUT,SALE,14,2025-04-09,0,,0
8466,3,9,OUT,SALE,15,2025-04-10,0,,0
8467,3,9,OUT,SALE,14,2025-04-11,0,,0
8468,3,9,OUT,SALE,12,2025-04-12,0,,0
8469,3,9,OUT,SALE,19,2025-04-13,0,,0
8470,3,9,OUT,SALE,14,2025-04-14,0,,0
8471,3,9,OUT,SALE,13,2025-04-15,0,,0
8472,3,9,OUT,SALE,16,2025-04-16,0,,0
8473,3,9,OUT,SALE,17,2025-04-17,0,,0
8474,3,9,OUT,SALE,9,2025-04-18,0,,0
8475,3,9,OUT,SALE,17,2025-04-19,0,,0
8476,3,9,OUT,SALE,13,2025-04-20,0,,0
8477,3,9,OUT,SALE,15,2025-04-21,0,,0
8478,3,9,OUT,SALE,14,2025-04-22,0,,0
8479,3,9,OUT,SALE,15,2025-04-23,0,,0
8480,3,9,OUT,SALE,13,2025-04-24,0,,0
8481,3,9,OUT,SALE,11,2025-04-25,0,,0
8482,3,9,OUT,SALE,15,2025-04-26,0,,0
8483,3,9,OUT,SALE,17,2025-04-27,0,,0
8484,3,9,OUT,SALE,16,2025-04-28,0,,0
8485,3,9,OUT,SALE,12,2025-04-29,0,,0
8486,3,9,OUT,SALE,16,2025-04-30,0,,0
8487,3,9,OUT,SALE,12,2025-05-01,0,,0
8488,3,9,OUT,SALE,14,2025-05-02,0,,0
8489,3,9,OUT,SALE,15,2025-05-03,0,,0
8490,3,9,OUT,SALE,16,2025-05-04,0,,0
8491,3,9,OUT,SALE,15,2025-05-05,0,,0
8492,3,9,OUT,SALE,11,2025-05-06,0,,0
8493,3,9,OUT,SALE,12,2025-05-07,0,,0
8494,3,9,OUT,SALE,14,2025-05-08,0,,0
8495,3,9,OUT,SALE,17,2025-05-09,0,,0
8496,3,9,OUT,SALE,14,2025-05-10,0,,0
8497,3,9,OUT,SALE,19,2025-05-11,0,,0
8498,3,9,OUT,SALE,17,2025-05-12,0,,0
8499,3,9,OUT,SALE,13,2025-05-13,0,,0
8500,3,9,OUT,SALE,13,2025-05-14,0,,0
8501,3,9,OUT,SALE,12,2025-05-15,0,,0
8502,3,9,OUT,SALE,13,2025-05-16,0,,0
8503,3,9,OUT,SALE,13,2025-05-17,0,,0
8504,3,9,OUT,SALE,15,2025-05-18,0,,0
8505,3,9,OUT,SALE,16,2025-05-19,0,,0
8506,3,9,OUT,SALE,12,2025-05-20,0,,0
8507,3,9,OUT,SALE,13,2025-05-21,0,,0
8508,3,9,OUT,SALE,11,2025-05-22,0,,0
8509,3,9,OUT,SALE,14,2025-05-23,0,,0
8510,3,9,OUT,SALE,16,2025-05-24,0,,0
8511,3,9,OUT,SALE,16,2025-05-25,0,,0
8512,3,9,OUT,SALE,13,2025-05-26,0,,0
8513,3,9,OUT,SALE,13,2025-05-27,0,,0
8514,3,9,OUT,SALE,14,2025-05-28,0,,0
8515,3,9,OUT,SALE,13,2025-05-29,0,,0
8516,3,9,OUT,SALE,14,2025-05-30,0,,0
8517,3,9,OUT,SALE,16,2025-05-31,0,,0
8518,3,9,OUT,SALE,17,2025-06-01,0,,0
8519,3,9,OUT,SALE,14,2025-06-02,0,,0
8520,3,9,OUT,SALE,13,2025-06-03,0,,0
8521,3,9,OUT,SALE,15,2025-06-04,0,,0
8522,3,9,OUT,SALE,13,2025-06-05,0,,0
8523,3,9,OUT,SALE,15,2025-06-06,0,,0
8524,3,9,OUT,SALE,16,2025-06-07,0,,0
8525,3,9,OUT,SALE,11,2025-06-08,0,,0
8526,3,9,OUT,SALE,15,2025-06-09,0,,0
8527,3,9,OUT,SALE,13,2025-06-10,0,,0
8528,3,9,OUT,SALE,13,2025-06-11,0,,0
8529,3,9,OUT,SALE,13,2025-06-12,0,,0
8530,3,9,OUT,SALE,12,2025-06-13,0,,0
8531,3,9,OUT,SALE,15,2025-06-14,0,,0
8532,3,9,OUT,SALE,14,2025-06-15,0,,0
8533,3,9,OUT,SALE,15,2025-06-16,0,,0
8534,3,9,OUT,SALE,13,2025-06-17,0,,0
8535,3,9,OUT,SALE,12,2025-06-18,0,,0
8536,3,9,OUT,SALE,11,2025-06-19,0,,0
8537,3,9,OUT,SALE,13,2025-06-20,0,,0
8538,3,9,OUT,SALE,15,2025-06-21,0,,0
8539,3,9,OUT,SALE,15,2025-06-22,0,,0
8540,3,9,OUT,SALE,11,2025-06-23,0,,0
8541,3,9,OUT,SALE,10,2025-06-24,0,,0
8542,3,9,OUT,SALE,14,2025-06-25,0,,0
8543,3,9,OUT,SALE,15,2025-06-26,0,,0
8544,3,9,OUT,SALE,11,2025-06-27,0,,0
8545,3,9,OUT,SALE,18,2025-06-28,0,,0
8546,3,9,OUT,SALE,15,2025-06-29,0,,0
8547,3,9,OUT,SALE,13,2025-06-30,0,,0
8548,3,9,OUT,SALE,12,2025-07-01,0,,0
8549,3,9,OUT,SALE,10,2025-07-02,0,,0
8550,3,9,OUT,SALE,14,2025-07-03,0,,0
8551,3,9,OUT,SALE,11,2025-07-04,0,,0
8552,3,9,OUT,SALE,13,2025-07-05,0,,0
8553,3,9,OUT,SALE,16,2025-07-06,0,,0
8554,3,9,OUT,SALE,10,2025-07-07,0,,0
8555,3,9,OUT,SALE,10,2025-07-08,0,,0
8556,3,9,OUT,SALE,12,2025-07-09,0,,0
8557,3,9,OUT,SALE,13,2025-07-10,0,,0
8558,3,9,OUT,SALE,13,2025-07-11,0,,0
8559,3,9,OUT,DAMAGE,33,2025-07-12,1,REPEATED_LOSS,0
8560,3,9,OUT,SALE,18,2025-07-13,0,,0
8561,3,9,OUT,SALE,12,2025-07-14,0,,0
8562,3,9,OUT,SALE,12,2025-07-15,0,,0
8563,3,9,OUT,SALE,11,2025-07-16,0,,0
8564,3,9,OUT,SALE,12,2025-07-17,0,,0
8565,3,9,OUT,SALE,13,2025-07-18,0,,0
8566,3,9,OUT,SALE,16,2025-07-19,0,,0
8567,3,9,OUT,SALE,26,2025-07-20,0,,0
8568,3,9,OUT,SALE,26,2025-07-21,0,,0
8569,3,9,OUT,SALE,29,2025-07-22,0,,0
8570,3,9,OUT,SALE,29,2025-07-23,0,,0
8571,3,9,OUT,SALE,27,2025-07-24,0,,0
8572,3,9,OUT,SALE,29,2025-07-25,0,,0
8573,3,9,OUT,SALE,13,2025-07-26,0,,0
8574,3,9,OUT,SALE,17,2025-07-27,0,,0
8575,3,9,OUT,SALE,14,2025-07-28,0,,0
8576,3,9,OUT,SALE,10,2025-07-29,0,,0
8577,3,9,OUT,SALE,11,2025-07-30,0,,0
8578,3,9,OUT,SALE,11,2025-07-31,0,,0
8579,3,9,OUT,SALE,13,2025-08-01,0,,0
8580,3,9,OUT,SALE,12,2025-08-02,0,,0
8581,3,9,OUT,SALE,13,2025-08-03,0,,0
8582,3,9,OUT,SALE,13,2025-08-04,0,,0
8583,3,9,OUT,SALE,12,2025-08-05,0,,0
8584,3,9,OUT,SALE,12,2025-08-06,0,,0
8585,3,9,OUT,SALE,11,2025-08-07,0,,0
8586,3,9,OUT,SALE,13,2025-08-08,0,,0
8587,3,9,OUT,SALE,13,2025-08-09,0,,0
8588,3,9,OUT,SALE,13,2025-08-10,0,,0
8589,3,9,OUT,SALE,12,2025-08-11,0,,0
8590,3,9,OUT,SALE,12,2025-08-12,0,,0
8591,3,9,OUT,SALE,12,2025-08-13,0,,0
8592,3,9,OUT,SALE,11,2025-08-14,0,,0
8593,3,9,OUT,SALE,12,2025-08-15,0,,0
8594,3,9,OUT,SALE,14,2025-08-16,0,,0
8595,3,9,OUT,SALE,12,2025-08-17,0,,0
8596,3,9,OUT,SALE,11,2025-08-18,0,,0
8597,3,9,OUT,SALE,13,2025-08-19,0,,0
8598,3,9,OUT,SALE,10,2025-08-20,0,,0
8599,3,9,OUT,SALE,14,2025-08-21,0,,0
8600,3,9,OUT,SALE,14,2025-08-22,0,,0
8601,3,9,OUT,SALE,12,2025-08-23,0,,0
8602,3,9,OUT,SALE,16,2025-08-24,0,,0
8603,3,9,OUT,SALE,12,2025-08-25,0,,0
8604,3,9,OUT,SALE,13,2025-08-26,0,,0
8605,3,9,OUT,SALE,11,2025-08-27,0,,0
8606,3,9,OUT,SALE,13,2025-08-28,0,,0
8607,3,9,OUT,SALE,13,2025-08-29,0,,0
8608,3,9,OUT,SALE,13,2025-08-30,0,,0
8609,3,9,OUT,SALE,12,2025-08-31,0,,0
8610,3,9,OUT,SALE,10,2025-09-01,0,,0
8611,3,9,OUT,SALE,13,2025-09-02,0,,0
8612,3,9,OUT,SALE,13,2025-09-03,0,,0
8613,3,9,OUT,SALE,13,2025-09-04,0,,0
8614,3,9,OUT,SALE,12,2025-09-05,0,,0
8615,3,9,OUT,SALE,12,2025-09-06,0,,0
8616,3,9,OUT,SALE,13,2025-09-07,0,,0
8617,3,9,OUT,SALE,14,2025-09-08,0,,0
8618,3,9,OUT,SALE,12,2025-09-09,0,,0
8619,3,9,OUT,SALE,13,2025-09-10,0,,0
8620,3,9,OUT,SALE,11,2025-09-11,0,,0
8621,3,9,OUT,SALE,13,2025-09-12,0,,0
8622,3,9,OUT,SALE,13,2025-09-13,0,,0
8623,3,9,OUT,SALE,16,2025-09-14,0,,0
8624,3,9,OUT,SALE,13,2025-09-15,0,,0
8625,3,9,OUT,SALE,12,2025-09-16,0,,0
8626,3,9,OUT,SALE,12,2025-09-17,0,,0
8627,3,9,OUT,SALE,11,2025-09-18,0,,0
8628,3,9,OUT,SALE,10,2025-09-19,0,,0
8629,3,9,OUT,SALE,13,2025-09-20,0,,0
8630,3,9,OUT,SALE,14,2025-09-21,0,,0
8631,3,9,OUT,SALE,13,2025-09-22,0,,0
8632,3,9,OUT,SALE,13,2025-09-23,0,,0
8633,3,9,OUT,SALE,12,2025-09-24,0,,0
8634,3,9,OUT,SALE,14,2025-09-25,0,,0
8635,3,9,OUT,SALE,12,2025-09-26,0,,0
8636,3,9,OUT,SALE,15,2025-09-27,0,,0
8637,3,9,OUT,SALE,11,2025-09-28,0,,0
8638,3,9,OUT,SALE,7,2025-09-29,0,,0
8639,3,9,OUT,SALE,24,2025-09-30,0,,0
8640,3,9,OUT,SALE,20,2025-10-01,0,,0
8641,3,9,OUT,SALE,24,2025-10-02,0,,0
8642,3,9,OUT,SALE,23,2025-10-03,0,,0
8643,3,9,OUT,SALE,18,2025-10-04,0,,0
8644,3,9,OUT,SALE,15,2025-10-05,0,,0
8645,3,9,OUT,SALE,13,2025-10-06,0,,0
8646,3,9,OUT,SALE,14,2025-10-07,0,,0
8647,3,9,OUT,SALE,13,2025-10-08,0,,0
8648,3,9,OUT,SALE,12,2025-10-09,0,,0
8649,3,9,OUT,SALE,14,2025-10-10,0,,0
8650,3,9,OUT,SALE,13,2025-10-11,0,,0
8651,3,9,OUT,SALE,15,2025-10-12,0,,0
8652,3,9,OUT,SALE,10,2025-10-13,0,,0
8653,3,9,OUT,SALE,13,2025-10-14,0,,0
8654,3,9,OUT,SALE,13,2025-10-15,0,,0
8655,3,9,OUT,DAMAGE,42,2025-10-16,1,REPEATED_LOSS,1
8656,3,9,OUT,SALE,10,2025-10-17,0,,0
8657,3,9,OUT,SALE,14,2025-10-18,0,,0
8658,3,9,OUT,SALE,16,2025-10-19,0,,0
8659,3,9,OUT,SALE,13,2025-10-20,0,,0
8660,3,9,OUT,SALE,13,2025-10-21,0,,0
8661,3,9,OUT,SALE,11,2025-10-22,0,,0
8662,3,9,OUT,SALE,12,2025-10-23,0,,0
8663,3,9,OUT,SALE,15,2025-10-24,0,,0
8664,3,9,OUT,SALE,15,2025-10-25,0,,0
8665,3,9,OUT,SALE,15,2025-10-26,0,,0
8666,3,9,OUT,SALE,13,2025-10-27,0,,0
8667,3,9,OUT,SALE,11,2025-10-28,0,,0
8668,3,9,OUT,SALE,14,2025-10-29,0,,0
8669,3,9,OUT,SALE,14,2025-10-30,0,,0
8670,3,9,OUT,SALE,16,2025-10-31,0,,0
8671,3,9,OUT,SALE,14,2025-11-01,0,,0
8672,3,9,OUT,SALE,17,2025-11-02,0,,0
8673,3,9,OUT,SALE,11,2025-11-03,0,,0
8674,3,9,OUT,SALE,14,2025-11-04,0,,0
8675,3,9,OUT,SALE,15,2025-11-05,0,,0
8676,3,9,OUT,SALE,10,2025-11-06,0,,0
8677,3,9,OUT,SALE,13,2025-11-07,0,,0
8678,3,9,OUT,SALE,14,2025-11-08,0,,0
8679,3,9,OUT,SALE,14,2025-11-09,0,,0
8680,3,9,OUT,SALE,14,2025-11-10,0,,0
8681,3,9,OUT,SALE,15,2025-11-11,0,,0
8682,3,9,OUT,SALE,13,2025-11-12,0,,0
8683,3,9,OUT,SALE,14,2025-11-13,0,,0
8684,3,9,OUT,SALE,14,2025-11-14,0,,0
8685,3,9,OUT,SALE,15,2025-11-15,0,,0
8686,3,9,OUT,SALE,13,2025-11-16,0,,0
8687,3,9,OUT,SALE,15,2025-11-17,0,,0
8688,3,9,OUT,SALE,14,2025-11-18,0,,0
8689,3,9,OUT,SALE,14,2025-11-19,0,,0
8690,3,9,OUT,SALE,12,2025-11-20,0,,0
8691,3,9,OUT,SALE,13,2025-11-21,0,,0
8692,3,9,OUT,SALE,15,2025-11-22,0,,0
8693,3,9,OUT,SALE,13,2025-11-23,0,,0
8694,3,9,OUT,SALE,11,2025-11-24,0,,0
8695,3,9,OUT,SALE,12,2025-11-25,0,,0
8696,3,9,OUT,SALE,14,2025-11-26,0,,0
8697,3,9,OUT,SALE,12,2025-11-27,0,,0
8698,3,9,OUT,SALE,30,2025-11-28,0,,0
8699,3,9,OUT,SALE,35,2025-11-29,0,,0
8700,3,9,OUT,SALE,37,2025-11-30,0,,0
8701,3,9,OUT,SALE,14,2025-12-01,0,,0
8702,3,9,OUT,SALE,18,2025-12-02,0,,0
8703,3,9,OUT,SALE,16,2025-12-03,0,,0
8704,3,9,OUT,SALE,16,2025-12-04,0,,0
8705,3,9,OUT,SALE,16,2025-12-05,0,,0
8706,3,9,OUT,SALE,14,2025-12-06,0,,0
8707,3,9,OUT,SALE,14,2025-12-07,0,,0
8708,3,9,OUT,SALE,12,2025-12-08,0,,0
8709,3,9,OUT,SALE,16,2025-12-09,0,,0
8710,3,9,OUT,SALE,13,2025-12-10,0,,0
8711,3,9,OUT,SALE,12,2025-12-11,0,,0
8712,3,9,OUT,SALE,13,2025-12-12,0,,0
8713,3,9,OUT,DAMAGE,133,2025-12-13,1,THEFT_SPIKE,1
8714,3,9,OUT,SALE,17,2025-12-14,0,,0
8715,3,9,OUT,SALE,15,2025-12-15,0,,0
8716,3,9,OUT,SALE,13,2025-12-16,0,,0
8717,3,9,OUT,SALE,15,2025-12-17,0,,0
8718,3,9,OUT,SALE,13,2025-12-18,0,,0
8719,3,9,OUT,SALE,14,2025-12-19,0,,0
8720,3,9,OUT,SALE,18,2025-12-20,0,,0
8721,3,9,OUT,SALE,15,2025-12-21,0,,0
8722,3,9,OUT,SALE,13,2025-12-22,0,,0
8723,3,9,OUT,SALE,15,2025-12-23,0,,0
8724,3,9,OUT,SALE,22,2025-12-24,0,,0
8725,3,9,OUT,SALE,23,2025-12-25,0,,0
8726,3,9,OUT,SALE,26,2025-12-26,0,,0
8727,3,9,OUT,SALE,20,2025-12-27,0,,0
8728,3,9,OUT,SALE,17,2025-12-28,0,,0
8729,3,9,OUT,SALE,15,2025-12-29,0,,0
8730,3,9,OUT,SALE,15,2025-12-30,0,,0
8731,3,9,OUT,SALE,12,2025-12-31,0,,0
8732,4,1,OUT,SALE,1,2025-01-02,0,,0
8733,4,1,OUT,SALE,1,2025-01-03,0,,0
8734,4,1,OUT,SALE,1,2025-01-04,0,,0
8735,4,1,OUT,SALE,1,2025-01-11,0,,0
8736,4,1,OUT,SALE,1,2025-01-12,0,,0
8737,4,1,OUT,SALE,1,2025-01-18,0,,0
8738,4,1,OUT,SALE,1,2025-01-19,0,,0
8739,4,1,OUT,SALE,1,2025-01-23,0,,0
8740,4,1,OUT,SALE,1,2025-01-24,0,,0
8741,4,1,OUT,SALE,1,2025-01-25,0,,0
8742,4,1,OUT,SALE,1,2025-01-26,0,,0
8743,4,1,OUT,SALE,1,2025-01-27,0,,0
8744,4,1,OUT,SALE,1,2025-01-28,0,,0
8745,4,1,OUT,SALE,1,2025-02-01,0,,0
8746,4,1,OUT,SALE,1,2025-02-02,0,,0
8747,4,1,OUT,SALE,1,2025-02-03,0,,0
8748,4,1,OUT,SALE,1,2025-02-04,0,,0
8749,4,1,OUT,SALE,1,2025-02-05,0,,0
8750,4,1,OUT,SALE,1,2025-02-06,0,,0
8751,4,1,OUT,SALE,1,2025-02-07,0,,0
8752,4,1,OUT,SALE,1,2025-02-08,0,,0
8753,4,1,OUT,SALE,1,2025-02-09,0,,0
8754,4,1,OUT,SALE,1,2025-02-10,0,,0
8755,4,1,OUT,SALE,1,2025-02-11,0,,0
8756,4,1,OUT,SALE,1,2025-02-12,0,,0
8757,4,1,OUT,SALE,1,2025-02-13,0,,0
8758,4,1,OUT,SALE,1,2025-02-14,0,,0
8759,4,1,OUT,SALE,1,2025-02-15,0,,0
8760,4,1,OUT,SALE,1,2025-02-16,0,,0
8761,4,1,OUT,SALE,1,2025-02-17,0,,0
8762,4,1,OUT,SALE,1,2025-02-18,0,,0
8763,4,1,OUT,SALE,1,2025-02-19,0,,0
8764,4,1,OUT,SALE,1,2025-02-20,0,,0
8765,4,1,OUT,SALE,1,2025-02-21,0,,0
8766,4,1,OUT,SALE,1,2025-02-22,0,,0
8767,4,1,OUT,SALE,1,2025-02-23,0,,0
8768,4,1,OUT,SALE,1,2025-02-24,0,,0
8769,4,1,OUT,SALE,1,2025-02-25,0,,0
8770,4,1,OUT,SALE,1,2025-02-26,0,,0
8771,4,1,OUT,SALE,1,2025-02-27,0,,0
8772,4,1,OUT,SALE,1,2025-02-28,0,,0
8773,4,1,OUT,SALE,3,2025-03-01,0,,0
8774,4,1,OUT,SALE,2,2025-03-02,0,,0
8775,4,1,OUT,SALE,3,2025-03-03,0,,0
8776,4,1,OUT,SALE,3,2025-03-04,0,,0
8777,4,1,OUT,SALE,3,2025-03-05,0,,0
8778,4,1,OUT,SALE,2,2025-03-06,0,,0
8779,4,1,OUT,SALE,3,2025-03-07,0,,0
8780,4,1,OUT,DAMAGE,16,2025-03-08,1,THEFT_SPIKE,0
8781,4,1,OUT,SALE,3,2025-03-09,0,,0
8782,4,1,OUT,SALE,3,2025-03-10,0,,0
8783,4,1,OUT,SALE,3,2025-03-11,0,,0
8784,4,1,OUT,SALE,2,2025-03-12,0,,0
8785,4,1,OUT,SALE,3,2025-03-13,0,,0
8786,4,1,OUT,SALE,2,2025-03-14,0,,0
8787,4,1,OUT,SALE,3,2025-03-15,0,,0
8788,4,1,OUT,SALE,4,2025-03-16,0,,0
8789,4,1,OUT,SALE,2,2025-03-17,0,,0
8790,4,1,OUT,SALE,2,2025-03-18,0,,0
8791,4,1,OUT,SALE,3,2025-03-19,0,,0
8792,4,1,OUT,SALE,2,2025-03-20,0,,0
8793,4,1,OUT,SALE,2,2025-03-21,0,,0
8794,4,1,OUT,SALE,3,2025-03-22,0,,0
8795,4,1,OUT,SALE,3,2025-03-23,0,,0
8796,4,1,OUT,SALE,3,2025-03-24,0,,0
8797,4,1,OUT,SALE,2,2025-03-25,0,,0
8798,4,1,OUT,SALE,3,2025-03-26,0,,0
8799,4,1,OUT,SALE,3,2025-03-27,0,,0
8800,4,1,OUT,SALE,3,2025-03-28,0,,0
8801,4,1,OUT,SALE,3,2025-03-29,0,,0
8802,4,1,OUT,SALE,3,2025-03-30,0,,0
8803,4,1,OUT,SALE,3,2025-03-31,0,,0
8804,4,1,OUT,SALE,6,2025-04-01,0,,0
8805,4,1,OUT,SALE,5,2025-04-02,0,,0
8806,4,1,OUT,SALE,4,2025-04-03,0,,0
8807,4,1,OUT,SALE,4,2025-04-04,0,,0
8808,4,1,OUT,SALE,5,2025-04-05,0,,0
8809,4,1,OUT,SALE,5,2025-04-06,0,,0
8810,4,1,OUT,SALE,5,2025-04-07,0,,0
8811,4,1,OUT,SALE,5,2025-04-08,0,,0
8812,4,1,OUT,SALE,5,2025-04-09,0,,0
8813,4,1,OUT,SALE,6,2025-04-10,0,,0
8814,4,1,OUT,SALE,6,2025-04-11,0,,0
8815,4,1,OUT,SALE,6,2025-04-12,0,,0
8816,4,1,OUT,SALE,6,2025-04-13,0,,0
8817,4,1,OUT,SALE,4,2025-04-14,0,,0
8818,4,1,OUT,SALE,5,2025-04-15,0,,0
8819,4,1,OUT,SALE,5,2025-04-16,0,,0
8820,4,1,OUT,SALE,4,2025-04-17,0,,0
8821,4,1,OUT,SALE,6,2025-04-18,0,,0
8822,4,1,OUT,SALE,6,2025-04-19,0,,0
8823,4,1,OUT,SALE,6,2025-04-20,0,,0
8824,4,1,OUT,SALE,4,2025-04-21,0,,0
8825,4,1,OUT,SALE,5,2025-04-22,0,,0
8826,4,1,OUT,SALE,5,2025-04-23,0,,0
8827,4,1,OUT,SALE,4,2025-04-24,0,,0
8828,4,1,OUT,SALE,5,2025-04-25,0,,0
8829,4,1,OUT,SALE,6,2025-04-26,0,,0
8830,4,1,OUT,SALE,5,2025-04-27,0,,0
8831,4,1,OUT,SALE,4,2025-04-28,0,,0
8832,4,1,OUT,SALE,4,2025-04-29,0,,0
8833,4,1,OUT,SALE,5,2025-04-30,0,,0
8834,4,1,OUT,SALE,8,2025-05-01,0,,0
8835,4,1,OUT,SALE,6,2025-05-02,0,,0
8836,4,1,OUT,SALE,8,2025-05-03,0,,0
8837,4,1,OUT,SALE,8,2025-05-04,0,,0
8838,4,1,OUT,SALE,6,2025-05-05,0,,0
8839,4,1,OUT,SALE,8,2025-05-06,0,,0
8840,4,1,OUT,SALE,8,2025-05-07,0,,0
8841,4,1,OUT,SALE,8,2025-05-08,0,,0
8842,4,1,OUT,SALE,6,2025-05-09,0,,0
8843,4,1,OUT,SALE,10,2025-05-10,0,,0
8844,4,1,OUT,SALE,9,2025-05-11,0,,0
8845,4,1,OUT,SALE,7,2025-05-12,0,,0
8846,4,1,OUT,SALE,6,2025-05-13,0,,0
8847,4,1,OUT,SALE,8,2025-05-14,0,,0
8848,4,1,OUT,SALE,7,2025-05-15,0,,0
8849,4,1,OUT,SALE,6,2025-05-16,0,,0
8850,4,1,OUT,SALE,8,2025-05-17,0,,0
8851,4,1,OUT,SALE,9999,2025-05-18,1,DATA_ERROR,1
8852,4,1,OUT,SALE,6,2025-05-19,0,,0
8853,4,1,OUT,SALE,8,2025-05-20,0,,0
8854,4,1,OUT,SALE,8,2025-05-21,0,,0
8855,4,1,OUT,SALE,8,2025-05-22,0,,0
8856,4,1,OUT,SALE,8,2025-05-23,0,,0
8857,4,1,OUT,SALE,7,2025-05-24,0,,0
8858,4,1,OUT,SALE,7,2025-05-25,0,,0
8859,4,1,OUT,SALE,8,2025-05-26,0,,0
8860,4,1,OUT,SALE,7,2025-05-27,0,,0
8861,4,1,OUT,SALE,6,2025-05-28,0,,0
8862,4,1,OUT,SALE,7,2025-05-29,0,,0
8863,4,1,OUT,SALE,7,2025-05-30,0,,0
8864,4,1,OUT,SALE,8,2025-05-31,0,,0
8865,4,1,OUT,SALE,9,2025-06-01,0,,0
8866,4,1,OUT,SALE,10,2025-06-02,0,,0
8867,4,1,OUT,SALE,7,2025-06-03,0,,0
8868,4,1,OUT,SALE,9,2025-06-04,0,,0
8869,4,1,OUT,SALE,10,2025-06-05,0,,0
8870,4,1,OUT,SALE,9,2025-06-06,0,,0
8871,4,1,OUT,SALE,11,2025-06-07,0,,0
8872,4,1,OUT,SALE,8,2025-06-08,0,,0
8873,4,1,OUT,SALE,9,2025-06-09,0,,0
8874,4,1,OUT,SALE,8,2025-06-10,0,,0
8875,4,1,OUT,SALE,7,2025-06-11,0,,0
8876,4,1,OUT,SALE,9,2025-06-12,0,,0
8877,4,1,OUT,SALE,8,2025-06-13,0,,0
8878,4,1,OUT,SALE,9,2025-06-14,0,,0
8879,4,1,OUT,SALE,10,2025-06-15,0,,0
8880,4,1,OUT,SALE,8,2025-06-16,0,,0
8881,4,1,OUT,SALE,9,2025-06-17,0,,0
8882,4,1,OUT,SALE,8,2025-06-18,0,,0
8883,4,1,OUT,SALE,10,2025-06-19,0,,0
8884,4,1,OUT,SALE,8,2025-06-20,0,,0
8885,4,1,OUT,SALE,9,2025-06-21,0,,0
8886,4,1,OUT,SALE,10,2025-06-22,0,,0
8887,4,1,OUT,SALE,7,2025-06-23,0,,0
8888,4,1,OUT,SALE,7,2025-06-24,0,,0
8889,4,1,OUT,SALE,9,2025-06-25,0,,0
8890,4,1,OUT,SALE,9,2025-06-26,0,,0
8891,4,1,OUT,SALE,9,2025-06-27,0,,0
8892,4,1,OUT,SALE,10,2025-06-28,0,,0
8893,4,1,OUT,SALE,9,2025-06-29,0,,0
8894,4,1,OUT,SALE,9,2025-06-30,0,,0
8895,4,1,OUT,SALE,10,2025-07-01,0,,0
8896,4,1,OUT,SALE,9,2025-07-02,0,,0
8897,4,1,OUT,SALE,10,2025-07-03,0,,0
8898,4,1,OUT,SALE,8,2025-07-04,0,,0
8899,4,1,OUT,SALE,9,2025-07-05,0,,0
8900,4,1,OUT,SALE,12,2025-07-06,0,,0
8901,4,1,OUT,SALE,7,2025-07-07,0,,0
8902,4,1,OUT,SALE,8,2025-07-08,0,,0
8903,4,1,OUT,SALE,8,2025-07-09,0,,0
8904,4,1,OUT,SALE,7,2025-07-10,0,,0
8905,4,1,OUT,SALE,9,2025-07-11,0,,0
8906,4,1,OUT,SALE,11,2025-07-12,0,,0
8907,4,1,OUT,SALE,11,2025-07-13,0,,0
8908,4,1,OUT,SALE,10,2025-07-14,0,,0
8909,4,1,OUT,SALE,10,2025-07-15,0,,0
8910,4,1,OUT,SALE,9,2025-07-16,0,,0
8911,4,1,OUT,SALE,12,2025-07-17,0,,0
8912,4,1,OUT,SALE,9,2025-07-18,0,,0
8913,4,1,OUT,SALE,10,2025-07-19,0,,0
8914,4,1,OUT,SALE,21,2025-07-20,0,,0
8915,4,1,OUT,SALE,21,2025-07-21,0,,0
8916,4,1,OUT,SALE,19,2025-07-22,0,,0
8917,4,1,OUT,SALE,20,2025-07-23,0,,0
8918,4,1,OUT,SALE,19,2025-07-24,0,,0
8919,4,1,OUT,SALE,19,2025-07-25,0,,0
8920,4,1,OUT,SALE,11,2025-07-26,0,,0
8921,4,1,OUT,SALE,10,2025-07-27,0,,0
8922,4,1,OUT,SALE,9,2025-07-28,0,,0
8923,4,1,OUT,SALE,10,2025-07-29,0,,0
8924,4,1,OUT,SALE,9,2025-07-30,0,,0
8925,4,1,OUT,SALE,9,2025-07-31,0,,0
8926,4,1,OUT,SALE,8,2025-08-01,0,,0
8927,4,1,OUT,SALE,9,2025-08-02,0,,0
8928,4,1,OUT,SALE,8,2025-08-03,0,,0
8929,4,1,OUT,SALE,10,2025-08-04,0,,0
8930,4,1,OUT,SALE,10,2025-08-05,0,,0
8931,4,1,OUT,SALE,9,2025-08-06,0,,0
8932,4,1,OUT,SALE,11,2025-08-07,0,,0
8933,4,1,OUT,SALE,9,2025-08-08,0,,0
8934,4,1,OUT,SALE,10,2025-08-09,0,,0
8935,4,1,OUT,SALE,10,2025-08-10,0,,0
8936,4,1,OUT,SALE,10,2025-08-11,0,,0
8937,4,1,OUT,SALE,8,2025-08-12,0,,0
8938,4,1,OUT,SALE,7,2025-08-13,0,,0
8939,4,1,OUT,SALE,9,2025-08-14,0,,0
8940,4,1,OUT,SALE,8,2025-08-15,0,,0
8941,4,1,OUT,SALE,7,2025-08-16,0,,0
8942,4,1,OUT,SALE,8,2025-08-17,0,,0
8943,4,1,OUT,SALE,8,2025-08-18,0,,0
8944,4,1,OUT,SALE,8,2025-08-19,0,,0
8945,4,1,OUT,SALE,9,2025-08-20,0,,0
8946,4,1,OUT,SALE,10,2025-08-21,0,,0
8947,4,1,OUT,SALE,8,2025-08-22,0,,0
8948,4,1,OUT,SALE,10,2025-08-23,0,,0
8949,4,1,OUT,SALE,8,2025-08-24,0,,0
8950,4,1,OUT,SALE,8,2025-08-25,0,,0
8951,4,1,OUT,SALE,9,2025-08-26,0,,0
8952,4,1,OUT,SALE,7,2025-08-27,0,,0
8953,4,1,OUT,SALE,7,2025-08-28,0,,0
8954,4,1,OUT,SALE,9,2025-08-29,0,,0
8955,4,1,OUT,SALE,9,2025-08-30,0,,0
8956,4,1,OUT,SALE,10,2025-08-31,0,,0
8957,4,1,OUT,SALE,7,2025-09-01,0,,0
8958,4,1,OUT,SALE,9,2025-09-02,0,,0
8959,4,1,OUT,SALE,7,2025-09-03,0,,0
8960,4,1,OUT,SALE,8,2025-09-04,0,,0
8961,4,1,OUT,SALE,5,2025-09-05,0,,0
8962,4,1,OUT,SALE,8,2025-09-06,0,,0
8963,4,1,OUT,SALE,8,2025-09-07,0,,0
8964,4,1,OUT,SALE,6,2025-09-08,0,,0
8965,4,1,OUT,SALE,7,2025-09-09,0,,0
8966,4,1,OUT,SALE,7,2025-09-10,0,,0
8967,4,1,OUT,SALE,5,2025-09-11,0,,0
8968,4,1,OUT,SALE,6,2025-09-12,0,,0
8969,4,1,OUT,SALE,9,2025-09-13,0,,0
8970,4,1,OUT,SALE,6,2025-09-14,0,,0
8971,4,1,OUT,SALE,7,2025-09-15,0,,0
8972,4,1,OUT,SALE,7,2025-09-16,0,,0
8973,4,1,OUT,SALE,7,2025-09-17,0,,0
8974,4,1,OUT,SALE,7,2025-09-18,0,,0
8975,4,1,OUT,SALE,7,2025-09-19,0,,0
8976,4,1,OUT,SALE,7,2025-09-20,0,,0
8977,4,1,OUT,SALE,8,2025-09-21,0,,0
8978,4,1,OUT,SALE,6,2025-09-22,0,,0
8979,4,1,OUT,SALE,7,2025-09-23,0,,0
8980,4,1,OUT,SALE,7,2025-09-24,0,,0
8981,4,1,OUT,SALE,7,2025-09-25,0,,0
8982,4,1,OUT,SALE,7,2025-09-26,0,,0
8983,4,1,OUT,SALE,7,2025-09-27,0,,0
8984,4,1,OUT,SALE,8,2025-09-28,0,,0
8985,4,1,OUT,SALE,7,2025-09-29,0,,0
8986,4,1,OUT,SALE,13,2025-09-30,0,,0
8987,4,1,OUT,SALE,8,2025-10-01,0,,0
8988,4,1,OUT,SALE,9,2025-10-02,0,,0
8989,4,1,OUT,SALE,8,2025-10-03,0,,0
8990,4,1,OUT,SALE,4,2025-10-04,0,,0
8991,4,1,OUT,SALE,5,2025-10-05,0,,0
8992,4,1,OUT,SALE,5,2025-10-06,0,,0
8993,4,1,OUT,SALE,5,2025-10-07,0,,0
8994,4,1,OUT,SALE,4,2025-10-08,0,,0
8995,4,1,OUT,SALE,5,2025-10-09,0,,0
8996,4,1,OUT,SALE,5,2025-10-10,0,,0
8997,4,1,OUT,SALE,5,2025-10-11,0,,0
8998,4,1,OUT,SALE,5,2025-10-12,0,,0
8999,4,1,OUT,SALE,6,2025-10-13,0,,0
9000,4,1,OUT,SALE,5,2025-10-14,0,,0
9001,4,1,OUT,SALE,4,2025-10-15,0,,0
9002,4,1,OUT,SALE,5,2025-10-16,0,,0
9003,4,1,OUT,SALE,5,2025-10-17,0,,0
9004,4,1,OUT,SALE,4,2025-10-18,0,,0
9005,4,1,OUT,SALE,6,2025-10-19,0,,0
9006,4,1,OUT,SALE,5,2025-10-20,0,,0
9007,4,1,OUT,SALE,5,2025-10-21,0,,0
9008,4,1,OUT,SALE,4,2025-10-22,0,,0
9009,4,1,OUT,SALE,5,2025-10-23,0,,0
9010,4,1,OUT,SALE,5,2025-10-24,0,,0
9011,4,1,OUT,SALE,5,2025-10-25,0,,0
9012,4,1,OUT,SALE,5,2025-10-26,0,,0
9013,4,1,OUT,SALE,6,2025-10-27,0,,0
9014,4,1,OUT,SALE,4,2025-10-28,0,,0
9015,4,1,OUT,SALE,4,2025-10-29,0,,0
9016,4,1,OUT,SALE,5,2025-10-30,0,,0
9017,4,1,OUT,SALE,5,2025-10-31,0,,0
9018,4,1,OUT,SALE,3,2025-11-01,0,,0
9019,4,1,OUT,SALE,2,2025-11-02,0,,0
9020,4,1,OUT,SALE,2,2025-11-03,0,,0
9021,4,1,OUT,SALE,3,2025-11-04,0,,0
9022,4,1,OUT,SALE,3,2025-11-05,0,,0
9023,4,1,OUT,SALE,2,2025-11-06,0,,0
9024,4,1,OUT,SALE,3,2025-11-07,0,,0
9025,4,1,OUT,SALE,3,2025-11-08,0,,0
9026,4,1,OUT,SALE,3,2025-11-09,0,,0
9027,4,1,OUT,SALE,3,2025-11-10,0,,0
9028,4,1,OUT,SALE,3,2025-11-11,0,,0
9029,4,1,OUT,SALE,2,2025-11-12,0,,0
9030,4,1,OUT,SALE,3,2025-11-13,0,,0
9031,4,1,OUT,SALE,3,2025-11-14,0,,0
9032,4,1,OUT,SALE,3,2025-11-15,0,,0
9033,4,1,OUT,SALE,3,2025-11-16,0,,0
9034,4,1,OUT,SALE,3,2025-11-17,0,,0
9035,4,1,OUT,SALE,3,2025-11-18,0,,0
9036,4,1,OUT,SALE,2,2025-11-19,0,,0
9037,4,1,OUT,SALE,3,2025-11-20,0,,0
9038,4,1,OUT,SALE,3,2025-11-21,0,,0
9039,4,1,OUT,SALE,3,2025-11-22,0,,0
9040,4,1,OUT,DAMAGE,8,2025-11-23,1,REPEATED_LOSS,0
9041,4,1,OUT,SALE,3,2025-11-24,0,,0
9042,4,1,OUT,SALE,3,2025-11-25,0,,0
9043,4,1,OUT,SALE,3,2025-11-26,0,,0
9044,4,1,OUT,SALE,2,2025-11-27,0,,0
9045,4,1,OUT,SALE,7,2025-11-28,0,,0
9046,4,1,OUT,SALE,7,2025-11-29,0,,0
9047,4,1,OUT,SALE,8,2025-11-30,0,,0
9048,4,1,OUT,SALE,1,2025-12-01,0,,0
9049,4,1,OUT,SALE,1,2025-12-02,0,,0
9050,4,1,OUT,SALE,1,2025-12-03,0,,0
9051,4,1,OUT,SALE,1,2025-12-04,0,,0
9052,4,1,OUT,SALE,1,2025-12-05,0,,0
9053,4,1,OUT,SALE,1,2025-12-06,0,,0
9054,4,1,OUT,SALE,1,2025-12-07,0,,0
9055,4,1,OUT,SALE,1,2025-12-08,0,,0
9056,4,1,OUT,SALE,1,2025-12-09,0,,0
9057,4,1,OUT,SALE,1,2025-12-10,0,,0
9058,4,1,OUT,SALE,1,2025-12-11,0,,0
9059,4,1,OUT,SALE,1,2025-12-12,0,,0
9060,4,1,OUT,SALE,1,2025-12-13,0,,0
9061,4,1,OUT,SALE,1,2025-12-14,0,,0
9062,4,1,OUT,SALE,1,2025-12-15,0,,0
9063,4,1,OUT,SALE,1,2025-12-16,0,,0
9064,4,1,OUT,SALE,1,2025-12-17,0,,0
9065,4,1,OUT,SALE,1,2025-12-18,0,,0
9066,4,1,OUT,SALE,1,2025-12-19,0,,0
9067,4,1,OUT,SALE,1,2025-12-20,0,,0
9068,4,1,OUT,SALE,2,2025-12-21,0,,0
9069,4,1,OUT,SALE,1,2025-12-22,0,,0
9070,4,1,OUT,SALE,1,2025-12-23,0,,0
9071,4,1,OUT,SALE,2,2025-12-24,0,,0
9072,4,1,OUT,SALE,2,2025-12-25,0,,0
9073,4,1,OUT,SALE,2,2025-12-26,0,,0
9074,4,1,OUT,SALE,1,2025-12-27,0,,0
9075,4,1,OUT,SALE,1,2025-12-28,0,,0
9076,4,1,OUT,SALE,1,2025-12-29,0,,0
9077,4,1,OUT,SALE,1,2025-12-30,0,,0
9078,4,1,OUT,SALE,1,2025-12-31,0,,0
9079,4,2,OUT,SALE,1,2025-01-25,0,,0
9080,4,2,OUT,SALE,1,2025-01-26,0,,0
9081,4,2,OUT,SALE,1,2025-01-27,0,,0
9082,4,2,OUT,SALE,1,2025-01-28,0,,0
9083,4,2,OUT,SALE,1,2025-02-01,0,,0
9084,4,2,OUT,SALE,1,2025-02-02,0,,0
9085,4,2,OUT,SALE,1,2025-02-03,0,,0
9086,4,2,OUT,SALE,1,2025-02-04,0,,0
9087,4,2,OUT,SALE,1,2025-02-05,0,,0
9088,4,2,OUT,SALE,1,2025-02-06,0,,0
9089,4,2,OUT,DAMAGE,2,2025-02-07,1,REPEATED_LOSS,0
9090,4,2,OUT,SALE,1,2025-02-08,0,,0
9091,4,2,OUT,SALE,1,2025-02-09,0,,0
9092,4,2,OUT,SALE,1,2025-02-10,0,,0
9093,4,2,OUT,SALE,1,2025-02-11,0,,0
9094,4,2,OUT,SALE,1,2025-02-12,0,,0
9095,4,2,OUT,SALE,1,2025-02-13,0,,0
9096,4,2,OUT,SALE,1,2025-02-14,0,,0
9097,4,2,OUT,SALE,1,2025-02-15,0,,0
9098,4,2,OUT,SALE,1,2025-02-16,0,,0
9099,4,2,OUT,SALE,1,2025-02-17,0,,0
9100,4,2,OUT,SALE,1,2025-02-18,0,,0
9101,4,2,OUT,SALE,1,2025-02-19,0,,0
9102,4,2,OUT,SALE,1,2025-02-20,0,,0
9103,4,2,OUT,SALE,1,2025-02-21,0,,0
9104,4,2,OUT,SALE,1,2025-02-22,0,,0
9105,4,2,OUT,SALE,1,2025-02-23,0,,0
9106,4,2,OUT,SALE,1,2025-02-24,0,,0
9107,4,2,OUT,SALE,1,2025-02-25,0,,0
9108,4,2,OUT,SALE,1,2025-02-26,0,,0
9109,4,2,OUT,SALE,1,2025-02-27,0,,0
9110,4,2,OUT,SALE,1,2025-02-28,0,,0
9111,4,2,OUT,SALE,2,2025-03-01,0,,0
9112,4,2,OUT,SALE,2,2025-03-02,0,,0
9113,4,2,OUT,SALE,2,2025-03-03,0,,0
9114,4,2,OUT,SALE,2,2025-03-04,0,,0
9115,4,2,OUT,SALE,2,2025-03-05,0,,0
9116,4,2,OUT,SALE,2,2025-03-06,0,,0
9117,4,2,OUT,SALE,2,2025-03-07,0,,0
9118,4,2,OUT,SALE,2,2025-03-08,0,,0
9119,4,2,OUT,SALE,2,2025-03-09,0,,0
9120,4,2,OUT,SALE,2,2025-03-10,0,,0
9121,4,2,OUT,DAMAGE,9,2025-03-11,1,OFF_HOURS_BULK,0
9122,4,2,OUT,SALE,2,2025-03-12,0,,0
9123,4,2,OUT,SALE,2,2025-03-13,0,,0
9124,4,2,OUT,SALE,2,2025-03-14,0,,0
9125,4,2,OUT,SALE,2,2025-03-15,0,,0
9126,4,2,OUT,SALE,2,2025-03-16,0,,0
9127,4,2,OUT,SALE,1,2025-03-17,0,,0
9128,4,2,OUT,SALE,2,2025-03-18,0,,0
9129,4,2,OUT,SALE,2,2025-03-19,0,,0
9130,4,2,OUT,SALE,1,2025-03-20,0,,0
9131,4,2,OUT,DAMAGE,4,2025-03-21,1,OFF_HOURS_BULK,0
9132,4,2,OUT,SALE,2,2025-03-22,0,,0
9133,4,2,OUT,SALE,2,2025-03-23,0,,0
9134,4,2,OUT,SALE,2,2025-03-24,0,,0
9135,4,2,OUT,SALE,2,2025-03-25,0,,0
9136,4,2,OUT,SALE,2,2025-03-26,0,,0
9137,4,2,OUT,SALE,2,2025-03-27,0,,0
9138,4,2,OUT,SALE,2,2025-03-28,0,,0
9139,4,2,OUT,SALE,2,2025-03-29,0,,0
9140,4,2,OUT,SALE,2,2025-03-30,0,,0
9141,4,2,OUT,SALE,2,2025-03-31,0,,0
9142,4,2,OUT,SALE,3,2025-04-01,0,,0
9143,4,2,OUT,SALE,3,2025-04-02,0,,0
9144,4,2,OUT,SALE,3,2025-04-03,0,,0
9145,4,2,OUT,SALE,3,2025-04-04,0,,0
9146,4,2,OUT,SALE,4,2025-04-05,0,,0
9147,4,2,OUT,SALE,4,2025-04-06,0,,0
9148,4,2,OUT,SALE,3,2025-04-07,0,,0
9149,4,2,OUT,SALE,3,2025-04-08,0,,0
9150,4,2,OUT,SALE,3,2025-04-09,0,,0
9151,4,2,OUT,SALE,3,2025-04-10,0,,0
9152,4,2,OUT,SALE,3,2025-04-11,0,,0
9153,4,2,OUT,SALE,3,2025-04-12,0,,0
9154,4,2,OUT,SALE,4,2025-04-13,0,,0
9155,4,2,OUT,SALE,3,2025-04-14,0,,0
9156,4,2,OUT,SALE,3,2025-04-15,0,,0
9157,4,2,OUT,SALE,3,2025-04-16,0,,0
9158,4,2,OUT,SALE,3,2025-04-17,0,,0
9159,4,2,OUT,SALE,3,2025-04-18,0,,0
9160,4,2,OUT,SALE,3,2025-04-19,0,,0
9161,4,2,OUT,SALE,3,2025-04-20,0,,0
9162,4,2,OUT,SALE,3,2025-04-21,0,,0
9163,4,2,OUT,SALE,3,2025-04-22,0,,0
9164,4,2,OUT,SALE,3,2025-04-23,0,,0
9165,4,2,OUT,SALE,3,2025-04-24,0,,0
9166,4,2,OUT,SALE,3,2025-04-25,0,,0
9167,4,2,OUT,SALE,3,2025-04-26,0,,0
9168,4,2,OUT,SALE,4,2025-04-27,0,,0
9169,4,2,OUT,SALE,3,2025-04-28,0,,0
9170,4,2,OUT,SALE,3,2025-04-29,0,,0
9171,4,2,OUT,SALE,3,2025-04-30,0,,0
9172,4,2,OUT,SALE,4,2025-05-01,0,,0
9173,4,2,OUT,SALE,5,2025-05-02,0,,0
9174,4,2,OUT,SALE,4,2025-05-03,0,,0
9175,4,2,OUT,SALE,4,2025-05-04,0,,0
9176,4,2,OUT,SALE,4,2025-05-05,0,,0
9177,4,2,OUT,SALE,5,2025-05-06,0,,0
9178,4,2,OUT,SALE,4,2025-05-07,0,,0
9179,4,2,OUT,SALE,5,2025-05-08,0,,0
9180,4,2,OUT,SALE,4,2025-05-09,0,,0
9181,4,2,OUT,SALE,4,2025-05-10,0,,0
9182,4,2,OUT,SALE,5,2025-05-11,0,,0
9183,4,2,OUT,SALE,5,2025-05-12,0,,0
9184,4,2,OUT,SALE,5,2025-05-13,0,,0
9185,4,2,OUT,SALE,5,2025-05-14,0,,0
9186,4,2,OUT,SALE,4,2025-05-15,0,,0
9187,4,2,OUT,SALE,5,2025-05-16,0,,0
9188,4,2,OUT,SALE,4,2025-05-17,0,,0
9189,4,2,OUT,SALE,6,2025-05-18,0,,0
9190,4,2,OUT,SALE,4,2025-05-19,0,,0
9191,4,2,OUT,SALE,4,2025-05-20,0,,0
9192,4,2,OUT,SALE,4,2025-05-21,0,,0
9193,4,2,OUT,SALE,4,2025-05-22,0,,0
9194,4,2,OUT,SALE,4,2025-05-23,0,,0
9195,4,2,OUT,SALE,6,2025-05-24,0,,0
9196,4,2,OUT,SALE,5,2025-05-25,0,,0
9197,4,2,OUT,DAMAGE,32,2025-05-26,1,THEFT_SPIKE,0
9198,4,2,OUT,SALE,5,2025-05-27,0,,0
9199,4,2,OUT,SALE,4,2025-05-28,0,,0
9200,4,2,OUT,SALE,4,2025-05-29,0,,0
9201,4,2,OUT,SALE,4,2025-05-30,0,,0
9202,4,2,OUT,SALE,4,2025-05-31,0,,0
9203,4,2,OUT,SALE,7,2025-06-01,0,,0
9204,4,2,OUT,SALE,7,2025-06-02,0,,0
9205,4,2,OUT,SALE,5,2025-06-03,0,,0
9206,4,2,OUT,SALE,5,2025-06-04,0,,0
9207,4,2,OUT,SALE,5,2025-06-05,0,,0
9208,4,2,OUT,SALE,5,2025-06-06,0,,0
9209,4,2,OUT,SALE,6,2025-06-07,0,,0
9210,4,2,OUT,SALE,5,2025-06-08,0,,0
9211,4,2,OUT,SALE,5,2025-06-09,0,,0
9212,4,2,OUT,SALE,6,2025-06-10,0,,0
9213,4,2,OUT,SALE,4,2025-06-11,0,,0
9214,4,2,OUT,SALE,5,2025-06-12,0,,0
9215,4,2,OUT,SALE,5,2025-06-13,0,,0
9216,4,2,OUT,SALE,6,2025-06-14,0,,0
9217,4,2,OUT,SALE,7,2025-06-15,0,,0
9218,4,2,OUT,SALE,6,2025-06-16,0,,0
9219,4,2,OUT,SALE,4,2025-06-17,0,,0
9220,4,2,OUT,SALE,5,2025-06-18,0,,0
9221,4,2,OUT,SALE,5,2025-06-19,0,,0
9222,4,2,OUT,SALE,5,2025-06-20,0,,0
9223,4,2,OUT,SALE,6,2025-06-21,0,,0
9224,4,2,OUT,SALE,5,2025-06-22,0,,0
9225,4,2,OUT,SALE,5,2025-06-23,0,,0
9226,4,2,OUT,SALE,6,2025-06-24,0,,0
9227,4,2,OUT,SALE,5,2025-06-25,0,,0
9228,4,2,OUT,SALE,5,2025-06-26,0,,0
9229,4,2,OUT,SALE,6,2025-06-27,0,,0
9230,4,2,OUT,SALE,7,2025-06-28,0,,0
9231,4,2,OUT,SALE,4,2025-06-29,0,,0
9232,4,2,OUT,SALE,5,2025-06-30,0,,0
9233,4,2,OUT,SALE,8,2025-07-01,0,,0
9234,4,2,OUT,SALE,6,2025-07-02,0,,0
9235,4,2,OUT,SALE,6,2025-07-03,0,,0
9236,4,2,OUT,SALE,7,2025-07-04,0,,0
9237,4,2,OUT,SALE,7,2025-07-05,0,,0
9238,4,2,OUT,SALE,7,2025-07-06,0,,0
9239,4,2,OUT,SALE,5,2025-07-07,0,,0
9240,4,2,OUT,SALE,6,2025-07-08,0,,0
9241,4,2,OUT,SALE,6,2025-07-09,0,,0
9242,4,2,OUT,SALE,6,2025-07-10,0,,0
9243,4,2,OUT,SALE,5,2025-07-11,0,,0
9244,4,2,OUT,SALE,6,2025-07-12,0,,0
9245,4,2,OUT,SALE,5,2025-07-13,0,,0
9246,4,2,OUT,SALE,5,2025-07-14,0,,0
9247,4,2,OUT,SALE,6,2025-07-15,0,,0
9248,4,2,OUT,SALE,6,2025-07-16,0,,0
9249,4,2,OUT,SALE,5,2025-07-17,0,,0
9250,4,2,OUT,SALE,4,2025-07-18,0,,0
9251,4,2,OUT,SALE,6,2025-07-19,0,,0
9252,4,2,OUT,SALE,16,2025-07-20,0,,0
9253,4,2,OUT,SALE,12,2025-07-21,0,,0
9254,4,2,OUT,SALE,10,2025-07-22,0,,0
9255,4,2,OUT,SALE,9999,2025-07-23,1,DATA_ERROR,1
9256,4,2,OUT,SALE,13,2025-07-24,0,,0
9257,4,2,OUT,SALE,14,2025-07-25,0,,0
9258,4,2,OUT,SALE,6,2025-07-26,0,,0
9259,4,2,OUT,SALE,7,2025-07-27,0,,0
9260,4,2,OUT,SALE,6,2025-07-28,0,,0
9261,4,2,OUT,SALE,5,2025-07-29,0,,0
9262,4,2,OUT,SALE,6,2025-07-30,0,,0
9263,4,2,OUT,SALE,6,2025-07-31,0,,0
9264,4,2,OUT,SALE,5,2025-08-01,0,,0
9265,4,2,OUT,SALE,7,2025-08-02,0,,0
9266,4,2,OUT,SALE,6,2025-08-03,0,,0
9267,4,2,OUT,SALE,4,2025-08-04,0,,0
9268,4,2,OUT,SALE,5,2025-08-05,0,,0
9269,4,2,OUT,SALE,5,2025-08-06,0,,0
9270,4,2,OUT,SALE,5,2025-08-07,0,,0
9271,4,2,OUT,SALE,5,2025-08-08,0,,0
9272,4,2,OUT,SALE,6,2025-08-09,0,,0
9273,4,2,OUT,SALE,6,2025-08-10,0,,0
9274,4,2,OUT,SALE,5,2025-08-11,0,,0
9275,4,2,OUT,SALE,6,2025-08-12,0,,0
9276,4,2,OUT,SALE,5,2025-08-13,0,,0
9277,4,2,OUT,SALE,6,2025-08-14,0,,0
9278,4,2,OUT,SALE,4,2025-08-15,0,,0
9279,4,2,OUT,SALE,6,2025-08-16,0,,0
9280,4,2,OUT,SALE,7,2025-08-17,0,,0
9281,4,2,OUT,SALE,5,2025-08-18,0,,0
9282,4,2,OUT,SALE,5,2025-08-19,0,,0
9283,4,2,OUT,SALE,5,2025-08-20,0,,0
9284,4,2,OUT,SALE,5,2025-08-21,0,,0
9285,4,2,OUT,SALE,6,2025-08-22,0,,0
9286,4,2,OUT,SALE,7,2025-08-23,0,,0
9287,4,2,OUT,SALE,6,2025-08-24,0,,0
9288,4,2,OUT,SALE,4,2025-08-25,0,,0
9289,4,2,OUT,SALE,5,2025-08-26,0,,0
9290,4,2,OUT,SALE,6,2025-08-27,0,,0
9291,4,2,OUT,SALE,6,2025-08-28,0,,0
9292,4,2,OUT,SALE,6,2025-08-29,0,,0
9293,4,2,OUT,SALE,6,2025-08-30,0,,0
9294,4,2,OUT,SALE,6,2025-08-31,0,,0
9295,4,2,OUT,SALE,4,2025-09-01,0,,0
9296,4,2,OUT,SALE,4,2025-09-02,0,,0
9297,4,2,OUT,SALE,3,2025-09-03,0,,0
9298,4,2,OUT,SALE,4,2025-09-04,0,,0
9299,4,2,OUT,SALE,4,2025-09-05,0,,0
9300,4,2,OUT,SALE,4,2025-09-06,0,,0
9301,4,2,OUT,SALE,5,2025-09-07,0,,0
9302,4,2,OUT,SALE,4,2025-09-08,0,,0
9303,4,2,OUT,SALE,4,2025-09-09,0,,0
9304,4,2,OUT,SALE,5,2025-09-10,0,,0
9305,4,2,OUT,SALE,4,2025-09-11,0,,0
9306,4,2,OUT,SALE,4,2025-09-12,0,,0
9307,4,2,OUT,SALE,5,2025-09-13,0,,0
9308,4,2,OUT,SALE,4,2025-09-14,0,,0
9309,4,2,OUT,SALE,4,2025-09-15,0,,0
9310,4,2,OUT,SALE,5,2025-09-16,0,,0
9311,4,2,OUT,SALE,5,2025-09-17,0,,0
9312,4,2,OUT,SALE,5,2025-09-18,0,,0
9313,4,2,OUT,SALE,3,2025-09-19,0,,0
9314,4,2,OUT,SALE,5,2025-09-20,0,,0
9315,4,2,OUT,SALE,4,2025-09-21,0,,0
9316,4,2,OUT,SALE,4,2025-09-22,0,,0
9317,4,2,OUT,SALE,4,2025-09-23,0,,0
9318,4,2,OUT,SALE,5,2025-09-24,0,,0
9319,4,2,OUT,SALE,4,2025-09-25,0,,0
9320,4,2,OUT,SALE,4,2025-09-26,0,,0
9321,4,2,OUT,SALE,6,2025-09-27,0,,0
9322,4,2,OUT,SALE,5,2025-09-28,0,,0
9323,4,2,OUT,SALE,5,2025-09-29,0,,0
9324,4,2,OUT,SALE,9,2025-09-30,0,,0
9325,4,2,OUT,SALE,6,2025-10-01,0,,0
9326,4,2,OUT,SALE,4,2025-10-02,0,,0
9327,4,2,OUT,SALE,7,2025-10-03,0,,0
9328,4,2,OUT,SALE,3,2025-10-04,0,,0
9329,4,2,OUT,SALE,3,2025-10-05,0,,0
9330,4,2,OUT,SALE,3,2025-10-06,0,,0
9331,4,2,OUT,SALE,3,2025-10-07,0,,0
9332,4,2,OUT,SALE,3,2025-10-08,0,,0
9333,4,2,OUT,SALE,3,2025-10-09,0,,0
9334,4,2,OUT,SALE,2,2025-10-10,0,,0
9335,4,2,OUT,SALE,3,2025-10-11,0,,0
9336,4,2,OUT,SALE,4,2025-10-12,0,,0
9337,4,2,OUT,SALE,3,2025-10-13,0,,0
9338,4,2,OUT,SALE,3,2025-10-14,0,,0
9339,4,2,OUT,SALE,3,2025-10-15,0,,0
9340,4,2,OUT,SALE,2,2025-10-16,0,,0
9341,4,2,OUT,SALE,3,2025-10-17,0,,0
9342,4,2,OUT,SALE,3,2025-10-18,0,,0
9343,4,2,OUT,SALE,3,2025-10-19,0,,0
9344,4,2,OUT,SALE,3,2025-10-20,0,,0
9345,4,2,OUT,SALE,3,2025-10-21,0,,0
9346,4,2,OUT,SALE,4,2025-10-22,0,,0
9347,4,2,OUT,SALE,3,2025-10-23,0,,0
9348,4,2,OUT,SALE,2,2025-10-24,0,,0
9349,4,2,OUT,SALE,3,2025-10-25,0,,0
9350,4,2,OUT,SALE,3,2025-10-26,0,,0
9351,4,2,OUT,SALE,3,2025-10-27,0,,0
9352,4,2,OUT,SALE,3,2025-10-28,0,,0
9353,4,2,OUT,SALE,3,2025-10-29,0,,0
9354,4,2,OUT,SALE,3,2025-10-30,0,,0
9355,4,2,OUT,SALE,3,2025-10-31,0,,0
9356,4,2,OUT,SALE,2,2025-11-01,0,,0
9357,4,2,OUT,SALE,2,2025-11-02,0,,0
9358,4,2,OUT,SALE,1,2025-11-03,0,,0
9359,4,2,OUT,SALE,1,2025-11-04,0,,0
9360,4,2,OUT,SALE,1,2025-11-05,0,,0
9361,4,2,OUT,SALE,1,2025-11-06,0,,0
9362,4,2,OUT,SALE,2,2025-11-07,0,,0
9363,4,2,OUT,SALE,2,2025-11-08,0,,0
9364,4,2,OUT,SALE,2,2025-11-09,0,,0
9365,4,2,OUT,SALE,2,2025-11-10,0,,0
9366,4,2,OUT,SALE,2,2025-11-11,0,,0
9367,4,2,OUT,SALE,1,2025-11-12,0,,0
9368,4,2,OUT,SALE,2,2025-11-13,0,,0
9369,4,2,OUT,SALE,2,2025-11-14,0,,0
9370,4,2,OUT,SALE,2,2025-11-15,0,,0
9371,4,2,OUT,SALE,2,2025-11-16,0,,0
9372,4,2,OUT,SALE,2,2025-11-17,0,,0
9373,4,2,OUT,SALE,2,2025-11-18,0,,0
9374,4,2,OUT,SALE,2,2025-11-19,0,,0
9375,4,2,OUT,SALE,2,2025-11-20,0,,0
9376,4,2,OUT,SALE,1,2025-11-21,0,,0
9377,4,2,OUT,SALE,2,2025-11-22,0,,0
9378,4,2,OUT,SALE,1,2025-11-23,0,,0
9379,4,2,OUT,SALE,2,2025-11-24,0,,0
9380,4,2,OUT,SALE,1,2025-11-25,0,,0
9381,4,2,OUT,SALE,2,2025-11-26,0,,0
9382,4,2,OUT,SALE,1,2025-11-27,0,,0
9383,4,2,OUT,SALE,4,2025-11-28,0,,0
9384,4,2,OUT,SALE,4,2025-11-29,0,,0
9385,4,2,OUT,SALE,5,2025-11-30,0,,0
9386,4,2,OUT,SALE,1,2025-12-01,0,,0
9387,4,2,OUT,SALE,1,2025-12-02,0,,0
9388,4,2,OUT,SALE,1,2025-12-03,0,,0
9389,4,2,OUT,SALE,1,2025-12-04,0,,0
9390,4,2,OUT,SALE,1,2025-12-05,0,,0
9391,4,2,OUT,SALE,1,2025-12-06,0,,0
9392,4,2,OUT,SALE,1,2025-12-07,0,,0
9393,4,2,OUT,SALE,1,2025-12-08,0,,0
9394,4,2,OUT,SALE,0,2025-12-09,1,DATA_ERROR,0
9395,4,2,OUT,SALE,1,2025-12-10,0,,0
9396,4,2,OUT,SALE,1,2025-12-11,0,,0
9397,4,2,OUT,SALE,1,2025-12-12,0,,0
9398,4,2,OUT,SALE,1,2025-12-13,0,,0
9399,4,2,OUT,SALE,1,2025-12-14,0,,0
9400,4,2,OUT,SALE,1,2025-12-15,0,,0
9401,4,2,OUT,SALE,1,2025-12-16,0,,0
9402,4,2,OUT,SALE,1,2025-12-17,0,,0
9403,4,2,OUT,SALE,1,2025-12-18,0,,0
9404,4,2,OUT,SALE,1,2025-12-19,0,,0
9405,4,2,OUT,SALE,1,2025-12-20,0,,0
9406,4,2,OUT,SALE,1,2025-12-21,0,,0
9407,4,2,OUT,SALE,1,2025-12-22,0,,0
9408,4,2,OUT,SALE,1,2025-12-23,0,,0
9409,4,2,OUT,SALE,1,2025-12-24,0,,0
9410,4,2,OUT,SALE,1,2025-12-25,0,,0
9411,4,2,OUT,SALE,1,2025-12-26,0,,0
9412,4,2,OUT,SALE,1,2025-12-27,0,,0
9413,4,2,OUT,SALE,1,2025-12-28,0,,0
9414,4,2,OUT,SALE,1,2025-12-29,0,,0
9415,4,2,OUT,SALE,1,2025-12-30,0,,0
9416,4,2,OUT,SALE,1,2025-12-31,0,,0
9417,4,3,OUT,SALE,6,2025-01-01,0,,0
9418,4,3,OUT,SALE,6,2025-01-02,0,,0
9419,4,3,OUT,SALE,8,2025-01-03,0,,0
9420,4,3,OUT,SALE,9,2025-01-04,0,,0
9421,4,3,OUT,SALE,8,2025-01-05,0,,0
9422,4,3,OUT,SALE,8,2025-01-06,0,,0
9423,4,3,OUT,SALE,7,2025-01-07,0,,0
9424,4,3,OUT,SALE,8,2025-01-08,0,,0
9425,4,3,OUT,SALE,8,2025-01-09,0,,0
9426,4,3,OUT,SALE,8,2025-01-10,0,,0
9427,4,3,OUT,SALE,9,2025-01-11,0,,0
9428,4,3,OUT,SALE,8,2025-01-12,0,,0
9429,4,3,OUT,SALE,8,2025-01-13,0,,0
9430,4,3,OUT,SALE,8,2025-01-14,0,,0
9431,4,3,OUT,SALE,7,2025-01-15,0,,0
9432,4,3,OUT,SALE,6,2025-01-16,0,,0
9433,4,3,OUT,SALE,7,2025-01-17,0,,0
9434,4,3,OUT,SALE,7,2025-01-18,0,,0
9435,4,3,OUT,SALE,9,2025-01-19,0,,0
9436,4,3,OUT,SALE,8,2025-01-20,0,,0
9437,4,3,OUT,SALE,8,2025-01-21,0,,0
9438,4,3,OUT,SALE,10,2025-01-22,0,,0
9439,4,3,OUT,SALE,7,2025-01-23,0,,0
9440,4,3,OUT,SALE,8,2025-01-24,0,,0
9441,4,3,OUT,SALE,13,2025-01-25,0,,0
9442,4,3,OUT,SALE,15,2025-01-26,0,,0
9443,4,3,OUT,SALE,11,2025-01-27,0,,0
9444,4,3,OUT,SALE,14,2025-01-28,0,,0
9445,4,3,OUT,SALE,7,2025-01-29,0,,0
9446,4,3,OUT,SALE,6,2025-01-30,0,,0
9447,4,3,OUT,DAMAGE,48,2025-01-31,1,OFF_HOURS_BULK,0
9448,4,3,OUT,SALE,7,2025-02-01,0,,0
9449,4,3,OUT,SALE,6,2025-02-02,0,,0
9450,4,3,OUT,SALE,5,2025-02-03,0,,0
9451,4,3,OUT,SALE,5,2025-02-04,0,,0
9452,4,3,OUT,SALE,5,2025-02-05,0,,0
9453,4,3,OUT,SALE,5,2025-02-06,0,,0
9454,4,3,OUT,SALE,5,2025-02-07,0,,0
9455,4,3,OUT,SALE,5,2025-02-08,0,,0
9456,4,3,OUT,SALE,6,2025-02-09,0,,0
9457,4,3,OUT,SALE,5,2025-02-10,0,,0
9458,4,3,OUT,SALE,5,2025-02-11,0,,0
9459,4,3,OUT,SALE,5,2025-02-12,0,,0
9460,4,3,OUT,SALE,4,2025-02-13,0,,0
9461,4,3,OUT,SALE,6,2025-02-14,0,,0
9462,4,3,OUT,SALE,5,2025-02-15,0,,0
9463,4,3,OUT,SALE,6,2025-02-16,0,,0
9464,4,3,OUT,SALE,5,2025-02-17,0,,0
9465,4,3,OUT,SALE,5,2025-02-18,0,,0
9466,4,3,OUT,SALE,4,2025-02-19,0,,0
9467,4,3,OUT,SALE,4,2025-02-20,0,,0
9468,4,3,OUT,SALE,5,2025-02-21,0,,0
9469,4,3,OUT,SALE,5,2025-02-22,0,,0
9470,4,3,OUT,SALE,6,2025-02-23,0,,0
9471,4,3,OUT,SALE,5,2025-02-24,0,,0
9472,4,3,OUT,SALE,5,2025-02-25,0,,0
9473,4,3,OUT,SALE,4,2025-02-26,0,,0
9474,4,3,OUT,SALE,5,2025-02-27,0,,0
9475,4,3,OUT,SALE,5,2025-02-28,0,,0
9476,4,3,OUT,SALE,11,2025-03-01,0,,0
9477,4,3,OUT,SALE,7,2025-03-02,0,,0
9478,4,3,OUT,SALE,10,2025-03-03,0,,0
9479,4,3,OUT,SALE,7,2025-03-04,0,,0
9480,4,3,OUT,SALE,8,2025-03-05,0,,0
9481,4,3,OUT,SALE,7,2025-03-06,0,,0
9482,4,3,OUT,SALE,6,2025-03-07,0,,0
9483,4,3,OUT,SALE,8,2025-03-08,0,,0
9484,4,3,OUT,SALE,8,2025-03-09,0,,0
9485,4,3,OUT,SALE,8,2025-03-10,0,,0
9486,4,3,OUT,SALE,8,2025-03-11,0,,0
9487,4,3,OUT,SALE,8,2025-03-12,0,,0
9488,4,3,OUT,SALE,8,2025-03-13,0,,0
9489,4,3,OUT,SALE,8,2025-03-14,0,,0
9490,4,3,OUT,SALE,7,2025-03-15,0,,0
9491,4,3,OUT,SALE,7,2025-03-16,0,,0
9492,4,3,OUT,SALE,6,2025-03-17,0,,0
9493,4,3,OUT,SALE,7,2025-03-18,0,,0
9494,4,3,OUT,SALE,6,2025-03-19,0,,0
9495,4,3,OUT,SALE,7,2025-03-20,0,,0
9496,4,3,OUT,SALE,6,2025-03-21,0,,0
9497,4,3,OUT,SALE,9,2025-03-22,0,,0
9498,4,3,OUT,SALE,9,2025-03-23,0,,0
9499,4,3,OUT,SALE,7,2025-03-24,0,,0
9500,4,3,OUT,SALE,6,2025-03-25,0,,0
9501,4,3,OUT,SALE,7,2025-03-26,0,,0
9502,4,3,OUT,SALE,8,2025-03-27,0,,0
9503,4,3,OUT,SALE,8,2025-03-28,0,,0
9504,4,3,OUT,SALE,10,2025-03-29,0,,0
9505,4,3,OUT,SALE,10,2025-03-30,0,,0
9506,4,3,OUT,SALE,8,2025-03-31,0,,0
9507,4,3,OUT,SALE,14,2025-04-01,0,,0
9508,4,3,OUT,SALE,13,2025-04-02,0,,0
9509,4,3,OUT,SALE,17,2025-04-03,0,,0
9510,4,3,OUT,SALE,15,2025-04-04,0,,0
9511,4,3,OUT,SALE,18,2025-04-05,0,,0
9512,4,3,OUT,SALE,15,2025-04-06,0,,0
9513,4,3,OUT,SALE,12,2025-04-07,0,,0
9514,4,3,OUT,DAMAGE,32,2025-04-08,1,REPEATED_LOSS,0
9515,4,3,OUT,SALE,14,2025-04-09,0,,0
9516,4,3,OUT,SALE,15,2025-04-10,0,,0
9517,4,3,OUT,SALE,13,2025-04-11,0,,0
9518,4,3,OUT,SALE,17,2025-04-12,0,,0
9519,4,3,OUT,SALE,19,2025-04-13,0,,0
9520,4,3,OUT,SALE,12,2025-04-14,0,,0
9521,4,3,OUT,SALE,11,2025-04-15,0,,0
9522,4,3,OUT,SALE,17,2025-04-16,0,,0
9523,4,3,OUT,SALE,12,2025-04-17,0,,0
9524,4,3,OUT,SALE,14,2025-04-18,0,,0
9525,4,3,OUT,SALE,18,2025-04-19,0,,0
9526,4,3,OUT,SALE,16,2025-04-20,0,,0
9527,4,3,OUT,SALE,14,2025-04-21,0,,0
9528,4,3,OUT,SALE,15,2025-04-22,0,,0
9529,4,3,OUT,SALE,19,2025-04-23,0,,0
9530,4,3,OUT,SALE,18,2025-04-24,0,,0
9531,4,3,OUT,SALE,13,2025-04-25,0,,0
9532,4,3,OUT,SALE,0,2025-04-26,1,DATA_ERROR,0
9533,4,3,OUT,SALE,18,2025-04-27,0,,0
9534,4,3,OUT,SALE,14,2025-04-28,0,,0
9535,4,3,OUT,SALE,13,2025-04-29,0,,0
9536,4,3,OUT,SALE,15,2025-04-30,0,,0
9537,4,3,OUT,SALE,23,2025-05-01,0,,0
9538,4,3,OUT,SALE,23,2025-05-02,0,,0
9539,4,3,OUT,SALE,25,2025-05-03,0,,0
9540,4,3,OUT,SALE,31,2025-05-04,0,,0
9541,4,3,OUT,SALE,22,2025-05-05,0,,0
9542,4,3,OUT,SALE,22,2025-05-06,0,,0
9543,4,3,OUT,SALE,26,2025-05-07,0,,0
9544,4,3,OUT,SALE,24,2025-05-08,0,,0
9545,4,3,OUT,SALE,24,2025-05-09,0,,0
9546,4,3,OUT,SALE,31,2025-05-10,0,,0
9547,4,3,OUT,SALE,32,2025-05-11,0,,0
9548,4,3,OUT,SALE,18,2025-05-12,0,,0
9549,4,3,OUT,SALE,24,2025-05-13,0,,0
9550,4,3,OUT,SALE,20,2025-05-14,0,,0
9551,4,3,OUT,SALE,23,2025-05-15,0,,0
9552,4,3,OUT,SALE,24,2025-05-16,0,,0
9553,4,3,OUT,SALE,26,2025-05-17,0,,0
9554,4,3,OUT,SALE,24,2025-05-18,0,,0
9555,4,3,OUT,SALE,21,2025-05-19,0,,0
9556,4,3,OUT,SALE,26,2025-05-20,0,,0
9557,4,3,OUT,SALE,29,2025-05-21,0,,0
9558,4,3,OUT,SALE,18,2025-05-22,0,,0
9559,4,3,OUT,SALE,23,2025-05-23,0,,0
9560,4,3,OUT,SALE,30,2025-05-24,0,,0
9561,4,3,OUT,SALE,28,2025-05-25,0,,0
9562,4,3,OUT,SALE,21,2025-05-26,0,,0
9563,4,3,OUT,SALE,23,2025-05-27,0,,0
9564,4,3,OUT,SALE,25,2025-05-28,0,,0
9565,4,3,OUT,SALE,23,2025-05-29,0,,0
9566,4,3,OUT,SALE,24,2025-05-30,0,,0
9567,4,3,OUT,SALE,28,2025-05-31,0,,0
9568,4,3,OUT,SALE,36,2025-06-01,0,,0
9569,4,3,OUT,SALE,37,2025-06-02,0,,0
9570,4,3,OUT,SALE,32,2025-06-03,0,,0
9571,4,3,OUT,SALE,30,2025-06-04,0,,0
9572,4,3,OUT,SALE,43,2025-06-05,0,,0
9573,4,3,OUT,SALE,33,2025-06-06,0,,0
9574,4,3,OUT,SALE,27,2025-06-07,0,,0
9575,4,3,OUT,SALE,45,2025-06-08,0,,0
9576,4,3,OUT,SALE,39,2025-06-09,0,,0
9577,4,3,OUT,SALE,36,2025-06-10,0,,0
9578,4,3,OUT,SALE,36,2025-06-11,0,,0
9579,4,3,OUT,SALE,42,2025-06-12,0,,0
9580,4,3,OUT,SALE,30,2025-06-13,0,,0
9581,4,3,OUT,SALE,39,2025-06-14,0,,0
9582,4,3,OUT,SALE,48,2025-06-15,0,,0
9583,4,3,OUT,SALE,43,2025-06-16,0,,0
9584,4,3,OUT,SALE,32,2025-06-17,0,,0
9585,4,3,OUT,SALE,42,2025-06-18,0,,0
9586,4,3,OUT,SALE,37,2025-06-19,0,,0
9587,4,3,OUT,SALE,40,2025-06-20,0,,0
9588,4,3,OUT,SALE,42,2025-06-21,0,,0
9589,4,3,OUT,SALE,40,2025-06-22,0,,0
9590,4,3,OUT,SALE,43,2025-06-23,0,,0
9591,4,3,OUT,SALE,32,2025-06-24,0,,0
9592,4,3,OUT,SALE,41,2025-06-25,0,,0
9593,4,3,OUT,SALE,42,2025-06-26,0,,0
9594,4,3,OUT,SALE,39,2025-06-27,0,,0
9595,4,3,OUT,SALE,38,2025-06-28,0,,0
9596,4,3,OUT,SALE,40,2025-06-29,0,,0
9597,4,3,OUT,SALE,29,2025-06-30,0,,0
9598,4,3,OUT,SALE,39,2025-07-01,0,,0
9599,4,3,OUT,SALE,44,2025-07-02,0,,0
9600,4,3,OUT,SALE,34,2025-07-03,0,,0
9601,4,3,OUT,SALE,39,2025-07-04,0,,0
9602,4,3,OUT,SALE,58,2025-07-05,0,,0
9603,4,3,OUT,SALE,46,2025-07-06,0,,0
9604,4,3,OUT,SALE,46,2025-07-07,0,,0
9605,4,3,OUT,SALE,44,2025-07-08,0,,0
9606,4,3,OUT,SALE,39,2025-07-09,0,,0
9607,4,3,OUT,SALE,40,2025-07-10,0,,0
9608,4,3,OUT,SALE,42,2025-07-11,0,,0
9609,4,3,OUT,SALE,35,2025-07-12,0,,0
9610,4,3,OUT,SALE,52,2025-07-13,0,,0
9611,4,3,OUT,SALE,40,2025-07-14,0,,0
9612,4,3,OUT,SALE,46,2025-07-15,0,,0
9613,4,3,OUT,SALE,43,2025-07-16,0,,0
9614,4,3,OUT,SALE,40,2025-07-17,0,,0
9615,4,3,OUT,SALE,42,2025-07-18,0,,0
9616,4,3,OUT,SALE,48,2025-07-19,0,,0
9617,4,3,OUT,SALE,121,2025-07-20,0,,1
9618,4,3,OUT,SALE,90,2025-07-21,0,,1
9619,4,3,OUT,SALE,93,2025-07-22,0,,1
9620,4,3,OUT,SALE,76,2025-07-23,0,,0
9621,4,3,OUT,SALE,89,2025-07-24,0,,1
9622,4,3,OUT,SALE,105,2025-07-25,0,,1
9623,4,3,OUT,SALE,49,2025-07-26,0,,0
9624,4,3,OUT,SALE,41,2025-07-27,0,,0
9625,4,3,OUT,SALE,36,2025-07-28,0,,0
9626,4,3,OUT,SALE,37,2025-07-29,0,,0
9627,4,3,OUT,SALE,46,2025-07-30,0,,0
9628,4,3,OUT,SALE,45,2025-07-31,0,,0
9629,4,3,OUT,SALE,25,2025-08-01,0,,0
9630,4,3,OUT,SALE,49,2025-08-02,0,,0
9631,4,3,OUT,SALE,51,2025-08-03,0,,0
9632,4,3,OUT,SALE,38,2025-08-04,0,,0
9633,4,3,OUT,SALE,41,2025-08-05,0,,0
9634,4,3,OUT,SALE,50,2025-08-06,0,,0
9635,4,3,OUT,SALE,45,2025-08-07,0,,0
9636,4,3,OUT,SALE,41,2025-08-08,0,,0
9637,4,3,OUT,SALE,49,2025-08-09,0,,0
9638,4,3,OUT,SALE,48,2025-08-10,0,,0
9639,4,3,OUT,SALE,45,2025-08-11,0,,0
9640,4,3,OUT,SALE,36,2025-08-12,0,,0
9641,4,3,OUT,SALE,40,2025-08-13,0,,0
9642,4,3,OUT,SALE,49,2025-08-14,0,,0
9643,4,3,OUT,SALE,43,2025-08-15,0,,0
9644,4,3,OUT,SALE,45,2025-08-16,0,,0
9645,4,3,OUT,SALE,45,2025-08-17,0,,0
9646,4,3,OUT,SALE,47,2025-08-18,0,,0
9647,4,3,OUT,SALE,41,2025-08-19,0,,0
9648,4,3,OUT,SALE,46,2025-08-20,0,,0
9649,4,3,OUT,SALE,40,2025-08-21,0,,0
9650,4,3,OUT,SALE,37,2025-08-22,0,,0
9651,4,3,OUT,SALE,51,2025-08-23,0,,0
9652,4,3,OUT,SALE,49,2025-08-24,0,,0
9653,4,3,OUT,SALE,47,2025-08-25,0,,0
9654,4,3,OUT,SALE,48,2025-08-26,0,,0
9655,4,3,OUT,SALE,41,2025-08-27,0,,0
9656,4,3,OUT,SALE,45,2025-08-28,0,,0
9657,4,3,OUT,SALE,41,2025-08-29,0,,0
9658,4,3,OUT,SALE,54,2025-08-30,0,,0
9659,4,3,OUT,SALE,51,2025-08-31,0,,0
9660,4,3,OUT,SALE,38,2025-09-01,0,,0
9661,4,3,OUT,SALE,37,2025-09-02,0,,0
9662,4,3,OUT,SALE,42,2025-09-03,0,,0
9663,4,3,OUT,SALE,46,2025-09-04,0,,0
9664,4,3,OUT,SALE,45,2025-09-05,0,,0
9665,4,3,OUT,SALE,42,2025-09-06,0,,0
9666,4,3,OUT,SALE,42,2025-09-07,0,,0
9667,4,3,OUT,SALE,37,2025-09-08,0,,0
9668,4,3,OUT,SALE,38,2025-09-09,0,,0
9669,4,3,OUT,SALE,32,2025-09-10,0,,0
9670,4,3,OUT,SALE,45,2025-09-11,0,,0
9671,4,3,OUT,SALE,39,2025-09-12,0,,0
9672,4,3,OUT,SALE,49,2025-09-13,0,,0
9673,4,3,OUT,SALE,45,2025-09-14,0,,0
9674,4,3,OUT,SALE,41,2025-09-15,0,,0
9675,4,3,OUT,SALE,37,2025-09-16,0,,0
9676,4,3,OUT,SALE,41,2025-09-17,0,,0
9677,4,3,OUT,SALE,36,2025-09-18,0,,0
9678,4,3,OUT,SALE,41,2025-09-19,0,,0
9679,4,3,OUT,SALE,55,2025-09-20,0,,0
9680,4,3,OUT,SALE,50,2025-09-21,0,,0
9681,4,3,OUT,SALE,42,2025-09-22,0,,0
9682,4,3,OUT,SALE,34,2025-09-23,0,,0
9683,4,3,OUT,SALE,44,2025-09-24,0,,0
9684,4,3,OUT,SALE,44,2025-09-25,0,,0
9685,4,3,OUT,SALE,42,2025-09-26,0,,0
9686,4,3,OUT,SALE,48,2025-09-27,0,,0
9687,4,3,OUT,SALE,46,2025-09-28,0,,0
9688,4,3,OUT,SALE,44,2025-09-29,0,,0
9689,4,3,OUT,SALE,90,2025-09-30,0,,1
9690,4,3,OUT,SALE,67,2025-10-01,0,,0
9691,4,3,OUT,SALE,57,2025-10-02,0,,0
9692,4,3,OUT,SALE,57,2025-10-03,0,,0
9693,4,3,OUT,SALE,42,2025-10-04,0,,0
9694,4,3,OUT,SALE,34,2025-10-05,0,,0
9695,4,3,OUT,SALE,35,2025-10-06,0,,0
9696,4,3,OUT,SALE,32,2025-10-07,0,,0
9697,4,3,OUT,SALE,29,2025-10-08,0,,0
9698,4,3,OUT,SALE,37,2025-10-09,0,,0
9699,4,3,OUT,SALE,37,2025-10-10,0,,0
9700,4,3,OUT,SALE,32,2025-10-11,0,,0
9701,4,3,OUT,SALE,41,2025-10-12,0,,0
9702,4,3,OUT,SALE,35,2025-10-13,0,,0
9703,4,3,OUT,SALE,37,2025-10-14,0,,0
9704,4,3,OUT,SALE,34,2025-10-15,0,,0
9705,4,3,OUT,SALE,39,2025-10-16,0,,0
9706,4,3,OUT,SALE,33,2025-10-17,0,,0
9707,4,3,OUT,SALE,37,2025-10-18,0,,0
9708,4,3,OUT,SALE,34,2025-10-19,0,,0
9709,4,3,OUT,SALE,30,2025-10-20,0,,0
9710,4,3,OUT,SALE,30,2025-10-21,0,,0
9711,4,3,OUT,SALE,35,2025-10-22,0,,0
9712,4,3,OUT,SALE,33,2025-10-23,0,,0
9713,4,3,OUT,SALE,35,2025-10-24,0,,0
9714,4,3,OUT,SALE,33,2025-10-25,0,,0
9715,4,3,OUT,SALE,35,2025-10-26,0,,0
9716,4,3,OUT,SALE,30,2025-10-27,0,,0
9717,4,3,OUT,SALE,42,2025-10-28,0,,0
9718,4,3,OUT,SALE,33,2025-10-29,0,,0
9719,4,3,OUT,SALE,33,2025-10-30,0,,0
9720,4,3,OUT,SALE,33,2025-10-31,0,,0
9721,4,3,OUT,SALE,33,2025-11-01,0,,0
9722,4,3,OUT,SALE,22,2025-11-02,0,,0
9723,4,3,OUT,SALE,24,2025-11-03,0,,0
9724,4,3,OUT,SALE,19,2025-11-04,0,,0
9725,4,3,OUT,SALE,17,2025-11-05,0,,0
9726,4,3,OUT,SALE,22,2025-11-06,0,,0
9727,4,3,OUT,SALE,25,2025-11-07,0,,0
9728,4,3,OUT,SALE,25,2025-11-08,0,,0
9729,4,3,OUT,SALE,29,2025-11-09,0,,0
9730,4,3,OUT,SALE,24,2025-11-10,0,,0
9731,4,3,OUT,SALE,24,2025-11-11,0,,0
9732,4,3,OUT,SALE,28,2025-11-12,0,,0
9733,4,3,OUT,SALE,22,2025-11-13,0,,0
9734,4,3,OUT,SALE,25,2025-11-14,0,,0
9735,4,3,OUT,SALE,22,2025-11-15,0,,0
9736,4,3,OUT,SALE,0,2025-11-16,1,DATA_ERROR,0
9737,4,3,OUT,SALE,23,2025-11-17,0,,0
9738,4,3,OUT,SALE,21,2025-11-18,0,,0
9739,4,3,OUT,SALE,25,2025-11-19,0,,0
9740,4,3,OUT,SALE,22,2025-11-20,0,,0
9741,4,3,OUT,SALE,29,2025-11-21,0,,0
9742,4,3,OUT,SALE,20,2025-11-22,0,,0
9743,4,3,OUT,SALE,29,2025-11-23,0,,0
9744,4,3,OUT,SALE,24,2025-11-24,0,,0
9745,4,3,OUT,DAMAGE,116,2025-11-25,1,OFF_HOURS_BULK,1
9746,4,3,OUT,SALE,23,2025-11-26,0,,0
9747,4,3,OUT,SALE,24,2025-11-27,0,,0
9748,4,3,OUT,SALE,68,2025-11-28,0,,0
9749,4,3,OUT,SALE,55,2025-11-29,0,,0
9750,4,3,OUT,SALE,63,2025-11-30,0,,0
9751,4,3,OUT,SALE,13,2025-12-01,0,,0
9752,4,3,OUT,SALE,13,2025-12-02,0,,0
9753,4,3,OUT,SALE,15,2025-12-03,0,,0
9754,4,3,OUT,SALE,15,2025-12-04,0,,0
9755,4,3,OUT,SALE,16,2025-12-05,0,,0
9756,4,3,OUT,SALE,18,2025-12-06,0,,0
9757,4,3,OUT,SALE,18,2025-12-07,0,,0
9758,4,3,OUT,SALE,12,2025-12-08,0,,0
9759,4,3,OUT,SALE,17,2025-12-09,0,,0
9760,4,3,OUT,SALE,14,2025-12-10,0,,0
9761,4,3,OUT,SALE,16,2025-12-11,0,,0
9762,4,3,OUT,SALE,12,2025-12-12,0,,0
9763,4,3,OUT,SALE,16,2025-12-13,0,,0
9764,4,3,OUT,SALE,18,2025-12-14,0,,0
9765,4,3,OUT,SALE,14,2025-12-15,0,,0
9766,4,3,OUT,SALE,13,2025-12-16,0,,0
9767,4,3,OUT,SALE,17,2025-12-17,0,,0
9768,4,3,OUT,SALE,12,2025-12-18,0,,0
9769,4,3,OUT,SALE,14,2025-12-19,0,,0
9770,4,3,OUT,SALE,18,2025-12-20,0,,0
9771,4,3,OUT,SALE,21,2025-12-21,0,,0
9772,4,3,OUT,SALE,14,2025-12-22,0,,0
9773,4,3,OUT,SALE,14,2025-12-23,0,,0
9774,4,3,OUT,SALE,23,2025-12-24,0,,0
9775,4,3,OUT,SALE,25,2025-12-25,0,,0
9776,4,3,OUT,SALE,26,2025-12-26,0,,0
9777,4,3,OUT,SALE,19,2025-12-27,0,,0
9778,4,3,OUT,SALE,18,2025-12-28,0,,0
9779,4,3,OUT,SALE,14,2025-12-29,0,,0
9780,4,3,OUT,SALE,16,2025-12-30,0,,0
9781,4,3,OUT,SALE,15,2025-12-31,0,,0
9782,4,4,OUT,SALE,2,2025-01-01,0,,0
9783,4,4,OUT,SALE,2,2025-01-02,0,,0
9784,4,4,OUT,SALE,2,2025-01-03,0,,0
9785,4,4,OUT,SALE,2,2025-01-04,0,,0
9786,4,4,OUT,SALE,2,2025-01-05,0,,0
9787,4,4,OUT,SALE,2,2025-01-06,0,,0
9788,4,4,OUT,SALE,2,2025-01-07,0,,0
9789,4,4,OUT,SALE,1,2025-01-08,0,,0
9790,4,4,OUT,SALE,2,2025-01-09,0,,0
9791,4,4,OUT,SALE,2,2025-01-10,0,,0
9792,4,4,OUT,SALE,2,2025-01-11,0,,0
9793,4,4,OUT,SALE,2,2025-01-12,0,,0
9794,4,4,OUT,SALE,1,2025-01-13,0,,0
9795,4,4,OUT,SALE,1,2025-01-14,0,,0
9796,4,4,OUT,SALE,1,2025-01-15,0,,0
9797,4,4,OUT,SALE,1,2025-01-16,0,,0
9798,4,4,OUT,SALE,2,2025-01-17,0,,0
9799,4,4,OUT,SALE,9999,2025-01-18,1,DATA_ERROR,1
9800,4,4,OUT,SALE,2,2025-01-19,0,,0
9801,4,4,OUT,SALE,2,2025-01-20,0,,0
9802,4,4,OUT,SALE,1,2025-01-21,0,,0
9803,4,4,OUT,SALE,1,2025-01-22,0,,0
9804,4,4,OUT,SALE,1,2025-01-23,0,,0
9805,4,4,OUT,SALE,1,2025-01-24,0,,0
9806,4,4,OUT,SALE,3,2025-01-25,0,,0
9807,4,4,OUT,SALE,2,2025-01-26,0,,0
9808,4,4,OUT,SALE,3,2025-01-27,0,,0
9809,4,4,OUT,SALE,3,2025-01-28,0,,0
9810,4,4,OUT,SALE,1,2025-01-29,0,,0
9811,4,4,OUT,SALE,2,2025-01-30,0,,0
9812,4,4,OUT,SALE,1,2025-01-31,0,,0
9813,4,4,OUT,SALE,1,2025-02-01,0,,0
9814,4,4,OUT,SALE,2,2025-02-02,0,,0
9815,4,4,OUT,SALE,1,2025-02-03,0,,0
9816,4,4,OUT,SALE,1,2025-02-04,0,,0
9817,4,4,OUT,SALE,1,2025-02-05,0,,0
9818,4,4,OUT,SALE,1,2025-02-06,0,,0
9819,4,4,OUT,SALE,2,2025-02-07,0,,0
9820,4,4,OUT,SALE,1,2025-02-08,0,,0
9821,4,4,OUT,SALE,1,2025-02-09,0,,0
9822,4,4,OUT,SALE,1,2025-02-10,0,,0
9823,4,4,OUT,SALE,2,2025-02-11,0,,0
9824,4,4,OUT,SALE,1,2025-02-12,0,,0
9825,4,4,OUT,SALE,1,2025-02-13,0,,0
9826,4,4,OUT,SALE,1,2025-02-14,0,,0
9827,4,4,OUT,SALE,2,2025-02-15,0,,0
9828,4,4,OUT,SALE,2,2025-02-16,0,,0
9829,4,4,OUT,SALE,1,2025-02-17,0,,0
9830,4,4,OUT,SALE,1,2025-02-18,0,,0
9831,4,4,OUT,SALE,2,2025-02-19,0,,0
9832,4,4,OUT,SALE,1,2025-02-20,0,,0
9833,4,4,OUT,SALE,1,2025-02-21,0,,0
9834,4,4,OUT,SALE,2,2025-02-22,0,,0
9835,4,4,OUT,SALE,2,2025-02-23,0,,0
9836,4,4,OUT,SALE,1,2025-02-24,0,,0
9837,4,4,OUT,SALE,1,2025-02-25,0,,0
9838,4,4,OUT,SALE,1,2025-02-26,0,,0
9839,4,4,OUT,SALE,1,2025-02-27,0,,0
9840,4,4,OUT,SALE,1,2025-02-28,0,,0
9841,4,4,OUT,SALE,1,2025-03-01,0,,0
9842,4,4,OUT,SALE,1,2025-03-02,0,,0
9843,4,4,OUT,SALE,1,2025-03-03,0,,0
9844,4,4,OUT,SALE,1,2025-03-04,0,,0
9845,4,4,OUT,SALE,1,2025-03-05,0,,0
9846,4,4,OUT,SALE,1,2025-03-06,0,,0
9847,4,4,OUT,SALE,1,2025-03-07,0,,0
9848,4,4,OUT,SALE,1,2025-03-08,0,,0
9849,4,4,OUT,SALE,1,2025-03-09,0,,0
9850,4,4,OUT,SALE,1,2025-03-10,0,,0
9851,4,4,OUT,SALE,1,2025-03-11,0,,0
9852,4,4,OUT,SALE,1,2025-03-12,0,,0
9853,4,4,OUT,SALE,1,2025-03-13,0,,0
9854,4,4,OUT,SALE,1,2025-03-14,0,,0
9855,4,4,OUT,SALE,1,2025-03-15,0,,0
9856,4,4,OUT,SALE,1,2025-03-16,0,,0
9857,4,4,OUT,SALE,1,2025-03-17,0,,0
9858,4,4,OUT,SALE,1,2025-03-18,0,,0
9859,4,4,OUT,SALE,1,2025-03-19,0,,0
9860,4,4,OUT,SALE,1,2025-03-20,0,,0
9861,4,4,OUT,SALE,1,2025-03-21,0,,0
9862,4,4,OUT,SALE,1,2025-03-22,0,,0
9863,4,4,OUT,SALE,1,2025-03-23,0,,0
9864,4,4,OUT,SALE,1,2025-03-24,0,,0
9865,4,4,OUT,SALE,1,2025-03-25,0,,0
9866,4,4,OUT,SALE,1,2025-03-26,0,,0
9867,4,4,OUT,SALE,1,2025-03-27,0,,0
9868,4,4,OUT,SALE,1,2025-03-28,0,,0
9869,4,4,OUT,SALE,1,2025-03-29,0,,0
9870,4,4,OUT,SALE,1,2025-03-30,0,,0
9871,4,4,OUT,SALE,1,2025-03-31,0,,0
9872,4,4,OUT,SALE,1,2025-04-01,0,,0
9873,4,4,OUT,DAMAGE,6,2025-04-02,1,OFF_HOURS_BULK,0
9874,4,4,OUT,SALE,1,2025-04-03,0,,0
9875,4,4,OUT,SALE,1,2025-04-04,0,,0
9876,4,4,OUT,SALE,1,2025-04-05,0,,0
9877,4,4,OUT,SALE,1,2025-04-06,0,,0
9878,4,4,OUT,SALE,1,2025-04-07,0,,0
9879,4,4,OUT,SALE,1,2025-04-08,0,,0
9880,4,4,OUT,SALE,1,2025-04-09,0,,0
9881,4,4,OUT,SALE,1,2025-04-10,0,,0
9882,4,4,OUT,SALE,1,2025-04-11,0,,0
9883,4,4,OUT,SALE,1,2025-04-12,0,,0
9884,4,4,OUT,SALE,1,2025-04-13,0,,0
9885,4,4,OUT,SALE,1,2025-04-14,0,,0
9886,4,4,OUT,SALE,1,2025-04-15,0,,0
9887,4,4,OUT,SALE,1,2025-04-16,0,,0
9888,4,4,OUT,SALE,1,2025-04-17,0,,0
9889,4,4,OUT,SALE,1,2025-04-18,0,,0
9890,4,4,OUT,SALE,1,2025-04-19,0,,0
9891,4,4,OUT,SALE,1,2025-04-20,0,,0
9892,4,4,OUT,SALE,1,2025-04-21,0,,0
9893,4,4,OUT,SALE,1,2025-04-22,0,,0
9894,4,4,OUT,SALE,1,2025-04-23,0,,0
9895,4,4,OUT,SALE,1,2025-04-24,0,,0
9896,4,4,OUT,SALE,1,2025-04-25,0,,0
9897,4,4,OUT,SALE,1,2025-04-26,0,,0
9898,4,4,OUT,SALE,1,2025-04-27,0,,0
9899,4,4,OUT,SALE,1,2025-04-28,0,,0
9900,4,4,OUT,SALE,1,2025-04-29,0,,0
9901,4,4,OUT,SALE,1,2025-04-30,0,,0
9902,4,4,OUT,SALE,1,2025-05-04,0,,0
9903,4,4,OUT,SALE,1,2025-05-24,0,,0
9904,4,4,OUT,SALE,1,2025-09-06,0,,0
9905,4,4,OUT,SALE,1,2025-09-27,0,,0
9906,4,4,OUT,SALE,1,2025-09-30,0,,0
9907,4,4,OUT,SALE,2,2025-10-01,0,,0
9908,4,4,OUT,SALE,2,2025-10-02,0,,0
9909,4,4,OUT,SALE,1,2025-10-03,0,,0
9910,4,4,OUT,SALE,1,2025-10-04,0,,0
9911,4,4,OUT,SALE,1,2025-10-05,0,,0
9912,4,4,OUT,SALE,1,2025-10-06,0,,0
9913,4,4,OUT,SALE,1,2025-10-07,0,,0
9914,4,4,OUT,SALE,1,2025-10-08,0,,0
9915,4,4,OUT,SALE,1,2025-10-09,0,,0
9916,4,4,OUT,SALE,1,2025-10-10,0,,0
9917,4,4,OUT,SALE,1,2025-10-11,0,,0
9918,4,4,OUT,SALE,1,2025-10-12,0,,0
9919,4,4,OUT,SALE,1,2025-10-13,0,,0
9920,4,4,OUT,SALE,1,2025-10-14,0,,0
9921,4,4,OUT,SALE,1,2025-10-15,0,,0
9922,4,4,OUT,SALE,1,2025-10-16,0,,0
9923,4,4,OUT,SALE,1,2025-10-17,0,,0
9924,4,4,OUT,SALE,1,2025-10-18,0,,0
9925,4,4,OUT,SALE,1,2025-10-19,0,,0
9926,4,4,OUT,SALE,1,2025-10-20,0,,0
9927,4,4,OUT,SALE,1,2025-10-21,0,,0
9928,4,4,OUT,SALE,1,2025-10-22,0,,0
9929,4,4,OUT,SALE,1,2025-10-23,0,,0
9930,4,4,OUT,SALE,1,2025-10-24,0,,0
9931,4,4,OUT,SALE,1,2025-10-25,0,,0
9932,4,4,OUT,SALE,1,2025-10-26,0,,0
9933,4,4,OUT,SALE,1,2025-10-27,0,,0
9934,4,4,OUT,SALE,1,2025-10-28,0,,0
9935,4,4,OUT,SALE,1,2025-10-29,0,,0
9936,4,4,OUT,SALE,1,2025-10-30,0,,0
9937,4,4,OUT,SALE,1,2025-10-31,0,,0
9938,4,4,OUT,SALE,1,2025-11-01,0,,0
9939,4,4,OUT,SALE,1,2025-11-02,0,,0
9940,4,4,OUT,SALE,1,2025-11-03,0,,0
9941,4,4,OUT,SALE,1,2025-11-04,0,,0
9942,4,4,OUT,SALE,1,2025-11-05,0,,0
9943,4,4,OUT,SALE,1,2025-11-06,0,,0
9944,4,4,OUT,SALE,1,2025-11-07,0,,0
9945,4,4,OUT,SALE,1,2025-11-08,0,,0
9946,4,4,OUT,SALE,1,2025-11-09,0,,0
9947,4,4,OUT,SALE,1,2025-11-10,0,,0
9948,4,4,OUT,SALE,1,2025-11-11,0,,0
9949,4,4,OUT,SALE,1,2025-11-12,0,,0
9950,4,4,OUT,SALE,1,2025-11-13,0,,0
9951,4,4,OUT,SALE,1,2025-11-14,0,,0
9952,4,4,OUT,SALE,1,2025-11-15,0,,0
9953,4,4,OUT,SALE,1,2025-11-16,0,,0
9954,4,4,OUT,SALE,1,2025-11-17,0,,0
9955,4,4,OUT,SALE,1,2025-11-18,0,,0
9956,4,4,OUT,SALE,1,2025-11-19,0,,0
9957,4,4,OUT,SALE,1,2025-11-20,0,,0
9958,4,4,OUT,SALE,1,2025-11-21,0,,0
9959,4,4,OUT,SALE,1,2025-11-22,0,,0
9960,4,4,OUT,SALE,1,2025-11-23,0,,0
9961,4,4,OUT,SALE,1,2025-11-24,0,,0
9962,4,4,OUT,SALE,1,2025-11-25,0,,0
9963,4,4,OUT,SALE,1,2025-11-26,0,,0
9964,4,4,OUT,SALE,1,2025-11-27,0,,0
9965,4,4,OUT,SALE,3,2025-11-28,0,,0
9966,4,4,OUT,SALE,3,2025-11-29,0,,0
9967,4,4,OUT,SALE,3,2025-11-30,0,,0
9968,4,4,OUT,SALE,2,2025-12-01,0,,0
9969,4,4,OUT,SALE,1,2025-12-02,0,,0
9970,4,4,OUT,SALE,1,2025-12-03,0,,0
9971,4,4,OUT,SALE,1,2025-12-04,0,,0
9972,4,4,OUT,SALE,1,2025-12-05,0,,0
9973,4,4,OUT,SALE,2,2025-12-06,0,,0
9974,4,4,OUT,SALE,2,2025-12-07,0,,0
9975,4,4,OUT,SALE,1,2025-12-08,0,,0
9976,4,4,OUT,SALE,1,2025-12-09,0,,0
9977,4,4,OUT,SALE,1,2025-12-10,0,,0
9978,4,4,OUT,SALE,1,2025-12-11,0,,0
9979,4,4,OUT,SALE,1,2025-12-12,0,,0
9980,4,4,OUT,SALE,2,2025-12-13,0,,0
9981,4,4,OUT,SALE,1,2025-12-14,0,,0
9982,4,4,OUT,SALE,1,2025-12-15,0,,0
9983,4,4,OUT,SALE,1,2025-12-16,0,,0
9984,4,4,OUT,SALE,1,2025-12-17,0,,0
9985,4,4,OUT,SALE,1,2025-12-18,0,,0
9986,4,4,OUT,SALE,1,2025-12-19,0,,0
9987,4,4,OUT,SALE,1,2025-12-20,0,,0
9988,4,4,OUT,SALE,2,2025-12-21,0,,0
9989,4,4,OUT,SALE,1,2025-12-22,0,,0
9990,4,4,OUT,SALE,2,2025-12-23,0,,0
9991,4,4,OUT,SALE,3,2025-12-24,0,,0
9992,4,4,OUT,SALE,2,2025-12-25,0,,0
9993,4,4,OUT,SALE,2,2025-12-26,0,,0
9994,4,4,OUT,SALE,9999,2025-12-27,1,DATA_ERROR,1
9995,4,4,OUT,SALE,2,2025-12-28,0,,0
9996,4,4,OUT,SALE,2,2025-12-29,0,,0
9997,4,4,OUT,SALE,2,2025-12-30,0,,0
9998,4,4,OUT,SALE,1,2025-12-31,0,,0
9999,4,5,OUT,SALE,6,2025-01-01,0,,0
10000,4,5,OUT,SALE,4,2025-01-02,0,,0
10001,4,5,OUT,SALE,5,2025-01-03,0,,0
10002,4,5,OUT,SALE,6,2025-01-04,0,,0
10003,4,5,OUT,SALE,6,2025-01-05,0,,0
10004,4,5,OUT,SALE,4,2025-01-06,0,,0
10005,4,5,OUT,SALE,6,2025-01-07,0,,0
10006,4,5,OUT,SALE,5,2025-01-08,0,,0
10007,4,5,OUT,SALE,5,2025-01-09,0,,0
10008,4,5,OUT,SALE,5,2025-01-10,0,,0
10009,4,5,OUT,SALE,7,2025-01-11,0,,0
10010,4,5,OUT,SALE,6,2025-01-12,0,,0
10011,4,5,OUT,SALE,5,2025-01-13,0,,0
10012,4,5,OUT,SALE,4,2025-01-14,0,,0
10013,4,5,OUT,SALE,5,2025-01-15,0,,0
10014,4,5,OUT,SALE,5,2025-01-16,0,,0
10015,4,5,OUT,SALE,5,2025-01-17,0,,0
10016,4,5,OUT,SALE,5,2025-01-18,0,,0
10017,4,5,OUT,SALE,7,2025-01-19,0,,0
10018,4,5,OUT,SALE,4,2025-01-20,0,,0
10019,4,5,OUT,SALE,6,2025-01-21,0,,0
10020,4,5,OUT,SALE,4,2025-01-22,0,,0
10021,4,5,OUT,SALE,4,2025-01-23,0,,0
10022,4,5,OUT,SALE,4,2025-01-24,0,,0
10023,4,5,OUT,SALE,9,2025-01-25,0,,0
10024,4,5,OUT,SALE,10,2025-01-26,0,,0
10025,4,5,OUT,SALE,8,2025-01-27,0,,0
10026,4,5,OUT,SALE,10,2025-01-28,0,,0
10027,4,5,OUT,SALE,5,2025-01-29,0,,0
10028,4,5,OUT,SALE,5,2025-01-30,0,,0
10029,4,5,OUT,SALE,7,2025-01-31,0,,0
10030,4,5,OUT,SALE,5,2025-02-01,0,,0
10031,4,5,OUT,SALE,5,2025-02-02,0,,0
10032,4,5,OUT,SALE,4,2025-02-03,0,,0
10033,4,5,OUT,SALE,5,2025-02-04,0,,0
10034,4,5,OUT,SALE,5,2025-02-05,0,,0
10035,4,5,OUT,SALE,4,2025-02-06,0,,0
10036,4,5,OUT,SALE,4,2025-02-07,0,,0
10037,4,5,OUT,SALE,5,2025-02-08,0,,0
10038,4,5,OUT,SALE,5,2025-02-09,0,,0
10039,4,5,OUT,SALE,4,2025-02-10,0,,0
10040,4,5,OUT,SALE,5,2025-02-11,0,,0
10041,4,5,OUT,DAMAGE,29,2025-02-12,1,THEFT_SPIKE,1
10042,4,5,OUT,SALE,4,2025-02-13,0,,0
10043,4,5,OUT,SALE,5,2025-02-14,0,,0
10044,4,5,OUT,SALE,6,2025-02-15,0,,0
10045,4,5,OUT,SALE,5,2025-02-16,0,,0
10046,4,5,OUT,SALE,4,2025-02-17,0,,0
10047,4,5,OUT,SALE,4,2025-02-18,0,,0
10048,4,5,OUT,SALE,5,2025-02-19,0,,0
10049,4,5,OUT,SALE,5,2025-02-20,0,,0
10050,4,5,OUT,SALE,5,2025-02-21,0,,0
10051,4,5,OUT,SALE,5,2025-02-22,0,,0
10052,4,5,OUT,SALE,5,2025-02-23,0,,0
10053,4,5,OUT,SALE,4,2025-02-24,0,,0
10054,4,5,OUT,SALE,5,2025-02-25,0,,0
10055,4,5,OUT,SALE,4,2025-02-26,0,,0
10056,4,5,OUT,SALE,5,2025-02-27,0,,0
10057,4,5,OUT,DAMAGE,28,2025-02-28,1,OFF_HOURS_BULK,1
10058,4,5,OUT,SALE,5,2025-03-01,0,,0
10059,4,5,OUT,SALE,5,2025-03-02,0,,0
10060,4,5,OUT,SALE,4,2025-03-03,0,,0
10061,4,5,OUT,SALE,3,2025-03-04,0,,0
10062,4,5,OUT,SALE,4,2025-03-05,0,,0
10063,4,5,OUT,SALE,4,2025-03-06,0,,0
10064,4,5,OUT,SALE,4,2025-03-07,0,,0
10065,4,5,OUT,SALE,5,2025-03-08,0,,0
10066,4,5,OUT,SALE,4,2025-03-09,0,,0
10067,4,5,OUT,SALE,3,2025-03-10,0,,0
10068,4,5,OUT,SALE,3,2025-03-11,0,,0
10069,4,5,OUT,SALE,4,2025-03-12,0,,0
10070,4,5,OUT,SALE,4,2025-03-13,0,,0
10071,4,5,OUT,SALE,3,2025-03-14,0,,0
10072,4,5,OUT,SALE,4,2025-03-15,0,,0
10073,4,5,OUT,SALE,5,2025-03-16,0,,0
10074,4,5,OUT,SALE,4,2025-03-17,0,,0
10075,4,5,OUT,SALE,4,2025-03-18,0,,0
10076,4,5,OUT,SALE,4,2025-03-19,0,,0
10077,4,5,OUT,SALE,4,2025-03-20,0,,0
10078,4,5,OUT,SALE,4,2025-03-21,0,,0
10079,4,5,OUT,SALE,4,2025-03-22,0,,0
10080,4,5,OUT,SALE,4,2025-03-23,0,,0
10081,4,5,OUT,SALE,3,2025-03-24,0,,0
10082,4,5,OUT,SALE,3,2025-03-25,0,,0
10083,4,5,OUT,SALE,4,2025-03-26,0,,0
10084,4,5,OUT,SALE,3,2025-03-27,0,,0
10085,4,5,OUT,SALE,4,2025-03-28,0,,0
10086,4,5,OUT,SALE,4,2025-03-29,0,,0
10087,4,5,OUT,SALE,5,2025-03-30,0,,0
10088,4,5,OUT,SALE,4,2025-03-31,0,,0
10089,4,5,OUT,SALE,3,2025-04-01,0,,0
10090,4,5,OUT,SALE,2,2025-04-02,0,,0
10091,4,5,OUT,SALE,2,2025-04-03,0,,0
10092,4,5,OUT,SALE,2,2025-04-04,0,,0
10093,4,5,OUT,SALE,3,2025-04-05,0,,0
10094,4,5,OUT,SALE,3,2025-04-06,0,,0
10095,4,5,OUT,SALE,3,2025-04-07,0,,0
10096,4,5,OUT,SALE,2,2025-04-08,0,,0
10097,4,5,OUT,SALE,3,2025-04-09,0,,0
10098,4,5,OUT,SALE,2,2025-04-10,0,,0
10099,4,5,OUT,SALE,3,2025-04-11,0,,0
10100,4,5,OUT,SALE,3,2025-04-12,0,,0
10101,4,5,OUT,SALE,3,2025-04-13,0,,0
10102,4,5,OUT,SALE,2,2025-04-14,0,,0
10103,4,5,OUT,SALE,2,2025-04-15,0,,0
10104,4,5,OUT,SALE,2,2025-04-16,0,,0
10105,4,5,OUT,SALE,2,2025-04-17,0,,0
10106,4,5,OUT,SALE,3,2025-04-18,0,,0
10107,4,5,OUT,SALE,3,2025-04-19,0,,0
10108,4,5,OUT,SALE,2,2025-04-20,0,,0
10109,4,5,OUT,SALE,3,2025-04-21,0,,0
10110,4,5,OUT,SALE,2,2025-04-22,0,,0
10111,4,5,OUT,SALE,3,2025-04-23,0,,0
10112,4,5,OUT,SALE,3,2025-04-24,0,,0
10113,4,5,OUT,SALE,2,2025-04-25,0,,0
10114,4,5,OUT,SALE,3,2025-04-26,0,,0
10115,4,5,OUT,SALE,3,2025-04-27,0,,0
10116,4,5,OUT,SALE,2,2025-04-28,0,,0
10117,4,5,OUT,SALE,2,2025-04-29,0,,0
10118,4,5,OUT,SALE,3,2025-04-30,0,,0
10119,4,5,OUT,SALE,1,2025-05-01,0,,0
10120,4,5,OUT,SALE,1,2025-05-02,0,,0
10121,4,5,OUT,SALE,2,2025-05-03,0,,0
10122,4,5,OUT,SALE,2,2025-05-04,0,,0
10123,4,5,OUT,SALE,1,2025-05-05,0,,0
10124,4,5,OUT,SALE,1,2025-05-06,0,,0
10125,4,5,OUT,SALE,1,2025-05-07,0,,0
10126,4,5,OUT,SALE,2,2025-05-08,0,,0
10127,4,5,OUT,SALE,1,2025-05-09,0,,0
10128,4,5,OUT,SALE,2,2025-05-10,0,,0
10129,4,5,OUT,SALE,1,2025-05-11,0,,0
10130,4,5,OUT,SALE,1,2025-05-12,0,,0
10131,4,5,OUT,SALE,1,2025-05-13,0,,0
10132,4,5,OUT,SALE,1,2025-05-14,0,,0
10133,4,5,OUT,SALE,1,2025-05-15,0,,0
10134,4,5,OUT,SALE,1,2025-05-16,0,,0
10135,4,5,OUT,SALE,1,2025-05-17,0,,0
10136,4,5,OUT,SALE,2,2025-05-18,0,,0
10137,4,5,OUT,SALE,1,2025-05-19,0,,0
10138,4,5,OUT,SALE,1,2025-05-20,0,,0
10139,4,5,OUT,SALE,1,2025-05-21,0,,0
10140,4,5,OUT,SALE,1,2025-05-22,0,,0
10141,4,5,OUT,SALE,2,2025-05-23,0,,0
10142,4,5,OUT,SALE,1,2025-05-24,0,,0
10143,4,5,OUT,SALE,2,2025-05-25,0,,0
10144,4,5,OUT,SALE,1,2025-05-26,0,,0
10145,4,5,OUT,SALE,1,2025-05-27,0,,0
10146,4,5,OUT,SALE,1,2025-05-28,0,,0
10147,4,5,OUT,SALE,1,2025-05-29,0,,0
10148,4,5,OUT,SALE,2,2025-05-30,0,,0
10149,4,5,OUT,SALE,1,2025-05-31,0,,0
10150,4,5,OUT,SALE,1,2025-06-01,0,,0
10151,4,5,OUT,SALE,1,2025-06-07,0,,0
10152,4,5,OUT,DAMAGE,2,2025-06-09,1,REPEATED_LOSS,0
10153,4,5,OUT,SALE,1,2025-06-13,0,,0
10154,4,5,OUT,SALE,1,2025-06-15,0,,0
10155,4,5,OUT,DAMAGE,2,2025-06-16,1,REPEATED_LOSS,0
10156,4,5,OUT,SALE,1,2025-06-22,0,,0
10157,4,5,OUT,SALE,1,2025-06-29,0,,0
10158,4,5,OUT,SALE,1,2025-08-01,0,,0
10159,4,5,OUT,SALE,1,2025-08-02,0,,0
10160,4,5,OUT,SALE,1,2025-08-03,0,,0
10161,4,5,OUT,SALE,1,2025-08-08,0,,0
10162,4,5,OUT,SALE,1,2025-08-09,0,,0
10163,4,5,OUT,SALE,1,2025-08-10,0,,0
10164,4,5,OUT,SALE,1,2025-08-15,0,,0
10165,4,5,OUT,SALE,1,2025-08-17,0,,0
10166,4,5,OUT,SALE,1,2025-08-29,0,,0
10167,4,5,OUT,SALE,1,2025-08-30,0,,0
10168,4,5,OUT,SALE,1,2025-09-01,0,,0
10169,4,5,OUT,SALE,1,2025-09-02,0,,0
10170,4,5,OUT,SALE,1,2025-09-03,0,,0
10171,4,5,OUT,SALE,1,2025-09-04,0,,0
10172,4,5,OUT,SALE,1,2025-09-05,0,,0
10173,4,5,OUT,SALE,2,2025-09-06,0,,0
10174,4,5,OUT,SALE,1,2025-09-07,0,,0
10175,4,5,OUT,SALE,2,2025-09-08,0,,0
10176,4,5,OUT,SALE,1,2025-09-09,0,,0
10177,4,5,OUT,SALE,1,2025-09-10,0,,0
10178,4,5,OUT,SALE,1,2025-09-11,0,,0
10179,4,5,OUT,SALE,1,2025-09-12,0,,0
10180,4,5,OUT,SALE,1,2025-09-13,0,,0
10181,4,5,OUT,SALE,2,2025-09-14,0,,0
10182,4,5,OUT,SALE,1,2025-09-15,0,,0
10183,4,5,OUT,SALE,1,2025-09-16,0,,0
10184,4,5,OUT,SALE,1,2025-09-17,0,,0
10185,4,5,OUT,SALE,1,2025-09-18,0,,0
10186,4,5,OUT,SALE,2,2025-09-19,0,,0
10187,4,5,OUT,SALE,2,2025-09-20,0,,0
10188,4,5,OUT,SALE,1,2025-09-21,0,,0
10189,4,5,OUT,SALE,2,2025-09-22,0,,0
10190,4,5,OUT,SALE,1,2025-09-23,0,,0
10191,4,5,OUT,SALE,1,2025-09-24,0,,0
10192,4,5,OUT,SALE,1,2025-09-25,0,,0
10193,4,5,OUT,DAMAGE,7,2025-09-26,1,OFF_HOURS_BULK,0
10194,4,5,OUT,SALE,1,2025-09-27,0,,0
10195,4,5,OUT,SALE,1,2025-09-28,0,,0
10196,4,5,OUT,SALE,1,2025-09-29,0,,0
10197,4,5,OUT,SALE,3,2025-09-30,0,,0
10198,4,5,OUT,SALE,4,2025-10-01,0,,0
10199,4,5,OUT,SALE,3,2025-10-02,0,,0
10200,4,5,OUT,SALE,6,2025-10-03,0,,0
10201,4,5,OUT,SALE,3,2025-10-04,0,,0
10202,4,5,OUT,SALE,3,2025-10-05,0,,0
10203,4,5,OUT,SALE,3,2025-10-06,0,,0
10204,4,5,OUT,SALE,3,2025-10-07,0,,0
10205,4,5,OUT,SALE,3,2025-10-08,0,,0
10206,4,5,OUT,SALE,2,2025-10-09,0,,0
10207,4,5,OUT,SALE,3,2025-10-10,0,,0
10208,4,5,OUT,SALE,3,2025-10-11,0,,0
10209,4,5,OUT,SALE,3,2025-10-12,0,,0
10210,4,5,OUT,SALE,2,2025-10-13,0,,0
10211,4,5,OUT,SALE,2,2025-10-14,0,,0
10212,4,5,OUT,SALE,3,2025-10-15,0,,0
10213,4,5,OUT,SALE,3,2025-10-16,0,,0
10214,4,5,OUT,SALE,3,2025-10-17,0,,0
10215,4,5,OUT,SALE,3,2025-10-18,0,,0
10216,4,5,OUT,SALE,3,2025-10-19,0,,0
10217,4,5,OUT,SALE,3,2025-10-20,0,,0
10218,4,5,OUT,SALE,2,2025-10-21,0,,0
10219,4,5,OUT,SALE,2,2025-10-22,0,,0
10220,4,5,OUT,SALE,3,2025-10-23,0,,0
10221,4,5,OUT,SALE,3,2025-10-24,0,,0
10222,4,5,OUT,SALE,3,2025-10-25,0,,0
10223,4,5,OUT,SALE,3,2025-10-26,0,,0
10224,4,5,OUT,SALE,3,2025-10-27,0,,0
10225,4,5,OUT,SALE,2,2025-10-28,0,,0
10226,4,5,OUT,SALE,3,2025-10-29,0,,0
10227,4,5,OUT,SALE,3,2025-10-30,0,,0
10228,4,5,OUT,SALE,2,2025-10-31,0,,0
10229,4,5,OUT,SALE,4,2025-11-01,0,,0
10230,4,5,OUT,SALE,5,2025-11-02,0,,0
10231,4,5,OUT,SALE,3,2025-11-03,0,,0
10232,4,5,OUT,SALE,4,2025-11-04,0,,0
10233,4,5,OUT,SALE,4,2025-11-05,0,,0
10234,4,5,OUT,SALE,3,2025-11-06,0,,0
10235,4,5,OUT,SALE,3,2025-11-07,0,,0
10236,4,5,OUT,SALE,5,2025-11-08,0,,0
10237,4,5,OUT,SALE,5,2025-11-09,0,,0
10238,4,5,OUT,SALE,4,2025-11-10,0,,0
10239,4,5,OUT,SALE,4,2025-11-11,0,,0
10240,4,5,OUT,SALE,2,2025-11-12,0,,0
10241,4,5,OUT,SALE,4,2025-11-13,0,,0
10242,4,5,OUT,SALE,3,2025-11-14,0,,0
10243,4,5,OUT,SALE,3,2025-11-15,0,,0
10244,4,5,OUT,SALE,3,2025-11-16,0,,0
10245,4,5,OUT,SALE,3,2025-11-17,0,,0
10246,4,5,OUT,SALE,4,2025-11-18,0,,0
10247,4,5,OUT,SALE,3,2025-11-19,0,,0
10248,4,5,OUT,SALE,3,2025-11-20,0,,0
10249,4,5,OUT,SALE,4,2025-11-21,0,,0
10250,4,5,OUT,SALE,4,2025-11-22,0,,0
10251,4,5,OUT,SALE,5,2025-11-23,0,,0
10252,4,5,OUT,SALE,4,2025-11-24,0,,0
10253,4,5,OUT,SALE,4,2025-11-25,0,,0
10254,4,5,OUT,SALE,4,2025-11-26,0,,0
10255,4,5,OUT,SALE,4,2025-11-27,0,,0
10256,4,5,OUT,SALE,9,2025-11-28,0,,0
10257,4,5,OUT,SALE,13,2025-11-29,0,,1
10258,4,5,OUT,SALE,10,2025-11-30,0,,0
10259,4,5,OUT,SALE,4,2025-12-01,0,,0
10260,4,5,OUT,SALE,4,2025-12-02,0,,0
10261,4,5,OUT,SALE,4,2025-12-03,0,,0
10262,4,5,OUT,SALE,5,2025-12-04,0,,0
10263,4,5,OUT,SALE,4,2025-12-05,0,,0
10264,4,5,OUT,SALE,5,2025-12-06,0,,0
10265,4,5,OUT,SALE,4,2025-12-07,0,,0
10266,4,5,OUT,SALE,4,2025-12-08,0,,0
10267,4,5,OUT,SALE,5,2025-12-09,0,,0
10268,4,5,OUT,SALE,5,2025-12-10,0,,0
10269,4,5,OUT,SALE,4,2025-12-11,0,,0
10270,4,5,OUT,SALE,5,2025-12-12,0,,0
10271,4,5,OUT,SALE,5,2025-12-13,0,,0
10272,4,5,OUT,SALE,5,2025-12-14,0,,0
10273,4,5,OUT,SALE,5,2025-12-15,0,,0
10274,4,5,OUT,SALE,4,2025-12-16,0,,0
10275,4,5,OUT,SALE,5,2025-12-17,0,,0
10276,4,5,OUT,SALE,5,2025-12-18,0,,0
10277,4,5,OUT,SALE,5,2025-12-19,0,,0
10278,4,5,OUT,SALE,4,2025-12-20,0,,0
10279,4,5,OUT,SALE,5,2025-12-21,0,,0
10280,4,5,OUT,SALE,5,2025-12-22,0,,0
10281,4,5,OUT,SALE,5,2025-12-23,0,,0
10282,4,5,OUT,SALE,9,2025-12-24,0,,0
10283,4,5,OUT,SALE,7,2025-12-25,0,,0
10284,4,5,OUT,SALE,9,2025-12-26,0,,0
10285,4,5,OUT,SALE,5,2025-12-27,0,,0
10286,4,5,OUT,SALE,5,2025-12-28,0,,0
10287,4,5,OUT,SALE,5,2025-12-29,0,,0
10288,4,5,OUT,SALE,5,2025-12-30,0,,0
10289,4,5,OUT,SALE,5,2025-12-31,0,,0
10290,4,6,OUT,SALE,3,2025-01-01,0,,0
10291,4,6,OUT,SALE,3,2025-01-02,0,,0
10292,4,6,OUT,SALE,3,2025-01-03,0,,0
10293,4,6,OUT,SALE,3,2025-01-04,0,,0
10294,4,6,OUT,SALE,3,2025-01-05,0,,0
10295,4,6,OUT,SALE,2,2025-01-06,0,,0
10296,4,6,OUT,SALE,3,2025-01-07,0,,0
10297,4,6,OUT,SALE,3,2025-01-08,0,,0
10298,4,6,OUT,SALE,3,2025-01-09,0,,0
10299,4,6,OUT,SALE,3,2025-01-10,0,,0
10300,4,6,OUT,SALE,0,2025-01-11,1,DATA_ERROR,0
10301,4,6,OUT,SALE,4,2025-01-12,0,,0
10302,4,6,OUT,SALE,3,2025-01-13,0,,0
10303,4,6,OUT,SALE,3,2025-01-14,0,,0
10304,4,6,OUT,SALE,3,2025-01-15,0,,0
10305,4,6,OUT,SALE,2,2025-01-16,0,,0
10306,4,6,OUT,SALE,3,2025-01-17,0,,0
10307,4,6,OUT,SALE,3,2025-01-18,0,,0
10308,4,6,OUT,SALE,4,2025-01-19,0,,0
10309,4,6,OUT,SALE,3,2025-01-20,0,,0
10310,4,6,OUT,SALE,3,2025-01-21,0,,0
10311,4,6,OUT,SALE,3,2025-01-22,0,,0
10312,4,6,OUT,SALE,3,2025-01-23,0,,0
10313,4,6,OUT,SALE,3,2025-01-24,0,,0
10314,4,6,OUT,SALE,6,2025-01-25,0,,0
10315,4,6,OUT,SALE,5,2025-01-26,0,,0
10316,4,6,OUT,SALE,5,2025-01-27,0,,0
10317,4,6,OUT,SALE,6,2025-01-28,0,,0
10318,4,6,OUT,SALE,3,2025-01-29,0,,0
10319,4,6,OUT,SALE,3,2025-01-30,0,,0
10320,4,6,OUT,SALE,4,2025-01-31,0,,0
10321,4,6,OUT,SALE,3,2025-02-01,0,,0
10322,4,6,OUT,SALE,3,2025-02-02,0,,0
10323,4,6,OUT,SALE,3,2025-02-03,0,,0
10324,4,6,OUT,SALE,3,2025-02-04,0,,0
10325,4,6,OUT,SALE,3,2025-02-05,0,,0
10326,4,6,OUT,SALE,3,2025-02-06,0,,0
10327,4,6,OUT,SALE,2,2025-02-07,0,,0
10328,4,6,OUT,SALE,4,2025-02-08,0,,0
10329,4,6,OUT,SALE,3,2025-02-09,0,,0
10330,4,6,OUT,SALE,3,2025-02-10,0,,0
10331,4,6,OUT,SALE,3,2025-02-11,0,,0
10332,4,6,OUT,SALE,3,2025-02-12,0,,0
10333,4,6,OUT,SALE,3,2025-02-13,0,,0
10334,4,6,OUT,SALE,3,2025-02-14,0,,0
10335,4,6,OUT,SALE,4,2025-02-15,0,,0
10336,4,6,OUT,SALE,4,2025-02-16,0,,0
10337,4,6,OUT,DAMAGE,27,2025-02-17,1,THEFT_SPIKE,1
10338,4,6,OUT,SALE,3,2025-02-18,0,,0
10339,4,6,OUT,SALE,2,2025-02-19,0,,0
10340,4,6,OUT,SALE,3,2025-02-20,0,,0
10341,4,6,OUT,SALE,2,2025-02-21,0,,0
10342,4,6,OUT,SALE,3,2025-02-22,0,,0
10343,4,6,OUT,SALE,4,2025-02-23,0,,0
10344,4,6,OUT,SALE,3,2025-02-24,0,,0
10345,4,6,OUT,SALE,3,2025-02-25,0,,0
10346,4,6,OUT,SALE,3,2025-02-26,0,,0
10347,4,6,OUT,SALE,3,2025-02-27,0,,0
10348,4,6,OUT,SALE,3,2025-02-28,0,,0
10349,4,6,OUT,SALE,3,2025-03-01,0,,0
10350,4,6,OUT,SALE,3,2025-03-02,0,,0
10351,4,6,OUT,SALE,2,2025-03-03,0,,0
10352,4,6,OUT,SALE,2,2025-03-04,0,,0
10353,4,6,OUT,SALE,2,2025-03-05,0,,0
10354,4,6,OUT,SALE,2,2025-03-06,0,,0
10355,4,6,OUT,SALE,2,2025-03-07,0,,0
10356,4,6,OUT,SALE,2,2025-03-08,0,,0
10357,4,6,OUT,SALE,3,2025-03-09,0,,0
10358,4,6,OUT,SALE,2,2025-03-10,0,,0
10359,4,6,OUT,SALE,2,2025-03-11,0,,0
10360,4,6,OUT,SALE,2,2025-03-12,0,,0
10361,4,6,OUT,SALE,3,2025-03-13,0,,0
10362,4,6,OUT,SALE,2,2025-03-14,0,,0
10363,4,6,OUT,SALE,3,2025-03-15,0,,0
10364,4,6,OUT,SALE,3,2025-03-16,0,,0
10365,4,6,OUT,SALE,2,2025-03-17,0,,0
10366,4,6,OUT,SALE,3,2025-03-18,0,,0
10367,4,6,OUT,SALE,2,2025-03-19,0,,0
10368,4,6,OUT,SALE,2,2025-03-20,0,,0
10369,4,6,OUT,SALE,2,2025-03-21,0,,0
10370,4,6,OUT,SALE,3,2025-03-22,0,,0
10371,4,6,OUT,SALE,3,2025-03-23,0,,0
10372,4,6,OUT,SALE,2,2025-03-24,0,,0
10373,4,6,OUT,SALE,2,2025-03-25,0,,0
10374,4,6,OUT,SALE,3,2025-03-26,0,,0
10375,4,6,OUT,SALE,2,2025-03-27,0,,0
10376,4,6,OUT,SALE,2,2025-03-28,0,,0
10377,4,6,OUT,SALE,2,2025-03-29,0,,0
10378,4,6,OUT,SALE,3,2025-03-30,0,,0
10379,4,6,OUT,SALE,3,2025-03-31,0,,0
10380,4,6,OUT,SALE,2,2025-04-01,0,,0
10381,4,6,OUT,SALE,2,2025-04-02,0,,0
10382,4,6,OUT,SALE,1,2025-04-03,0,,0
10383,4,6,OUT,SALE,1,2025-04-04,0,,0
10384,4,6,OUT,SALE,2,2025-04-05,0,,0
10385,4,6,OUT,SALE,2,2025-04-06,0,,0
10386,4,6,OUT,SALE,1,2025-04-07,0,,0
10387,4,6,OUT,SALE,2,2025-04-08,0,,0
10388,4,6,OUT,SALE,2,2025-04-09,0,,0
10389,4,6,OUT,SALE,2,2025-04-10,0,,0
10390,4,6,OUT,SALE,2,2025-04-11,0,,0
10391,4,6,OUT,SALE,1,2025-04-12,0,,0
10392,4,6,OUT,DAMAGE,17,2025-04-13,1,THEFT_SPIKE,1
10393,4,6,OUT,SALE,2,2025-04-14,0,,0
10394,4,6,OUT,SALE,1,2025-04-15,0,,0
10395,4,6,OUT,SALE,1,2025-04-16,0,,0
10396,4,6,OUT,SALE,2,2025-04-17,0,,0
10397,4,6,OUT,SALE,2,2025-04-18,0,,0
10398,4,6,OUT,SALE,2,2025-04-19,0,,0
10399,4,6,OUT,SALE,2,2025-04-20,0,,0
10400,4,6,OUT,SALE,1,2025-04-21,0,,0
10401,4,6,OUT,SALE,2,2025-04-22,0,,0
10402,4,6,OUT,SALE,2,2025-04-23,0,,0
10403,4,6,OUT,SALE,1,2025-04-24,0,,0
10404,4,6,OUT,SALE,1,2025-04-25,0,,0
10405,4,6,OUT,SALE,2,2025-04-26,0,,0
10406,4,6,OUT,SALE,2,2025-04-27,0,,0
10407,4,6,OUT,SALE,2,2025-04-28,0,,0
10408,4,6,OUT,SALE,2,2025-04-29,0,,0
10409,4,6,OUT,SALE,2,2025-04-30,0,,0
10410,4,6,OUT,SALE,1,2025-05-01,0,,0
10411,4,6,OUT,SALE,1,2025-05-02,0,,0
10412,4,6,OUT,SALE,1,2025-05-03,0,,0
10413,4,6,OUT,SALE,1,2025-05-04,0,,0
10414,4,6,OUT,SALE,1,2025-05-05,0,,0
10415,4,6,OUT,SALE,1,2025-05-06,0,,0
10416,4,6,OUT,SALE,1,2025-05-07,0,,0
10417,4,6,OUT,SALE,1,2025-05-08,0,,0
10418,4,6,OUT,SALE,1,2025-05-09,0,,0
10419,4,6,OUT,SALE,1,2025-05-10,0,,0
10420,4,6,OUT,SALE,1,2025-05-11,0,,0
10421,4,6,OUT,SALE,1,2025-05-12,0,,0
10422,4,6,OUT,SALE,1,2025-05-13,0,,0
10423,4,6,OUT,SALE,1,2025-05-14,0,,0
10424,4,6,OUT,SALE,1,2025-05-15,0,,0
10425,4,6,OUT,SALE,1,2025-05-16,0,,0
10426,4,6,OUT,SALE,1,2025-05-17,0,,0
10427,4,6,OUT,SALE,1,2025-05-18,0,,0
10428,4,6,OUT,SALE,1,2025-05-19,0,,0
10429,4,6,OUT,SALE,1,2025-05-20,0,,0
10430,4,6,OUT,SALE,1,2025-05-21,0,,0
10431,4,6,OUT,SALE,1,2025-05-22,0,,0
10432,4,6,OUT,SALE,1,2025-05-23,0,,0
10433,4,6,OUT,SALE,1,2025-05-24,0,,0
10434,4,6,OUT,SALE,1,2025-05-25,0,,0
10435,4,6,OUT,SALE,1,2025-05-26,0,,0
10436,4,6,OUT,SALE,1,2025-05-27,0,,0
10437,4,6,OUT,SALE,1,2025-05-28,0,,0
10438,4,6,OUT,SALE,1,2025-05-29,0,,0
10439,4,6,OUT,SALE,1,2025-05-30,0,,0
10440,4,6,OUT,SALE,1,2025-05-31,0,,0
10441,4,6,OUT,SALE,1,2025-09-01,0,,0
10442,4,6,OUT,SALE,1,2025-09-02,0,,0
10443,4,6,OUT,SALE,1,2025-09-03,0,,0
10444,4,6,OUT,SALE,1,2025-09-04,0,,0
10445,4,6,OUT,SALE,1,2025-09-05,0,,0
10446,4,6,OUT,SALE,1,2025-09-06,0,,0
10447,4,6,OUT,SALE,1,2025-09-07,0,,0
10448,4,6,OUT,SALE,1,2025-09-08,0,,0
10449,4,6,OUT,SALE,1,2025-09-09,0,,0
10450,4,6,OUT,SALE,1,2025-09-10,0,,0
10451,4,6,OUT,SALE,1,2025-09-11,0,,0
10452,4,6,OUT,SALE,1,2025-09-12,0,,0
10453,4,6,OUT,SALE,1,2025-09-13,0,,0
10454,4,6,OUT,SALE,1,2025-09-14,0,,0
10455,4,6,OUT,SALE,1,2025-09-15,0,,0
10456,4,6,OUT,SALE,1,2025-09-16,0,,0
10457,4,6,OUT,SALE,1,2025-09-17,0,,0
10458,4,6,OUT,SALE,1,2025-09-18,0,,0
10459,4,6,OUT,SALE,1,2025-09-19,0,,0
10460,4,6,OUT,SALE,1,2025-09-20,0,,0
10461,4,6,OUT,SALE,1,2025-09-21,0,,0
10462,4,6,OUT,SALE,1,2025-09-22,0,,0
10463,4,6,OUT,SALE,1,2025-09-23,0,,0
10464,4,6,OUT,SALE,1,2025-09-24,0,,0
10465,4,6,OUT,SALE,1,2025-09-25,0,,0
10466,4,6,OUT,SALE,1,2025-09-26,0,,0
10467,4,6,OUT,SALE,1,2025-09-27,0,,0
10468,4,6,OUT,SALE,1,2025-09-28,0,,0
10469,4,6,OUT,SALE,1,2025-09-29,0,,0
10470,4,6,OUT,SALE,1,2025-09-30,0,,0
10471,4,6,OUT,SALE,3,2025-10-01,0,,0
10472,4,6,OUT,SALE,3,2025-10-02,0,,0
10473,4,6,OUT,SALE,3,2025-10-03,0,,0
10474,4,6,OUT,SALE,2,2025-10-04,0,,0
10475,4,6,OUT,SALE,2,2025-10-05,0,,0
10476,4,6,OUT,SALE,2,2025-10-06,0,,0
10477,4,6,OUT,SALE,2,2025-10-07,0,,0
10478,4,6,OUT,SALE,1,2025-10-08,0,,0
10479,4,6,OUT,SALE,2,2025-10-09,0,,0
10480,4,6,OUT,SALE,2,2025-10-10,0,,0
10481,4,6,OUT,SALE,2,2025-10-11,0,,0
10482,4,6,OUT,SALE,2,2025-10-12,0,,0
10483,4,6,OUT,SALE,1,2025-10-13,0,,0
10484,4,6,OUT,SALE,1,2025-10-14,0,,0
10485,4,6,OUT,SALE,1,2025-10-15,0,,0
10486,4,6,OUT,SALE,2,2025-10-16,0,,0
10487,4,6,OUT,SALE,1,2025-10-17,0,,0
10488,4,6,OUT,SALE,2,2025-10-18,0,,0
10489,4,6,OUT,SALE,2,2025-10-19,0,,0
10490,4,6,OUT,SALE,1,2025-10-20,0,,0
10491,4,6,OUT,SALE,2,2025-10-21,0,,0
10492,4,6,OUT,SALE,1,2025-10-22,0,,0
10493,4,6,OUT,SALE,1,2025-10-23,0,,0
10494,4,6,OUT,SALE,2,2025-10-24,0,,0
10495,4,6,OUT,SALE,2,2025-10-25,0,,0
10496,4,6,OUT,SALE,2,2025-10-26,0,,0
10497,4,6,OUT,SALE,2,2025-10-27,0,,0
10498,4,6,OUT,SALE,1,2025-10-28,0,,0
10499,4,6,OUT,SALE,2,2025-10-29,0,,0
10500,4,6,OUT,SALE,2,2025-10-30,0,,0
10501,4,6,OUT,SALE,2,2025-10-31,0,,0
10502,4,6,OUT,SALE,3,2025-11-01,0,,0
10503,4,6,OUT,SALE,3,2025-11-02,0,,0
10504,4,6,OUT,SALE,2,2025-11-03,0,,0
10505,4,6,OUT,SALE,2,2025-11-04,0,,0
10506,4,6,OUT,SALE,2,2025-11-05,0,,0
10507,4,6,OUT,SALE,2,2025-11-06,0,,0
10508,4,6,OUT,SALE,2,2025-11-07,0,,0
10509,4,6,OUT,SALE,2,2025-11-08,0,,0
10510,4,6,OUT,SALE,3,2025-11-09,0,,0
10511,4,6,OUT,SALE,2,2025-11-10,0,,0
10512,4,6,OUT,SALE,3,2025-11-11,0,,0
10513,4,6,OUT,SALE,2,2025-11-12,0,,0
10514,4,6,OUT,SALE,2,2025-11-13,0,,0
10515,4,6,OUT,SALE,2,2025-11-14,0,,0
10516,4,6,OUT,SALE,3,2025-11-15,0,,0
10517,4,6,OUT,SALE,3,2025-11-16,0,,0
10518,4,6,OUT,SALE,2,2025-11-17,0,,0
10519,4,6,OUT,SALE,3,2025-11-18,0,,0
10520,4,6,OUT,SALE,3,2025-11-19,0,,0
10521,4,6,OUT,SALE,2,2025-11-20,0,,0
10522,4,6,OUT,SALE,2,2025-11-21,0,,0
10523,4,6,OUT,DAMAGE,12,2025-11-22,1,OFF_HOURS_BULK,1
10524,4,6,OUT,SALE,3,2025-11-23,0,,0
10525,4,6,OUT,SALE,2,2025-11-24,0,,0
10526,4,6,OUT,SALE,3,2025-11-25,0,,0
10527,4,6,OUT,SALE,2,2025-11-26,0,,0
10528,4,6,OUT,SALE,2,2025-11-27,0,,0
10529,4,6,OUT,SALE,6,2025-11-28,0,,0
10530,4,6,OUT,SALE,6,2025-11-29,0,,0
10531,4,6,OUT,SALE,5,2025-11-30,0,,0
10532,4,6,OUT,SALE,3,2025-12-01,0,,0
10533,4,6,OUT,SALE,3,2025-12-02,0,,0
10534,4,6,OUT,SALE,2,2025-12-03,0,,0
10535,4,6,OUT,SALE,3,2025-12-04,0,,0
10536,4,6,OUT,SALE,3,2025-12-05,0,,0
10537,4,6,OUT,SALE,3,2025-12-06,0,,0
10538,4,6,OUT,SALE,3,2025-12-07,0,,0
10539,4,6,OUT,SALE,3,2025-12-08,0,,0
10540,4,6,OUT,SALE,3,2025-12-09,0,,0
10541,4,6,OUT,SALE,3,2025-12-10,0,,0
10542,4,6,OUT,SALE,3,2025-12-11,0,,0
10543,4,6,OUT,SALE,3,2025-12-12,0,,0
10544,4,6,OUT,SALE,3,2025-12-13,0,,0
10545,4,6,OUT,SALE,4,2025-12-14,0,,0
10546,4,6,OUT,SALE,3,2025-12-15,0,,0
10547,4,6,OUT,SALE,3,2025-12-16,0,,0
10548,4,6,OUT,SALE,3,2025-12-17,0,,0
10549,4,6,OUT,SALE,3,2025-12-18,0,,0
10550,4,6,OUT,SALE,3,2025-12-19,0,,0
10551,4,6,OUT,SALE,3,2025-12-20,0,,0
10552,4,6,OUT,SALE,4,2025-12-21,0,,0
10553,4,6,OUT,SALE,3,2025-12-22,0,,0
10554,4,6,OUT,SALE,2,2025-12-23,0,,0
10555,4,6,OUT,SALE,5,2025-12-24,0,,0
10556,4,6,OUT,SALE,5,2025-12-25,0,,0
10557,4,6,OUT,SALE,4,2025-12-26,0,,0
10558,4,6,OUT,SALE,3,2025-12-27,0,,0
10559,4,6,OUT,SALE,3,2025-12-28,0,,0
10560,4,6,OUT,SALE,3,2025-12-29,0,,0
10561,4,6,OUT,SALE,2,2025-12-30,0,,0
10562,4,6,OUT,SALE,3,2025-12-31,0,,0
10563,4,7,OUT,SALE,12,2025-01-01,0,,0
10564,4,7,OUT,SALE,9,2025-01-02,0,,0
10565,4,7,OUT,SALE,9,2025-01-03,0,,0
10566,4,7,OUT,SALE,12,2025-01-04,0,,0
10567,4,7,OUT,SALE,12,2025-01-05,0,,0
10568,4,7,OUT,SALE,11,2025-01-06,0,,0
10569,4,7,OUT,SALE,9,2025-01-07,0,,0
10570,4,7,OUT,SALE,10,2025-01-08,0,,0
10571,4,7,OUT,SALE,11,2025-01-09,0,,0
10572,4,7,OUT,SALE,9,2025-01-10,0,,0
10573,4,7,OUT,SALE,11,2025-01-11,0,,0
10574,4,7,OUT,SALE,11,2025-01-12,0,,0
10575,4,7,OUT,SALE,8,2025-01-13,0,,0
10576,4,7,OUT,SALE,9,2025-01-14,0,,0
10577,4,7,OUT,SALE,11,2025-01-15,0,,0
10578,4,7,OUT,SALE,11,2025-01-16,0,,0
10579,4,7,OUT,SALE,9,2025-01-17,0,,0
10580,4,7,OUT,SALE,11,2025-01-18,0,,0
10581,4,7,OUT,SALE,12,2025-01-19,0,,0
10582,4,7,OUT,SALE,10,2025-01-20,0,,0
10583,4,7,OUT,SALE,11,2025-01-21,0,,0
10584,4,7,OUT,SALE,10,2025-01-22,0,,0
10585,4,7,OUT,SALE,10,2025-01-23,0,,0
10586,4,7,OUT,SALE,9,2025-01-24,0,,0
10587,4,7,OUT,SALE,17,2025-01-25,0,,0
10588,4,7,OUT,SALE,22,2025-01-26,0,,0
10589,4,7,OUT,SALE,17,2025-01-27,0,,0
10590,4,7,OUT,SALE,14,2025-01-28,0,,0
10591,4,7,OUT,SALE,9,2025-01-29,0,,0
10592,4,7,OUT,SALE,11,2025-01-30,0,,0
10593,4,7,OUT,SALE,7,2025-01-31,0,,0
10594,4,7,OUT,SALE,10,2025-02-01,0,,0
10595,4,7,OUT,SALE,12,2025-02-02,0,,0
10596,4,7,OUT,SALE,12,2025-02-03,0,,0
10597,4,7,OUT,SALE,11,2025-02-04,0,,0
10598,4,7,OUT,SALE,12,2025-02-05,0,,0
10599,4,7,OUT,SALE,10,2025-02-06,0,,0
10600,4,7,OUT,SALE,10,2025-02-07,0,,0
10601,4,7,OUT,SALE,13,2025-02-08,0,,0
10602,4,7,OUT,SALE,10,2025-02-09,0,,0
10603,4,7,OUT,SALE,9,2025-02-10,0,,0
10604,4,7,OUT,SALE,9,2025-02-11,0,,0
10605,4,7,OUT,SALE,11,2025-02-12,0,,0
10606,4,7,OUT,SALE,9,2025-02-13,0,,0
10607,4,7,OUT,SALE,11,2025-02-14,0,,0
10608,4,7,OUT,SALE,12,2025-02-15,0,,0
10609,4,7,OUT,SALE,13,2025-02-16,0,,0
10610,4,7,OUT,SALE,9,2025-02-17,0,,0
10611,4,7,OUT,SALE,9,2025-02-18,0,,0
10612,4,7,OUT,SALE,11,2025-02-19,0,,0
10613,4,7,OUT,SALE,9,2025-02-20,0,,0
10614,4,7,OUT,SALE,7,2025-02-21,0,,0
10615,4,7,OUT,SALE,10,2025-02-22,0,,0
10616,4,7,OUT,SALE,10,2025-02-23,0,,0
10617,4,7,OUT,SALE,9,2025-02-24,0,,0
10618,4,7,OUT,SALE,11,2025-02-25,0,,0
10619,4,7,OUT,SALE,10,2025-02-26,0,,0
10620,4,7,OUT,SALE,10,2025-02-27,0,,0
10621,4,7,OUT,SALE,12,2025-02-28,0,,0
10622,4,7,OUT,SALE,14,2025-03-01,0,,0
10623,4,7,OUT,SALE,14,2025-03-02,0,,0
10624,4,7,OUT,SALE,9,2025-03-03,0,,0
10625,4,7,OUT,SALE,11,2025-03-04,0,,0
10626,4,7,OUT,SALE,11,2025-03-05,0,,0
10627,4,7,OUT,DAMAGE,20,2025-03-06,1,REPEATED_LOSS,0
10628,4,7,OUT,SALE,13,2025-03-07,0,,0
10629,4,7,OUT,SALE,13,2025-03-08,0,,0
10630,4,7,OUT,SALE,11,2025-03-09,0,,0
10631,4,7,OUT,SALE,10,2025-03-10,0,,0
10632,4,7,OUT,SALE,14,2025-03-11,0,,0
10633,4,7,OUT,SALE,10,2025-03-12,0,,0
10634,4,7,OUT,SALE,8,2025-03-13,0,,0
10635,4,7,OUT,SALE,10,2025-03-14,0,,0
10636,4,7,OUT,SALE,10,2025-03-15,0,,0
10637,4,7,OUT,SALE,14,2025-03-16,0,,0
10638,4,7,OUT,SALE,8,2025-03-17,0,,0
10639,4,7,OUT,SALE,9,2025-03-18,0,,0
10640,4,7,OUT,SALE,11,2025-03-19,0,,0
10641,4,7,OUT,SALE,12,2025-03-20,0,,0
10642,4,7,OUT,SALE,11,2025-03-21,0,,0
10643,4,7,OUT,SALE,11,2025-03-22,0,,0
10644,4,7,OUT,SALE,13,2025-03-23,0,,0
10645,4,7,OUT,SALE,10,2025-03-24,0,,0
10646,4,7,OUT,SALE,12,2025-03-25,0,,0
10647,4,7,OUT,SALE,12,2025-03-26,0,,0
10648,4,7,OUT,SALE,10,2025-03-27,0,,0
10649,4,7,OUT,SALE,12,2025-03-28,0,,0
10650,4,7,OUT,SALE,13,2025-03-29,0,,0
10651,4,7,OUT,SALE,15,2025-03-30,0,,0
10652,4,7,OUT,DAMAGE,81,2025-03-31,1,THEFT_SPIKE,1
10653,4,7,OUT,SALE,13,2025-04-01,0,,0
10654,4,7,OUT,SALE,14,2025-04-02,0,,0
10655,4,7,OUT,SALE,12,2025-04-03,0,,0
10656,4,7,OUT,SALE,11,2025-04-04,0,,0
10657,4,7,OUT,SALE,14,2025-04-05,0,,0
10658,4,7,OUT,SALE,13,2025-04-06,0,,0
10659,4,7,OUT,SALE,13,2025-04-07,0,,0
10660,4,7,OUT,SALE,12,2025-04-08,0,,0
10661,4,7,OUT,SALE,13,2025-04-09,0,,0
10662,4,7,OUT,SALE,10,2025-04-10,0,,0
10663,4,7,OUT,SALE,13,2025-04-11,0,,0
10664,4,7,OUT,SALE,12,2025-04-12,0,,0
10665,4,7,OUT,SALE,16,2025-04-13,0,,0
10666,4,7,OUT,SALE,13,2025-04-14,0,,0
10667,4,7,OUT,SALE,13,2025-04-15,0,,0
10668,4,7,OUT,SALE,13,2025-04-16,0,,0
10669,4,7,OUT,SALE,12,2025-04-17,0,,0
10670,4,7,OUT,SALE,11,2025-04-18,0,,0
10671,4,7,OUT,SALE,14,2025-04-19,0,,0
10672,4,7,OUT,SALE,17,2025-04-20,0,,0
10673,4,7,OUT,SALE,12,2025-04-21,0,,0
10674,4,7,OUT,SALE,10,2025-04-22,0,,0
10675,4,7,OUT,SALE,10,2025-04-23,0,,0
10676,4,7,OUT,SALE,10,2025-04-24,0,,0
10677,4,7,OUT,SALE,12,2025-04-25,0,,0
10678,4,7,OUT,SALE,16,2025-04-26,0,,0
10679,4,7,OUT,SALE,12,2025-04-27,0,,0
10680,4,7,OUT,SALE,14,2025-04-28,0,,0
10681,4,7,OUT,SALE,12,2025-04-29,0,,0
10682,4,7,OUT,SALE,13,2025-04-30,0,,0
10683,4,7,OUT,SALE,14,2025-05-01,0,,0
10684,4,7,OUT,SALE,14,2025-05-02,0,,0
10685,4,7,OUT,SALE,15,2025-05-03,0,,0
10686,4,7,OUT,SALE,11,2025-05-04,0,,0
10687,4,7,OUT,SALE,12,2025-05-05,0,,0
10688,4,7,OUT,SALE,12,2025-05-06,0,,0
10689,4,7,OUT,SALE,14,2025-05-07,0,,0
10690,4,7,OUT,SALE,14,2025-05-08,0,,0
10691,4,7,OUT,SALE,13,2025-05-09,0,,0
10692,4,7,OUT,SALE,19,2025-05-10,0,,0
10693,4,7,OUT,SALE,14,2025-05-11,0,,0
10694,4,7,OUT,SALE,10,2025-05-12,0,,0
10695,4,7,OUT,SALE,13,2025-05-13,0,,0
10696,4,7,OUT,SALE,15,2025-05-14,0,,0
10697,4,7,OUT,SALE,14,2025-05-15,0,,0
10698,4,7,OUT,SALE,13,2025-05-16,0,,0
10699,4,7,OUT,SALE,16,2025-05-17,0,,0
10700,4,7,OUT,SALE,19,2025-05-18,0,,0
10701,4,7,OUT,SALE,12,2025-05-19,0,,0
10702,4,7,OUT,SALE,13,2025-05-20,0,,0
10703,4,7,OUT,SALE,14,2025-05-21,0,,0
10704,4,7,OUT,SALE,14,2025-05-22,0,,0
10705,4,7,OUT,SALE,13,2025-05-23,0,,0
10706,4,7,OUT,SALE,15,2025-05-24,0,,0
10707,4,7,OUT,SALE,15,2025-05-25,0,,0
10708,4,7,OUT,SALE,14,2025-05-26,0,,0
10709,4,7,OUT,SALE,14,2025-05-27,0,,0
10710,4,7,OUT,SALE,17,2025-05-28,0,,0
10711,4,7,OUT,SALE,11,2025-05-29,0,,0
10712,4,7,OUT,SALE,16,2025-05-30,0,,0
10713,4,7,OUT,SALE,15,2025-05-31,0,,0
10714,4,7,OUT,SALE,16,2025-06-01,0,,0
10715,4,7,OUT,SALE,16,2025-06-02,0,,0
10716,4,7,OUT,SALE,16,2025-06-03,0,,0
10717,4,7,OUT,SALE,16,2025-06-04,0,,0
10718,4,7,OUT,SALE,17,2025-06-05,0,,0
10719,4,7,OUT,DAMAGE,34,2025-06-06,1,REPEATED_LOSS,0
10720,4,7,OUT,SALE,19,2025-06-07,0,,0
10721,4,7,OUT,SALE,15,2025-06-08,0,,0
10722,4,7,OUT,SALE,14,2025-06-09,0,,0
10723,4,7,OUT,SALE,14,2025-06-10,0,,0
10724,4,7,OUT,SALE,13,2025-06-11,0,,0
10725,4,7,OUT,SALE,14,2025-06-12,0,,0
10726,4,7,OUT,SALE,16,2025-06-13,0,,0
10727,4,7,OUT,SALE,18,2025-06-14,0,,0
10728,4,7,OUT,SALE,15,2025-06-15,0,,0
10729,4,7,OUT,SALE,13,2025-06-16,0,,0
10730,4,7,OUT,SALE,13,2025-06-17,0,,0
10731,4,7,OUT,SALE,14,2025-06-18,0,,0
10732,4,7,OUT,SALE,11,2025-06-19,0,,0
10733,4,7,OUT,SALE,13,2025-06-20,0,,0
10734,4,7,OUT,SALE,15,2025-06-21,0,,0
10735,4,7,OUT,SALE,18,2025-06-22,0,,0
10736,4,7,OUT,SALE,14,2025-06-23,0,,0
10737,4,7,OUT,SALE,16,2025-06-24,0,,0
10738,4,7,OUT,SALE,15,2025-06-25,0,,0
10739,4,7,OUT,SALE,13,2025-06-26,0,,0
10740,4,7,OUT,SALE,13,2025-06-27,0,,0
10741,4,7,OUT,SALE,14,2025-06-28,0,,0
10742,4,7,OUT,SALE,21,2025-06-29,0,,0
10743,4,7,OUT,SALE,16,2025-06-30,0,,0
10744,4,7,OUT,SALE,16,2025-07-01,0,,0
10745,4,7,OUT,SALE,12,2025-07-02,0,,0
10746,4,7,OUT,SALE,14,2025-07-03,0,,0
10747,4,7,OUT,SALE,13,2025-07-04,0,,0
10748,4,7,OUT,SALE,17,2025-07-05,0,,0
10749,4,7,OUT,SALE,15,2025-07-06,0,,0
10750,4,7,OUT,SALE,13,2025-07-07,0,,0
10751,4,7,OUT,SALE,13,2025-07-08,0,,0
10752,4,7,OUT,SALE,14,2025-07-09,0,,0
10753,4,7,OUT,SALE,15,2025-07-10,0,,0
10754,4,7,OUT,SALE,14,2025-07-11,0,,0
10755,4,7,OUT,SALE,20,2025-07-12,0,,0
10756,4,7,OUT,SALE,18,2025-07-13,0,,0
10757,4,7,OUT,SALE,13,2025-07-14,0,,0
10758,4,7,OUT,SALE,15,2025-07-15,0,,0
10759,4,7,OUT,SALE,13,2025-07-16,0,,0
10760,4,7,OUT,SALE,14,2025-07-17,0,,0
10761,4,7,OUT,SALE,15,2025-07-18,0,,0
10762,4,7,OUT,SALE,18,2025-07-19,0,,0
10763,4,7,OUT,SALE,34,2025-07-20,0,,0
10764,4,7,OUT,SALE,28,2025-07-21,0,,0
10765,4,7,OUT,SALE,32,2025-07-22,0,,0
10766,4,7,OUT,SALE,34,2025-07-23,0,,0
10767,4,7,OUT,SALE,29,2025-07-24,0,,0
10768,4,7,OUT,SALE,35,2025-07-25,0,,0
10769,4,7,OUT,SALE,18,2025-07-26,0,,0
10770,4,7,OUT,SALE,15,2025-07-27,0,,0
10771,4,7,OUT,SALE,16,2025-07-28,0,,0
10772,4,7,OUT,SALE,17,2025-07-29,0,,0
10773,4,7,OUT,SALE,18,2025-07-30,0,,0
10774,4,7,OUT,SALE,17,2025-07-31,0,,0
10775,4,7,OUT,SALE,13,2025-08-01,0,,0
10776,4,7,OUT,SALE,18,2025-08-02,0,,0
10777,4,7,OUT,SALE,18,2025-08-03,0,,0
10778,4,7,OUT,SALE,14,2025-08-04,0,,0
10779,4,7,OUT,SALE,15,2025-08-05,0,,0
10780,4,7,OUT,SALE,11,2025-08-06,0,,0
10781,4,7,OUT,SALE,11,2025-08-07,0,,0
10782,4,7,OUT,SALE,11,2025-08-08,0,,0
10783,4,7,OUT,SALE,17,2025-08-09,0,,0
10784,4,7,OUT,SALE,17,2025-08-10,0,,0
10785,4,7,OUT,SALE,14,2025-08-11,0,,0
10786,4,7,OUT,SALE,17,2025-08-12,0,,0
10787,4,7,OUT,SALE,16,2025-08-13,0,,0
10788,4,7,OUT,SALE,11,2025-08-14,0,,0
10789,4,7,OUT,SALE,14,2025-08-15,0,,0
10790,4,7,OUT,SALE,14,2025-08-16,0,,0
10791,4,7,OUT,SALE,17,2025-08-17,0,,0
10792,4,7,OUT,SALE,14,2025-08-18,0,,0
10793,4,7,OUT,SALE,13,2025-08-19,0,,0
10794,4,7,OUT,SALE,17,2025-08-20,0,,0
10795,4,7,OUT,SALE,14,2025-08-21,0,,0
10796,4,7,OUT,SALE,13,2025-08-22,0,,0
10797,4,7,OUT,SALE,16,2025-08-23,0,,0
10798,4,7,OUT,DAMAGE,161,2025-08-24,1,THEFT_SPIKE,1
10799,4,7,OUT,SALE,16,2025-08-25,0,,0
10800,4,7,OUT,SALE,14,2025-08-26,0,,0
10801,4,7,OUT,SALE,12,2025-08-27,0,,0
10802,4,7,OUT,SALE,13,2025-08-28,0,,0
10803,4,7,OUT,SALE,13,2025-08-29,0,,0
10804,4,7,OUT,SALE,17,2025-08-30,0,,0
10805,4,7,OUT,SALE,18,2025-08-31,0,,0
10806,4,7,OUT,SALE,12,2025-09-01,0,,0
10807,4,7,OUT,SALE,15,2025-09-02,0,,0
10808,4,7,OUT,SALE,12,2025-09-03,0,,0
10809,4,7,OUT,SALE,12,2025-09-04,0,,0
10810,4,7,OUT,SALE,11,2025-09-05,0,,0
10811,4,7,OUT,SALE,13,2025-09-06,0,,0
10812,4,7,OUT,SALE,14,2025-09-07,0,,0
10813,4,7,OUT,SALE,13,2025-09-08,0,,0
10814,4,7,OUT,SALE,12,2025-09-09,0,,0
10815,4,7,OUT,SALE,16,2025-09-10,0,,0
10816,4,7,OUT,SALE,12,2025-09-11,0,,0
10817,4,7,OUT,SALE,14,2025-09-12,0,,0
10818,4,7,OUT,SALE,18,2025-09-13,0,,0
10819,4,7,OUT,SALE,15,2025-09-14,0,,0
10820,4,7,OUT,SALE,13,2025-09-15,0,,0
10821,4,7,OUT,SALE,14,2025-09-16,0,,0
10822,4,7,OUT,SALE,12,2025-09-17,0,,0
10823,4,7,OUT,SALE,12,2025-09-18,0,,0
10824,4,7,OUT,SALE,14,2025-09-19,0,,0
10825,4,7,OUT,SALE,14,2025-09-20,0,,0
10826,4,7,OUT,SALE,17,2025-09-21,0,,0
10827,4,7,OUT,SALE,15,2025-09-22,0,,0
10828,4,7,OUT,SALE,14,2025-09-23,0,,0
10829,4,7,OUT,SALE,15,2025-09-24,0,,0
10830,4,7,OUT,SALE,12,2025-09-25,0,,0
10831,4,7,OUT,SALE,15,2025-09-26,0,,0
10832,4,7,OUT,SALE,17,2025-09-27,0,,0
10833,4,7,OUT,SALE,15,2025-09-28,0,,0
10834,4,7,OUT,DAMAGE,35,2025-09-29,1,REPEATED_LOSS,0
10835,4,7,OUT,SALE,26,2025-09-30,0,,0
10836,4,7,OUT,SALE,28,2025-10-01,0,,0
10837,4,7,OUT,SALE,22,2025-10-02,0,,0
10838,4,7,OUT,SALE,22,2025-10-03,0,,0
10839,4,7,OUT,SALE,16,2025-10-04,0,,0
10840,4,7,OUT,SALE,14,2025-10-05,0,,0
10841,4,7,OUT,SALE,13,2025-10-06,0,,0
10842,4,7,OUT,SALE,14,2025-10-07,0,,0
10843,4,7,OUT,SALE,9,2025-10-08,0,,0
10844,4,7,OUT,SALE,12,2025-10-09,0,,0
10845,4,7,OUT,SALE,12,2025-10-10,0,,0
10846,4,7,OUT,SALE,12,2025-10-11,0,,0
10847,4,7,OUT,SALE,11,2025-10-12,0,,0
10848,4,7,OUT,SALE,10,2025-10-13,0,,0
10849,4,7,OUT,SALE,12,2025-10-14,0,,0
10850,4,7,OUT,SALE,11,2025-10-15,0,,0
10851,4,7,OUT,SALE,11,2025-10-16,0,,0
10852,4,7,OUT,SALE,12,2025-10-17,0,,0
10853,4,7,OUT,SALE,13,2025-10-18,0,,0
10854,4,7,OUT,SALE,16,2025-10-19,0,,0
10855,4,7,OUT,SALE,11,2025-10-20,0,,0
10856,4,7,OUT,SALE,14,2025-10-21,0,,0
10857,4,7,OUT,SALE,12,2025-10-22,0,,0
10858,4,7,OUT,SALE,11,2025-10-23,0,,0
10859,4,7,OUT,SALE,11,2025-10-24,0,,0
10860,4,7,OUT,SALE,16,2025-10-25,0,,0
10861,4,7,OUT,SALE,15,2025-10-26,0,,0
10862,4,7,OUT,SALE,11,2025-10-27,0,,0
10863,4,7,OUT,SALE,12,2025-10-28,0,,0
10864,4,7,OUT,SALE,9,2025-10-29,0,,0
10865,4,7,OUT,SALE,10,2025-10-30,0,,0
10866,4,7,OUT,SALE,11,2025-10-31,0,,0
10867,4,7,OUT,SALE,11,2025-11-01,0,,0
10868,4,7,OUT,SALE,14,2025-11-02,0,,0
10869,4,7,OUT,SALE,8,2025-11-03,0,,0
10870,4,7,OUT,SALE,9,2025-11-04,0,,0
10871,4,7,OUT,SALE,11,2025-11-05,0,,0
10872,4,7,OUT,SALE,11,2025-11-06,0,,0
10873,4,7,OUT,SALE,10,2025-11-07,0,,0
10874,4,7,OUT,SALE,16,2025-11-08,0,,0
10875,4,7,OUT,SALE,13,2025-11-09,0,,0
10876,4,7,OUT,SALE,12,2025-11-10,0,,0
10877,4,7,OUT,SALE,11,2025-11-11,0,,0
10878,4,7,OUT,SALE,10,2025-11-12,0,,0
10879,4,7,OUT,SALE,10,2025-11-13,0,,0
10880,4,7,OUT,SALE,12,2025-11-14,0,,0
10881,4,7,OUT,SALE,14,2025-11-15,0,,0
10882,4,7,OUT,SALE,12,2025-11-16,0,,0
10883,4,7,OUT,SALE,11,2025-11-17,0,,0
10884,4,7,OUT,SALE,12,2025-11-18,0,,0
10885,4,7,OUT,SALE,10,2025-11-19,0,,0
10886,4,7,OUT,SALE,10,2025-11-20,0,,0
10887,4,7,OUT,SALE,11,2025-11-21,0,,0
10888,4,7,OUT,SALE,10,2025-11-22,0,,0
10889,4,7,OUT,SALE,13,2025-11-23,0,,0
10890,4,7,OUT,SALE,9,2025-11-24,0,,0
10891,4,7,OUT,SALE,12,2025-11-25,0,,0
10892,4,7,OUT,SALE,14,2025-11-26,0,,0
10893,4,7,OUT,SALE,10,2025-11-27,0,,0
10894,4,7,OUT,SALE,23,2025-11-28,0,,0
10895,4,7,OUT,SALE,31,2025-11-29,0,,0
10896,4,7,OUT,SALE,30,2025-11-30,0,,0
10897,4,7,OUT,SALE,11,2025-12-01,0,,0
10898,4,7,OUT,SALE,10,2025-12-02,0,,0
10899,4,7,OUT,SALE,10,2025-12-03,0,,0
10900,4,7,OUT,SALE,10,2025-12-04,0,,0
10901,4,7,OUT,SALE,9,2025-12-05,0,,0
10902,4,7,OUT,SALE,13,2025-12-06,0,,0
10903,4,7,OUT,SALE,14,2025-12-07,0,,0
10904,4,7,OUT,SALE,9,2025-12-08,0,,0
10905,4,7,OUT,SALE,8,2025-12-09,0,,0
10906,4,7,OUT,SALE,10,2025-12-10,0,,0
10907,4,7,OUT,SALE,9,2025-12-11,0,,0
10908,4,7,OUT,SALE,0,2025-12-12,1,DATA_ERROR,0
10909,4,7,OUT,SALE,10,2025-12-13,0,,0
10910,4,7,OUT,SALE,11,2025-12-14,0,,0
10911,4,7,OUT,SALE,10,2025-12-15,0,,0
10912,4,7,OUT,SALE,10,2025-12-16,0,,0
10913,4,7,OUT,SALE,9,2025-12-17,0,,0
10914,4,7,OUT,SALE,9,2025-12-18,0,,0
10915,4,7,OUT,SALE,10,2025-12-19,0,,0
10916,4,7,OUT,SALE,10,2025-12-20,0,,0
10917,4,7,OUT,SALE,12,2025-12-21,0,,0
10918,4,7,OUT,SALE,8,2025-12-22,0,,0
10919,4,7,OUT,SALE,7,2025-12-23,0,,0
10920,4,7,OUT,SALE,14,2025-12-24,0,,0
10921,4,7,OUT,SALE,16,2025-12-25,0,,0
10922,4,7,OUT,SALE,16,2025-12-26,0,,0
10923,4,7,OUT,SALE,12,2025-12-27,0,,0
10924,4,7,OUT,SALE,11,2025-12-28,0,,0
10925,4,7,OUT,SALE,9,2025-12-29,0,,0
10926,4,7,OUT,SALE,12,2025-12-30,0,,0
10927,4,7,OUT,SALE,11,2025-12-31,0,,0
10928,4,8,OUT,SALE,24,2025-01-01,0,,0
10929,4,8,OUT,SALE,22,2025-01-02,0,,0
10930,4,8,OUT,SALE,22,2025-01-03,0,,0
10931,4,8,OUT,SALE,22,2025-01-04,0,,0
10932,4,8,OUT,SALE,25,2025-01-05,0,,0
10933,4,8,OUT,SALE,19,2025-01-06,0,,0
10934,4,8,OUT,SALE,18,2025-01-07,0,,0
10935,4,8,OUT,SALE,17,2025-01-08,0,,0
10936,4,8,OUT,SALE,22,2025-01-09,0,,0
10937,4,8,OUT,DAMAGE,176,2025-01-10,1,THEFT_SPIKE,1
10938,4,8,OUT,SALE,23,2025-01-11,0,,0
10939,4,8,OUT,SALE,23,2025-01-12,0,,0
10940,4,8,OUT,SALE,16,2025-01-13,0,,0
10941,4,8,OUT,SALE,22,2025-01-14,0,,0
10942,4,8,OUT,SALE,20,2025-01-15,0,,0
10943,4,8,OUT,SALE,23,2025-01-16,0,,0
10944,4,8,OUT,SALE,22,2025-01-17,0,,0
10945,4,8,OUT,SALE,26,2025-01-18,0,,0
10946,4,8,OUT,SALE,24,2025-01-19,0,,0
10947,4,8,OUT,SALE,22,2025-01-20,0,,0
10948,4,8,OUT,SALE,23,2025-01-21,0,,0
10949,4,8,OUT,SALE,21,2025-01-22,0,,0
10950,4,8,OUT,SALE,22,2025-01-23,0,,0
10951,4,8,OUT,SALE,20,2025-01-24,0,,0
10952,4,8,OUT,SALE,43,2025-01-25,0,,0
10953,4,8,OUT,SALE,52,2025-01-26,0,,0
10954,4,8,OUT,SALE,41,2025-01-27,0,,0
10955,4,8,OUT,SALE,36,2025-01-28,0,,0
10956,4,8,OUT,SALE,22,2025-01-29,0,,0
10957,4,8,OUT,SALE,18,2025-01-30,0,,0
10958,4,8,OUT,SALE,21,2025-01-31,0,,0
10959,4,8,OUT,DAMAGE,195,2025-02-01,1,THEFT_SPIKE,1
10960,4,8,OUT,SALE,26,2025-02-02,0,,0
10961,4,8,OUT,SALE,21,2025-02-03,0,,0
10962,4,8,OUT,SALE,23,2025-02-04,0,,0
10963,4,8,OUT,SALE,24,2025-02-05,0,,0
10964,4,8,OUT,SALE,21,2025-02-06,0,,0
10965,4,8,OUT,SALE,21,2025-02-07,0,,0
10966,4,8,OUT,SALE,25,2025-02-08,0,,0
10967,4,8,OUT,SALE,23,2025-02-09,0,,0
10968,4,8,OUT,SALE,22,2025-02-10,0,,0
10969,4,8,OUT,SALE,22,2025-02-11,0,,0
10970,4,8,OUT,SALE,22,2025-02-12,0,,0
10971,4,8,OUT,SALE,23,2025-02-13,0,,0
10972,4,8,OUT,SALE,18,2025-02-14,0,,0
10973,4,8,OUT,SALE,21,2025-02-15,0,,0
10974,4,8,OUT,SALE,22,2025-02-16,0,,0
10975,4,8,OUT,SALE,22,2025-02-17,0,,0
10976,4,8,OUT,SALE,21,2025-02-18,0,,0
10977,4,8,OUT,SALE,16,2025-02-19,0,,0
10978,4,8,OUT,SALE,27,2025-02-20,0,,0
10979,4,8,OUT,SALE,17,2025-02-21,0,,0
10980,4,8,OUT,SALE,25,2025-02-22,0,,0
10981,4,8,OUT,SALE,27,2025-02-23,0,,0
10982,4,8,OUT,SALE,20,2025-02-24,0,,0
10983,4,8,OUT,SALE,24,2025-02-25,0,,0
10984,4,8,OUT,SALE,19,2025-02-26,0,,0
10985,4,8,OUT,SALE,22,2025-02-27,0,,0
10986,4,8,OUT,SALE,16,2025-02-28,0,,0
10987,4,8,OUT,SALE,31,2025-03-01,0,,0
10988,4,8,OUT,SALE,27,2025-03-02,0,,0
10989,4,8,OUT,SALE,19,2025-03-03,0,,0
10990,4,8,OUT,SALE,26,2025-03-04,0,,0
10991,4,8,OUT,SALE,28,2025-03-05,0,,0
10992,4,8,OUT,SALE,21,2025-03-06,0,,0
10993,4,8,OUT,SALE,23,2025-03-07,0,,0
10994,4,8,OUT,SALE,26,2025-03-08,0,,0
10995,4,8,OUT,SALE,25,2025-03-09,0,,0
10996,4,8,OUT,SALE,21,2025-03-10,0,,0
10997,4,8,OUT,SALE,22,2025-03-11,0,,0
10998,4,8,OUT,SALE,22,2025-03-12,0,,0
10999,4,8,OUT,SALE,23,2025-03-13,0,,0
11000,4,8,OUT,SALE,23,2025-03-14,0,,0
11001,4,8,OUT,SALE,30,2025-03-15,0,,0
11002,4,8,OUT,SALE,30,2025-03-16,0,,0
11003,4,8,OUT,SALE,19,2025-03-17,0,,0
11004,4,8,OUT,SALE,22,2025-03-18,0,,0
11005,4,8,OUT,SALE,27,2025-03-19,0,,0
11006,4,8,OUT,SALE,25,2025-03-20,0,,0
11007,4,8,OUT,SALE,25,2025-03-21,0,,0
11008,4,8,OUT,SALE,28,2025-03-22,0,,0
11009,4,8,OUT,SALE,26,2025-03-23,0,,0
11010,4,8,OUT,SALE,24,2025-03-24,0,,0
11011,4,8,OUT,SALE,23,2025-03-25,0,,0
11012,4,8,OUT,SALE,26,2025-03-26,0,,0
11013,4,8,OUT,SALE,23,2025-03-27,0,,0
11014,4,8,OUT,SALE,23,2025-03-28,0,,0
11015,4,8,OUT,SALE,30,2025-03-29,0,,0
11016,4,8,OUT,SALE,26,2025-03-30,0,,0
11017,4,8,OUT,SALE,24,2025-03-31,0,,0
11018,4,8,OUT,SALE,25,2025-04-01,0,,0
11019,4,8,OUT,SALE,26,2025-04-02,0,,0
11020,4,8,OUT,SALE,25,2025-04-03,0,,0
11021,4,8,OUT,SALE,25,2025-04-04,0,,0
11022,4,8,OUT,SALE,28,2025-04-05,0,,0
11023,4,8,OUT,SALE,30,2025-04-06,0,,0
11024,4,8,OUT,SALE,30,2025-04-07,0,,0
11025,4,8,OUT,SALE,28,2025-04-08,0,,0
11026,4,8,OUT,SALE,21,2025-04-09,0,,0
11027,4,8,OUT,SALE,25,2025-04-10,0,,0
11028,4,8,OUT,SALE,24,2025-04-11,0,,0
11029,4,8,OUT,SALE,25,2025-04-12,0,,0
11030,4,8,OUT,SALE,31,2025-04-13,0,,0
11031,4,8,OUT,SALE,26,2025-04-14,0,,0
11032,4,8,OUT,SALE,33,2025-04-15,0,,0
11033,4,8,OUT,DAMAGE,134,2025-04-16,1,OFF_HOURS_BULK,1
11034,4,8,OUT,SALE,24,2025-04-17,0,,0
11035,4,8,OUT,SALE,24,2025-04-18,0,,0
11036,4,8,OUT,SALE,29,2025-04-19,0,,0
11037,4,8,OUT,SALE,33,2025-04-20,0,,0
11038,4,8,OUT,SALE,29,2025-04-21,0,,0
11039,4,8,OUT,SALE,36,2025-04-22,0,,0
11040,4,8,OUT,SALE,23,2025-04-23,0,,0
11041,4,8,OUT,SALE,27,2025-04-24,0,,0
11042,4,8,OUT,SALE,24,2025-04-25,0,,0
11043,4,8,OUT,SALE,32,2025-04-26,0,,0
11044,4,8,OUT,SALE,35,2025-04-27,0,,0
11045,4,8,OUT,SALE,29,2025-04-28,0,,0
11046,4,8,OUT,SALE,23,2025-04-29,0,,0
11047,4,8,OUT,SALE,29,2025-04-30,0,,0
11048,4,8,OUT,SALE,22,2025-05-01,0,,0
11049,4,8,OUT,SALE,21,2025-05-02,0,,0
11050,4,8,OUT,SALE,32,2025-05-03,0,,0
11051,4,8,OUT,SALE,36,2025-05-04,0,,0
11052,4,8,OUT,SALE,30,2025-05-05,0,,0
11053,4,8,OUT,SALE,36,2025-05-06,0,,0
11054,4,8,OUT,SALE,29,2025-05-07,0,,0
11055,4,8,OUT,SALE,29,2025-05-08,0,,0
11056,4,8,OUT,SALE,33,2025-05-09,0,,0
11057,4,8,OUT,SALE,32,2025-05-10,0,,0
11058,4,8,OUT,SALE,35,2025-05-11,0,,0
11059,4,8,OUT,SALE,31,2025-05-12,0,,0
11060,4,8,OUT,SALE,26,2025-05-13,0,,0
11061,4,8,OUT,SALE,30,2025-05-14,0,,0
11062,4,8,OUT,SALE,37,2025-05-15,0,,0
11063,4,8,OUT,SALE,33,2025-05-16,0,,0
11064,4,8,OUT,SALE,30,2025-05-17,0,,0
11065,4,8,OUT,SALE,43,2025-05-18,0,,0
11066,4,8,OUT,SALE,31,2025-05-19,0,,0
11067,4,8,OUT,SALE,31,2025-05-20,0,,0
11068,4,8,OUT,SALE,29,2025-05-21,0,,0
11069,4,8,OUT,SALE,31,2025-05-22,0,,0
11070,4,8,OUT,SALE,29,2025-05-23,0,,0
11071,4,8,OUT,SALE,33,2025-05-24,0,,0
11072,4,8,OUT,SALE,33,2025-05-25,0,,0
11073,4,8,OUT,SALE,32,2025-05-26,0,,0
11074,4,8,OUT,SALE,32,2025-05-27,0,,0
11075,4,8,OUT,SALE,29,2025-05-28,0,,0
11076,4,8,OUT,SALE,24,2025-05-29,0,,0
11077,4,8,OUT,SALE,29,2025-05-30,0,,0
11078,4,8,OUT,SALE,31,2025-05-31,0,,0
11079,4,8,OUT,SALE,34,2025-06-01,0,,0
11080,4,8,OUT,SALE,31,2025-06-02,0,,0
11081,4,8,OUT,SALE,27,2025-06-03,0,,0
11082,4,8,OUT,SALE,25,2025-06-04,0,,0
11083,4,8,OUT,SALE,32,2025-06-05,0,,0
11084,4,8,OUT,SALE,31,2025-06-06,0,,0
11085,4,8,OUT,SALE,36,2025-06-07,0,,0
11086,4,8,OUT,SALE,38,2025-06-08,0,,0
11087,4,8,OUT,SALE,29,2025-06-09,0,,0
11088,4,8,OUT,SALE,32,2025-06-10,0,,0
11089,4,8,OUT,SALE,36,2025-06-11,0,,0
11090,4,8,OUT,SALE,30,2025-06-12,0,,0
11091,4,8,OUT,SALE,38,2025-06-13,0,,0
11092,4,8,OUT,SALE,36,2025-06-14,0,,0
11093,4,8,OUT,SALE,32,2025-06-15,0,,0
11094,4,8,OUT,SALE,34,2025-06-16,0,,0
11095,4,8,OUT,SALE,31,2025-06-17,0,,0
11096,4,8,OUT,SALE,35,2025-06-18,0,,0
11097,4,8,OUT,SALE,33,2025-06-19,0,,0
11098,4,8,OUT,SALE,30,2025-06-20,0,,0
11099,4,8,OUT,SALE,42,2025-06-21,0,,0
11100,4,8,OUT,SALE,34,2025-06-22,0,,0
11101,4,8,OUT,SALE,23,2025-06-23,0,,0
11102,4,8,OUT,SALE,34,2025-06-24,0,,0
11103,4,8,OUT,SALE,32,2025-06-25,0,,0
11104,4,8,OUT,SALE,36,2025-06-26,0,,0
11105,4,8,OUT,SALE,28,2025-06-27,0,,0
11106,4,8,OUT,SALE,35,2025-06-28,0,,0
11107,4,8,OUT,SALE,34,2025-06-29,0,,0
11108,4,8,OUT,SALE,34,2025-06-30,0,,0
11109,4,8,OUT,SALE,34,2025-07-01,0,,0
11110,4,8,OUT,SALE,33,2025-07-02,0,,0
11111,4,8,OUT,SALE,33,2025-07-03,0,,0
11112,4,8,OUT,SALE,27,2025-07-04,0,,0
11113,4,8,OUT,SALE,40,2025-07-05,0,,0
11114,4,8,OUT,SALE,40,2025-07-06,0,,0
11115,4,8,OUT,SALE,40,2025-07-07,0,,0
11116,4,8,OUT,SALE,33,2025-07-08,0,,0
11117,4,8,OUT,SALE,34,2025-07-09,0,,0
11118,4,8,OUT,SALE,34,2025-07-10,0,,0
11119,4,8,OUT,SALE,29,2025-07-11,0,,0
11120,4,8,OUT,SALE,42,2025-07-12,0,,0
11121,4,8,OUT,SALE,36,2025-07-13,0,,0
11122,4,8,OUT,SALE,31,2025-07-14,0,,0
11123,4,8,OUT,SALE,31,2025-07-15,0,,0
11124,4,8,OUT,SALE,31,2025-07-16,0,,0
11125,4,8,OUT,SALE,30,2025-07-17,0,,0
11126,4,8,OUT,SALE,33,2025-07-18,0,,0
11127,4,8,OUT,SALE,36,2025-07-19,0,,0
11128,4,8,OUT,SALE,78,2025-07-20,0,,0
11129,4,8,OUT,SALE,74,2025-07-21,0,,0
11130,4,8,OUT,SALE,70,2025-07-22,0,,0
11131,4,8,OUT,SALE,65,2025-07-23,0,,0
11132,4,8,OUT,SALE,63,2025-07-24,0,,0
11133,4,8,OUT,SALE,71,2025-07-25,0,,0
11134,4,8,OUT,SALE,33,2025-07-26,0,,0
11135,4,8,OUT,SALE,33,2025-07-27,0,,0
11136,4,8,OUT,SALE,29,2025-07-28,0,,0
11137,4,8,OUT,SALE,33,2025-07-29,0,,0
11138,4,8,OUT,SALE,36,2025-07-30,0,,0
11139,4,8,OUT,SALE,33,2025-07-31,0,,0
11140,4,8,OUT,SALE,34,2025-08-01,0,,0
11141,4,8,OUT,SALE,35,2025-08-02,0,,0
11142,4,8,OUT,SALE,36,2025-08-03,0,,0
11143,4,8,OUT,SALE,37,2025-08-04,0,,0
11144,4,8,OUT,SALE,34,2025-08-05,0,,0
11145,4,8,OUT,SALE,34,2025-08-06,0,,0
11146,4,8,OUT,SALE,30,2025-08-07,0,,0
11147,4,8,OUT,SALE,31,2025-08-08,0,,0
11148,4,8,OUT,SALE,37,2025-08-09,0,,0
11149,4,8,OUT,SALE,33,2025-08-10,0,,0
11150,4,8,OUT,SALE,22,2025-08-11,0,,0
11151,4,8,OUT,SALE,32,2025-08-12,0,,0
11152,4,8,OUT,SALE,35,2025-08-13,0,,0
11153,4,8,OUT,SALE,31,2025-08-14,0,,0
11154,4,8,OUT,SALE,29,2025-08-15,0,,0
11155,4,8,OUT,SALE,34,2025-08-16,0,,0
11156,4,8,OUT,SALE,27,2025-08-17,0,,0
11157,4,8,OUT,SALE,30,2025-08-18,0,,0
11158,4,8,OUT,SALE,27,2025-08-19,0,,0
11159,4,8,OUT,SALE,28,2025-08-20,0,,0
11160,4,8,OUT,SALE,27,2025-08-21,0,,0
11161,4,8,OUT,SALE,26,2025-08-22,0,,0
11162,4,8,OUT,SALE,31,2025-08-23,0,,0
11163,4,8,OUT,SALE,38,2025-08-24,0,,0
11164,4,8,OUT,SALE,29,2025-08-25,0,,0
11165,4,8,OUT,SALE,27,2025-08-26,0,,0
11166,4,8,OUT,SALE,34,2025-08-27,0,,0
11167,4,8,OUT,SALE,31,2025-08-28,0,,0
11168,4,8,OUT,SALE,22,2025-08-29,0,,0
11169,4,8,OUT,SALE,40,2025-08-30,0,,0
11170,4,8,OUT,SALE,36,2025-08-31,0,,0
11171,4,8,OUT,SALE,32,2025-09-01,0,,0
11172,4,8,OUT,SALE,28,2025-09-02,0,,0
11173,4,8,OUT,SALE,35,2025-09-03,0,,0
11174,4,8,OUT,SALE,28,2025-09-04,0,,0
11175,4,8,OUT,SALE,20,2025-09-05,0,,0
11176,4,8,OUT,SALE,30,2025-09-06,0,,0
11177,4,8,OUT,SALE,35,2025-09-07,0,,0
11178,4,8,OUT,SALE,30,2025-09-08,0,,0
11179,4,8,OUT,SALE,29,2025-09-09,0,,0
11180,4,8,OUT,SALE,26,2025-09-10,0,,0
11181,4,8,OUT,SALE,29,2025-09-11,0,,0
11182,4,8,OUT,SALE,29,2025-09-12,0,,0
11183,4,8,OUT,SALE,33,2025-09-13,0,,0
11184,4,8,OUT,SALE,36,2025-09-14,0,,0
11185,4,8,OUT,SALE,30,2025-09-15,0,,0
11186,4,8,OUT,SALE,28,2025-09-16,0,,0
11187,4,8,OUT,SALE,26,2025-09-17,0,,0
11188,4,8,OUT,SALE,34,2025-09-18,0,,0
11189,4,8,OUT,SALE,36,2025-09-19,0,,0
11190,4,8,OUT,SALE,40,2025-09-20,0,,0
11191,4,8,OUT,SALE,0,2025-09-21,1,DATA_ERROR,0
11192,4,8,OUT,SALE,23,2025-09-22,0,,0
11193,4,8,OUT,SALE,23,2025-09-23,0,,0
11194,4,8,OUT,SALE,27,2025-09-24,0,,0
11195,4,8,OUT,SALE,29,2025-09-25,0,,0
11196,4,8,OUT,SALE,29,2025-09-26,0,,0
11197,4,8,OUT,SALE,34,2025-09-27,0,,0
11198,4,8,OUT,SALE,28,2025-09-28,0,,0
11199,4,8,OUT,SALE,35,2025-09-29,0,,0
11200,4,8,OUT,SALE,65,2025-09-30,0,,0
11201,4,8,OUT,SALE,42,2025-10-01,0,,0
11202,4,8,OUT,SALE,39,2025-10-02,0,,0
11203,4,8,OUT,SALE,50,2025-10-03,0,,0
11204,4,8,OUT,SALE,35,2025-10-04,0,,0
11205,4,8,OUT,SALE,30,2025-10-05,0,,0
11206,4,8,OUT,SALE,27,2025-10-06,0,,0
11207,4,8,OUT,SALE,25,2025-10-07,0,,0
11208,4,8,OUT,SALE,27,2025-10-08,0,,0
11209,4,8,OUT,SALE,29,2025-10-09,0,,0
11210,4,8,OUT,SALE,28,2025-10-10,0,,0
11211,4,8,OUT,SALE,32,2025-10-11,0,,0
11212,4,8,OUT,SALE,24,2025-10-12,0,,0
11213,4,8,OUT,SALE,33,2025-10-13,0,,0
11214,4,8,OUT,SALE,21,2025-10-14,0,,0
11215,4,8,OUT,SALE,27,2025-10-15,0,,0
11216,4,8,OUT,SALE,26,2025-10-16,0,,0
11217,4,8,OUT,SALE,26,2025-10-17,0,,0
11218,4,8,OUT,SALE,34,2025-10-18,0,,0
11219,4,8,OUT,SALE,28,2025-10-19,0,,0
11220,4,8,OUT,SALE,25,2025-10-20,0,,0
11221,4,8,OUT,SALE,23,2025-10-21,0,,0
11222,4,8,OUT,SALE,30,2025-10-22,0,,0
11223,4,8,OUT,SALE,27,2025-10-23,0,,0
11224,4,8,OUT,SALE,28,2025-10-24,0,,0
11225,4,8,OUT,SALE,33,2025-10-25,0,,0
11226,4,8,OUT,DAMAGE,162,2025-10-26,1,OFF_HOURS_BULK,1
11227,4,8,OUT,SALE,32,2025-10-27,0,,0
11228,4,8,OUT,SALE,27,2025-10-28,0,,0
11229,4,8,OUT,SALE,27,2025-10-29,0,,0
11230,4,8,OUT,SALE,25,2025-10-30,0,,0
11231,4,8,OUT,SALE,29,2025-10-31,0,,0
11232,4,8,OUT,SALE,30,2025-11-01,0,,0
11233,4,8,OUT,SALE,25,2025-11-02,0,,0
11234,4,8,OUT,SALE,26,2025-11-03,0,,0
11235,4,8,OUT,SALE,27,2025-11-04,0,,0
11236,4,8,OUT,SALE,21,2025-11-05,0,,0
11237,4,8,OUT,SALE,24,2025-11-06,0,,0
11238,4,8,OUT,SALE,24,2025-11-07,0,,0
11239,4,8,OUT,SALE,27,2025-11-08,0,,0
11240,4,8,OUT,SALE,24,2025-11-09,0,,0
11241,4,8,OUT,SALE,19,2025-11-10,0,,0
11242,4,8,OUT,SALE,22,2025-11-11,0,,0
11243,4,8,OUT,SALE,21,2025-11-12,0,,0
11244,4,8,OUT,SALE,25,2025-11-13,0,,0
11245,4,8,OUT,SALE,25,2025-11-14,0,,0
11246,4,8,OUT,DAMAGE,188,2025-11-15,1,OFF_HOURS_BULK,1
11247,4,8,OUT,SALE,23,2025-11-16,0,,0
11248,4,8,OUT,SALE,21,2025-11-17,0,,0
11249,4,8,OUT,SALE,22,2025-11-18,0,,0
11250,4,8,OUT,SALE,24,2025-11-19,0,,0
11251,4,8,OUT,SALE,23,2025-11-20,0,,0
11252,4,8,OUT,SALE,25,2025-11-21,0,,0
11253,4,8,OUT,SALE,31,2025-11-22,0,,0
11254,4,8,OUT,SALE,24,2025-11-23,0,,0
11255,4,8,OUT,SALE,21,2025-11-24,0,,0
11256,4,8,OUT,SALE,24,2025-11-25,0,,0
11257,4,8,OUT,SALE,24,2025-11-26,0,,0
11258,4,8,OUT,SALE,26,2025-11-27,0,,0
11259,4,8,OUT,SALE,59,2025-11-28,0,,0
11260,4,8,OUT,SALE,83,2025-11-29,0,,0
11261,4,8,OUT,SALE,55,2025-11-30,0,,0
11262,4,8,OUT,SALE,24,2025-12-01,0,,0
11263,4,8,OUT,SALE,22,2025-12-02,0,,0
11264,4,8,OUT,SALE,18,2025-12-03,0,,0
11265,4,8,OUT,DAMAGE,92,2025-12-04,1,OFF_HOURS_BULK,1
11266,4,8,OUT,SALE,19,2025-12-05,0,,0
11267,4,8,OUT,SALE,29,2025-12-06,0,,0
11268,4,8,OUT,SALE,28,2025-12-07,0,,0
11269,4,8,OUT,SALE,22,2025-12-08,0,,0
11270,4,8,OUT,SALE,21,2025-12-09,0,,0
11271,4,8,OUT,SALE,20,2025-12-10,0,,0
11272,4,8,OUT,SALE,21,2025-12-11,0,,0
11273,4,8,OUT,SALE,21,2025-12-12,0,,0
11274,4,8,OUT,SALE,30,2025-12-13,0,,0
11275,4,8,OUT,SALE,21,2025-12-14,0,,0
11276,4,8,OUT,SALE,23,2025-12-15,0,,0
11277,4,8,OUT,SALE,26,2025-12-16,0,,0
11278,4,8,OUT,SALE,24,2025-12-17,0,,0
11279,4,8,OUT,SALE,19,2025-12-18,0,,0
11280,4,8,OUT,SALE,18,2025-12-19,0,,0
11281,4,8,OUT,SALE,26,2025-12-20,0,,0
11282,4,8,OUT,SALE,26,2025-12-21,0,,0
11283,4,8,OUT,SALE,25,2025-12-22,0,,0
11284,4,8,OUT,SALE,23,2025-12-23,0,,0
11285,4,8,OUT,SALE,35,2025-12-24,0,,0
11286,4,8,OUT,SALE,35,2025-12-25,0,,0
11287,4,8,OUT,SALE,31,2025-12-26,0,,0
11288,4,8,OUT,SALE,26,2025-12-27,0,,0
11289,4,8,OUT,SALE,21,2025-12-28,0,,0
11290,4,8,OUT,SALE,24,2025-12-29,0,,0
11291,4,8,OUT,SALE,23,2025-12-30,0,,0
11292,4,8,OUT,SALE,23,2025-12-31,0,,0
11293,4,9,OUT,SALE,13,2025-01-01,0,,0
11294,4,9,OUT,SALE,15,2025-01-02,0,,0
11295,4,9,OUT,SALE,15,2025-01-03,0,,0
11296,4,9,OUT,SALE,18,2025-01-04,0,,0
11297,4,9,OUT,DAMAGE,184,2025-01-05,1,THEFT_SPIKE,1
11298,4,9,OUT,SALE,15,2025-01-06,0,,0
11299,4,9,OUT,SALE,15,2025-01-07,0,,0
11300,4,9,OUT,SALE,17,2025-01-08,0,,0
11301,4,9,OUT,SALE,14,2025-01-09,0,,0
11302,4,9,OUT,SALE,14,2025-01-10,0,,0
11303,4,9,OUT,SALE,18,2025-01-11,0,,0
11304,4,9,OUT,SALE,20,2025-01-12,0,,0
11305,4,9,OUT,SALE,14,2025-01-13,0,,0
11306,4,9,OUT,SALE,19,2025-01-14,0,,0
11307,4,9,OUT,SALE,13,2025-01-15,0,,0
11308,4,9,OUT,SALE,19,2025-01-16,0,,0
11309,4,9,OUT,SALE,18,2025-01-17,0,,0
11310,4,9,OUT,SALE,15,2025-01-18,0,,0
11311,4,9,OUT,SALE,15,2025-01-19,0,,0
11312,4,9,OUT,SALE,17,2025-01-20,0,,0
11313,4,9,OUT,SALE,15,2025-01-21,0,,0
11314,4,9,OUT,SALE,14,2025-01-22,0,,0
11315,4,9,OUT,SALE,19,2025-01-23,0,,0
11316,4,9,OUT,SALE,13,2025-01-24,0,,0
11317,4,9,OUT,SALE,30,2025-01-25,0,,0
11318,4,9,OUT,SALE,30,2025-01-26,0,,0
11319,4,9,OUT,SALE,19,2025-01-27,0,,0
11320,4,9,OUT,SALE,29,2025-01-28,0,,0
11321,4,9,OUT,SALE,14,2025-01-29,0,,0
11322,4,9,OUT,SALE,17,2025-01-30,0,,0
11323,4,9,OUT,SALE,17,2025-01-31,0,,0
11324,4,9,OUT,SALE,19,2025-02-01,0,,0
11325,4,9,OUT,SALE,19,2025-02-02,0,,0
11326,4,9,OUT,SALE,16,2025-02-03,0,,0
11327,4,9,OUT,SALE,15,2025-02-04,0,,0
11328,4,9,OUT,SALE,15,2025-02-05,0,,0
11329,4,9,OUT,SALE,18,2025-02-06,0,,0
11330,4,9,OUT,SALE,17,2025-02-07,0,,0
11331,4,9,OUT,SALE,19,2025-02-08,0,,0
11332,4,9,OUT,SALE,20,2025-02-09,0,,0
11333,4,9,OUT,SALE,16,2025-02-10,0,,0
11334,4,9,OUT,SALE,16,2025-02-11,0,,0
11335,4,9,OUT,SALE,17,2025-02-12,0,,0
11336,4,9,OUT,SALE,12,2025-02-13,0,,0
11337,4,9,OUT,SALE,18,2025-02-14,0,,0
11338,4,9,OUT,SALE,20,2025-02-15,0,,0
11339,4,9,OUT,SALE,17,2025-02-16,0,,0
11340,4,9,OUT,SALE,18,2025-02-17,0,,0
11341,4,9,OUT,SALE,12,2025-02-18,0,,0
11342,4,9,OUT,SALE,17,2025-02-19,0,,0
11343,4,9,OUT,SALE,16,2025-02-20,0,,0
11344,4,9,OUT,SALE,15,2025-02-21,0,,0
11345,4,9,OUT,SALE,18,2025-02-22,0,,0
11346,4,9,OUT,SALE,20,2025-02-23,0,,0
11347,4,9,OUT,SALE,12,2025-02-24,0,,0
11348,4,9,OUT,SALE,18,2025-02-25,0,,0
11349,4,9,OUT,SALE,15,2025-02-26,0,,0
11350,4,9,OUT,SALE,18,2025-02-27,0,,0
11351,4,9,OUT,SALE,17,2025-02-28,0,,0
11352,4,9,OUT,SALE,17,2025-03-01,0,,0
11353,4,9,OUT,SALE,18,2025-03-02,0,,0
11354,4,9,OUT,SALE,16,2025-03-03,0,,0
11355,4,9,OUT,SALE,19,2025-03-04,0,,0
11356,4,9,OUT,SALE,14,2025-03-05,0,,0
11357,4,9,OUT,SALE,15,2025-03-06,0,,0
11358,4,9,OUT,SALE,13,2025-03-07,0,,0
11359,4,9,OUT,SALE,18,2025-03-08,0,,0
11360,4,9,OUT,SALE,17,2025-03-09,0,,0
11361,4,9,OUT,SALE,15,2025-03-10,0,,0
11362,4,9,OUT,SALE,18,2025-03-11,0,,0
11363,4,9,OUT,SALE,14,2025-03-12,0,,0
11364,4,9,OUT,SALE,15,2025-03-13,0,,0
11365,4,9,OUT,SALE,15,2025-03-14,0,,0
11366,4,9,OUT,DAMAGE,107,2025-03-15,1,OFF_HOURS_BULK,1
11367,4,9,OUT,SALE,24,2025-03-16,0,,0
11368,4,9,OUT,SALE,0,2025-03-17,1,DATA_ERROR,0
11369,4,9,OUT,SALE,17,2025-03-18,0,,0
11370,4,9,OUT,SALE,20,2025-03-19,0,,0
11371,4,9,OUT,SALE,18,2025-03-20,0,,0
11372,4,9,OUT,SALE,16,2025-03-21,0,,0
11373,4,9,OUT,SALE,16,2025-03-22,0,,0
11374,4,9,OUT,SALE,21,2025-03-23,0,,0
11375,4,9,OUT,SALE,17,2025-03-24,0,,0
11376,4,9,OUT,SALE,13,2025-03-25,0,,0
11377,4,9,OUT,SALE,15,2025-03-26,0,,0
11378,4,9,OUT,SALE,13,2025-03-27,0,,0
11379,4,9,OUT,SALE,10,2025-03-28,0,,0
11380,4,9,OUT,SALE,15,2025-03-29,0,,0
11381,4,9,OUT,SALE,18,2025-03-30,0,,0
11382,4,9,OUT,SALE,17,2025-03-31,0,,0
11383,4,9,OUT,SALE,15,2025-04-01,0,,0
11384,4,9,OUT,SALE,18,2025-04-02,0,,0
11385,4,9,OUT,SALE,17,2025-04-03,0,,0
11386,4,9,OUT,SALE,15,2025-04-04,0,,0
11387,4,9,OUT,SALE,17,2025-04-05,0,,0
11388,4,9,OUT,SALE,18,2025-04-06,0,,0
11389,4,9,OUT,SALE,15,2025-04-07,0,,0
11390,4,9,OUT,SALE,13,2025-04-08,0,,0
11391,4,9,OUT,SALE,15,2025-04-09,0,,0
11392,4,9,OUT,SALE,16,2025-04-10,0,,0
11393,4,9,OUT,SALE,18,2025-04-11,0,,0
11394,4,9,OUT,SALE,19,2025-04-12,0,,0
11395,4,9,OUT,SALE,18,2025-04-13,0,,0
11396,4,9,OUT,SALE,18,2025-04-14,0,,0
11397,4,9,OUT,SALE,16,2025-04-15,0,,0
11398,4,9,OUT,SALE,15,2025-04-16,0,,0
11399,4,9,OUT,SALE,18,2025-04-17,0,,0
11400,4,9,OUT,SALE,16,2025-04-18,0,,0
11401,4,9,OUT,SALE,20,2025-04-19,0,,0
11402,4,9,OUT,SALE,15,2025-04-20,0,,0
11403,4,9,OUT,SALE,14,2025-04-21,0,,0
11404,4,9,OUT,SALE,14,2025-04-22,0,,0
11405,4,9,OUT,SALE,15,2025-04-23,0,,0
11406,4,9,OUT,SALE,18,2025-04-24,0,,0
11407,4,9,OUT,SALE,13,2025-04-25,0,,0
11408,4,9,OUT,SALE,19,2025-04-26,0,,0
11409,4,9,OUT,SALE,15,2025-04-27,0,,0
11410,4,9,OUT,SALE,19,2025-04-28,0,,0
11411,4,9,OUT,SALE,12,2025-04-29,0,,0
11412,4,9,OUT,SALE,17,2025-04-30,0,,0
11413,4,9,OUT,SALE,16,2025-05-01,0,,0
11414,4,9,OUT,SALE,16,2025-05-02,0,,0
11415,4,9,OUT,SALE,15,2025-05-03,0,,0
11416,4,9,OUT,SALE,15,2025-05-04,0,,0
11417,4,9,OUT,SALE,17,2025-05-05,0,,0
11418,4,9,OUT,SALE,16,2025-05-06,0,,0
11419,4,9,OUT,SALE,16,2025-05-07,0,,0
11420,4,9,OUT,SALE,16,2025-05-08,0,,0
11421,4,9,OUT,SALE,12,2025-05-09,0,,0
11422,4,9,OUT,SALE,13,2025-05-10,0,,0
11423,4,9,OUT,SALE,15,2025-05-11,0,,0
11424,4,9,OUT,SALE,14,2025-05-12,0,,0
11425,4,9,OUT,SALE,13,2025-05-13,0,,0
11426,4,9,OUT,SALE,15,2025-05-14,0,,0
11427,4,9,OUT,SALE,16,2025-05-15,0,,0
11428,4,9,OUT,SALE,14,2025-05-16,0,,0
11429,4,9,OUT,SALE,15,2025-05-17,0,,0
11430,4,9,OUT,SALE,18,2025-05-18,0,,0
11431,4,9,OUT,SALE,14,2025-05-19,0,,0
11432,4,9,OUT,SALE,15,2025-05-20,0,,0
11433,4,9,OUT,SALE,14,2025-05-21,0,,0
11434,4,9,OUT,SALE,15,2025-05-22,0,,0
11435,4,9,OUT,SALE,13,2025-05-23,0,,0
11436,4,9,OUT,SALE,18,2025-05-24,0,,0
11437,4,9,OUT,SALE,17,2025-05-25,0,,0
11438,4,9,OUT,SALE,13,2025-05-26,0,,0
11439,4,9,OUT,SALE,15,2025-05-27,0,,0
11440,4,9,OUT,SALE,13,2025-05-28,0,,0
11441,4,9,OUT,SALE,13,2025-05-29,0,,0
11442,4,9,OUT,SALE,12,2025-05-30,0,,0
11443,4,9,OUT,SALE,13,2025-05-31,0,,0
11444,4,9,OUT,SALE,17,2025-06-01,0,,0
11445,4,9,OUT,SALE,16,2025-06-02,0,,0
11446,4,9,OUT,SALE,13,2025-06-03,0,,0
11447,4,9,OUT,SALE,12,2025-06-04,0,,0
11448,4,9,OUT,SALE,11,2025-06-05,0,,0
11449,4,9,OUT,SALE,10,2025-06-06,0,,0
11450,4,9,OUT,SALE,17,2025-06-07,0,,0
11451,4,9,OUT,SALE,12,2025-06-08,0,,0
11452,4,9,OUT,SALE,12,2025-06-09,0,,0
11453,4,9,OUT,SALE,14,2025-06-10,0,,0
11454,4,9,OUT,SALE,14,2025-06-11,0,,0
11455,4,9,OUT,SALE,14,2025-06-12,0,,0
11456,4,9,OUT,SALE,14,2025-06-13,0,,0
11457,4,9,OUT,DAMAGE,44,2025-06-14,1,REPEATED_LOSS,0
11458,4,9,OUT,SALE,14,2025-06-15,0,,0
11459,4,9,OUT,SALE,13,2025-06-16,0,,0
11460,4,9,OUT,SALE,13,2025-06-17,0,,0
11461,4,9,OUT,SALE,11,2025-06-18,0,,0
11462,4,9,OUT,SALE,12,2025-06-19,0,,0
11463,4,9,OUT,DAMAGE,89,2025-06-20,1,THEFT_SPIKE,1
11464,4,9,OUT,SALE,14,2025-06-21,0,,0
11465,4,9,OUT,SALE,15,2025-06-22,0,,0
11466,4,9,OUT,SALE,15,2025-06-23,0,,0
11467,4,9,OUT,SALE,15,2025-06-24,0,,0
11468,4,9,OUT,SALE,16,2025-06-25,0,,0
11469,4,9,OUT,SALE,11,2025-06-26,0,,0
11470,4,9,OUT,SALE,13,2025-06-27,0,,0
11471,4,9,OUT,SALE,18,2025-06-28,0,,0
11472,4,9,OUT,SALE,12,2025-06-29,0,,0
11473,4,9,OUT,SALE,12,2025-06-30,0,,0
11474,4,9,OUT,SALE,12,2025-07-01,0,,0
11475,4,9,OUT,SALE,16,2025-07-02,0,,0
11476,4,9,OUT,SALE,12,2025-07-03,0,,0
11477,4,9,OUT,SALE,15,2025-07-04,0,,0
11478,4,9,OUT,SALE,15,2025-07-05,0,,0
11479,4,9,OUT,SALE,13,2025-07-06,0,,0
11480,4,9,OUT,SALE,18,2025-07-07,0,,0
11481,4,9,OUT,SALE,13,2025-07-08,0,,0
11482,4,9,OUT,SALE,14,2025-07-09,0,,0
11483,4,9,OUT,SALE,14,2025-07-10,0,,0
11484,4,9,OUT,SALE,14,2025-07-11,0,,0
11485,4,9,OUT,SALE,19,2025-07-12,0,,0
11486,4,9,OUT,SALE,18,2025-07-13,0,,0
11487,4,9,OUT,SALE,12,2025-07-14,0,,0
11488,4,9,OUT,SALE,16,2025-07-15,0,,0
11489,4,9,OUT,SALE,12,2025-07-16,0,,0
11490,4,9,OUT,SALE,14,2025-07-17,0,,0
11491,4,9,OUT,SALE,11,2025-07-18,0,,0
11492,4,9,OUT,SALE,17,2025-07-19,0,,0
11493,4,9,OUT,SALE,32,2025-07-20,0,,0
11494,4,9,OUT,SALE,25,2025-07-21,0,,0
11495,4,9,OUT,SALE,33,2025-07-22,0,,0
11496,4,9,OUT,SALE,34,2025-07-23,0,,0
11497,4,9,OUT,SALE,34,2025-07-24,0,,0
11498,4,9,OUT,SALE,24,2025-07-25,0,,0
11499,4,9,OUT,SALE,18,2025-07-26,0,,0
11500,4,9,OUT,SALE,15,2025-07-27,0,,0
11501,4,9,OUT,SALE,16,2025-07-28,0,,0
11502,4,9,OUT,SALE,14,2025-07-29,0,,0
11503,4,9,OUT,SALE,14,2025-07-30,0,,0
11504,4,9,OUT,SALE,13,2025-07-31,0,,0
11505,4,9,OUT,SALE,13,2025-08-01,0,,0
11506,4,9,OUT,SALE,14,2025-08-02,0,,0
11507,4,9,OUT,SALE,13,2025-08-03,0,,0
11508,4,9,OUT,SALE,12,2025-08-04,0,,0
11509,4,9,OUT,SALE,15,2025-08-05,0,,0
11510,4,9,OUT,SALE,11,2025-08-06,0,,0
11511,4,9,OUT,SALE,15,2025-08-07,0,,0
11512,4,9,OUT,SALE,13,2025-08-08,0,,0
11513,4,9,OUT,SALE,16,2025-08-09,0,,0
11514,4,9,OUT,SALE,16,2025-08-10,0,,0
11515,4,9,OUT,SALE,14,2025-08-11,0,,0
11516,4,9,OUT,SALE,13,2025-08-12,0,,0
11517,4,9,OUT,SALE,13,2025-08-13,0,,0
11518,4,9,OUT,SALE,14,2025-08-14,0,,0
11519,4,9,OUT,SALE,11,2025-08-15,0,,0
11520,4,9,OUT,SALE,13,2025-08-16,0,,0
11521,4,9,OUT,SALE,14,2025-08-17,0,,0
11522,4,9,OUT,SALE,13,2025-08-18,0,,0
11523,4,9,OUT,SALE,16,2025-08-19,0,,0
11524,4,9,OUT,SALE,13,2025-08-20,0,,0
11525,4,9,OUT,SALE,16,2025-08-21,0,,0
11526,4,9,OUT,SALE,14,2025-08-22,0,,0
11527,4,9,OUT,SALE,14,2025-08-23,0,,0
11528,4,9,OUT,SALE,17,2025-08-24,0,,0
11529,4,9,OUT,SALE,13,2025-08-25,0,,0
11530,4,9,OUT,SALE,13,2025-08-26,0,,0
11531,4,9,OUT,SALE,11,2025-08-27,0,,0
11532,4,9,OUT,SALE,11,2025-08-28,0,,0
11533,4,9,OUT,SALE,14,2025-08-29,0,,0
11534,4,9,OUT,SALE,17,2025-08-30,0,,0
11535,4,9,OUT,SALE,18,2025-08-31,0,,0
11536,4,9,OUT,SALE,12,2025-09-01,0,,0
11537,4,9,OUT,SALE,16,2025-09-02,0,,0
11538,4,9,OUT,SALE,15,2025-09-03,0,,0
11539,4,9,OUT,SALE,12,2025-09-04,0,,0
11540,4,9,OUT,SALE,15,2025-09-05,0,,0
11541,4,9,OUT,SALE,17,2025-09-06,0,,0
11542,4,9,OUT,SALE,17,2025-09-07,0,,0
11543,4,9,OUT,SALE,17,2025-09-08,0,,0
11544,4,9,OUT,SALE,15,2025-09-09,0,,0
11545,4,9,OUT,SALE,10,2025-09-10,0,,0
11546,4,9,OUT,SALE,14,2025-09-11,0,,0
11547,4,9,OUT,SALE,11,2025-09-12,0,,0
11548,4,9,OUT,SALE,15,2025-09-13,0,,0
11549,4,9,OUT,SALE,15,2025-09-14,0,,0
11550,4,9,OUT,SALE,12,2025-09-15,0,,0
11551,4,9,OUT,SALE,12,2025-09-16,0,,0
11552,4,9,OUT,SALE,12,2025-09-17,0,,0
11553,4,9,OUT,SALE,13,2025-09-18,0,,0
11554,4,9,OUT,SALE,13,2025-09-19,0,,0
11555,4,9,OUT,SALE,15,2025-09-20,0,,0
11556,4,9,OUT,SALE,16,2025-09-21,0,,0
11557,4,9,OUT,SALE,13,2025-09-22,0,,0
11558,4,9,OUT,SALE,15,2025-09-23,0,,0
11559,4,9,OUT,SALE,13,2025-09-24,0,,0
11560,4,9,OUT,SALE,15,2025-09-25,0,,0
11561,4,9,OUT,SALE,13,2025-09-26,0,,0
11562,4,9,OUT,SALE,20,2025-09-27,0,,0
11563,4,9,OUT,SALE,16,2025-09-28,0,,0
11564,4,9,OUT,SALE,16,2025-09-29,0,,0
11565,4,9,OUT,SALE,23,2025-09-30,0,,0
11566,4,9,OUT,SALE,25,2025-10-01,0,,0
11567,4,9,OUT,SALE,25,2025-10-02,0,,0
11568,4,9,OUT,SALE,34,2025-10-03,0,,0
11569,4,9,OUT,SALE,15,2025-10-04,0,,0
11570,4,9,OUT,SALE,14,2025-10-05,0,,0
11571,4,9,OUT,SALE,16,2025-10-06,0,,0
11572,4,9,OUT,SALE,14,2025-10-07,0,,0
11573,4,9,OUT,SALE,13,2025-10-08,0,,0
11574,4,9,OUT,SALE,13,2025-10-09,0,,0
11575,4,9,OUT,SALE,15,2025-10-10,0,,0
11576,4,9,OUT,SALE,18,2025-10-11,0,,0
11577,4,9,OUT,SALE,17,2025-10-12,0,,0
11578,4,9,OUT,SALE,13,2025-10-13,0,,0
11579,4,9,OUT,SALE,12,2025-10-14,0,,0
11580,4,9,OUT,SALE,7,2025-10-15,0,,0
11581,4,9,OUT,SALE,12,2025-10-16,0,,0
11582,4,9,OUT,SALE,13,2025-10-17,0,,0
11583,4,9,OUT,SALE,16,2025-10-18,0,,0
11584,4,9,OUT,SALE,15,2025-10-19,0,,0
11585,4,9,OUT,SALE,18,2025-10-20,0,,0
11586,4,9,OUT,SALE,15,2025-10-21,0,,0
11587,4,9,OUT,SALE,12,2025-10-22,0,,0
11588,4,9,OUT,SALE,15,2025-10-23,0,,0
11589,4,9,OUT,SALE,14,2025-10-24,0,,0
11590,4,9,OUT,SALE,14,2025-10-25,0,,0
11591,4,9,OUT,SALE,16,2025-10-26,0,,0
11592,4,9,OUT,SALE,15,2025-10-27,0,,0
11593,4,9,OUT,SALE,15,2025-10-28,0,,0
11594,4,9,OUT,SALE,11,2025-10-29,0,,0
11595,4,9,OUT,SALE,15,2025-10-30,0,,0
11596,4,9,OUT,SALE,16,2025-10-31,0,,0
11597,4,9,OUT,SALE,20,2025-11-01,0,,0
11598,4,9,OUT,SALE,14,2025-11-02,0,,0
11599,4,9,OUT,SALE,14,2025-11-03,0,,0
11600,4,9,OUT,SALE,14,2025-11-04,0,,0
11601,4,9,OUT,SALE,16,2025-11-05,0,,0
11602,4,9,OUT,SALE,14,2025-11-06,0,,0
11603,4,9,OUT,SALE,13,2025-11-07,0,,0
11604,4,9,OUT,SALE,17,2025-11-08,0,,0
11605,4,9,OUT,SALE,16,2025-11-09,0,,0
11606,4,9,OUT,SALE,15,2025-11-10,0,,0
11607,4,9,OUT,SALE,13,2025-11-11,0,,0
11608,4,9,OUT,SALE,13,2025-11-12,0,,0
11609,4,9,OUT,SALE,17,2025-11-13,0,,0
11610,4,9,OUT,SALE,18,2025-11-14,0,,0
11611,4,9,OUT,SALE,20,2025-11-15,0,,0
11612,4,9,OUT,SALE,16,2025-11-16,0,,0
11613,4,9,OUT,SALE,16,2025-11-17,0,,0
11614,4,9,OUT,SALE,13,2025-11-18,0,,0
11615,4,9,OUT,SALE,15,2025-11-19,0,,0
11616,4,9,OUT,SALE,13,2025-11-20,0,,0
11617,4,9,OUT,SALE,17,2025-11-21,0,,0
11618,4,9,OUT,SALE,19,2025-11-22,0,,0
11619,4,9,OUT,SALE,21,2025-11-23,0,,0
11620,4,9,OUT,SALE,14,2025-11-24,0,,0
11621,4,9,OUT,SALE,17,2025-11-25,0,,0
11622,4,9,OUT,SALE,15,2025-11-26,0,,0
11623,4,9,OUT,SALE,15,2025-11-27,0,,0
11624,4,9,OUT,SALE,38,2025-11-28,0,,0
11625,4,9,OUT,SALE,50,2025-11-29,0,,0
11626,4,9,OUT,SALE,41,2025-11-30,0,,0
11627,4,9,OUT,SALE,15,2025-12-01,0,,0
11628,4,9,OUT,SALE,11,2025-12-02,0,,0
11629,4,9,OUT,SALE,15,2025-12-03,0,,0
11630,4,9,OUT,SALE,16,2025-12-04,0,,0
11631,4,9,OUT,SALE,14,2025-12-05,0,,0
11632,4,9,OUT,SALE,15,2025-12-06,0,,0
11633,4,9,OUT,SALE,14,2025-12-07,0,,0
11634,4,9,OUT,SALE,14,2025-12-08,0,,0
11635,4,9,OUT,SALE,18,2025-12-09,0,,0
11636,4,9,OUT,SALE,12,2025-12-10,0,,0
11637,4,9,OUT,SALE,17,2025-12-11,0,,0
11638,4,9,OUT,SALE,17,2025-12-12,0,,0
11639,4,9,OUT,SALE,23,2025-12-13,0,,0
11640,4,9,OUT,SALE,20,2025-12-14,0,,0
11641,4,9,OUT,SALE,17,2025-12-15,0,,0
11642,4,9,OUT,SALE,16,2025-12-16,0,,0
11643,4,9,OUT,SALE,15,2025-12-17,0,,0
11644,4,9,OUT,SALE,17,2025-12-18,0,,0
11645,4,9,OUT,SALE,17,2025-12-19,0,,0
11646,4,9,OUT,SALE,18,2025-12-20,0,,0
11647,4,9,OUT,SALE,20,2025-12-21,0,,0
11648,4,9,OUT,SALE,20,2025-12-22,0,,0
11649,4,9,OUT,SALE,15,2025-12-23,0,,0
11650,4,9,OUT,SALE,26,2025-12-24,0,,0
11651,4,9,OUT,SALE,25,2025-12-25,0,,0
11652,4,9,OUT,SALE,26,2025-12-26,0,,0
11653,4,9,OUT,SALE,20,2025-12-27,0,,0
11654,4,9,OUT,SALE,18,2025-12-28,0,,0
11655,4,9,OUT,SALE,16,2025-12-29,0,,0
11656,4,9,OUT,SALE,15,2025-12-30,0,,0
11657,4,9,OUT,SALE,16,2025-12-31,0,,0
11658,5,1,OUT,SALE,1,2025-01-02,0,,0
11659,5,1,OUT,SALE,1,2025-01-04,0,,0
11660,5,1,OUT,SALE,1,2025-01-05,0,,0
11661,5,1,OUT,SALE,1,2025-01-06,0,,0
11662,5,1,OUT,SALE,1,2025-01-08,0,,0
11663,5,1,OUT,SALE,1,2025-01-09,0,,0
11664,5,1,OUT,SALE,1,2025-01-10,0,,0
11665,5,1,OUT,SALE,1,2025-01-12,0,,0
11666,5,1,OUT,SALE,1,2025-01-13,0,,0
11667,5,1,OUT,SALE,1,2025-01-15,0,,0
11668,5,1,OUT,SALE,1,2025-01-16,0,,0
11669,5,1,OUT,SALE,1,2025-01-17,0,,0
11670,5,1,OUT,SALE,1,2025-01-18,0,,0
11671,5,1,OUT,SALE,1,2025-01-19,0,,0
11672,5,1,OUT,SALE,1,2025-01-21,0,,0
11673,5,1,OUT,SALE,1,2025-01-22,0,,0
11674,5,1,OUT,SALE,1,2025-01-23,0,,0
11675,5,1,OUT,SALE,1,2025-01-25,0,,0
11676,5,1,OUT,SALE,1,2025-01-26,0,,0
11677,5,1,OUT,SALE,1,2025-01-27,0,,0
11678,5,1,OUT,SALE,1,2025-01-28,0,,0
11679,5,1,OUT,DAMAGE,4,2025-01-30,1,OFF_HOURS_BULK,0
11680,5,1,OUT,SALE,1,2025-02-01,0,,0
11681,5,1,OUT,SALE,1,2025-02-02,0,,0
11682,5,1,OUT,SALE,1,2025-02-03,0,,0
11683,5,1,OUT,SALE,1,2025-02-04,0,,0
11684,5,1,OUT,SALE,1,2025-02-05,0,,0
11685,5,1,OUT,SALE,1,2025-02-06,0,,0
11686,5,1,OUT,SALE,1,2025-02-07,0,,0
11687,5,1,OUT,SALE,1,2025-02-08,0,,0
11688,5,1,OUT,SALE,2,2025-02-09,0,,0
11689,5,1,OUT,SALE,1,2025-02-10,0,,0
11690,5,1,OUT,SALE,1,2025-02-11,0,,0
11691,5,1,OUT,SALE,1,2025-02-12,0,,0
11692,5,1,OUT,SALE,1,2025-02-13,0,,0
11693,5,1,OUT,SALE,1,2025-02-14,0,,0
11694,5,1,OUT,SALE,1,2025-02-15,0,,0
11695,5,1,OUT,SALE,1,2025-02-16,0,,0
11696,5,1,OUT,SALE,1,2025-02-17,0,,0
11697,5,1,OUT,SALE,1,2025-02-18,0,,0
11698,5,1,OUT,SALE,1,2025-02-19,0,,0
11699,5,1,OUT,SALE,1,2025-02-20,0,,0
11700,5,1,OUT,SALE,1,2025-02-21,0,,0
11701,5,1,OUT,SALE,1,2025-02-22,0,,0
11702,5,1,OUT,SALE,1,2025-02-23,0,,0
11703,5,1,OUT,SALE,1,2025-02-24,0,,0
11704,5,1,OUT,SALE,1,2025-02-25,0,,0
11705,5,1,OUT,SALE,1,2025-02-26,0,,0
11706,5,1,OUT,SALE,1,2025-02-27,0,,0
11707,5,1,OUT,SALE,1,2025-02-28,0,,0
11708,5,1,OUT,SALE,3,2025-03-01,0,,0
11709,5,1,OUT,SALE,3,2025-03-02,0,,0
11710,5,1,OUT,SALE,3,2025-03-03,0,,0
11711,5,1,OUT,SALE,3,2025-03-04,0,,0
11712,5,1,OUT,SALE,3,2025-03-05,0,,0
11713,5,1,OUT,SALE,3,2025-03-06,0,,0
11714,5,1,OUT,SALE,3,2025-03-07,0,,0
11715,5,1,OUT,SALE,3,2025-03-08,0,,0
11716,5,1,OUT,SALE,3,2025-03-09,0,,0
11717,5,1,OUT,SALE,3,2025-03-10,0,,0
11718,5,1,OUT,SALE,3,2025-03-11,0,,0
11719,5,1,OUT,SALE,3,2025-03-12,0,,0
11720,5,1,OUT,SALE,3,2025-03-13,0,,0
11721,5,1,OUT,SALE,3,2025-03-14,0,,0
11722,5,1,OUT,SALE,0,2025-03-15,1,DATA_ERROR,0
11723,5,1,OUT,SALE,4,2025-03-16,0,,0
11724,5,1,OUT,SALE,3,2025-03-17,0,,0
11725,5,1,OUT,SALE,3,2025-03-18,0,,0
11726,5,1,OUT,SALE,3,2025-03-19,0,,0
11727,5,1,OUT,SALE,3,2025-03-20,0,,0
11728,5,1,OUT,SALE,3,2025-03-21,0,,0
11729,5,1,OUT,SALE,4,2025-03-22,0,,0
11730,5,1,OUT,SALE,3,2025-03-23,0,,0
11731,5,1,OUT,SALE,2,2025-03-24,0,,0
11732,5,1,OUT,SALE,3,2025-03-25,0,,0
11733,5,1,OUT,SALE,3,2025-03-26,0,,0
11734,5,1,OUT,SALE,3,2025-03-27,0,,0
11735,5,1,OUT,SALE,3,2025-03-28,0,,0
11736,5,1,OUT,SALE,3,2025-03-29,0,,0
11737,5,1,OUT,SALE,3,2025-03-30,0,,0
11738,5,1,OUT,SALE,3,2025-03-31,0,,0
11739,5,1,OUT,SALE,4,2025-04-01,0,,0
11740,5,1,OUT,SALE,6,2025-04-02,0,,0
11741,5,1,OUT,SALE,4,2025-04-03,0,,0
11742,5,1,OUT,SALE,5,2025-04-04,0,,0
11743,5,1,OUT,SALE,6,2025-04-05,0,,0
11744,5,1,OUT,SALE,6,2025-04-06,0,,0
11745,5,1,OUT,SALE,4,2025-04-07,0,,0
11746,5,1,OUT,SALE,6,2025-04-08,0,,0
11747,5,1,OUT,SALE,5,2025-04-09,0,,0
11748,5,1,OUT,SALE,7,2025-04-10,0,,0
11749,5,1,OUT,SALE,5,2025-04-11,0,,0
11750,5,1,OUT,SALE,6,2025-04-12,0,,0
11751,5,1,OUT,SALE,5,2025-04-13,0,,0
11752,5,1,OUT,SALE,5,2025-04-14,0,,0
11753,5,1,OUT,SALE,5,2025-04-15,0,,0
11754,5,1,OUT,SALE,6,2025-04-16,0,,0
11755,5,1,OUT,SALE,5,2025-04-17,0,,0
11756,5,1,OUT,SALE,5,2025-04-18,0,,0
11757,5,1,OUT,SALE,7,2025-04-19,0,,0
11758,5,1,OUT,SALE,4,2025-04-20,0,,0
11759,5,1,OUT,SALE,6,2025-04-21,0,,0
11760,5,1,OUT,SALE,5,2025-04-22,0,,0
11761,5,1,OUT,SALE,5,2025-04-23,0,,0
11762,5,1,OUT,SALE,5,2025-04-24,0,,0
11763,5,1,OUT,SALE,5,2025-04-25,0,,0
11764,5,1,OUT,SALE,6,2025-04-26,0,,0
11765,5,1,OUT,SALE,8,2025-04-27,0,,0
11766,5,1,OUT,SALE,6,2025-04-28,0,,0
11767,5,1,OUT,SALE,6,2025-04-29,0,,0
11768,5,1,OUT,SALE,5,2025-04-30,0,,0
11769,5,1,OUT,SALE,7,2025-05-01,0,,0
11770,5,1,OUT,SALE,7,2025-05-02,0,,0
11771,5,1,OUT,SALE,8,2025-05-03,0,,0
11772,5,1,OUT,SALE,6,2025-05-04,0,,0
11773,5,1,OUT,SALE,7,2025-05-05,0,,0
11774,5,1,OUT,SALE,7,2025-05-06,0,,0
11775,5,1,OUT,SALE,7,2025-05-07,0,,0
11776,5,1,OUT,SALE,8,2025-05-08,0,,0
11777,5,1,OUT,SALE,8,2025-05-09,0,,0
11778,5,1,OUT,SALE,8,2025-05-10,0,,0
11779,5,1,OUT,SALE,8,2025-05-11,0,,0
11780,5,1,OUT,SALE,6,2025-05-12,0,,0
11781,5,1,OUT,SALE,7,2025-05-13,0,,0
11782,5,1,OUT,SALE,7,2025-05-14,0,,0
11783,5,1,OUT,SALE,8,2025-05-15,0,,0
11784,5,1,OUT,SALE,8,2025-05-16,0,,0
11785,5,1,OUT,SALE,9,2025-05-17,0,,0
11786,5,1,OUT,SALE,9,2025-05-18,0,,0
11787,5,1,OUT,SALE,7,2025-05-19,0,,0
11788,5,1,OUT,SALE,7,2025-05-20,0,,0
11789,5,1,OUT,SALE,7,2025-05-21,0,,0
11790,5,1,OUT,SALE,6,2025-05-22,0,,0
11791,5,1,OUT,SALE,8,2025-05-23,0,,0
11792,5,1,OUT,SALE,8,2025-05-24,0,,0
11793,5,1,OUT,SALE,7,2025-05-25,0,,0
11794,5,1,OUT,SALE,7,2025-05-26,0,,0
11795,5,1,OUT,SALE,7,2025-05-27,0,,0
11796,5,1,OUT,SALE,7,2025-05-28,0,,0
11797,5,1,OUT,SALE,8,2025-05-29,0,,0
11798,5,1,OUT,SALE,7,2025-05-30,0,,0
11799,5,1,OUT,SALE,6,2025-05-31,0,,0
11800,5,1,OUT,SALE,10,2025-06-01,0,,0
11801,5,1,OUT,SALE,9,2025-06-02,0,,0
11802,5,1,OUT,SALE,9,2025-06-03,0,,0
11803,5,1,OUT,SALE,8,2025-06-04,0,,0
11804,5,1,OUT,SALE,9,2025-06-05,0,,0
11805,5,1,OUT,SALE,9,2025-06-06,0,,0
11806,5,1,OUT,SALE,10,2025-06-07,0,,0
11807,5,1,OUT,SALE,11,2025-06-08,0,,0
11808,5,1,OUT,SALE,9,2025-06-09,0,,0
11809,5,1,OUT,SALE,9,2025-06-10,0,,0
11810,5,1,OUT,SALE,11,2025-06-11,0,,0
11811,5,1,OUT,DAMAGE,81,2025-06-12,1,THEFT_SPIKE,1
11812,5,1,OUT,SALE,10,2025-06-13,0,,0
11813,5,1,OUT,SALE,12,2025-06-14,0,,0
11814,5,1,OUT,SALE,11,2025-06-15,0,,0
11815,5,1,OUT,SALE,10,2025-06-16,0,,0
11816,5,1,OUT,SALE,7,2025-06-17,0,,0
11817,5,1,OUT,SALE,9,2025-06-18,0,,0
11818,5,1,OUT,SALE,9,2025-06-19,0,,0
11819,5,1,OUT,SALE,11,2025-06-20,0,,0
11820,5,1,OUT,SALE,12,2025-06-21,0,,0
11821,5,1,OUT,SALE,10,2025-06-22,0,,0
11822,5,1,OUT,SALE,9,2025-06-23,0,,0
11823,5,1,OUT,SALE,9,2025-06-24,0,,0
11824,5,1,OUT,SALE,10,2025-06-25,0,,0
11825,5,1,OUT,SALE,8,2025-06-26,0,,0
11826,5,1,OUT,SALE,9,2025-06-27,0,,0
11827,5,1,OUT,SALE,10,2025-06-28,0,,0
11828,5,1,OUT,SALE,11,2025-06-29,0,,0
11829,5,1,OUT,SALE,8,2025-06-30,0,,0
11830,5,1,OUT,SALE,9,2025-07-01,0,,0
11831,5,1,OUT,SALE,11,2025-07-02,0,,0
11832,5,1,OUT,SALE,8,2025-07-03,0,,0
11833,5,1,OUT,SALE,9,2025-07-04,0,,0
11834,5,1,OUT,SALE,11,2025-07-05,0,,0
11835,5,1,OUT,SALE,10,2025-07-06,0,,0
11836,5,1,OUT,SALE,9,2025-07-07,0,,0
11837,5,1,OUT,SALE,10,2025-07-08,0,,0
11838,5,1,OUT,SALE,8,2025-07-09,0,,0
11839,5,1,OUT,SALE,9,2025-07-10,0,,0
11840,5,1,OUT,SALE,12,2025-07-11,0,,0
11841,5,1,OUT,SALE,12,2025-07-12,0,,0
11842,5,1,OUT,SALE,10,2025-07-13,0,,0
11843,5,1,OUT,SALE,10,2025-07-14,0,,0
11844,5,1,OUT,SALE,10,2025-07-15,0,,0
11845,5,1,OUT,SALE,11,2025-07-16,0,,0
11846,5,1,OUT,SALE,10,2025-07-17,0,,0
11847,5,1,OUT,SALE,11,2025-07-18,0,,0
11848,5,1,OUT,SALE,8,2025-07-19,0,,0
11849,5,1,OUT,SALE,21,2025-07-20,0,,0
11850,5,1,OUT,SALE,22,2025-07-21,0,,0
11851,5,1,OUT,SALE,22,2025-07-22,0,,0
11852,5,1,OUT,SALE,19,2025-07-23,0,,0
11853,5,1,OUT,SALE,22,2025-07-24,0,,0
11854,5,1,OUT,SALE,20,2025-07-25,0,,0
11855,5,1,OUT,SALE,11,2025-07-26,0,,0
11856,5,1,OUT,SALE,12,2025-07-27,0,,0
11857,5,1,OUT,SALE,11,2025-07-28,0,,0
11858,5,1,OUT,SALE,9,2025-07-29,0,,0
11859,5,1,OUT,SALE,8,2025-07-30,0,,0
11860,5,1,OUT,SALE,9,2025-07-31,0,,0
11861,5,1,OUT,SALE,9,2025-08-01,0,,0
11862,5,1,OUT,SALE,10,2025-08-02,0,,0
11863,5,1,OUT,SALE,12,2025-08-03,0,,0
11864,5,1,OUT,SALE,9,2025-08-04,0,,0
11865,5,1,OUT,SALE,10,2025-08-05,0,,0
11866,5,1,OUT,SALE,8,2025-08-06,0,,0
11867,5,1,OUT,SALE,10,2025-08-07,0,,0
11868,5,1,OUT,SALE,6,2025-08-08,0,,0
11869,5,1,OUT,SALE,11,2025-08-09,0,,0
11870,5,1,OUT,SALE,12,2025-08-10,0,,0
11871,5,1,OUT,SALE,9,2025-08-11,0,,0
11872,5,1,OUT,SALE,10,2025-08-12,0,,0
11873,5,1,OUT,SALE,9,2025-08-13,0,,0
11874,5,1,OUT,SALE,9,2025-08-14,0,,0
11875,5,1,OUT,SALE,9,2025-08-15,0,,0
11876,5,1,OUT,SALE,14,2025-08-16,0,,0
11877,5,1,OUT,SALE,12,2025-08-17,0,,0
11878,5,1,OUT,SALE,10,2025-08-18,0,,0
11879,5,1,OUT,SALE,8,2025-08-19,0,,0
11880,5,1,OUT,SALE,9,2025-08-20,0,,0
11881,5,1,OUT,SALE,8,2025-08-21,0,,0
11882,5,1,OUT,SALE,10,2025-08-22,0,,0
11883,5,1,OUT,SALE,11,2025-08-23,0,,0
11884,5,1,OUT,SALE,9,2025-08-24,0,,0
11885,5,1,OUT,SALE,9,2025-08-25,0,,0
11886,5,1,OUT,SALE,8,2025-08-26,0,,0
11887,5,1,OUT,SALE,9,2025-08-27,0,,0
11888,5,1,OUT,SALE,8,2025-08-28,0,,0
11889,5,1,OUT,SALE,9,2025-08-29,0,,0
11890,5,1,OUT,SALE,11,2025-08-30,0,,0
11891,5,1,OUT,SALE,10,2025-08-31,0,,0
11892,5,1,OUT,SALE,7,2025-09-01,0,,0
11893,5,1,OUT,SALE,8,2025-09-02,0,,0
11894,5,1,OUT,SALE,8,2025-09-03,0,,0
11895,5,1,OUT,SALE,6,2025-09-04,0,,0
11896,5,1,OUT,SALE,8,2025-09-05,0,,0
11897,5,1,OUT,SALE,10,2025-09-06,0,,0
11898,5,1,OUT,SALE,9,2025-09-07,0,,0
11899,5,1,OUT,SALE,7,2025-09-08,0,,0
11900,5,1,OUT,SALE,8,2025-09-09,0,,0
11901,5,1,OUT,SALE,8,2025-09-10,0,,0
11902,5,1,OUT,SALE,8,2025-09-11,0,,0
11903,5,1,OUT,SALE,6,2025-09-12,0,,0
11904,5,1,OUT,SALE,7,2025-09-13,0,,0
11905,5,1,OUT,SALE,10,2025-09-14,0,,0
11906,5,1,OUT,SALE,6,2025-09-15,0,,0
11907,5,1,OUT,SALE,8,2025-09-16,0,,0
11908,5,1,OUT,SALE,7,2025-09-17,0,,0
11909,5,1,OUT,SALE,7,2025-09-18,0,,0
11910,5,1,OUT,SALE,8,2025-09-19,0,,0
11911,5,1,OUT,SALE,9,2025-09-20,0,,0
11912,5,1,OUT,SALE,11,2025-09-21,0,,0
11913,5,1,OUT,SALE,7,2025-09-22,0,,0
11914,5,1,OUT,SALE,9,2025-09-23,0,,0
11915,5,1,OUT,SALE,8,2025-09-24,0,,0
11916,5,1,OUT,SALE,7,2025-09-25,0,,0
11917,5,1,OUT,SALE,8,2025-09-26,0,,0
11918,5,1,OUT,SALE,9,2025-09-27,0,,0
11919,5,1,OUT,SALE,9,2025-09-28,0,,0
11920,5,1,OUT,SALE,8,2025-09-29,0,,0
11921,5,1,OUT,SALE,13,2025-09-30,0,,0
11922,5,1,OUT,SALE,9,2025-10-01,0,,0
11923,5,1,OUT,SALE,11,2025-10-02,0,,0
11924,5,1,OUT,SALE,9,2025-10-03,0,,0
11925,5,1,OUT,DAMAGE,17,2025-10-04,1,REPEATED_LOSS,0
11926,5,1,OUT,SALE,6,2025-10-05,0,,0
11927,5,1,OUT,SALE,5,2025-10-06,0,,0
11928,5,1,OUT,SALE,4,2025-10-07,0,,0
11929,5,1,OUT,SALE,6,2025-10-08,0,,0
11930,5,1,OUT,SALE,5,2025-10-09,0,,0
11931,5,1,OUT,SALE,5,2025-10-10,0,,0
11932,5,1,OUT,SALE,6,2025-10-11,0,,0
11933,5,1,OUT,SALE,6,2025-10-12,0,,0
11934,5,1,OUT,SALE,6,2025-10-13,0,,0
11935,5,1,OUT,SALE,5,2025-10-14,0,,0
11936,5,1,OUT,SALE,6,2025-10-15,0,,0
11937,5,1,OUT,SALE,6,2025-10-16,0,,0
11938,5,1,OUT,SALE,6,2025-10-17,0,,0
11939,5,1,OUT,SALE,6,2025-10-18,0,,0
11940,5,1,OUT,SALE,5,2025-10-19,0,,0
11941,5,1,OUT,SALE,6,2025-10-20,0,,0
11942,5,1,OUT,SALE,5,2025-10-21,0,,0
11943,5,1,OUT,SALE,5,2025-10-22,0,,0
11944,5,1,OUT,SALE,4,2025-10-23,0,,0
11945,5,1,OUT,SALE,5,2025-10-24,0,,0
11946,5,1,OUT,SALE,6,2025-10-25,0,,0
11947,5,1,OUT,SALE,5,2025-10-26,0,,0
11948,5,1,OUT,SALE,5,2025-10-27,0,,0
11949,5,1,OUT,SALE,5,2025-10-28,0,,0
11950,5,1,OUT,SALE,7,2025-10-29,0,,0
11951,5,1,OUT,SALE,5,2025-10-30,0,,0
11952,5,1,OUT,SALE,5,2025-10-31,0,,0
11953,5,1,OUT,SALE,3,2025-11-01,0,,0
11954,5,1,OUT,SALE,4,2025-11-02,0,,0
11955,5,1,OUT,SALE,3,2025-11-03,0,,0
11956,5,1,OUT,SALE,3,2025-11-04,0,,0
11957,5,1,OUT,SALE,3,2025-11-05,0,,0
11958,5,1,OUT,SALE,2,2025-11-06,0,,0
11959,5,1,OUT,SALE,3,2025-11-07,0,,0
11960,5,1,OUT,SALE,4,2025-11-08,0,,0
11961,5,1,OUT,DAMAGE,15,2025-11-09,1,OFF_HOURS_BULK,0
11962,5,1,OUT,SALE,3,2025-11-10,0,,0
11963,5,1,OUT,SALE,3,2025-11-11,0,,0
11964,5,1,OUT,SALE,3,2025-11-12,0,,0
11965,5,1,OUT,SALE,3,2025-11-13,0,,0
11966,5,1,OUT,SALE,3,2025-11-14,0,,0
11967,5,1,OUT,SALE,4,2025-11-15,0,,0
11968,5,1,OUT,SALE,3,2025-11-16,0,,0
11969,5,1,OUT,SALE,3,2025-11-17,0,,0
11970,5,1,OUT,SALE,2,2025-11-18,0,,0
11971,5,1,OUT,SALE,3,2025-11-19,0,,0
11972,5,1,OUT,SALE,2,2025-11-20,0,,0
11973,5,1,OUT,SALE,3,2025-11-21,0,,0
11974,5,1,OUT,SALE,3,2025-11-22,0,,0
11975,5,1,OUT,SALE,4,2025-11-23,0,,0
11976,5,1,OUT,SALE,3,2025-11-24,0,,0
11977,5,1,OUT,SALE,3,2025-11-25,0,,0
11978,5,1,OUT,SALE,2,2025-11-26,0,,0
11979,5,1,OUT,SALE,3,2025-11-27,0,,0
11980,5,1,OUT,SALE,9,2025-11-28,0,,0
11981,5,1,OUT,SALE,9,2025-11-29,0,,0
11982,5,1,OUT,SALE,9,2025-11-30,0,,0
11983,5,1,OUT,SALE,1,2025-12-01,0,,0
11984,5,1,OUT,SALE,1,2025-12-02,0,,0
11985,5,1,OUT,SALE,1,2025-12-03,0,,0
11986,5,1,OUT,SALE,1,2025-12-04,0,,0
11987,5,1,OUT,SALE,1,2025-12-05,0,,0
11988,5,1,OUT,SALE,1,2025-12-06,0,,0
11989,5,1,OUT,SALE,1,2025-12-07,0,,0
11990,5,1,OUT,SALE,1,2025-12-08,0,,0
11991,5,1,OUT,SALE,1,2025-12-09,0,,0
11992,5,1,OUT,SALE,1,2025-12-10,0,,0
11993,5,1,OUT,SALE,1,2025-12-11,0,,0
11994,5,1,OUT,SALE,1,2025-12-12,0,,0
11995,5,1,OUT,SALE,1,2025-12-13,0,,0
11996,5,1,OUT,SALE,1,2025-12-14,0,,0
11997,5,1,OUT,SALE,1,2025-12-15,0,,0
11998,5,1,OUT,DAMAGE,7,2025-12-16,1,OFF_HOURS_BULK,0
11999,5,1,OUT,SALE,1,2025-12-17,0,,0
12000,5,1,OUT,SALE,1,2025-12-18,0,,0
12001,5,1,OUT,SALE,1,2025-12-19,0,,0
12002,5,1,OUT,SALE,1,2025-12-20,0,,0
12003,5,1,OUT,SALE,1,2025-12-21,0,,0
12004,5,1,OUT,SALE,1,2025-12-22,0,,0
12005,5,1,OUT,SALE,1,2025-12-23,0,,0
12006,5,1,OUT,SALE,2,2025-12-24,0,,0
12007,5,1,OUT,SALE,2,2025-12-25,0,,0
12008,5,1,OUT,SALE,2,2025-12-26,0,,0
12009,5,1,OUT,SALE,1,2025-12-27,0,,0
12010,5,1,OUT,SALE,1,2025-12-28,0,,0
12011,5,1,OUT,SALE,1,2025-12-29,0,,0
12012,5,1,OUT,SALE,1,2025-12-30,0,,0
12013,5,1,OUT,SALE,1,2025-12-31,0,,0
12014,5,2,OUT,SALE,1,2025-01-25,0,,0
12015,5,2,OUT,SALE,1,2025-01-26,0,,0
12016,5,2,OUT,SALE,1,2025-01-27,0,,0
12017,5,2,OUT,SALE,1,2025-02-01,0,,0
12018,5,2,OUT,SALE,1,2025-02-02,0,,0
12019,5,2,OUT,SALE,1,2025-02-03,0,,0
12020,5,2,OUT,SALE,1,2025-02-04,0,,0
12021,5,2,OUT,SALE,1,2025-02-05,0,,0
12022,5,2,OUT,SALE,1,2025-02-06,0,,0
12023,5,2,OUT,SALE,1,2025-02-07,0,,0
12024,5,2,OUT,SALE,1,2025-02-08,0,,0
12025,5,2,OUT,SALE,1,2025-02-09,0,,0
12026,5,2,OUT,SALE,1,2025-02-10,0,,0
12027,5,2,OUT,SALE,1,2025-02-11,0,,0
12028,5,2,OUT,SALE,1,2025-02-12,0,,0
12029,5,2,OUT,SALE,1,2025-02-13,0,,0
12030,5,2,OUT,SALE,1,2025-02-14,0,,0
12031,5,2,OUT,SALE,1,2025-02-15,0,,0
12032,5,2,OUT,SALE,1,2025-02-16,0,,0
12033,5,2,OUT,SALE,1,2025-02-17,0,,0
12034,5,2,OUT,SALE,1,2025-02-18,0,,0
12035,5,2,OUT,SALE,1,2025-02-19,0,,0
12036,5,2,OUT,SALE,1,2025-02-20,0,,0
12037,5,2,OUT,SALE,1,2025-02-21,0,,0
12038,5,2,OUT,SALE,1,2025-02-22,0,,0
12039,5,2,OUT,SALE,1,2025-02-23,0,,0
12040,5,2,OUT,SALE,1,2025-02-24,0,,0
12041,5,2,OUT,SALE,1,2025-02-25,0,,0
12042,5,2,OUT,SALE,1,2025-02-26,0,,0
12043,5,2,OUT,SALE,1,2025-02-27,0,,0
12044,5,2,OUT,SALE,1,2025-02-28,0,,0
12045,5,2,OUT,SALE,2,2025-03-01,0,,0
12046,5,2,OUT,SALE,2,2025-03-02,0,,0
12047,5,2,OUT,SALE,1,2025-03-03,0,,0
12048,5,2,OUT,SALE,2,2025-03-04,0,,0
12049,5,2,OUT,SALE,2,2025-03-05,0,,0
12050,5,2,OUT,SALE,2,2025-03-06,0,,0
12051,5,2,OUT,SALE,1,2025-03-07,0,,0
12052,5,2,OUT,SALE,2,2025-03-08,0,,0
12053,5,2,OUT,DAMAGE,4,2025-03-09,1,REPEATED_LOSS,0
12054,5,2,OUT,DAMAGE,11,2025-03-10,1,OFF_HOURS_BULK,0
12055,5,2,OUT,SALE,2,2025-03-11,0,,0
12056,5,2,OUT,SALE,2,2025-03-12,0,,0
12057,5,2,OUT,SALE,2,2025-03-13,0,,0
12058,5,2,OUT,SALE,2,2025-03-14,0,,0
12059,5,2,OUT,SALE,2,2025-03-15,0,,0
12060,5,2,OUT,SALE,3,2025-03-16,0,,0
12061,5,2,OUT,SALE,2,2025-03-17,0,,0
12062,5,2,OUT,SALE,2,2025-03-18,0,,0
12063,5,2,OUT,SALE,2,2025-03-19,0,,0
12064,5,2,OUT,SALE,2,2025-03-20,0,,0
12065,5,2,OUT,SALE,2,2025-03-21,0,,0
12066,5,2,OUT,SALE,2,2025-03-22,0,,0
12067,5,2,OUT,SALE,1,2025-03-23,0,,0
12068,5,2,OUT,SALE,2,2025-03-24,0,,0
12069,5,2,OUT,SALE,2,2025-03-25,0,,0
12070,5,2,OUT,SALE,2,2025-03-26,0,,0
12071,5,2,OUT,SALE,2,2025-03-27,0,,0
12072,5,2,OUT,SALE,2,2025-03-28,0,,0
12073,5,2,OUT,SALE,2,2025-03-29,0,,0
12074,5,2,OUT,SALE,2,2025-03-30,0,,0
12075,5,2,OUT,SALE,2,2025-03-31,0,,0
12076,5,2,OUT,SALE,4,2025-04-01,0,,0
12077,5,2,OUT,SALE,3,2025-04-02,0,,0
12078,5,2,OUT,SALE,3,2025-04-03,0,,0
12079,5,2,OUT,SALE,4,2025-04-04,0,,0
12080,5,2,OUT,SALE,3,2025-04-05,0,,0
12081,5,2,OUT,SALE,4,2025-04-06,0,,0
12082,5,2,OUT,SALE,4,2025-04-07,0,,0
12083,5,2,OUT,SALE,3,2025-04-08,0,,0
12084,5,2,OUT,SALE,3,2025-04-09,0,,0
12085,5,2,OUT,SALE,3,2025-04-10,0,,0
12086,5,2,OUT,SALE,3,2025-04-11,0,,0
12087,5,2,OUT,SALE,4,2025-04-12,0,,0
12088,5,2,OUT,SALE,4,2025-04-13,0,,0
12089,5,2,OUT,SALE,4,2025-04-14,0,,0
12090,5,2,OUT,SALE,4,2025-04-15,0,,0
12091,5,2,OUT,SALE,4,2025-04-16,0,,0
12092,5,2,OUT,SALE,3,2025-04-17,0,,0
12093,5,2,OUT,SALE,3,2025-04-18,0,,0
12094,5,2,OUT,SALE,5,2025-04-19,0,,0
12095,5,2,OUT,SALE,3,2025-04-20,0,,0
12096,5,2,OUT,SALE,4,2025-04-21,0,,0
12097,5,2,OUT,SALE,3,2025-04-22,0,,0
12098,5,2,OUT,SALE,3,2025-04-23,0,,0
12099,5,2,OUT,SALE,3,2025-04-24,0,,0
12100,5,2,OUT,SALE,3,2025-04-25,0,,0
12101,5,2,OUT,SALE,4,2025-04-26,0,,0
12102,5,2,OUT,SALE,3,2025-04-27,0,,0
12103,5,2,OUT,SALE,3,2025-04-28,0,,0
12104,5,2,OUT,SALE,3,2025-04-29,0,,0
12105,5,2,OUT,SALE,3,2025-04-30,0,,0
12106,5,2,OUT,SALE,4,2025-05-01,0,,0
12107,5,2,OUT,DAMAGE,23,2025-05-02,1,OFF_HOURS_BULK,1
12108,5,2,OUT,SALE,6,2025-05-03,0,,0
12109,5,2,OUT,SALE,6,2025-05-04,0,,0
12110,5,2,OUT,SALE,4,2025-05-05,0,,0
12111,5,2,OUT,SALE,5,2025-05-06,0,,0
12112,5,2,OUT,SALE,4,2025-05-07,0,,0
12113,5,2,OUT,SALE,5,2025-05-08,0,,0
12114,5,2,OUT,SALE,4,2025-05-09,0,,0
12115,5,2,OUT,SALE,5,2025-05-10,0,,0
12116,5,2,OUT,SALE,6,2025-05-11,0,,0
12117,5,2,OUT,SALE,4,2025-05-12,0,,0
12118,5,2,OUT,SALE,4,2025-05-13,0,,0
12119,5,2,OUT,SALE,3,2025-05-14,0,,0
12120,5,2,OUT,SALE,5,2025-05-15,0,,0
12121,5,2,OUT,SALE,5,2025-05-16,0,,0
12122,5,2,OUT,SALE,5,2025-05-17,0,,0
12123,5,2,OUT,SALE,4,2025-05-18,0,,0
12124,5,2,OUT,SALE,5,2025-05-19,0,,0
12125,5,2,OUT,SALE,4,2025-05-20,0,,0
12126,5,2,OUT,SALE,4,2025-05-21,0,,0
12127,5,2,OUT,SALE,6,2025-05-22,0,,0
12128,5,2,OUT,SALE,4,2025-05-23,0,,0
12129,5,2,OUT,SALE,6,2025-05-24,0,,0
12130,5,2,OUT,SALE,6,2025-05-25,0,,0
12131,5,2,OUT,SALE,5,2025-05-26,0,,0
12132,5,2,OUT,SALE,5,2025-05-27,0,,0
12133,5,2,OUT,SALE,5,2025-05-28,0,,0
12134,5,2,OUT,SALE,5,2025-05-29,0,,0
12135,5,2,OUT,SALE,5,2025-05-30,0,,0
12136,5,2,OUT,SALE,6,2025-05-31,0,,0
12137,5,2,OUT,SALE,5,2025-06-01,0,,0
12138,5,2,OUT,SALE,6,2025-06-02,0,,0
12139,5,2,OUT,SALE,6,2025-06-03,0,,0
12140,5,2,OUT,SALE,6,2025-06-04,0,,0
12141,5,2,OUT,SALE,6,2025-06-05,0,,0
12142,5,2,OUT,SALE,6,2025-06-06,0,,0
12143,5,2,OUT,SALE,5,2025-06-07,0,,0
12144,5,2,OUT,SALE,6,2025-06-08,0,,0
12145,5,2,OUT,SALE,5,2025-06-09,0,,0
12146,5,2,OUT,SALE,5,2025-06-10,0,,0
12147,5,2,OUT,SALE,5,2025-06-11,0,,0
12148,5,2,OUT,SALE,5,2025-06-12,0,,0
12149,5,2,OUT,SALE,5,2025-06-13,0,,0
12150,5,2,OUT,SALE,5,2025-06-14,0,,0
12151,5,2,OUT,SALE,7,2025-06-15,0,,0
12152,5,2,OUT,SALE,7,2025-06-16,0,,0
12153,5,2,OUT,SALE,6,2025-06-17,0,,0
12154,5,2,OUT,SALE,6,2025-06-18,0,,0
12155,5,2,OUT,SALE,6,2025-06-19,0,,0
12156,5,2,OUT,SALE,5,2025-06-20,0,,0
12157,5,2,OUT,SALE,7,2025-06-21,0,,0
12158,5,2,OUT,SALE,6,2025-06-22,0,,0
12159,5,2,OUT,SALE,5,2025-06-23,0,,0
12160,5,2,OUT,SALE,7,2025-06-24,0,,0
12161,5,2,OUT,SALE,5,2025-06-25,0,,0
12162,5,2,OUT,SALE,6,2025-06-26,0,,0
12163,5,2,OUT,SALE,6,2025-06-27,0,,0
12164,5,2,OUT,SALE,8,2025-06-28,0,,0
12165,5,2,OUT,SALE,7,2025-06-29,0,,0
12166,5,2,OUT,SALE,5,2025-06-30,0,,0
12167,5,2,OUT,SALE,6,2025-07-01,0,,0
12168,5,2,OUT,SALE,6,2025-07-02,0,,0
12169,5,2,OUT,SALE,5,2025-07-03,0,,0
12170,5,2,OUT,SALE,5,2025-07-04,0,,0
12171,5,2,OUT,SALE,5,2025-07-05,0,,0
12172,5,2,OUT,SALE,6,2025-07-06,0,,0
12173,5,2,OUT,SALE,6,2025-07-07,0,,0
12174,5,2,OUT,SALE,6,2025-07-08,0,,0
12175,5,2,OUT,SALE,5,2025-07-09,0,,0
12176,5,2,OUT,SALE,6,2025-07-10,0,,0
12177,5,2,OUT,SALE,6,2025-07-11,0,,0
12178,5,2,OUT,SALE,7,2025-07-12,0,,0
12179,5,2,OUT,SALE,6,2025-07-13,0,,0
12180,5,2,OUT,SALE,6,2025-07-14,0,,0
12181,5,2,OUT,SALE,6,2025-07-15,0,,0
12182,5,2,OUT,SALE,6,2025-07-16,0,,0
12183,5,2,OUT,SALE,6,2025-07-17,0,,0
12184,5,2,OUT,SALE,8,2025-07-18,0,,0
12185,5,2,OUT,SALE,6,2025-07-19,0,,0
12186,5,2,OUT,SALE,15,2025-07-20,0,,1
12187,5,2,OUT,SALE,13,2025-07-21,0,,1
12188,5,2,OUT,SALE,12,2025-07-22,0,,1
12189,5,2,OUT,SALE,15,2025-07-23,0,,1
12190,5,2,OUT,SALE,9,2025-07-24,0,,0
12191,5,2,OUT,SALE,12,2025-07-25,0,,1
12192,5,2,OUT,SALE,8,2025-07-26,0,,0
12193,5,2,OUT,SALE,7,2025-07-27,0,,0
12194,5,2,OUT,SALE,5,2025-07-28,0,,0
12195,5,2,OUT,SALE,6,2025-07-29,0,,0
12196,5,2,OUT,SALE,7,2025-07-30,0,,0
12197,5,2,OUT,SALE,6,2025-07-31,0,,0
12198,5,2,OUT,SALE,5,2025-08-01,0,,0
12199,5,2,OUT,SALE,7,2025-08-02,0,,0
12200,5,2,OUT,SALE,6,2025-08-03,0,,0
12201,5,2,OUT,SALE,6,2025-08-04,0,,0
12202,5,2,OUT,SALE,7,2025-08-05,0,,0
12203,5,2,OUT,SALE,4,2025-08-06,0,,0
12204,5,2,OUT,SALE,6,2025-08-07,0,,0
12205,5,2,OUT,SALE,4,2025-08-08,0,,0
12206,5,2,OUT,SALE,8,2025-08-09,0,,0
12207,5,2,OUT,SALE,6,2025-08-10,0,,0
12208,5,2,OUT,SALE,6,2025-08-11,0,,0
12209,5,2,OUT,SALE,6,2025-08-12,0,,0
12210,5,2,OUT,SALE,5,2025-08-13,0,,0
12211,5,2,OUT,SALE,5,2025-08-14,0,,0
12212,5,2,OUT,SALE,7,2025-08-15,0,,0
12213,5,2,OUT,SALE,7,2025-08-16,0,,0
12214,5,2,OUT,SALE,8,2025-08-17,0,,0
12215,5,2,OUT,SALE,6,2025-08-18,0,,0
12216,5,2,OUT,SALE,6,2025-08-19,0,,0
12217,5,2,OUT,SALE,5,2025-08-20,0,,0
12218,5,2,OUT,SALE,5,2025-08-21,0,,0
12219,5,2,OUT,SALE,5,2025-08-22,0,,0
12220,5,2,OUT,SALE,7,2025-08-23,0,,0
12221,5,2,OUT,SALE,6,2025-08-24,0,,0
12222,5,2,OUT,SALE,6,2025-08-25,0,,0
12223,5,2,OUT,SALE,6,2025-08-26,0,,0
12224,5,2,OUT,SALE,6,2025-08-27,0,,0
12225,5,2,OUT,SALE,7,2025-08-28,0,,0
12226,5,2,OUT,SALE,6,2025-08-29,0,,0
12227,5,2,OUT,SALE,7,2025-08-30,0,,0
12228,5,2,OUT,SALE,8,2025-08-31,0,,0
12229,5,2,OUT,SALE,5,2025-09-01,0,,0
12230,5,2,OUT,SALE,5,2025-09-02,0,,0
12231,5,2,OUT,SALE,4,2025-09-03,0,,0
12232,5,2,OUT,SALE,5,2025-09-04,0,,0
12233,5,2,OUT,SALE,4,2025-09-05,0,,0
12234,5,2,OUT,SALE,6,2025-09-06,0,,0
12235,5,2,OUT,SALE,5,2025-09-07,0,,0
12236,5,2,OUT,SALE,5,2025-09-08,0,,0
12237,5,2,OUT,SALE,5,2025-09-09,0,,0
12238,5,2,OUT,SALE,4,2025-09-10,0,,0
12239,5,2,OUT,SALE,6,2025-09-11,0,,0
12240,5,2,OUT,SALE,5,2025-09-12,0,,0
12241,5,2,OUT,SALE,5,2025-09-13,0,,0
12242,5,2,OUT,SALE,5,2025-09-14,0,,0
12243,5,2,OUT,SALE,5,2025-09-15,0,,0
12244,5,2,OUT,SALE,5,2025-09-16,0,,0
12245,5,2,OUT,SALE,5,2025-09-17,0,,0
12246,5,2,OUT,SALE,5,2025-09-18,0,,0
12247,5,2,OUT,SALE,5,2025-09-19,0,,0
12248,5,2,OUT,SALE,6,2025-09-20,0,,0
12249,5,2,OUT,SALE,5,2025-09-21,0,,0
12250,5,2,OUT,SALE,5,2025-09-22,0,,0
12251,5,2,OUT,SALE,5,2025-09-23,0,,0
12252,5,2,OUT,SALE,5,2025-09-24,0,,0
12253,5,2,OUT,SALE,5,2025-09-25,0,,0
12254,5,2,OUT,SALE,4,2025-09-26,0,,0
12255,5,2,OUT,SALE,5,2025-09-27,0,,0
12256,5,2,OUT,SALE,6,2025-09-28,0,,0
12257,5,2,OUT,SALE,4,2025-09-29,0,,0
12258,5,2,OUT,SALE,9,2025-09-30,0,,0
12259,5,2,OUT,SALE,6,2025-10-01,0,,0
12260,5,2,OUT,SALE,5,2025-10-02,0,,0
12261,5,2,OUT,SALE,6,2025-10-03,0,,0
12262,5,2,OUT,SALE,4,2025-10-04,0,,0
12263,5,2,OUT,SALE,4,2025-10-05,0,,0
12264,5,2,OUT,SALE,4,2025-10-06,0,,0
12265,5,2,OUT,SALE,4,2025-10-07,0,,0
12266,5,2,OUT,SALE,3,2025-10-08,0,,0
12267,5,2,OUT,SALE,3,2025-10-09,0,,0
12268,5,2,OUT,SALE,3,2025-10-10,0,,0
12269,5,2,OUT,SALE,4,2025-10-11,0,,0
12270,5,2,OUT,SALE,4,2025-10-12,0,,0
12271,5,2,OUT,SALE,3,2025-10-13,0,,0
12272,5,2,OUT,SALE,3,2025-10-14,0,,0
12273,5,2,OUT,SALE,3,2025-10-15,0,,0
12274,5,2,OUT,SALE,3,2025-10-16,0,,0
12275,5,2,OUT,SALE,3,2025-10-17,0,,0
12276,5,2,OUT,SALE,4,2025-10-18,0,,0
12277,5,2,OUT,SALE,4,2025-10-19,0,,0
12278,5,2,OUT,SALE,3,2025-10-20,0,,0
12279,5,2,OUT,SALE,3,2025-10-21,0,,0
12280,5,2,OUT,SALE,2,2025-10-22,0,,0
12281,5,2,OUT,SALE,3,2025-10-23,0,,0
12282,5,2,OUT,SALE,3,2025-10-24,0,,0
12283,5,2,OUT,DAMAGE,8,2025-10-25,1,REPEATED_LOSS,0
12284,5,2,OUT,SALE,3,2025-10-26,0,,0
12285,5,2,OUT,SALE,3,2025-10-27,0,,0
12286,5,2,OUT,SALE,3,2025-10-28,0,,0
12287,5,2,OUT,SALE,4,2025-10-29,0,,0
12288,5,2,OUT,SALE,4,2025-10-30,0,,0
12289,5,2,OUT,SALE,3,2025-10-31,0,,0
12290,5,2,OUT,SALE,2,2025-11-01,0,,0
12291,5,2,OUT,SALE,2,2025-11-02,0,,0
12292,5,2,OUT,SALE,2,2025-11-03,0,,0
12293,5,2,OUT,SALE,2,2025-11-04,0,,0
12294,5,2,OUT,SALE,2,2025-11-05,0,,0
12295,5,2,OUT,SALE,2,2025-11-06,0,,0
12296,5,2,OUT,SALE,2,2025-11-07,0,,0
12297,5,2,OUT,SALE,2,2025-11-08,0,,0
12298,5,2,OUT,SALE,2,2025-11-09,0,,0
12299,5,2,OUT,SALE,2,2025-11-10,0,,0
12300,5,2,OUT,SALE,2,2025-11-11,0,,0
12301,5,2,OUT,SALE,1,2025-11-12,0,,0
12302,5,2,OUT,SALE,2,2025-11-13,0,,0
12303,5,2,OUT,SALE,2,2025-11-14,0,,0
12304,5,2,OUT,SALE,2,2025-11-15,0,,0
12305,5,2,OUT,SALE,2,2025-11-16,0,,0
12306,5,2,OUT,SALE,2,2025-11-17,0,,0
12307,5,2,OUT,SALE,2,2025-11-18,0,,0
12308,5,2,OUT,SALE,1,2025-11-19,0,,0
12309,5,2,OUT,SALE,1,2025-11-20,0,,0
12310,5,2,OUT,SALE,2,2025-11-21,0,,0
12311,5,2,OUT,SALE,2,2025-11-22,0,,0
12312,5,2,OUT,SALE,2,2025-11-23,0,,0
12313,5,2,OUT,SALE,2,2025-11-24,0,,0
12314,5,2,OUT,SALE,2,2025-11-25,0,,0
12315,5,2,OUT,SALE,2,2025-11-26,0,,0
12316,5,2,OUT,SALE,2,2025-11-27,0,,0
12317,5,2,OUT,SALE,3,2025-11-28,0,,0
12318,5,2,OUT,SALE,5,2025-11-29,0,,0
12319,5,2,OUT,SALE,5,2025-11-30,0,,0
12320,5,2,OUT,SALE,1,2025-12-02,0,,0
12321,5,2,OUT,SALE,1,2025-12-03,0,,0
12322,5,2,OUT,SALE,1,2025-12-04,0,,0
12323,5,2,OUT,SALE,1,2025-12-05,0,,0
12324,5,2,OUT,SALE,1,2025-12-06,0,,0
12325,5,2,OUT,SALE,1,2025-12-07,0,,0
12326,5,2,OUT,SALE,1,2025-12-08,0,,0
12327,5,2,OUT,SALE,1,2025-12-09,0,,0
12328,5,2,OUT,SALE,1,2025-12-10,0,,0
12329,5,2,OUT,SALE,1,2025-12-11,0,,0
12330,5,2,OUT,SALE,1,2025-12-12,0,,0
12331,5,2,OUT,SALE,1,2025-12-13,0,,0
12332,5,2,OUT,SALE,1,2025-12-14,0,,0
12333,5,2,OUT,SALE,1,2025-12-15,0,,0
12334,5,2,OUT,SALE,1,2025-12-16,0,,0
12335,5,2,OUT,SALE,1,2025-12-17,0,,0
12336,5,2,OUT,SALE,1,2025-12-18,0,,0
12337,5,2,OUT,SALE,1,2025-12-19,0,,0
12338,5,2,OUT,SALE,1,2025-12-20,0,,0
12339,5,2,OUT,SALE,1,2025-12-21,0,,0
12340,5,2,OUT,SALE,1,2025-12-22,0,,0
12341,5,2,OUT,SALE,1,2025-12-23,0,,0
12342,5,2,OUT,SALE,1,2025-12-24,0,,0
12343,5,2,OUT,SALE,1,2025-12-25,0,,0
12344,5,2,OUT,SALE,1,2025-12-26,0,,0
12345,5,2,OUT,SALE,1,2025-12-27,0,,0
12346,5,2,OUT,SALE,1,2025-12-28,0,,0
12347,5,2,OUT,SALE,1,2025-12-29,0,,0
12348,5,2,OUT,SALE,1,2025-12-30,0,,0
12349,5,2,OUT,SALE,1,2025-12-31,0,,0
12350,5,3,OUT,SALE,9,2025-01-01,0,,0
12351,5,3,OUT,SALE,11,2025-01-02,0,,0
12352,5,3,OUT,SALE,8,2025-01-03,0,,0
12353,5,3,OUT,SALE,8,2025-01-04,0,,0
12354,5,3,OUT,SALE,10,2025-01-05,0,,0
12355,5,3,OUT,SALE,10,2025-01-06,0,,0
12356,5,3,OUT,SALE,10,2025-01-07,0,,0
12357,5,3,OUT,SALE,7,2025-01-08,0,,0
12358,5,3,OUT,SALE,8,2025-01-09,0,,0
12359,5,3,OUT,SALE,7,2025-01-10,0,,0
12360,5,3,OUT,SALE,10,2025-01-11,0,,0
12361,5,3,OUT,SALE,11,2025-01-12,0,,0
12362,5,3,OUT,SALE,8,2025-01-13,0,,0
12363,5,3,OUT,SALE,7,2025-01-14,0,,0
12364,5,3,OUT,SALE,8,2025-01-15,0,,0
12365,5,3,OUT,SALE,8,2025-01-16,0,,0
12366,5,3,OUT,SALE,8,2025-01-17,0,,0
12367,5,3,OUT,SALE,9,2025-01-18,0,,0
12368,5,3,OUT,SALE,9,2025-01-19,0,,0
12369,5,3,OUT,SALE,9,2025-01-20,0,,0
12370,5,3,OUT,SALE,9,2025-01-21,0,,0
12371,5,3,OUT,SALE,7,2025-01-22,0,,0
12372,5,3,OUT,SALE,7,2025-01-23,0,,0
12373,5,3,OUT,SALE,8,2025-01-24,0,,0
12374,5,3,OUT,SALE,18,2025-01-25,0,,0
12375,5,3,OUT,SALE,17,2025-01-26,0,,0
12376,5,3,OUT,SALE,13,2025-01-27,0,,0
12377,5,3,OUT,SALE,15,2025-01-28,0,,0
12378,5,3,OUT,SALE,8,2025-01-29,0,,0
12379,5,3,OUT,SALE,9,2025-01-30,0,,0
12380,5,3,OUT,SALE,8,2025-01-31,0,,0
12381,5,3,OUT,SALE,6,2025-02-01,0,,0
12382,5,3,OUT,SALE,6,2025-02-02,0,,0
12383,5,3,OUT,SALE,6,2025-02-03,0,,0
12384,5,3,OUT,SALE,5,2025-02-04,0,,0
12385,5,3,OUT,SALE,5,2025-02-05,0,,0
12386,5,3,OUT,SALE,5,2025-02-06,0,,0
12387,5,3,OUT,SALE,5,2025-02-07,0,,0
12388,5,3,OUT,SALE,5,2025-02-08,0,,0
12389,5,3,OUT,SALE,6,2025-02-09,0,,0
12390,5,3,OUT,SALE,6,2025-02-10,0,,0
12391,5,3,OUT,SALE,5,2025-02-11,0,,0
12392,5,3,OUT,SALE,4,2025-02-12,0,,0
12393,5,3,OUT,SALE,4,2025-02-13,0,,0
12394,5,3,OUT,SALE,4,2025-02-14,0,,0
12395,5,3,OUT,SALE,6,2025-02-15,0,,0
12396,5,3,OUT,SALE,5,2025-02-16,0,,0
12397,5,3,OUT,SALE,5,2025-02-17,0,,0
12398,5,3,OUT,SALE,6,2025-02-18,0,,0
12399,5,3,OUT,SALE,5,2025-02-19,0,,0
12400,5,3,OUT,SALE,5,2025-02-20,0,,0
12401,5,3,OUT,SALE,5,2025-02-21,0,,0
12402,5,3,OUT,SALE,6,2025-02-22,0,,0
12403,5,3,OUT,SALE,6,2025-02-23,0,,0
12404,5,3,OUT,SALE,5,2025-02-24,0,,0
12405,5,3,OUT,SALE,7,2025-02-25,0,,0
12406,5,3,OUT,SALE,6,2025-02-26,0,,0
12407,5,3,OUT,SALE,7,2025-02-27,0,,0
12408,5,3,OUT,SALE,5,2025-02-28,0,,0
12409,5,3,OUT,SALE,9,2025-03-01,0,,0
12410,5,3,OUT,SALE,8,2025-03-02,0,,0
12411,5,3,OUT,SALE,7,2025-03-03,0,,0
12412,5,3,OUT,SALE,10,2025-03-04,0,,0
12413,5,3,OUT,SALE,7,2025-03-05,0,,0
12414,5,3,OUT,SALE,10,2025-03-06,0,,0
12415,5,3,OUT,SALE,7,2025-03-07,0,,0
12416,5,3,OUT,SALE,8,2025-03-08,0,,0
12417,5,3,OUT,SALE,9,2025-03-09,0,,0
12418,5,3,OUT,SALE,8,2025-03-10,0,,0
12419,5,3,OUT,SALE,9,2025-03-11,0,,0
12420,5,3,OUT,SALE,8,2025-03-12,0,,0
12421,5,3,OUT,SALE,8,2025-03-13,0,,0
12422,5,3,OUT,SALE,8,2025-03-14,0,,0
12423,5,3,OUT,SALE,9,2025-03-15,0,,0
12424,5,3,OUT,SALE,8,2025-03-16,0,,0
12425,5,3,OUT,SALE,7,2025-03-17,0,,0
12426,5,3,OUT,SALE,9,2025-03-18,0,,0
12427,5,3,OUT,SALE,6,2025-03-19,0,,0
12428,5,3,OUT,SALE,9,2025-03-20,0,,0
12429,5,3,OUT,SALE,8,2025-03-21,0,,0
12430,5,3,OUT,SALE,8,2025-03-22,0,,0
12431,5,3,OUT,SALE,10,2025-03-23,0,,0
12432,5,3,OUT,SALE,9,2025-03-24,0,,0
12433,5,3,OUT,SALE,9,2025-03-25,0,,0
12434,5,3,OUT,DAMAGE,35,2025-03-26,1,OFF_HOURS_BULK,0
12435,5,3,OUT,SALE,9,2025-03-27,0,,0
12436,5,3,OUT,SALE,6,2025-03-28,0,,0
12437,5,3,OUT,SALE,9,2025-03-29,0,,0
12438,5,3,OUT,DAMAGE,57,2025-03-30,1,THEFT_SPIKE,0
12439,5,3,OUT,SALE,9,2025-03-31,0,,0
12440,5,3,OUT,SALE,15,2025-04-01,0,,0
12441,5,3,OUT,SALE,17,2025-04-02,0,,0
12442,5,3,OUT,SALE,17,2025-04-03,0,,0
12443,5,3,OUT,SALE,14,2025-04-04,0,,0
12444,5,3,OUT,SALE,17,2025-04-05,0,,0
12445,5,3,OUT,SALE,21,2025-04-06,0,,0
12446,5,3,OUT,SALE,14,2025-04-07,0,,0
12447,5,3,OUT,SALE,16,2025-04-08,0,,0
12448,5,3,OUT,SALE,14,2025-04-09,0,,0
12449,5,3,OUT,SALE,15,2025-04-10,0,,0
12450,5,3,OUT,SALE,15,2025-04-11,0,,0
12451,5,3,OUT,SALE,16,2025-04-12,0,,0
12452,5,3,OUT,SALE,16,2025-04-13,0,,0
12453,5,3,OUT,SALE,16,2025-04-14,0,,0
12454,5,3,OUT,SALE,14,2025-04-15,0,,0
12455,5,3,OUT,SALE,14,2025-04-16,0,,0
12456,5,3,OUT,SALE,14,2025-04-17,0,,0
12457,5,3,OUT,SALE,15,2025-04-18,0,,0
12458,5,3,OUT,SALE,20,2025-04-19,0,,0
12459,5,3,OUT,SALE,21,2025-04-20,0,,0
12460,5,3,OUT,SALE,14,2025-04-21,0,,0
12461,5,3,OUT,SALE,20,2025-04-22,0,,0
12462,5,3,OUT,SALE,14,2025-04-23,0,,0
12463,5,3,OUT,SALE,18,2025-04-24,0,,0
12464,5,3,OUT,SALE,14,2025-04-25,0,,0
12465,5,3,OUT,SALE,16,2025-04-26,0,,0
12466,5,3,OUT,SALE,16,2025-04-27,0,,0
12467,5,3,OUT,SALE,15,2025-04-28,0,,0
12468,5,3,OUT,SALE,17,2025-04-29,0,,0
12469,5,3,OUT,SALE,17,2025-04-30,0,,0
12470,5,3,OUT,SALE,23,2025-05-01,0,,0
12471,5,3,OUT,SALE,23,2025-05-02,0,,0
12472,5,3,OUT,SALE,26,2025-05-03,0,,0
12473,5,3,OUT,SALE,29,2025-05-04,0,,0
12474,5,3,OUT,SALE,25,2025-05-05,0,,0
12475,5,3,OUT,SALE,23,2025-05-06,0,,0
12476,5,3,OUT,SALE,27,2025-05-07,0,,0
12477,5,3,OUT,SALE,33,2025-05-08,0,,0
12478,5,3,OUT,SALE,24,2025-05-09,0,,0
12479,5,3,OUT,SALE,28,2025-05-10,0,,0
12480,5,3,OUT,SALE,32,2025-05-11,0,,0
12481,5,3,OUT,SALE,24,2025-05-12,0,,0
12482,5,3,OUT,SALE,28,2025-05-13,0,,0
12483,5,3,OUT,SALE,24,2025-05-14,0,,0
12484,5,3,OUT,SALE,32,2025-05-15,0,,0
12485,5,3,OUT,SALE,27,2025-05-16,0,,0
12486,5,3,OUT,SALE,28,2025-05-17,0,,0
12487,5,3,OUT,SALE,28,2025-05-18,0,,0
12488,5,3,OUT,SALE,24,2025-05-19,0,,0
12489,5,3,OUT,SALE,30,2025-05-20,0,,0
12490,5,3,OUT,SALE,22,2025-05-21,0,,0
12491,5,3,OUT,SALE,24,2025-05-22,0,,0
12492,5,3,OUT,SALE,24,2025-05-23,0,,0
12493,5,3,OUT,SALE,30,2025-05-24,0,,0
12494,5,3,OUT,SALE,29,2025-05-25,0,,0
12495,5,3,OUT,SALE,21,2025-05-26,0,,0
12496,5,3,OUT,SALE,25,2025-05-27,0,,0
12497,5,3,OUT,SALE,26,2025-05-28,0,,0
12498,5,3,OUT,SALE,24,2025-05-29,0,,0
12499,5,3,OUT,SALE,28,2025-05-30,0,,0
12500,5,3,OUT,SALE,33,2025-05-31,0,,0
12501,5,3,OUT,SALE,41,2025-06-01,0,,0
12502,5,3,OUT,SALE,37,2025-06-02,0,,0
12503,5,3,OUT,SALE,27,2025-06-03,0,,0
12504,5,3,OUT,SALE,34,2025-06-04,0,,0
12505,5,3,OUT,SALE,41,2025-06-05,0,,0
12506,5,3,OUT,SALE,34,2025-06-06,0,,0
12507,5,3,OUT,SALE,38,2025-06-07,0,,0
12508,5,3,OUT,SALE,53,2025-06-08,0,,0
12509,5,3,OUT,SALE,44,2025-06-09,0,,0
12510,5,3,OUT,SALE,38,2025-06-10,0,,0
12511,5,3,OUT,SALE,41,2025-06-11,0,,0
12512,5,3,OUT,SALE,27,2025-06-12,0,,0
12513,5,3,OUT,SALE,33,2025-06-13,0,,0
12514,5,3,OUT,SALE,39,2025-06-14,0,,0
12515,5,3,OUT,SALE,40,2025-06-15,0,,0
12516,5,3,OUT,SALE,34,2025-06-16,0,,0
12517,5,3,OUT,SALE,25,2025-06-17,0,,0
12518,5,3,OUT,SALE,38,2025-06-18,0,,0
12519,5,3,OUT,SALE,39,2025-06-19,0,,0
12520,5,3,OUT,SALE,43,2025-06-20,0,,0
12521,5,3,OUT,SALE,38,2025-06-21,0,,0
12522,5,3,OUT,SALE,37,2025-06-22,0,,0
12523,5,3,OUT,SALE,25,2025-06-23,0,,0
12524,5,3,OUT,SALE,35,2025-06-24,0,,0
12525,5,3,OUT,SALE,40,2025-06-25,0,,0
12526,5,3,OUT,SALE,34,2025-06-26,0,,0
12527,5,3,OUT,SALE,45,2025-06-27,0,,0
12528,5,3,OUT,SALE,40,2025-06-28,0,,0
12529,5,3,OUT,SALE,42,2025-06-29,0,,0
12530,5,3,OUT,SALE,30,2025-06-30,0,,0
12531,5,3,OUT,SALE,45,2025-07-01,0,,0
12532,5,3,OUT,SALE,33,2025-07-02,0,,0
12533,5,3,OUT,SALE,47,2025-07-03,0,,0
12534,5,3,OUT,SALE,48,2025-07-04,0,,0
12535,5,3,OUT,SALE,59,2025-07-05,0,,0
12536,5,3,OUT,SALE,44,2025-07-06,0,,0
12537,5,3,OUT,SALE,45,2025-07-07,0,,0
12538,5,3,OUT,SALE,47,2025-07-08,0,,0
12539,5,3,OUT,SALE,46,2025-07-09,0,,0
12540,5,3,OUT,SALE,39,2025-07-10,0,,0
12541,5,3,OUT,SALE,31,2025-07-11,0,,0
12542,5,3,OUT,SALE,52,2025-07-12,0,,0
12543,5,3,OUT,SALE,49,2025-07-13,0,,0
12544,5,3,OUT,SALE,41,2025-07-14,0,,0
12545,5,3,OUT,SALE,48,2025-07-15,0,,0
12546,5,3,OUT,SALE,44,2025-07-16,0,,0
12547,5,3,OUT,SALE,37,2025-07-17,0,,0
12548,5,3,OUT,SALE,34,2025-07-18,0,,0
12549,5,3,OUT,SALE,43,2025-07-19,0,,0
12550,5,3,OUT,SALE,142,2025-07-20,0,,1
12551,5,3,OUT,SALE,105,2025-07-21,0,,1
12552,5,3,OUT,SALE,98,2025-07-22,0,,0
12553,5,3,OUT,SALE,94,2025-07-23,0,,0
12554,5,3,OUT,DAMAGE,249,2025-07-24,1,REPEATED_LOSS,1
12555,5,3,OUT,SALE,110,2025-07-25,0,,1
12556,5,3,OUT,SALE,47,2025-07-26,0,,0
12557,5,3,OUT,SALE,54,2025-07-27,0,,0
12558,5,3,OUT,SALE,42,2025-07-28,0,,0
12559,5,3,OUT,SALE,54,2025-07-29,0,,0
12560,5,3,OUT,SALE,48,2025-07-30,0,,0
12561,5,3,OUT,SALE,50,2025-07-31,0,,0
12562,5,3,OUT,SALE,43,2025-08-01,0,,0
12563,5,3,OUT,SALE,60,2025-08-02,0,,0
12564,5,3,OUT,SALE,51,2025-08-03,0,,0
12565,5,3,OUT,SALE,47,2025-08-04,0,,0
12566,5,3,OUT,SALE,56,2025-08-05,0,,0
12567,5,3,OUT,SALE,41,2025-08-06,0,,0
12568,5,3,OUT,SALE,48,2025-08-07,0,,0
12569,5,3,OUT,SALE,49,2025-08-08,0,,0
12570,5,3,OUT,SALE,57,2025-08-09,0,,0
12571,5,3,OUT,SALE,51,2025-08-10,0,,0
12572,5,3,OUT,SALE,58,2025-08-11,0,,0
12573,5,3,OUT,SALE,39,2025-08-12,0,,0
12574,5,3,OUT,SALE,55,2025-08-13,0,,0
12575,5,3,OUT,SALE,53,2025-08-14,0,,0
12576,5,3,OUT,SALE,57,2025-08-15,0,,0
12577,5,3,OUT,SALE,43,2025-08-16,0,,0
12578,5,3,OUT,SALE,48,2025-08-17,0,,0
12579,5,3,OUT,SALE,55,2025-08-18,0,,0
12580,5,3,OUT,SALE,36,2025-08-19,0,,0
12581,5,3,OUT,SALE,38,2025-08-20,0,,0
12582,5,3,OUT,SALE,44,2025-08-21,0,,0
12583,5,3,OUT,SALE,48,2025-08-22,0,,0
12584,5,3,OUT,SALE,64,2025-08-23,0,,0
12585,5,3,OUT,SALE,52,2025-08-24,0,,0
12586,5,3,OUT,SALE,43,2025-08-25,0,,0
12587,5,3,OUT,SALE,48,2025-08-26,0,,0
12588,5,3,OUT,SALE,49,2025-08-27,0,,0
12589,5,3,OUT,SALE,49,2025-08-28,0,,0
12590,5,3,OUT,SALE,46,2025-08-29,0,,0
12591,5,3,OUT,SALE,41,2025-08-30,0,,0
12592,5,3,OUT,SALE,48,2025-08-31,0,,0
12593,5,3,OUT,SALE,51,2025-09-01,0,,0
12594,5,3,OUT,SALE,45,2025-09-02,0,,0
12595,5,3,OUT,SALE,42,2025-09-03,0,,0
12596,5,3,OUT,SALE,50,2025-09-04,0,,0
12597,5,3,OUT,SALE,38,2025-09-05,0,,0
12598,5,3,OUT,SALE,49,2025-09-06,0,,0
12599,5,3,OUT,SALE,51,2025-09-07,0,,0
12600,5,3,OUT,SALE,41,2025-09-08,0,,0
12601,5,3,OUT,SALE,44,2025-09-09,0,,0
12602,5,3,OUT,SALE,43,2025-09-10,0,,0
12603,5,3,OUT,SALE,36,2025-09-11,0,,0
12604,5,3,OUT,SALE,45,2025-09-12,0,,0
12605,5,3,OUT,SALE,42,2025-09-13,0,,0
12606,5,3,OUT,SALE,51,2025-09-14,0,,0
12607,5,3,OUT,SALE,51,2025-09-15,0,,0
12608,5,3,OUT,SALE,42,2025-09-16,0,,0
12609,5,3,OUT,SALE,38,2025-09-17,0,,0
12610,5,3,OUT,SALE,43,2025-09-18,0,,0
12611,5,3,OUT,SALE,39,2025-09-19,0,,0
12612,5,3,OUT,SALE,54,2025-09-20,0,,0
12613,5,3,OUT,SALE,49,2025-09-21,0,,0
12614,5,3,OUT,SALE,53,2025-09-22,0,,0
12615,5,3,OUT,SALE,50,2025-09-23,0,,0
12616,5,3,OUT,SALE,43,2025-09-24,0,,0
12617,5,3,OUT,SALE,47,2025-09-25,0,,0
12618,5,3,OUT,SALE,42,2025-09-26,0,,0
12619,5,3,OUT,SALE,51,2025-09-27,0,,0
12620,5,3,OUT,SALE,48,2025-09-28,0,,0
12621,5,3,OUT,SALE,48,2025-09-29,0,,0
12622,5,3,OUT,SALE,97,2025-09-30,0,,0
12623,5,3,OUT,SALE,75,2025-10-01,0,,0
12624,5,3,OUT,SALE,76,2025-10-02,0,,0
12625,5,3,OUT,SALE,76,2025-10-03,0,,0
12626,5,3,OUT,SALE,44,2025-10-04,0,,0
12627,5,3,OUT,SALE,36,2025-10-05,0,,0
12628,5,3,OUT,SALE,44,2025-10-06,0,,0
12629,5,3,OUT,SALE,44,2025-10-07,0,,0
12630,5,3,OUT,SALE,35,2025-10-08,0,,0
12631,5,3,OUT,SALE,35,2025-10-09,0,,0
12632,5,3,OUT,SALE,39,2025-10-10,0,,0
12633,5,3,OUT,SALE,44,2025-10-11,0,,0
12634,5,3,OUT,SALE,41,2025-10-12,0,,0
12635,5,3,OUT,SALE,31,2025-10-13,0,,0
12636,5,3,OUT,SALE,38,2025-10-14,0,,0
12637,5,3,OUT,SALE,39,2025-10-15,0,,0
12638,5,3,OUT,DAMAGE,87,2025-10-16,1,REPEATED_LOSS,0
12639,5,3,OUT,SALE,38,2025-10-17,0,,0
12640,5,3,OUT,SALE,40,2025-10-18,0,,0
12641,5,3,OUT,SALE,47,2025-10-19,0,,0
12642,5,3,OUT,SALE,36,2025-10-20,0,,0
12643,5,3,OUT,SALE,34,2025-10-21,0,,0
12644,5,3,OUT,SALE,35,2025-10-22,0,,0
12645,5,3,OUT,SALE,29,2025-10-23,0,,0
12646,5,3,OUT,SALE,35,2025-10-24,0,,0
12647,5,3,OUT,SALE,45,2025-10-25,0,,0
12648,5,3,OUT,SALE,43,2025-10-26,0,,0
12649,5,3,OUT,SALE,43,2025-10-27,0,,0
12650,5,3,OUT,SALE,35,2025-10-28,0,,0
12651,5,3,OUT,SALE,38,2025-10-29,0,,0
12652,5,3,OUT,SALE,40,2025-10-30,0,,0
12653,5,3,OUT,SALE,46,2025-10-31,0,,0
12654,5,3,OUT,SALE,30,2025-11-01,0,,0
12655,5,3,OUT,SALE,26,2025-11-02,0,,0
12656,5,3,OUT,SALE,28,2025-11-03,0,,0
12657,5,3,OUT,SALE,32,2025-11-04,0,,0
12658,5,3,OUT,SALE,25,2025-11-05,0,,0
12659,5,3,OUT,SALE,28,2025-11-06,0,,0
12660,5,3,OUT,SALE,30,2025-11-07,0,,0
12661,5,3,OUT,SALE,33,2025-11-08,0,,0
12662,5,3,OUT,SALE,30,2025-11-09,0,,0
12663,5,3,OUT,SALE,24,2025-11-10,0,,0
12664,5,3,OUT,SALE,26,2025-11-11,0,,0
12665,5,3,OUT,SALE,27,2025-11-12,0,,0
12666,5,3,OUT,SALE,29,2025-11-13,0,,0
12667,5,3,OUT,SALE,27,2025-11-14,0,,0
12668,5,3,OUT,SALE,28,2025-11-15,0,,0
12669,5,3,OUT,SALE,32,2025-11-16,0,,0
12670,5,3,OUT,SALE,29,2025-11-17,0,,0
12671,5,3,OUT,SALE,27,2025-11-18,0,,0
12672,5,3,OUT,SALE,23,2025-11-19,0,,0
12673,5,3,OUT,SALE,25,2025-11-20,0,,0
12674,5,3,OUT,SALE,29,2025-11-21,0,,0
12675,5,3,OUT,SALE,25,2025-11-22,0,,0
12676,5,3,OUT,SALE,22,2025-11-23,0,,0
12677,5,3,OUT,SALE,31,2025-11-24,0,,0
12678,5,3,OUT,SALE,27,2025-11-25,0,,0
12679,5,3,OUT,SALE,28,2025-11-26,0,,0
12680,5,3,OUT,SALE,23,2025-11-27,0,,0
12681,5,3,OUT,SALE,70,2025-11-28,0,,0
12682,5,3,OUT,SALE,77,2025-11-29,0,,0
12683,5,3,OUT,SALE,60,2025-11-30,0,,0
12684,5,3,OUT,SALE,18,2025-12-01,0,,0
12685,5,3,OUT,SALE,16,2025-12-02,0,,0
12686,5,3,OUT,SALE,15,2025-12-03,0,,0
12687,5,3,OUT,SALE,15,2025-12-04,0,,0
12688,5,3,OUT,SALE,12,2025-12-05,0,,0
12689,5,3,OUT,SALE,19,2025-12-06,0,,0
12690,5,3,OUT,SALE,18,2025-12-07,0,,0
12691,5,3,OUT,SALE,15,2025-12-08,0,,0
12692,5,3,OUT,SALE,18,2025-12-09,0,,0
12693,5,3,OUT,SALE,13,2025-12-10,0,,0
12694,5,3,OUT,SALE,14,2025-12-11,0,,0
12695,5,3,OUT,SALE,14,2025-12-12,0,,0
12696,5,3,OUT,SALE,17,2025-12-13,0,,0
12697,5,3,OUT,SALE,18,2025-12-14,0,,0
12698,5,3,OUT,SALE,16,2025-12-15,0,,0
12699,5,3,OUT,SALE,15,2025-12-16,0,,0
12700,5,3,OUT,SALE,14,2025-12-17,0,,0
12701,5,3,OUT,SALE,19,2025-12-18,0,,0
12702,5,3,OUT,SALE,20,2025-12-19,0,,0
12703,5,3,OUT,SALE,18,2025-12-20,0,,0
12704,5,3,OUT,SALE,16,2025-12-21,0,,0
12705,5,3,OUT,SALE,18,2025-12-22,0,,0
12706,5,3,OUT,SALE,13,2025-12-23,0,,0
12707,5,3,OUT,SALE,25,2025-12-24,0,,0
12708,5,3,OUT,SALE,24,2025-12-25,0,,0
12709,5,3,OUT,SALE,23,2025-12-26,0,,0
12710,5,3,OUT,SALE,17,2025-12-27,0,,0
12711,5,3,OUT,SALE,16,2025-12-28,0,,0
12712,5,3,OUT,SALE,16,2025-12-29,0,,0
12713,5,3,OUT,SALE,16,2025-12-30,0,,0
12714,5,3,OUT,SALE,14,2025-12-31,0,,0
12715,5,4,OUT,SALE,1,2025-01-01,0,,0
12716,5,4,OUT,SALE,2,2025-01-02,0,,0
12717,5,4,OUT,SALE,2,2025-01-03,0,,0
12718,5,4,OUT,SALE,2,2025-01-04,0,,0
12719,5,4,OUT,SALE,2,2025-01-05,0,,0
12720,5,4,OUT,SALE,2,2025-01-06,0,,0
12721,5,4,OUT,SALE,2,2025-01-07,0,,0
12722,5,4,OUT,SALE,2,2025-01-08,0,,0
12723,5,4,OUT,SALE,1,2025-01-09,0,,0
12724,5,4,OUT,SALE,1,2025-01-10,0,,0
12725,5,4,OUT,SALE,2,2025-01-11,0,,0
12726,5,4,OUT,SALE,2,2025-01-12,0,,0
12727,5,4,OUT,SALE,1,2025-01-13,0,,0
12728,5,4,OUT,SALE,2,2025-01-14,0,,0
12729,5,4,OUT,SALE,2,2025-01-15,0,,0
12730,5,4,OUT,SALE,1,2025-01-16,0,,0
12731,5,4,OUT,SALE,2,2025-01-17,0,,0
12732,5,4,OUT,SALE,2,2025-01-18,0,,0
12733,5,4,OUT,SALE,2,2025-01-19,0,,0
12734,5,4,OUT,SALE,9999,2025-01-20,1,DATA_ERROR,1
12735,5,4,OUT,SALE,1,2025-01-21,0,,0
12736,5,4,OUT,SALE,1,2025-01-22,0,,0
12737,5,4,OUT,SALE,1,2025-01-23,0,,0
12738,5,4,OUT,SALE,2,2025-01-24,0,,0
12739,5,4,OUT,SALE,3,2025-01-25,0,,0
12740,5,4,OUT,SALE,3,2025-01-26,0,,0
12741,5,4,OUT,SALE,2,2025-01-27,0,,0
12742,5,4,OUT,SALE,3,2025-01-28,0,,0
12743,5,4,OUT,SALE,2,2025-01-29,0,,0
12744,5,4,OUT,SALE,2,2025-01-30,0,,0
12745,5,4,OUT,SALE,2,2025-01-31,0,,0
12746,5,4,OUT,SALE,2,2025-02-01,0,,0
12747,5,4,OUT,SALE,1,2025-02-02,0,,0
12748,5,4,OUT,SALE,1,2025-02-03,0,,0
12749,5,4,OUT,SALE,1,2025-02-04,0,,0
12750,5,4,OUT,SALE,1,2025-02-05,0,,0
12751,5,4,OUT,SALE,2,2025-02-06,0,,0
12752,5,4,OUT,SALE,1,2025-02-07,0,,0
12753,5,4,OUT,SALE,2,2025-02-08,0,,0
12754,5,4,OUT,SALE,2,2025-02-09,0,,0
12755,5,4,OUT,SALE,2,2025-02-10,0,,0
12756,5,4,OUT,SALE,2,2025-02-11,0,,0
12757,5,4,OUT,SALE,1,2025-02-12,0,,0
12758,5,4,OUT,SALE,2,2025-02-13,0,,0
12759,5,4,OUT,SALE,1,2025-02-14,0,,0
12760,5,4,OUT,SALE,2,2025-02-15,0,,0
12761,5,4,OUT,SALE,2,2025-02-16,0,,0
12762,5,4,OUT,SALE,1,2025-02-17,0,,0
12763,5,4,OUT,SALE,2,2025-02-18,0,,0
12764,5,4,OUT,SALE,1,2025-02-19,0,,0
12765,5,4,OUT,SALE,1,2025-02-20,0,,0
12766,5,4,OUT,SALE,1,2025-02-21,0,,0
12767,5,4,OUT,SALE,1,2025-02-22,0,,0
12768,5,4,OUT,SALE,2,2025-02-23,0,,0
12769,5,4,OUT,SALE,1,2025-02-24,0,,0
12770,5,4,OUT,SALE,1,2025-02-25,0,,0
12771,5,4,OUT,SALE,2,2025-02-26,0,,0
12772,5,4,OUT,SALE,0,2025-02-27,1,DATA_ERROR,0
12773,5,4,OUT,SALE,1,2025-02-28,0,,0
12774,5,4,OUT,SALE,1,2025-03-01,0,,0
12775,5,4,OUT,SALE,2,2025-03-02,0,,0
12776,5,4,OUT,SALE,1,2025-03-03,0,,0
12777,5,4,OUT,SALE,1,2025-03-04,0,,0
12778,5,4,OUT,SALE,1,2025-03-05,0,,0
12779,5,4,OUT,SALE,1,2025-03-06,0,,0
12780,5,4,OUT,SALE,1,2025-03-07,0,,0
12781,5,4,OUT,SALE,1,2025-03-08,0,,0
12782,5,4,OUT,SALE,1,2025-03-09,0,,0
12783,5,4,OUT,SALE,1,2025-03-10,0,,0
12784,5,4,OUT,SALE,1,2025-03-11,0,,0
12785,5,4,OUT,SALE,1,2025-03-12,0,,0
12786,5,4,OUT,SALE,1,2025-03-13,0,,0
12787,5,4,OUT,SALE,1,2025-03-14,0,,0
12788,5,4,OUT,SALE,1,2025-03-15,0,,0
12789,5,4,OUT,SALE,1,2025-03-16,0,,0
12790,5,4,OUT,SALE,1,2025-03-17,0,,0
12791,5,4,OUT,SALE,1,2025-03-18,0,,0
12792,5,4,OUT,SALE,9999,2025-03-19,1,DATA_ERROR,1
12793,5,4,OUT,SALE,1,2025-03-20,0,,0
12794,5,4,OUT,SALE,1,2025-03-21,0,,0
12795,5,4,OUT,SALE,1,2025-03-22,0,,0
12796,5,4,OUT,SALE,1,2025-03-23,0,,0
12797,5,4,OUT,SALE,1,2025-03-24,0,,0
12798,5,4,OUT,SALE,1,2025-03-25,0,,0
12799,5,4,OUT,SALE,1,2025-03-26,0,,0
12800,5,4,OUT,SALE,1,2025-03-27,0,,0
12801,5,4,OUT,SALE,1,2025-03-28,0,,0
12802,5,4,OUT,SALE,1,2025-03-29,0,,0
12803,5,4,OUT,SALE,1,2025-03-30,0,,0
12804,5,4,OUT,SALE,1,2025-03-31,0,,0
12805,5,4,OUT,SALE,1,2025-04-01,0,,0
12806,5,4,OUT,SALE,1,2025-04-02,0,,0
12807,5,4,OUT,SALE,1,2025-04-03,0,,0
12808,5,4,OUT,SALE,1,2025-04-04,0,,0
12809,5,4,OUT,SALE,1,2025-04-05,0,,0
12810,5,4,OUT,SALE,1,2025-04-06,0,,0
12811,5,4,OUT,SALE,1,2025-04-07,0,,0
12812,5,4,OUT,SALE,1,2025-04-08,0,,0
12813,5,4,OUT,SALE,1,2025-04-09,0,,0
12814,5,4,OUT,SALE,1,2025-04-10,0,,0
12815,5,4,OUT,SALE,1,2025-04-11,0,,0
12816,5,4,OUT,SALE,1,2025-04-12,0,,0
12817,5,4,OUT,SALE,1,2025-04-13,0,,0
12818,5,4,OUT,SALE,1,2025-04-14,0,,0
12819,5,4,OUT,SALE,1,2025-04-15,0,,0
12820,5,4,OUT,SALE,1,2025-04-16,0,,0
12821,5,4,OUT,SALE,9999,2025-04-17,1,DATA_ERROR,1
12822,5,4,OUT,SALE,1,2025-04-18,0,,0
12823,5,4,OUT,SALE,1,2025-04-19,0,,0
12824,5,4,OUT,SALE,1,2025-04-20,0,,0
12825,5,4,OUT,SALE,1,2025-04-21,0,,0
12826,5,4,OUT,SALE,1,2025-04-22,0,,0
12827,5,4,OUT,SALE,1,2025-04-23,0,,0
12828,5,4,OUT,SALE,1,2025-04-24,0,,0
12829,5,4,OUT,SALE,1,2025-04-25,0,,0
12830,5,4,OUT,SALE,1,2025-04-26,0,,0
12831,5,4,OUT,SALE,1,2025-04-27,0,,0
12832,5,4,OUT,SALE,1,2025-04-28,0,,0
12833,5,4,OUT,SALE,1,2025-04-29,0,,0
12834,5,4,OUT,SALE,1,2025-04-30,0,,0
12835,5,4,OUT,SALE,1,2025-05-04,0,,0
12836,5,4,OUT,SALE,1,2025-05-10,0,,0
12837,5,4,OUT,SALE,1,2025-05-11,0,,0
12838,5,4,OUT,SALE,1,2025-05-18,0,,0
12839,5,4,OUT,SALE,1,2025-05-25,0,,0
12840,5,4,OUT,SALE,1,2025-09-06,0,,0
12841,5,4,OUT,SALE,1,2025-09-13,0,,0
12842,5,4,OUT,SALE,1,2025-09-30,0,,0
12843,5,4,OUT,SALE,2,2025-10-01,0,,0
12844,5,4,OUT,SALE,2,2025-10-02,0,,0
12845,5,4,OUT,SALE,1,2025-10-03,0,,0
12846,5,4,OUT,SALE,1,2025-10-04,0,,0
12847,5,4,OUT,SALE,1,2025-10-05,0,,0
12848,5,4,OUT,SALE,1,2025-10-06,0,,0
12849,5,4,OUT,SALE,1,2025-10-07,0,,0
12850,5,4,OUT,SALE,1,2025-10-08,0,,0
12851,5,4,OUT,SALE,1,2025-10-09,0,,0
12852,5,4,OUT,SALE,1,2025-10-10,0,,0
12853,5,4,OUT,SALE,1,2025-10-11,0,,0
12854,5,4,OUT,SALE,1,2025-10-12,0,,0
12855,5,4,OUT,SALE,1,2025-10-13,0,,0
12856,5,4,OUT,SALE,1,2025-10-14,0,,0
12857,5,4,OUT,SALE,1,2025-10-15,0,,0
12858,5,4,OUT,SALE,1,2025-10-16,0,,0
12859,5,4,OUT,SALE,1,2025-10-17,0,,0
12860,5,4,OUT,SALE,1,2025-10-18,0,,0
12861,5,4,OUT,SALE,1,2025-10-19,0,,0
12862,5,4,OUT,SALE,1,2025-10-20,0,,0
12863,5,4,OUT,SALE,1,2025-10-21,0,,0
12864,5,4,OUT,SALE,1,2025-10-22,0,,0
12865,5,4,OUT,SALE,1,2025-10-23,0,,0
12866,5,4,OUT,SALE,1,2025-10-24,0,,0
12867,5,4,OUT,SALE,1,2025-10-25,0,,0
12868,5,4,OUT,SALE,1,2025-10-26,0,,0
12869,5,4,OUT,SALE,1,2025-10-27,0,,0
12870,5,4,OUT,SALE,1,2025-10-28,0,,0
12871,5,4,OUT,SALE,1,2025-10-29,0,,0
12872,5,4,OUT,SALE,1,2025-10-30,0,,0
12873,5,4,OUT,SALE,1,2025-10-31,0,,0
12874,5,4,OUT,SALE,1,2025-11-01,0,,0
12875,5,4,OUT,SALE,2,2025-11-02,0,,0
12876,5,4,OUT,SALE,1,2025-11-03,0,,0
12877,5,4,OUT,SALE,1,2025-11-04,0,,0
12878,5,4,OUT,SALE,1,2025-11-05,0,,0
12879,5,4,OUT,SALE,1,2025-11-06,0,,0
12880,5,4,OUT,SALE,1,2025-11-07,0,,0
12881,5,4,OUT,SALE,1,2025-11-08,0,,0
12882,5,4,OUT,SALE,1,2025-11-09,0,,0
12883,5,4,OUT,SALE,1,2025-11-10,0,,0
12884,5,4,OUT,SALE,1,2025-11-11,0,,0
12885,5,4,OUT,SALE,1,2025-11-12,0,,0
12886,5,4,OUT,SALE,1,2025-11-13,0,,0
12887,5,4,OUT,SALE,1,2025-11-14,0,,0
12888,5,4,OUT,SALE,1,2025-11-15,0,,0
12889,5,4,OUT,SALE,1,2025-11-16,0,,0
12890,5,4,OUT,SALE,1,2025-11-17,0,,0
12891,5,4,OUT,SALE,1,2025-11-18,0,,0
12892,5,4,OUT,SALE,1,2025-11-19,0,,0
12893,5,4,OUT,SALE,1,2025-11-20,0,,0
12894,5,4,OUT,SALE,1,2025-11-21,0,,0
12895,5,4,OUT,SALE,1,2025-11-22,0,,0
12896,5,4,OUT,SALE,1,2025-11-23,0,,0
12897,5,4,OUT,SALE,1,2025-11-24,0,,0
12898,5,4,OUT,SALE,1,2025-11-25,0,,0
12899,5,4,OUT,SALE,1,2025-11-26,0,,0
12900,5,4,OUT,SALE,1,2025-11-27,0,,0
12901,5,4,OUT,SALE,3,2025-11-28,0,,0
12902,5,4,OUT,SALE,3,2025-11-29,0,,0
12903,5,4,OUT,SALE,4,2025-11-30,0,,0
12904,5,4,OUT,SALE,2,2025-12-01,0,,0
12905,5,4,OUT,SALE,1,2025-12-02,0,,0
12906,5,4,OUT,SALE,2,2025-12-03,0,,0
12907,5,4,OUT,SALE,1,2025-12-04,0,,0
12908,5,4,OUT,SALE,2,2025-12-05,0,,0
12909,5,4,OUT,SALE,1,2025-12-06,0,,0
12910,5,4,OUT,SALE,1,2025-12-07,0,,0
12911,5,4,OUT,SALE,1,2025-12-08,0,,0
12912,5,4,OUT,SALE,1,2025-12-09,0,,0
12913,5,4,OUT,SALE,2,2025-12-10,0,,0
12914,5,4,OUT,SALE,1,2025-12-11,0,,0
12915,5,4,OUT,SALE,1,2025-12-12,0,,0
12916,5,4,OUT,SALE,2,2025-12-13,0,,0
12917,5,4,OUT,SALE,2,2025-12-14,0,,0
12918,5,4,OUT,SALE,2,2025-12-15,0,,0
12919,5,4,OUT,SALE,2,2025-12-16,0,,0
12920,5,4,OUT,SALE,1,2025-12-17,0,,0
12921,5,4,OUT,SALE,1,2025-12-18,0,,0
12922,5,4,OUT,SALE,2,2025-12-19,0,,0
12923,5,4,OUT,SALE,2,2025-12-20,0,,0
12924,5,4,OUT,SALE,2,2025-12-21,0,,0
12925,5,4,OUT,SALE,2,2025-12-22,0,,0
12926,5,4,OUT,SALE,1,2025-12-23,0,,0
12927,5,4,OUT,SALE,2,2025-12-24,0,,0
12928,5,4,OUT,SALE,3,2025-12-25,0,,0
12929,5,4,OUT,SALE,2,2025-12-26,0,,0
12930,5,4,OUT,SALE,2,2025-12-27,0,,0
12931,5,4,OUT,SALE,2,2025-12-28,0,,0
12932,5,4,OUT,SALE,1,2025-12-29,0,,0
12933,5,4,OUT,SALE,2,2025-12-30,0,,0
12934,5,4,OUT,SALE,1,2025-12-31,0,,0
12935,5,5,OUT,SALE,5,2025-01-01,0,,0
12936,5,5,OUT,SALE,6,2025-01-02,0,,0
12937,5,5,OUT,SALE,5,2025-01-03,0,,0
12938,5,5,OUT,DAMAGE,33,2025-01-04,1,THEFT_SPIKE,0
12939,5,5,OUT,SALE,6,2025-01-05,0,,0
12940,5,5,OUT,SALE,6,2025-01-06,0,,0
12941,5,5,OUT,SALE,6,2025-01-07,0,,0
12942,5,5,OUT,SALE,5,2025-01-08,0,,0
12943,5,5,OUT,SALE,6,2025-01-09,0,,0
12944,5,5,OUT,SALE,5,2025-01-10,0,,0
12945,5,5,OUT,SALE,6,2025-01-11,0,,0
12946,5,5,OUT,SALE,7,2025-01-12,0,,0
12947,5,5,OUT,SALE,5,2025-01-13,0,,0
12948,5,5,OUT,SALE,5,2025-01-14,0,,0
12949,5,5,OUT,SALE,5,2025-01-15,0,,0
12950,5,5,OUT,SALE,5,2025-01-16,0,,0
12951,5,5,OUT,SALE,6,2025-01-17,0,,0
12952,5,5,OUT,SALE,6,2025-01-18,0,,0
12953,5,5,OUT,SALE,5,2025-01-19,0,,0
12954,5,5,OUT,SALE,5,2025-01-20,0,,0
12955,5,5,OUT,SALE,5,2025-01-21,0,,0
12956,5,5,OUT,SALE,6,2025-01-22,0,,0
12957,5,5,OUT,SALE,4,2025-01-23,0,,0
12958,5,5,OUT,SALE,5,2025-01-24,0,,0
12959,5,5,OUT,SALE,11,2025-01-25,0,,0
12960,5,5,OUT,SALE,11,2025-01-26,0,,0
12961,5,5,OUT,SALE,10,2025-01-27,0,,0
12962,5,5,OUT,SALE,8,2025-01-28,0,,0
12963,5,5,OUT,SALE,6,2025-01-29,0,,0
12964,5,5,OUT,SALE,6,2025-01-30,0,,0
12965,5,5,OUT,SALE,6,2025-01-31,0,,0
12966,5,5,OUT,SALE,6,2025-02-01,0,,0
12967,5,5,OUT,SALE,6,2025-02-02,0,,0
12968,5,5,OUT,SALE,4,2025-02-03,0,,0
12969,5,5,OUT,SALE,5,2025-02-04,0,,0
12970,5,5,OUT,SALE,6,2025-02-05,0,,0
12971,5,5,OUT,SALE,6,2025-02-06,0,,0
12972,5,5,OUT,SALE,5,2025-02-07,0,,0
12973,5,5,OUT,SALE,4,2025-02-08,0,,0
12974,5,5,OUT,SALE,6,2025-02-09,0,,0
12975,5,5,OUT,SALE,5,2025-02-10,0,,0
12976,5,5,OUT,SALE,5,2025-02-11,0,,0
12977,5,5,OUT,SALE,5,2025-02-12,0,,0
12978,5,5,OUT,SALE,5,2025-02-13,0,,0
12979,5,5,OUT,SALE,6,2025-02-14,0,,0
12980,5,5,OUT,SALE,0,2025-02-15,1,DATA_ERROR,0
12981,5,5,OUT,SALE,4,2025-02-16,0,,0
12982,5,5,OUT,SALE,5,2025-02-17,0,,0
12983,5,5,OUT,SALE,6,2025-02-18,0,,0
12984,5,5,OUT,SALE,5,2025-02-19,0,,0
12985,5,5,OUT,SALE,5,2025-02-20,0,,0
12986,5,5,OUT,SALE,5,2025-02-21,0,,0
12987,5,5,OUT,SALE,6,2025-02-22,0,,0
12988,5,5,OUT,SALE,4,2025-02-23,0,,0
12989,5,5,OUT,SALE,5,2025-02-24,0,,0
12990,5,5,OUT,SALE,5,2025-02-25,0,,0
12991,5,5,OUT,SALE,6,2025-02-26,0,,0
12992,5,5,OUT,SALE,5,2025-02-27,0,,0
12993,5,5,OUT,DAMAGE,32,2025-02-28,1,THEFT_SPIKE,0
12994,5,5,OUT,SALE,5,2025-03-01,0,,0
12995,5,5,OUT,SALE,4,2025-03-02,0,,0
12996,5,5,OUT,SALE,9999,2025-03-03,1,DATA_ERROR,1
12997,5,5,OUT,SALE,4,2025-03-04,0,,0
12998,5,5,OUT,SALE,4,2025-03-05,0,,0
12999,5,5,OUT,SALE,5,2025-03-06,0,,0
13000,5,5,OUT,SALE,4,2025-03-07,0,,0
13001,5,5,OUT,SALE,5,2025-03-08,0,,0
13002,5,5,OUT,SALE,5,2025-03-09,0,,0
13003,5,5,OUT,SALE,4,2025-03-10,0,,0
13004,5,5,OUT,SALE,4,2025-03-11,0,,0
13005,5,5,OUT,SALE,3,2025-03-12,0,,0
13006,5,5,OUT,SALE,4,2025-03-13,0,,0
13007,5,5,OUT,SALE,3,2025-03-14,0,,0
13008,5,5,OUT,SALE,5,2025-03-15,0,,0
13009,5,5,OUT,SALE,5,2025-03-16,0,,0
13010,5,5,OUT,SALE,4,2025-03-17,0,,0
13011,5,5,OUT,SALE,3,2025-03-18,0,,0
13012,5,5,OUT,SALE,4,2025-03-19,0,,0
13013,5,5,OUT,SALE,4,2025-03-20,0,,0
13014,5,5,OUT,SALE,4,2025-03-21,0,,0
13015,5,5,OUT,SALE,4,2025-03-22,0,,0
13016,5,5,OUT,SALE,4,2025-03-23,0,,0
13017,5,5,OUT,SALE,4,2025-03-24,0,,0
13018,5,5,OUT,SALE,4,2025-03-25,0,,0
13019,5,5,OUT,SALE,4,2025-03-26,0,,0
13020,5,5,OUT,SALE,3,2025-03-27,0,,0
13021,5,5,OUT,DAMAGE,29,2025-03-28,1,OFF_HOURS_BULK,0
13022,5,5,OUT,SALE,6,2025-03-29,0,,0
13023,5,5,OUT,SALE,5,2025-03-30,0,,0
13024,5,5,OUT,SALE,4,2025-03-31,0,,0
13025,5,5,OUT,SALE,3,2025-04-01,0,,0
13026,5,5,OUT,SALE,2,2025-04-02,0,,0
13027,5,5,OUT,SALE,2,2025-04-03,0,,0
13028,5,5,OUT,SALE,3,2025-04-04,0,,0
13029,5,5,OUT,SALE,3,2025-04-05,0,,0
13030,5,5,OUT,SALE,3,2025-04-06,0,,0
13031,5,5,OUT,SALE,2,2025-04-07,0,,0
13032,5,5,OUT,SALE,3,2025-04-08,0,,0
13033,5,5,OUT,SALE,3,2025-04-09,0,,0
13034,5,5,OUT,SALE,3,2025-04-10,0,,0
13035,5,5,OUT,SALE,2,2025-04-11,0,,0
13036,5,5,OUT,SALE,3,2025-04-12,0,,0
13037,5,5,OUT,SALE,3,2025-04-13,0,,0
13038,5,5,OUT,SALE,3,2025-04-14,0,,0
13039,5,5,OUT,SALE,3,2025-04-15,0,,0
13040,5,5,OUT,SALE,3,2025-04-16,0,,0
13041,5,5,OUT,SALE,3,2025-04-17,0,,0
13042,5,5,OUT,SALE,3,2025-04-18,0,,0
13043,5,5,OUT,SALE,3,2025-04-19,0,,0
13044,5,5,OUT,SALE,3,2025-04-20,0,,0
13045,5,5,OUT,SALE,3,2025-04-21,0,,0
13046,5,5,OUT,SALE,3,2025-04-22,0,,0
13047,5,5,OUT,SALE,3,2025-04-23,0,,0
13048,5,5,OUT,SALE,3,2025-04-24,0,,0
13049,5,5,OUT,SALE,3,2025-04-25,0,,0
13050,5,5,OUT,SALE,3,2025-04-26,0,,0
13051,5,5,OUT,SALE,3,2025-04-27,0,,0
13052,5,5,OUT,SALE,3,2025-04-28,0,,0
13053,5,5,OUT,SALE,3,2025-04-29,0,,0
13054,5,5,OUT,SALE,3,2025-04-30,0,,0
13055,5,5,OUT,SALE,1,2025-05-01,0,,0
13056,5,5,OUT,SALE,1,2025-05-02,0,,0
13057,5,5,OUT,SALE,2,2025-05-03,0,,0
13058,5,5,OUT,SALE,2,2025-05-04,0,,0
13059,5,5,OUT,SALE,2,2025-05-05,0,,0
13060,5,5,OUT,SALE,1,2025-05-06,0,,0
13061,5,5,OUT,SALE,1,2025-05-07,0,,0
13062,5,5,OUT,SALE,2,2025-05-08,0,,0
13063,5,5,OUT,SALE,1,2025-05-09,0,,0
13064,5,5,OUT,SALE,2,2025-05-10,0,,0
13065,5,5,OUT,SALE,2,2025-05-11,0,,0
13066,5,5,OUT,SALE,1,2025-05-12,0,,0
13067,5,5,OUT,SALE,1,2025-05-13,0,,0
13068,5,5,OUT,SALE,1,2025-05-14,0,,0
13069,5,5,OUT,SALE,2,2025-05-15,0,,0
13070,5,5,OUT,SALE,1,2025-05-16,0,,0
13071,5,5,OUT,SALE,1,2025-05-17,0,,0
13072,5,5,OUT,SALE,2,2025-05-18,0,,0
13073,5,5,OUT,SALE,2,2025-05-19,0,,0
13074,5,5,OUT,SALE,1,2025-05-20,0,,0
13075,5,5,OUT,SALE,1,2025-05-21,0,,0
13076,5,5,OUT,SALE,1,2025-05-22,0,,0
13077,5,5,OUT,SALE,1,2025-05-23,0,,0
13078,5,5,OUT,SALE,1,2025-05-24,0,,0
13079,5,5,OUT,SALE,2,2025-05-25,0,,0
13080,5,5,OUT,SALE,2,2025-05-26,0,,0
13081,5,5,OUT,SALE,2,2025-05-27,0,,0
13082,5,5,OUT,SALE,2,2025-05-28,0,,0
13083,5,5,OUT,SALE,1,2025-05-29,0,,0
13084,5,5,OUT,SALE,1,2025-05-30,0,,0
13085,5,5,OUT,SALE,2,2025-05-31,0,,0
13086,5,5,OUT,SALE,1,2025-06-01,0,,0
13087,5,5,OUT,SALE,1,2025-06-03,0,,0
13088,5,5,OUT,SALE,1,2025-06-05,0,,0
13089,5,5,OUT,SALE,1,2025-06-06,0,,0
13090,5,5,OUT,SALE,1,2025-06-08,0,,0
13091,5,5,OUT,SALE,1,2025-06-12,0,,0
13092,5,5,OUT,SALE,1,2025-06-14,0,,0
13093,5,5,OUT,SALE,1,2025-06-15,0,,0
13094,5,5,OUT,SALE,1,2025-06-16,0,,0
13095,5,5,OUT,SALE,1,2025-06-19,0,,0
13096,5,5,OUT,SALE,1,2025-06-21,0,,0
13097,5,5,OUT,SALE,1,2025-06-22,0,,0
13098,5,5,OUT,SALE,1,2025-06-25,0,,0
13099,5,5,OUT,SALE,1,2025-06-27,0,,0
13100,5,5,OUT,SALE,1,2025-06-28,0,,0
13101,5,5,OUT,SALE,1,2025-06-29,0,,0
13102,5,5,OUT,SALE,1,2025-08-02,0,,0
13103,5,5,OUT,SALE,1,2025-08-04,0,,0
13104,5,5,OUT,SALE,1,2025-08-07,0,,0
13105,5,5,OUT,SALE,1,2025-08-08,0,,0
13106,5,5,OUT,SALE,1,2025-08-09,0,,0
13107,5,5,OUT,SALE,1,2025-08-10,0,,0
13108,5,5,OUT,SALE,1,2025-08-17,0,,0
13109,5,5,OUT,SALE,1,2025-08-18,0,,0
13110,5,5,OUT,SALE,1,2025-08-19,0,,0
13111,5,5,OUT,SALE,1,2025-08-20,0,,0
13112,5,5,OUT,SALE,1,2025-08-24,0,,0
13113,5,5,OUT,SALE,1,2025-08-26,0,,0
13114,5,5,OUT,SALE,1,2025-08-28,0,,0
13115,5,5,OUT,SALE,1,2025-08-29,0,,0
13116,5,5,OUT,SALE,1,2025-08-30,0,,0
13117,5,5,OUT,SALE,1,2025-09-01,0,,0
13118,5,5,OUT,SALE,1,2025-09-02,0,,0
13119,5,5,OUT,SALE,1,2025-09-03,0,,0
13120,5,5,OUT,SALE,2,2025-09-04,0,,0
13121,5,5,OUT,SALE,1,2025-09-05,0,,0
13122,5,5,OUT,SALE,2,2025-09-06,0,,0
13123,5,5,OUT,SALE,2,2025-09-07,0,,0
13124,5,5,OUT,SALE,2,2025-09-08,0,,0
13125,5,5,OUT,SALE,1,2025-09-09,0,,0
13126,5,5,OUT,SALE,1,2025-09-10,0,,0
13127,5,5,OUT,SALE,2,2025-09-11,0,,0
13128,5,5,OUT,SALE,1,2025-09-12,0,,0
13129,5,5,OUT,SALE,2,2025-09-13,0,,0
13130,5,5,OUT,SALE,2,2025-09-14,0,,0
13131,5,5,OUT,SALE,2,2025-09-15,0,,0
13132,5,5,OUT,SALE,1,2025-09-16,0,,0
13133,5,5,OUT,SALE,1,2025-09-17,0,,0
13134,5,5,OUT,SALE,1,2025-09-18,0,,0
13135,5,5,OUT,SALE,1,2025-09-19,0,,0
13136,5,5,OUT,SALE,2,2025-09-20,0,,0
13137,5,5,OUT,SALE,2,2025-09-21,0,,0
13138,5,5,OUT,SALE,1,2025-09-22,0,,0
13139,5,5,OUT,SALE,1,2025-09-23,0,,0
13140,5,5,OUT,SALE,1,2025-09-24,0,,0
13141,5,5,OUT,SALE,1,2025-09-25,0,,0
13142,5,5,OUT,SALE,2,2025-09-26,0,,0
13143,5,5,OUT,SALE,2,2025-09-27,0,,0
13144,5,5,OUT,SALE,2,2025-09-28,0,,0
13145,5,5,OUT,SALE,2,2025-09-29,0,,0
13146,5,5,OUT,SALE,3,2025-09-30,0,,0
13147,5,5,OUT,SALE,6,2025-10-01,0,,0
13148,5,5,OUT,SALE,5,2025-10-02,0,,0
13149,5,5,OUT,SALE,6,2025-10-03,0,,0
13150,5,5,OUT,SALE,3,2025-10-04,0,,0
13151,5,5,OUT,SALE,3,2025-10-05,0,,0
13152,5,5,OUT,SALE,3,2025-10-06,0,,0
13153,5,5,OUT,SALE,3,2025-10-07,0,,0
13154,5,5,OUT,SALE,3,2025-10-08,0,,0
13155,5,5,OUT,SALE,2,2025-10-09,0,,0
13156,5,5,OUT,SALE,3,2025-10-10,0,,0
13157,5,5,OUT,SALE,3,2025-10-11,0,,0
13158,5,5,OUT,SALE,3,2025-10-12,0,,0
13159,5,5,OUT,SALE,3,2025-10-13,0,,0
13160,5,5,OUT,SALE,3,2025-10-14,0,,0
13161,5,5,OUT,SALE,3,2025-10-15,0,,0
13162,5,5,OUT,SALE,3,2025-10-16,0,,0
13163,5,5,OUT,SALE,3,2025-10-17,0,,0
13164,5,5,OUT,SALE,4,2025-10-18,0,,0
13165,5,5,OUT,DAMAGE,8,2025-10-19,1,REPEATED_LOSS,0
13166,5,5,OUT,SALE,3,2025-10-20,0,,0
13167,5,5,OUT,SALE,3,2025-10-21,0,,0
13168,5,5,OUT,SALE,3,2025-10-22,0,,0
13169,5,5,OUT,SALE,3,2025-10-23,0,,0
13170,5,5,OUT,SALE,3,2025-10-24,0,,0
13171,5,5,OUT,SALE,4,2025-10-25,0,,0
13172,5,5,OUT,SALE,3,2025-10-26,0,,0
13173,5,5,OUT,SALE,2,2025-10-27,0,,0
13174,5,5,OUT,SALE,3,2025-10-28,0,,0
13175,5,5,OUT,SALE,2,2025-10-29,0,,0
13176,5,5,OUT,SALE,3,2025-10-30,0,,0
13177,5,5,OUT,SALE,2,2025-10-31,0,,0
13178,5,5,OUT,SALE,4,2025-11-01,0,,0
13179,5,5,OUT,SALE,4,2025-11-02,0,,0
13180,5,5,OUT,SALE,5,2025-11-03,0,,0
13181,5,5,OUT,SALE,3,2025-11-04,0,,0
13182,5,5,OUT,SALE,4,2025-11-05,0,,0
13183,5,5,OUT,SALE,5,2025-11-06,0,,0
13184,5,5,OUT,SALE,4,2025-11-07,0,,0
13185,5,5,OUT,SALE,5,2025-11-08,0,,0
13186,5,5,OUT,SALE,4,2025-11-09,0,,0
13187,5,5,OUT,SALE,5,2025-11-10,0,,0
13188,5,5,OUT,SALE,4,2025-11-11,0,,0
13189,5,5,OUT,SALE,4,2025-11-12,0,,0
13190,5,5,OUT,SALE,4,2025-11-13,0,,0
13191,5,5,OUT,SALE,4,2025-11-14,0,,0
13192,5,5,OUT,SALE,4,2025-11-15,0,,0
13193,5,5,OUT,SALE,5,2025-11-16,0,,0
13194,5,5,OUT,SALE,5,2025-11-17,0,,0
13195,5,5,OUT,SALE,4,2025-11-18,0,,0
13196,5,5,OUT,SALE,4,2025-11-19,0,,0
13197,5,5,OUT,SALE,4,2025-11-20,0,,0
13198,5,5,OUT,SALE,4,2025-11-21,0,,0
13199,5,5,OUT,SALE,5,2025-11-22,0,,0
13200,5,5,OUT,SALE,5,2025-11-23,0,,0
13201,5,5,OUT,SALE,4,2025-11-24,0,,0
13202,5,5,OUT,SALE,4,2025-11-25,0,,0
13203,5,5,OUT,DAMAGE,34,2025-11-26,1,THEFT_SPIKE,0
13204,5,5,OUT,SALE,4,2025-11-27,0,,0
13205,5,5,OUT,SALE,8,2025-11-28,0,,0
13206,5,5,OUT,SALE,11,2025-11-29,0,,0
13207,5,5,OUT,SALE,11,2025-11-30,0,,0
13208,5,5,OUT,SALE,6,2025-12-01,0,,0
13209,5,5,OUT,SALE,5,2025-12-02,0,,0
13210,5,5,OUT,SALE,6,2025-12-03,0,,0
13211,5,5,OUT,SALE,5,2025-12-04,0,,0
13212,5,5,OUT,SALE,5,2025-12-05,0,,0
13213,5,5,OUT,SALE,5,2025-12-06,0,,0
13214,5,5,OUT,SALE,6,2025-12-07,0,,0
13215,5,5,OUT,SALE,4,2025-12-08,0,,0
13216,5,5,OUT,SALE,5,2025-12-09,0,,0
13217,5,5,OUT,SALE,5,2025-12-10,0,,0
13218,5,5,OUT,SALE,5,2025-12-11,0,,0
13219,5,5,OUT,SALE,6,2025-12-12,0,,0
13220,5,5,OUT,SALE,5,2025-12-13,0,,0
13221,5,5,OUT,SALE,6,2025-12-14,0,,0
13222,5,5,OUT,SALE,4,2025-12-15,0,,0
13223,5,5,OUT,SALE,5,2025-12-16,0,,0
13224,5,5,OUT,SALE,5,2025-12-17,0,,0
13225,5,5,OUT,SALE,5,2025-12-18,0,,0
13226,5,5,OUT,SALE,5,2025-12-19,0,,0
13227,5,5,OUT,SALE,5,2025-12-20,0,,0
13228,5,5,OUT,SALE,5,2025-12-21,0,,0
13229,5,5,OUT,SALE,5,2025-12-22,0,,0
13230,5,5,OUT,SALE,6,2025-12-23,0,,0
13231,5,5,OUT,SALE,7,2025-12-24,0,,0
13232,5,5,OUT,DAMAGE,77,2025-12-25,1,THEFT_SPIKE,0
13233,5,5,OUT,SALE,8,2025-12-26,0,,0
13234,5,5,OUT,SALE,5,2025-12-27,0,,0
13235,5,5,OUT,SALE,5,2025-12-28,0,,0
13236,5,5,OUT,SALE,5,2025-12-29,0,,0
13237,5,5,OUT,SALE,5,2025-12-30,0,,0
13238,5,5,OUT,SALE,4,2025-12-31,0,,0
13239,5,6,OUT,SALE,3,2025-01-01,0,,0
13240,5,6,OUT,SALE,3,2025-01-02,0,,0
13241,5,6,OUT,SALE,3,2025-01-03,0,,0
13242,5,6,OUT,SALE,4,2025-01-04,0,,0
13243,5,6,OUT,SALE,4,2025-01-05,0,,0
13244,5,6,OUT,SALE,3,2025-01-06,0,,0
13245,5,6,OUT,SALE,4,2025-01-07,0,,0
13246,5,6,OUT,SALE,3,2025-01-08,0,,0
13247,5,6,OUT,SALE,3,2025-01-09,0,,0
13248,5,6,OUT,SALE,4,2025-01-10,0,,0
13249,5,6,OUT,SALE,3,2025-01-11,0,,0
13250,5,6,OUT,SALE,4,2025-01-12,0,,0
13251,5,6,OUT,SALE,3,2025-01-13,0,,0
13252,5,6,OUT,SALE,3,2025-01-14,0,,0
13253,5,6,OUT,SALE,3,2025-01-15,0,,0
13254,5,6,OUT,SALE,2,2025-01-16,0,,0
13255,5,6,OUT,SALE,4,2025-01-17,0,,0
13256,5,6,OUT,SALE,3,2025-01-18,0,,0
13257,5,6,OUT,SALE,4,2025-01-19,0,,0
13258,5,6,OUT,SALE,3,2025-01-20,0,,0
13259,5,6,OUT,SALE,3,2025-01-21,0,,0
13260,5,6,OUT,SALE,3,2025-01-22,0,,0
13261,5,6,OUT,SALE,3,2025-01-23,0,,0
13262,5,6,OUT,SALE,3,2025-01-24,0,,0
13263,5,6,OUT,SALE,7,2025-01-25,0,,0
13264,5,6,OUT,SALE,7,2025-01-26,0,,0
13265,5,6,OUT,SALE,6,2025-01-27,0,,0
13266,5,6,OUT,SALE,6,2025-01-28,0,,0
13267,5,6,OUT,SALE,3,2025-01-29,0,,0
13268,5,6,OUT,SALE,3,2025-01-30,0,,0
13269,5,6,OUT,SALE,4,2025-01-31,0,,0
13270,5,6,OUT,SALE,4,2025-02-01,0,,0
13271,5,6,OUT,SALE,4,2025-02-02,0,,0
13272,5,6,OUT,DAMAGE,7,2025-02-03,1,REPEATED_LOSS,0
13273,5,6,OUT,SALE,2,2025-02-04,0,,0
13274,5,6,OUT,SALE,3,2025-02-05,0,,0
13275,5,6,OUT,SALE,2,2025-02-06,0,,0
13276,5,6,OUT,SALE,3,2025-02-07,0,,0
13277,5,6,OUT,SALE,3,2025-02-08,0,,0
13278,5,6,OUT,SALE,3,2025-02-09,0,,0
13279,5,6,OUT,SALE,3,2025-02-10,0,,0
13280,5,6,OUT,SALE,3,2025-02-11,0,,0
13281,5,6,OUT,SALE,2,2025-02-12,0,,0
13282,5,6,OUT,SALE,3,2025-02-13,0,,0
13283,5,6,OUT,SALE,2,2025-02-14,0,,0
13284,5,6,OUT,SALE,4,2025-02-15,0,,0
13285,5,6,OUT,SALE,3,2025-02-16,0,,0
13286,5,6,OUT,SALE,2,2025-02-17,0,,0
13287,5,6,OUT,SALE,3,2025-02-18,0,,0
13288,5,6,OUT,SALE,3,2025-02-19,0,,0
13289,5,6,OUT,SALE,3,2025-02-20,0,,0
13290,5,6,OUT,SALE,3,2025-02-21,0,,0
13291,5,6,OUT,SALE,4,2025-02-22,0,,0
13292,5,6,OUT,SALE,4,2025-02-23,0,,0
13293,5,6,OUT,SALE,3,2025-02-24,0,,0
13294,5,6,OUT,SALE,3,2025-02-25,0,,0
13295,5,6,OUT,SALE,3,2025-02-26,0,,0
13296,5,6,OUT,SALE,3,2025-02-27,0,,0
13297,5,6,OUT,SALE,4,2025-02-28,0,,0
13298,5,6,OUT,SALE,2,2025-03-01,0,,0
13299,5,6,OUT,SALE,3,2025-03-02,0,,0
13300,5,6,OUT,SALE,2,2025-03-03,0,,0
13301,5,6,OUT,SALE,3,2025-03-04,0,,0
13302,5,6,OUT,SALE,3,2025-03-05,0,,0
13303,5,6,OUT,SALE,2,2025-03-06,0,,0
13304,5,6,OUT,SALE,2,2025-03-07,0,,0
13305,5,6,OUT,SALE,3,2025-03-08,0,,0
13306,5,6,OUT,SALE,3,2025-03-09,0,,0
13307,5,6,OUT,SALE,3,2025-03-10,0,,0
13308,5,6,OUT,SALE,3,2025-03-11,0,,0
13309,5,6,OUT,SALE,2,2025-03-12,0,,0
13310,5,6,OUT,SALE,2,2025-03-13,0,,0
13311,5,6,OUT,SALE,2,2025-03-14,0,,0
13312,5,6,OUT,SALE,3,2025-03-15,0,,0
13313,5,6,OUT,SALE,3,2025-03-16,0,,0
13314,5,6,OUT,SALE,2,2025-03-17,0,,0
13315,5,6,OUT,SALE,2,2025-03-18,0,,0
13316,5,6,OUT,SALE,3,2025-03-19,0,,0
13317,5,6,OUT,SALE,2,2025-03-20,0,,0
13318,5,6,OUT,SALE,2,2025-03-21,0,,0
13319,5,6,OUT,SALE,3,2025-03-22,0,,0
13320,5,6,OUT,SALE,3,2025-03-23,0,,0
13321,5,6,OUT,SALE,2,2025-03-24,0,,0
13322,5,6,OUT,SALE,2,2025-03-25,0,,0
13323,5,6,OUT,SALE,3,2025-03-26,0,,0
13324,5,6,OUT,SALE,3,2025-03-27,0,,0
13325,5,6,OUT,SALE,2,2025-03-28,0,,0
13326,5,6,OUT,SALE,2,2025-03-29,0,,0
13327,5,6,OUT,SALE,3,2025-03-30,0,,0
13328,5,6,OUT,SALE,2,2025-03-31,0,,0
13329,5,6,OUT,SALE,2,2025-04-01,0,,0
13330,5,6,OUT,SALE,2,2025-04-02,0,,0
13331,5,6,OUT,SALE,2,2025-04-03,0,,0
13332,5,6,OUT,SALE,2,2025-04-04,0,,0
13333,5,6,OUT,SALE,2,2025-04-05,0,,0
13334,5,6,OUT,SALE,2,2025-04-06,0,,0
13335,5,6,OUT,SALE,2,2025-04-07,0,,0
13336,5,6,OUT,DAMAGE,14,2025-04-08,1,THEFT_SPIKE,0
13337,5,6,OUT,SALE,2,2025-04-09,0,,0
13338,5,6,OUT,SALE,1,2025-04-10,0,,0
13339,5,6,OUT,SALE,1,2025-04-11,0,,0
13340,5,6,OUT,SALE,2,2025-04-12,0,,0
13341,5,6,OUT,SALE,2,2025-04-13,0,,0
13342,5,6,OUT,SALE,1,2025-04-14,0,,0
13343,5,6,OUT,SALE,1,2025-04-15,0,,0
13344,5,6,OUT,SALE,2,2025-04-16,0,,0
13345,5,6,OUT,SALE,2,2025-04-17,0,,0
13346,5,6,OUT,SALE,2,2025-04-18,0,,0
13347,5,6,OUT,SALE,2,2025-04-19,0,,0
13348,5,6,OUT,SALE,2,2025-04-20,0,,0
13349,5,6,OUT,SALE,1,2025-04-21,0,,0
13350,5,6,OUT,SALE,2,2025-04-22,0,,0
13351,5,6,OUT,SALE,1,2025-04-23,0,,0
13352,5,6,OUT,SALE,2,2025-04-24,0,,0
13353,5,6,OUT,SALE,2,2025-04-25,0,,0
13354,5,6,OUT,SALE,2,2025-04-26,0,,0
13355,5,6,OUT,SALE,2,2025-04-27,0,,0
13356,5,6,OUT,SALE,2,2025-04-28,0,,0
13357,5,6,OUT,SALE,1,2025-04-29,0,,0
13358,5,6,OUT,SALE,2,2025-04-30,0,,0
13359,5,6,OUT,SALE,1,2025-05-02,0,,0
13360,5,6,OUT,SALE,1,2025-05-03,0,,0
13361,5,6,OUT,SALE,1,2025-05-04,0,,0
13362,5,6,OUT,SALE,1,2025-05-05,0,,0
13363,5,6,OUT,SALE,1,2025-05-06,0,,0
13364,5,6,OUT,SALE,1,2025-05-07,0,,0
13365,5,6,OUT,SALE,1,2025-05-08,0,,0
13366,5,6,OUT,SALE,1,2025-05-09,0,,0
13367,5,6,OUT,SALE,1,2025-05-10,0,,0
13368,5,6,OUT,SALE,1,2025-05-11,0,,0
13369,5,6,OUT,SALE,1,2025-05-12,0,,0
13370,5,6,OUT,SALE,1,2025-05-13,0,,0
13371,5,6,OUT,SALE,1,2025-05-14,0,,0
13372,5,6,OUT,SALE,1,2025-05-15,0,,0
13373,5,6,OUT,SALE,1,2025-05-16,0,,0
13374,5,6,OUT,SALE,1,2025-05-17,0,,0
13375,5,6,OUT,SALE,1,2025-05-18,0,,0
13376,5,6,OUT,SALE,1,2025-05-19,0,,0
13377,5,6,OUT,SALE,1,2025-05-20,0,,0
13378,5,6,OUT,SALE,1,2025-05-21,0,,0
13379,5,6,OUT,SALE,1,2025-05-22,0,,0
13380,5,6,OUT,SALE,1,2025-05-23,0,,0
13381,5,6,OUT,SALE,1,2025-05-24,0,,0
13382,5,6,OUT,SALE,1,2025-05-25,0,,0
13383,5,6,OUT,SALE,1,2025-05-26,0,,0
13384,5,6,OUT,SALE,1,2025-05-27,0,,0
13385,5,6,OUT,SALE,1,2025-05-28,0,,0
13386,5,6,OUT,DAMAGE,2,2025-05-29,1,REPEATED_LOSS,0
13387,5,6,OUT,SALE,1,2025-05-30,0,,0
13388,5,6,OUT,SALE,1,2025-05-31,0,,0
13389,5,6,OUT,SALE,1,2025-09-01,0,,0
13390,5,6,OUT,SALE,1,2025-09-02,0,,0
13391,5,6,OUT,SALE,1,2025-09-03,0,,0
13392,5,6,OUT,SALE,1,2025-09-04,0,,0
13393,5,6,OUT,SALE,1,2025-09-05,0,,0
13394,5,6,OUT,SALE,1,2025-09-06,0,,0
13395,5,6,OUT,SALE,1,2025-09-07,0,,0
13396,5,6,OUT,SALE,1,2025-09-08,0,,0
13397,5,6,OUT,SALE,1,2025-09-09,0,,0
13398,5,6,OUT,SALE,1,2025-09-10,0,,0
13399,5,6,OUT,SALE,1,2025-09-11,0,,0
13400,5,6,OUT,SALE,1,2025-09-12,0,,0
13401,5,6,OUT,SALE,1,2025-09-13,0,,0
13402,5,6,OUT,SALE,1,2025-09-14,0,,0
13403,5,6,OUT,SALE,1,2025-09-15,0,,0
13404,5,6,OUT,SALE,1,2025-09-16,0,,0
13405,5,6,OUT,SALE,1,2025-09-17,0,,0
13406,5,6,OUT,SALE,1,2025-09-18,0,,0
13407,5,6,OUT,SALE,1,2025-09-19,0,,0
13408,5,6,OUT,SALE,1,2025-09-20,0,,0
13409,5,6,OUT,SALE,1,2025-09-21,0,,0
13410,5,6,OUT,SALE,1,2025-09-22,0,,0
13411,5,6,OUT,SALE,1,2025-09-23,0,,0
13412,5,6,OUT,SALE,1,2025-09-24,0,,0
13413,5,6,OUT,SALE,1,2025-09-25,0,,0
13414,5,6,OUT,SALE,1,2025-09-26,0,,0
13415,5,6,OUT,SALE,1,2025-09-27,0,,0
13416,5,6,OUT,SALE,1,2025-09-28,0,,0
13417,5,6,OUT,SALE,1,2025-09-29,0,,0
13418,5,6,OUT,SALE,2,2025-09-30,0,,0
13419,5,6,OUT,SALE,2,2025-10-01,0,,0
13420,5,6,OUT,SALE,4,2025-10-02,0,,0
13421,5,6,OUT,SALE,3,2025-10-03,0,,0
13422,5,6,OUT,SALE,2,2025-10-04,0,,0
13423,5,6,OUT,SALE,2,2025-10-05,0,,0
13424,5,6,OUT,SALE,2,2025-10-06,0,,0
13425,5,6,OUT,SALE,2,2025-10-07,0,,0
13426,5,6,OUT,SALE,2,2025-10-08,0,,0
13427,5,6,OUT,SALE,2,2025-10-09,0,,0
13428,5,6,OUT,SALE,2,2025-10-10,0,,0
13429,5,6,OUT,SALE,2,2025-10-11,0,,0
13430,5,6,OUT,SALE,2,2025-10-12,0,,0
13431,5,6,OUT,SALE,1,2025-10-13,0,,0
13432,5,6,OUT,SALE,2,2025-10-14,0,,0
13433,5,6,OUT,SALE,2,2025-10-15,0,,0
13434,5,6,OUT,SALE,2,2025-10-16,0,,0
13435,5,6,OUT,SALE,2,2025-10-17,0,,0
13436,5,6,OUT,SALE,9999,2025-10-18,1,DATA_ERROR,1
13437,5,6,OUT,SALE,2,2025-10-19,0,,0
13438,5,6,OUT,SALE,1,2025-10-20,0,,0
13439,5,6,OUT,SALE,1,2025-10-21,0,,0
13440,5,6,OUT,SALE,1,2025-10-22,0,,0
13441,5,6,OUT,SALE,2,2025-10-23,0,,0
13442,5,6,OUT,SALE,2,2025-10-24,0,,0
13443,5,6,OUT,SALE,2,2025-10-25,0,,0
13444,5,6,OUT,DAMAGE,4,2025-10-26,1,REPEATED_LOSS,0
13445,5,6,OUT,SALE,2,2025-10-27,0,,0
13446,5,6,OUT,SALE,2,2025-10-28,0,,0
13447,5,6,OUT,SALE,2,2025-10-29,0,,0
13448,5,6,OUT,SALE,2,2025-10-30,0,,0
13449,5,6,OUT,SALE,2,2025-10-31,0,,0
13450,5,6,OUT,SALE,3,2025-11-01,0,,0
13451,5,6,OUT,SALE,3,2025-11-02,0,,0
13452,5,6,OUT,SALE,2,2025-11-03,0,,0
13453,5,6,OUT,SALE,2,2025-11-04,0,,0
13454,5,6,OUT,SALE,2,2025-11-05,0,,0
13455,5,6,OUT,SALE,2,2025-11-06,0,,0
13456,5,6,OUT,SALE,2,2025-11-07,0,,0
13457,5,6,OUT,SALE,3,2025-11-08,0,,0
13458,5,6,OUT,SALE,3,2025-11-09,0,,0
13459,5,6,OUT,SALE,2,2025-11-10,0,,0
13460,5,6,OUT,SALE,2,2025-11-11,0,,0
13461,5,6,OUT,SALE,2,2025-11-12,0,,0
13462,5,6,OUT,SALE,2,2025-11-13,0,,0
13463,5,6,OUT,SALE,2,2025-11-14,0,,0
13464,5,6,OUT,SALE,2,2025-11-15,0,,0
13465,5,6,OUT,SALE,3,2025-11-16,0,,0
13466,5,6,OUT,SALE,2,2025-11-17,0,,0
13467,5,6,OUT,SALE,3,2025-11-18,0,,0
13468,5,6,OUT,SALE,2,2025-11-19,0,,0
13469,5,6,OUT,SALE,2,2025-11-20,0,,0
13470,5,6,OUT,SALE,3,2025-11-21,0,,0
13471,5,6,OUT,SALE,3,2025-11-22,0,,0
13472,5,6,OUT,SALE,3,2025-11-23,0,,0
13473,5,6,OUT,SALE,2,2025-11-24,0,,0
13474,5,6,OUT,SALE,2,2025-11-25,0,,0
13475,5,6,OUT,SALE,3,2025-11-26,0,,0
13476,5,6,OUT,SALE,3,2025-11-27,0,,0
13477,5,6,OUT,SALE,6,2025-11-28,0,,0
13478,5,6,OUT,SALE,6,2025-11-29,0,,0
13479,5,6,OUT,SALE,7,2025-11-30,0,,0
13480,5,6,OUT,SALE,3,2025-12-01,0,,0
13481,5,6,OUT,SALE,3,2025-12-02,0,,0
13482,5,6,OUT,SALE,3,2025-12-03,0,,0
13483,5,6,OUT,SALE,3,2025-12-04,0,,0
13484,5,6,OUT,SALE,3,2025-12-05,0,,0
13485,5,6,OUT,SALE,4,2025-12-06,0,,0
13486,5,6,OUT,SALE,3,2025-12-07,0,,0
13487,5,6,OUT,DAMAGE,22,2025-12-08,1,THEFT_SPIKE,0
13488,5,6,OUT,SALE,3,2025-12-09,0,,0
13489,5,6,OUT,SALE,0,2025-12-10,1,DATA_ERROR,0
13490,5,6,OUT,SALE,2,2025-12-11,0,,0
13491,5,6,OUT,SALE,3,2025-12-12,0,,0
13492,5,6,OUT,SALE,4,2025-12-13,0,,0
13493,5,6,OUT,SALE,4,2025-12-14,0,,0
13494,5,6,OUT,SALE,3,2025-12-15,0,,0
13495,5,6,OUT,SALE,3,2025-12-16,0,,0
13496,5,6,OUT,SALE,3,2025-12-17,0,,0
13497,5,6,OUT,SALE,3,2025-12-18,0,,0
13498,5,6,OUT,SALE,3,2025-12-19,0,,0
13499,5,6,OUT,SALE,3,2025-12-20,0,,0
13500,5,6,OUT,SALE,4,2025-12-21,0,,0
13501,5,6,OUT,DAMAGE,29,2025-12-22,1,THEFT_SPIKE,0
13502,5,6,OUT,SALE,3,2025-12-23,0,,0
13503,5,6,OUT,SALE,5,2025-12-24,0,,0
13504,5,6,OUT,SALE,5,2025-12-25,0,,0
13505,5,6,OUT,SALE,6,2025-12-26,0,,0
13506,5,6,OUT,SALE,3,2025-12-27,0,,0
13507,5,6,OUT,SALE,4,2025-12-28,0,,0
13508,5,6,OUT,SALE,3,2025-12-29,0,,0
13509,5,6,OUT,SALE,3,2025-12-30,0,,0
13510,5,6,OUT,SALE,3,2025-12-31,0,,0
13511,5,7,OUT,SALE,10,2025-01-01,0,,0
13512,5,7,OUT,SALE,10,2025-01-02,0,,0
13513,5,7,OUT,SALE,12,2025-01-03,0,,0
13514,5,7,OUT,SALE,12,2025-01-04,0,,0
13515,5,7,OUT,SALE,13,2025-01-05,0,,0
13516,5,7,OUT,SALE,10,2025-01-06,0,,0
13517,5,7,OUT,SALE,11,2025-01-07,0,,0
13518,5,7,OUT,SALE,9,2025-01-08,0,,0
13519,5,7,OUT,SALE,12,2025-01-09,0,,0
13520,5,7,OUT,SALE,9,2025-01-10,0,,0
13521,5,7,OUT,SALE,11,2025-01-11,0,,0
13522,5,7,OUT,SALE,11,2025-01-12,0,,0
13523,5,7,OUT,SALE,10,2025-01-13,0,,0
13524,5,7,OUT,SALE,11,2025-01-14,0,,0
13525,5,7,OUT,SALE,10,2025-01-15,0,,0
13526,5,7,OUT,SALE,12,2025-01-16,0,,0
13527,5,7,OUT,SALE,9,2025-01-17,0,,0
13528,5,7,OUT,SALE,12,2025-01-18,0,,0
13529,5,7,OUT,SALE,11,2025-01-19,0,,0
13530,5,7,OUT,SALE,11,2025-01-20,0,,0
13531,5,7,OUT,SALE,10,2025-01-21,0,,0
13532,5,7,OUT,SALE,10,2025-01-22,0,,0
13533,5,7,OUT,SALE,12,2025-01-23,0,,0
13534,5,7,OUT,SALE,10,2025-01-24,0,,0
13535,5,7,OUT,SALE,23,2025-01-25,0,,0
13536,5,7,OUT,SALE,20,2025-01-26,0,,0
13537,5,7,OUT,SALE,19,2025-01-27,0,,0
13538,5,7,OUT,SALE,16,2025-01-28,0,,0
13539,5,7,OUT,SALE,10,2025-01-29,0,,0
13540,5,7,OUT,SALE,10,2025-01-30,0,,0
13541,5,7,OUT,SALE,13,2025-01-31,0,,0
13542,5,7,OUT,SALE,12,2025-02-01,0,,0
13543,5,7,OUT,SALE,15,2025-02-02,0,,0
13544,5,7,OUT,SALE,11,2025-02-03,0,,0
13545,5,7,OUT,SALE,10,2025-02-04,0,,0
13546,5,7,OUT,SALE,13,2025-02-05,0,,0
13547,5,7,OUT,SALE,11,2025-02-06,0,,0
13548,5,7,OUT,SALE,10,2025-02-07,0,,0
13549,5,7,OUT,SALE,13,2025-02-08,0,,0
13550,5,7,OUT,SALE,12,2025-02-09,0,,0
13551,5,7,OUT,SALE,8,2025-02-10,0,,0
13552,5,7,OUT,SALE,12,2025-02-11,0,,0
13553,5,7,OUT,SALE,12,2025-02-12,0,,0
13554,5,7,OUT,SALE,13,2025-02-13,0,,0
13555,5,7,OUT,SALE,11,2025-02-14,0,,0
13556,5,7,OUT,SALE,12,2025-02-15,0,,0
13557,5,7,OUT,SALE,14,2025-02-16,0,,0
13558,5,7,OUT,SALE,12,2025-02-17,0,,0
13559,5,7,OUT,SALE,13,2025-02-18,0,,0
13560,5,7,OUT,SALE,11,2025-02-19,0,,0
13561,5,7,OUT,SALE,11,2025-02-20,0,,0
13562,5,7,OUT,SALE,10,2025-02-21,0,,0
13563,5,7,OUT,SALE,13,2025-02-22,0,,0
13564,5,7,OUT,SALE,10,2025-02-23,0,,0
13565,5,7,OUT,SALE,12,2025-02-24,0,,0
13566,5,7,OUT,SALE,11,2025-02-25,0,,0
13567,5,7,OUT,SALE,11,2025-02-26,0,,0
13568,5,7,OUT,SALE,11,2025-02-27,0,,0
13569,5,7,OUT,SALE,13,2025-02-28,0,,0
13570,5,7,OUT,SALE,15,2025-03-01,0,,0
13571,5,7,OUT,SALE,12,2025-03-02,0,,0
13572,5,7,OUT,SALE,11,2025-03-03,0,,0
13573,5,7,OUT,SALE,10,2025-03-04,0,,0
13574,5,7,OUT,SALE,12,2025-03-05,0,,0
13575,5,7,OUT,SALE,10,2025-03-06,0,,0
13576,5,7,OUT,SALE,13,2025-03-07,0,,0
13577,5,7,OUT,SALE,16,2025-03-08,0,,0
13578,5,7,OUT,SALE,12,2025-03-09,0,,0
13579,5,7,OUT,SALE,11,2025-03-10,0,,0
13580,5,7,OUT,SALE,12,2025-03-11,0,,0
13581,5,7,OUT,SALE,13,2025-03-12,0,,0
13582,5,7,OUT,SALE,14,2025-03-13,0,,0
13583,5,7,OUT,SALE,9,2025-03-14,0,,0
13584,5,7,OUT,SALE,13,2025-03-15,0,,0
13585,5,7,OUT,SALE,13,2025-03-16,0,,0
13586,5,7,OUT,SALE,10,2025-03-17,0,,0
13587,5,7,OUT,SALE,11,2025-03-18,0,,0
13588,5,7,OUT,SALE,12,2025-03-19,0,,0
13589,5,7,OUT,SALE,11,2025-03-20,0,,0
13590,5,7,OUT,SALE,10,2025-03-21,0,,0
13591,5,7,OUT,SALE,18,2025-03-22,0,,0
13592,5,7,OUT,SALE,14,2025-03-23,0,,0
13593,5,7,OUT,SALE,12,2025-03-24,0,,0
13594,5,7,OUT,SALE,10,2025-03-25,0,,0
13595,5,7,OUT,SALE,12,2025-03-26,0,,0
13596,5,7,OUT,SALE,11,2025-03-27,0,,0
13597,5,7,OUT,SALE,9,2025-03-28,0,,0
13598,5,7,OUT,SALE,12,2025-03-29,0,,0
13599,5,7,OUT,SALE,15,2025-03-30,0,,0
13600,5,7,OUT,SALE,14,2025-03-31,0,,0
13601,5,7,OUT,SALE,14,2025-04-01,0,,0
13602,5,7,OUT,SALE,15,2025-04-02,0,,0
13603,5,7,OUT,SALE,13,2025-04-03,0,,0
13604,5,7,OUT,SALE,13,2025-04-04,0,,0
13605,5,7,OUT,SALE,17,2025-04-05,0,,0
13606,5,7,OUT,SALE,18,2025-04-06,0,,0
13607,5,7,OUT,SALE,15,2025-04-07,0,,0
13608,5,7,OUT,SALE,11,2025-04-08,0,,0
13609,5,7,OUT,SALE,13,2025-04-09,0,,0
13610,5,7,OUT,SALE,13,2025-04-10,0,,0
13611,5,7,OUT,SALE,13,2025-04-11,0,,0
13612,5,7,OUT,SALE,16,2025-04-12,0,,0
13613,5,7,OUT,SALE,16,2025-04-13,0,,0
13614,5,7,OUT,SALE,15,2025-04-14,0,,0
13615,5,7,OUT,SALE,16,2025-04-15,0,,0
13616,5,7,OUT,SALE,12,2025-04-16,0,,0
13617,5,7,OUT,SALE,11,2025-04-17,0,,0
13618,5,7,OUT,SALE,14,2025-04-18,0,,0
13619,5,7,OUT,SALE,18,2025-04-19,0,,0
13620,5,7,OUT,SALE,14,2025-04-20,0,,0
13621,5,7,OUT,SALE,14,2025-04-21,0,,0
13622,5,7,OUT,SALE,14,2025-04-22,0,,0
13623,5,7,OUT,SALE,13,2025-04-23,0,,0
13624,5,7,OUT,SALE,13,2025-04-24,0,,0
13625,5,7,OUT,SALE,12,2025-04-25,0,,0
13626,5,7,OUT,SALE,11,2025-04-26,0,,0
13627,5,7,OUT,SALE,13,2025-04-27,0,,0
13628,5,7,OUT,SALE,12,2025-04-28,0,,0
13629,5,7,OUT,SALE,15,2025-04-29,0,,0
13630,5,7,OUT,SALE,13,2025-04-30,0,,0
13631,5,7,OUT,SALE,13,2025-05-01,0,,0
13632,5,7,OUT,SALE,13,2025-05-02,0,,0
13633,5,7,OUT,SALE,18,2025-05-03,0,,0
13634,5,7,OUT,SALE,19,2025-05-04,0,,0
13635,5,7,OUT,SALE,16,2025-05-05,0,,0
13636,5,7,OUT,SALE,15,2025-05-06,0,,0
13637,5,7,OUT,SALE,12,2025-05-07,0,,0
13638,5,7,OUT,SALE,14,2025-05-08,0,,0
13639,5,7,OUT,SALE,18,2025-05-09,0,,0
13640,5,7,OUT,SALE,19,2025-05-10,0,,0
13641,5,7,OUT,SALE,13,2025-05-11,0,,0
13642,5,7,OUT,SALE,14,2025-05-12,0,,0
13643,5,7,OUT,SALE,15,2025-05-13,0,,0
13644,5,7,OUT,SALE,13,2025-05-14,0,,0
13645,5,7,OUT,SALE,10,2025-05-15,0,,0
13646,5,7,OUT,SALE,14,2025-05-16,0,,0
13647,5,7,OUT,SALE,15,2025-05-17,0,,0
13648,5,7,OUT,SALE,15,2025-05-18,0,,0
13649,5,7,OUT,SALE,14,2025-05-19,0,,0
13650,5,7,OUT,SALE,14,2025-05-20,0,,0
13651,5,7,OUT,SALE,14,2025-05-21,0,,0
13652,5,7,OUT,SALE,13,2025-05-22,0,,0
13653,5,7,OUT,SALE,14,2025-05-23,0,,0
13654,5,7,OUT,SALE,13,2025-05-24,0,,0
13655,5,7,OUT,SALE,17,2025-05-25,0,,0
13656,5,7,OUT,SALE,9,2025-05-26,0,,0
13657,5,7,OUT,SALE,14,2025-05-27,0,,0
13658,5,7,OUT,SALE,16,2025-05-28,0,,0
13659,5,7,OUT,SALE,12,2025-05-29,0,,0
13660,5,7,OUT,SALE,16,2025-05-30,0,,0
13661,5,7,OUT,SALE,19,2025-05-31,0,,0
13662,5,7,OUT,SALE,11,2025-06-01,0,,0
13663,5,7,OUT,SALE,15,2025-06-02,0,,0
13664,5,7,OUT,SALE,10,2025-06-03,0,,0
13665,5,7,OUT,SALE,15,2025-06-04,0,,0
13666,5,7,OUT,SALE,15,2025-06-05,0,,0
13667,5,7,OUT,SALE,11,2025-06-06,0,,0
13668,5,7,OUT,SALE,22,2025-06-07,0,,0
13669,5,7,OUT,SALE,18,2025-06-08,0,,0
13670,5,7,OUT,SALE,14,2025-06-09,0,,0
13671,5,7,OUT,SALE,18,2025-06-10,0,,0
13672,5,7,OUT,SALE,12,2025-06-11,0,,0
13673,5,7,OUT,SALE,13,2025-06-12,0,,0
13674,5,7,OUT,SALE,11,2025-06-13,0,,0
13675,5,7,OUT,SALE,21,2025-06-14,0,,0
13676,5,7,OUT,SALE,18,2025-06-15,0,,0
13677,5,7,OUT,SALE,16,2025-06-16,0,,0
13678,5,7,OUT,SALE,16,2025-06-17,0,,0
13679,5,7,OUT,SALE,16,2025-06-18,0,,0
13680,5,7,OUT,SALE,15,2025-06-19,0,,0
13681,5,7,OUT,SALE,16,2025-06-20,0,,0
13682,5,7,OUT,SALE,18,2025-06-21,0,,0
13683,5,7,OUT,SALE,16,2025-06-22,0,,0
13684,5,7,OUT,SALE,15,2025-06-23,0,,0
13685,5,7,OUT,SALE,16,2025-06-24,0,,0
13686,5,7,OUT,SALE,15,2025-06-25,0,,0
13687,5,7,OUT,SALE,13,2025-06-26,0,,0
13688,5,7,OUT,SALE,13,2025-06-27,0,,0
13689,5,7,OUT,SALE,20,2025-06-28,0,,0
13690,5,7,OUT,SALE,17,2025-06-29,0,,0
13691,5,7,OUT,SALE,16,2025-06-30,0,,0
13692,5,7,OUT,SALE,14,2025-07-01,0,,0
13693,5,7,OUT,SALE,13,2025-07-02,0,,0
13694,5,7,OUT,SALE,14,2025-07-03,0,,0
13695,5,7,OUT,SALE,15,2025-07-04,0,,0
13696,5,7,OUT,SALE,16,2025-07-05,0,,0
13697,5,7,OUT,SALE,21,2025-07-06,0,,0
13698,5,7,OUT,SALE,16,2025-07-07,0,,0
13699,5,7,OUT,SALE,19,2025-07-08,0,,0
13700,5,7,OUT,SALE,16,2025-07-09,0,,0
13701,5,7,OUT,SALE,11,2025-07-10,0,,0
13702,5,7,OUT,SALE,18,2025-07-11,0,,0
13703,5,7,OUT,SALE,9999,2025-07-12,1,DATA_ERROR,1
13704,5,7,OUT,SALE,18,2025-07-13,0,,0
13705,5,7,OUT,SALE,14,2025-07-14,0,,0
13706,5,7,OUT,SALE,20,2025-07-15,0,,0
13707,5,7,OUT,SALE,18,2025-07-16,0,,0
13708,5,7,OUT,DAMAGE,83,2025-07-17,1,OFF_HOURS_BULK,0
13709,5,7,OUT,SALE,15,2025-07-18,0,,0
13710,5,7,OUT,SALE,18,2025-07-19,0,,0
13711,5,7,OUT,SALE,43,2025-07-20,0,,0
13712,5,7,OUT,SALE,34,2025-07-21,0,,0
13713,5,7,OUT,SALE,30,2025-07-22,0,,0
13714,5,7,OUT,SALE,31,2025-07-23,0,,0
13715,5,7,OUT,SALE,34,2025-07-24,0,,0
13716,5,7,OUT,SALE,39,2025-07-25,0,,0
13717,5,7,OUT,SALE,19,2025-07-26,0,,0
13718,5,7,OUT,SALE,16,2025-07-27,0,,0
13719,5,7,OUT,SALE,17,2025-07-28,0,,0
13720,5,7,OUT,SALE,15,2025-07-29,0,,0
13721,5,7,OUT,SALE,17,2025-07-30,0,,0
13722,5,7,OUT,SALE,20,2025-07-31,0,,0
13723,5,7,OUT,SALE,15,2025-08-01,0,,0
13724,5,7,OUT,SALE,19,2025-08-02,0,,0
13725,5,7,OUT,SALE,16,2025-08-03,0,,0
13726,5,7,OUT,SALE,15,2025-08-04,0,,0
13727,5,7,OUT,SALE,15,2025-08-05,0,,0
13728,5,7,OUT,SALE,15,2025-08-06,0,,0
13729,5,7,OUT,SALE,20,2025-08-07,0,,0
13730,5,7,OUT,SALE,15,2025-08-08,0,,0
13731,5,7,OUT,SALE,19,2025-08-09,0,,0
13732,5,7,OUT,SALE,13,2025-08-10,0,,0
13733,5,7,OUT,SALE,16,2025-08-11,0,,0
13734,5,7,OUT,SALE,17,2025-08-12,0,,0
13735,5,7,OUT,SALE,14,2025-08-13,0,,0
13736,5,7,OUT,SALE,11,2025-08-14,0,,0
13737,5,7,OUT,SALE,15,2025-08-15,0,,0
13738,5,7,OUT,SALE,18,2025-08-16,0,,0
13739,5,7,OUT,SALE,19,2025-08-17,0,,0
13740,5,7,OUT,SALE,19,2025-08-18,0,,0
13741,5,7,OUT,SALE,15,2025-08-19,0,,0
13742,5,7,OUT,SALE,14,2025-08-20,0,,0
13743,5,7,OUT,SALE,13,2025-08-21,0,,0
13744,5,7,OUT,SALE,16,2025-08-22,0,,0
13745,5,7,OUT,SALE,19,2025-08-23,0,,0
13746,5,7,OUT,SALE,16,2025-08-24,0,,0
13747,5,7,OUT,SALE,17,2025-08-25,0,,0
13748,5,7,OUT,SALE,16,2025-08-26,0,,0
13749,5,7,OUT,SALE,15,2025-08-27,0,,0
13750,5,7,OUT,SALE,14,2025-08-28,0,,0
13751,5,7,OUT,SALE,14,2025-08-29,0,,0
13752,5,7,OUT,SALE,12,2025-08-30,0,,0
13753,5,7,OUT,DAMAGE,148,2025-08-31,1,THEFT_SPIKE,0
13754,5,7,OUT,SALE,14,2025-09-01,0,,0
13755,5,7,OUT,DAMAGE,34,2025-09-02,1,REPEATED_LOSS,0
13756,5,7,OUT,SALE,15,2025-09-03,0,,0
13757,5,7,OUT,SALE,15,2025-09-04,0,,0
13758,5,7,OUT,SALE,14,2025-09-05,0,,0
13759,5,7,OUT,SALE,17,2025-09-06,0,,0
13760,5,7,OUT,SALE,14,2025-09-07,0,,0
13761,5,7,OUT,SALE,13,2025-09-08,0,,0
13762,5,7,OUT,SALE,14,2025-09-09,0,,0
13763,5,7,OUT,SALE,13,2025-09-10,0,,0
13764,5,7,OUT,SALE,16,2025-09-11,0,,0
13765,5,7,OUT,SALE,13,2025-09-12,0,,0
13766,5,7,OUT,SALE,17,2025-09-13,0,,0
13767,5,7,OUT,SALE,17,2025-09-14,0,,0
13768,5,7,OUT,SALE,16,2025-09-15,0,,0
13769,5,7,OUT,SALE,16,2025-09-16,0,,0
13770,5,7,OUT,SALE,15,2025-09-17,0,,0
13771,5,7,OUT,SALE,11,2025-09-18,0,,0
13772,5,7,OUT,SALE,16,2025-09-19,0,,0
13773,5,7,OUT,SALE,19,2025-09-20,0,,0
13774,5,7,OUT,SALE,15,2025-09-21,0,,0
13775,5,7,OUT,SALE,15,2025-09-22,0,,0
13776,5,7,OUT,SALE,13,2025-09-23,0,,0
13777,5,7,OUT,SALE,9999,2025-09-24,1,DATA_ERROR,1
13778,5,7,OUT,SALE,13,2025-09-25,0,,0
13779,5,7,OUT,SALE,13,2025-09-26,0,,0
13780,5,7,OUT,SALE,16,2025-09-27,0,,0
13781,5,7,OUT,SALE,15,2025-09-28,0,,0
13782,5,7,OUT,SALE,13,2025-09-29,0,,0
13783,5,7,OUT,SALE,27,2025-09-30,0,,0
13784,5,7,OUT,SALE,22,2025-10-01,0,,0
13785,5,7,OUT,SALE,26,2025-10-02,0,,0
13786,5,7,OUT,SALE,27,2025-10-03,0,,0
13787,5,7,OUT,SALE,19,2025-10-04,0,,0
13788,5,7,OUT,SALE,17,2025-10-05,0,,0
13789,5,7,OUT,SALE,13,2025-10-06,0,,0
13790,5,7,OUT,SALE,12,2025-10-07,0,,0
13791,5,7,OUT,SALE,13,2025-10-08,0,,0
13792,5,7,OUT,SALE,13,2025-10-09,0,,0
13793,5,7,OUT,SALE,12,2025-10-10,0,,0
13794,5,7,OUT,SALE,16,2025-10-11,0,,0
13795,5,7,OUT,SALE,12,2025-10-12,0,,0
13796,5,7,OUT,SALE,13,2025-10-13,0,,0
13797,5,7,OUT,SALE,14,2025-10-14,0,,0
13798,5,7,OUT,SALE,13,2025-10-15,0,,0
13799,5,7,OUT,SALE,13,2025-10-16,0,,0
13800,5,7,OUT,SALE,13,2025-10-17,0,,0
13801,5,7,OUT,SALE,13,2025-10-18,0,,0
13802,5,7,OUT,SALE,17,2025-10-19,0,,0
13803,5,7,OUT,SALE,11,2025-10-20,0,,0
13804,5,7,OUT,SALE,13,2025-10-21,0,,0
13805,5,7,OUT,SALE,14,2025-10-22,0,,0
13806,5,7,OUT,SALE,12,2025-10-23,0,,0
13807,5,7,OUT,SALE,13,2025-10-24,0,,0
13808,5,7,OUT,SALE,13,2025-10-25,0,,0
13809,5,7,OUT,SALE,17,2025-10-26,0,,0
13810,5,7,OUT,SALE,11,2025-10-27,0,,0
13811,5,7,OUT,SALE,12,2025-10-28,0,,0
13812,5,7,OUT,SALE,11,2025-10-29,0,,0
13813,5,7,OUT,DAMAGE,76,2025-10-30,1,THEFT_SPIKE,0
13814,5,7,OUT,SALE,15,2025-10-31,0,,0
13815,5,7,OUT,SALE,14,2025-11-01,0,,0
13816,5,7,OUT,SALE,14,2025-11-02,0,,0
13817,5,7,OUT,SALE,11,2025-11-03,0,,0
13818,5,7,OUT,SALE,13,2025-11-04,0,,0
13819,5,7,OUT,SALE,11,2025-11-05,0,,0
13820,5,7,OUT,SALE,13,2025-11-06,0,,0
13821,5,7,OUT,SALE,10,2025-11-07,0,,0
13822,5,7,OUT,SALE,12,2025-11-08,0,,0
13823,5,7,OUT,SALE,15,2025-11-09,0,,0
13824,5,7,OUT,SALE,13,2025-11-10,0,,0
13825,5,7,OUT,SALE,13,2025-11-11,0,,0
13826,5,7,OUT,SALE,10,2025-11-12,0,,0
13827,5,7,OUT,SALE,11,2025-11-13,0,,0
13828,5,7,OUT,SALE,12,2025-11-14,0,,0
13829,5,7,OUT,SALE,12,2025-11-15,0,,0
13830,5,7,OUT,SALE,16,2025-11-16,0,,0
13831,5,7,OUT,SALE,8,2025-11-17,0,,0
13832,5,7,OUT,SALE,11,2025-11-18,0,,0
13833,5,7,OUT,SALE,11,2025-11-19,0,,0
13834,5,7,OUT,SALE,8,2025-11-20,0,,0
13835,5,7,OUT,SALE,10,2025-11-21,0,,0
13836,5,7,OUT,SALE,14,2025-11-22,0,,0
13837,5,7,OUT,SALE,13,2025-11-23,0,,0
13838,5,7,OUT,SALE,14,2025-11-24,0,,0
13839,5,7,OUT,SALE,14,2025-11-25,0,,0
13840,5,7,OUT,SALE,12,2025-11-26,0,,0
13841,5,7,OUT,SALE,12,2025-11-27,0,,0
13842,5,7,OUT,SALE,29,2025-11-28,0,,0
13843,5,7,OUT,SALE,23,2025-11-29,0,,0
13844,5,7,OUT,SALE,28,2025-11-30,0,,0
13845,5,7,OUT,SALE,11,2025-12-01,0,,0
13846,5,7,OUT,SALE,12,2025-12-02,0,,0
13847,5,7,OUT,SALE,11,2025-12-03,0,,0
13848,5,7,OUT,SALE,10,2025-12-04,0,,0
13849,5,7,OUT,SALE,12,2025-12-05,0,,0
13850,5,7,OUT,SALE,15,2025-12-06,0,,0
13851,5,7,OUT,SALE,14,2025-12-07,0,,0
13852,5,7,OUT,SALE,12,2025-12-08,0,,0
13853,5,7,OUT,SALE,10,2025-12-09,0,,0
13854,5,7,OUT,SALE,12,2025-12-10,0,,0
13855,5,7,OUT,SALE,11,2025-12-11,0,,0
13856,5,7,OUT,SALE,11,2025-12-12,0,,0
13857,5,7,OUT,SALE,13,2025-12-13,0,,0
13858,5,7,OUT,SALE,12,2025-12-14,0,,0
13859,5,7,OUT,SALE,10,2025-12-15,0,,0
13860,5,7,OUT,SALE,11,2025-12-16,0,,0
13861,5,7,OUT,SALE,12,2025-12-17,0,,0
13862,5,7,OUT,SALE,10,2025-12-18,0,,0
13863,5,7,OUT,SALE,12,2025-12-19,0,,0
13864,5,7,OUT,SALE,13,2025-12-20,0,,0
13865,5,7,OUT,SALE,12,2025-12-21,0,,0
13866,5,7,OUT,SALE,13,2025-12-22,0,,0
13867,5,7,OUT,SALE,10,2025-12-23,0,,0
13868,5,7,OUT,SALE,22,2025-12-24,0,,0
13869,5,7,OUT,SALE,19,2025-12-25,0,,0
13870,5,7,OUT,SALE,18,2025-12-26,0,,0
13871,5,7,OUT,SALE,11,2025-12-27,0,,0
13872,5,7,OUT,SALE,12,2025-12-28,0,,0
13873,5,7,OUT,SALE,10,2025-12-29,0,,0
13874,5,7,OUT,SALE,9,2025-12-30,0,,0
13875,5,7,OUT,SALE,10,2025-12-31,0,,0
13876,5,8,OUT,SALE,21,2025-01-01,0,,0
13877,5,8,OUT,SALE,24,2025-01-02,0,,0
13878,5,8,OUT,SALE,26,2025-01-03,0,,0
13879,5,8,OUT,SALE,22,2025-01-04,0,,0
13880,5,8,OUT,SALE,31,2025-01-05,0,,0
13881,5,8,OUT,SALE,22,2025-01-06,0,,0
13882,5,8,OUT,SALE,20,2025-01-07,0,,0
13883,5,8,OUT,SALE,25,2025-01-08,0,,0
13884,5,8,OUT,SALE,21,2025-01-09,0,,0
13885,5,8,OUT,SALE,22,2025-01-10,0,,0
13886,5,8,OUT,SALE,25,2025-01-11,0,,0
13887,5,8,OUT,SALE,24,2025-01-12,0,,0
13888,5,8,OUT,SALE,25,2025-01-13,0,,0
13889,5,8,OUT,SALE,22,2025-01-14,0,,0
13890,5,8,OUT,SALE,19,2025-01-15,0,,0
13891,5,8,OUT,SALE,24,2025-01-16,0,,0
13892,5,8,OUT,SALE,19,2025-01-17,0,,0
13893,5,8,OUT,SALE,22,2025-01-18,0,,0
13894,5,8,OUT,SALE,30,2025-01-19,0,,0
13895,5,8,OUT,SALE,19,2025-01-20,0,,0
13896,5,8,OUT,SALE,16,2025-01-21,0,,0
13897,5,8,OUT,SALE,24,2025-01-22,0,,0
13898,5,8,OUT,SALE,22,2025-01-23,0,,0
13899,5,8,OUT,SALE,22,2025-01-24,0,,0
13900,5,8,OUT,SALE,45,2025-01-25,0,,0
13901,5,8,OUT,SALE,48,2025-01-26,0,,0
13902,5,8,OUT,SALE,37,2025-01-27,0,,0
13903,5,8,OUT,SALE,48,2025-01-28,0,,0
13904,5,8,OUT,SALE,19,2025-01-29,0,,0
13905,5,8,OUT,SALE,24,2025-01-30,0,,0
13906,5,8,OUT,SALE,24,2025-01-31,0,,0
13907,5,8,OUT,SALE,25,2025-02-01,0,,0
13908,5,8,OUT,SALE,24,2025-02-02,0,,0
13909,5,8,OUT,SALE,26,2025-02-03,0,,0
13910,5,8,OUT,SALE,21,2025-02-04,0,,0
13911,5,8,OUT,SALE,22,2025-02-05,0,,0
13912,5,8,OUT,SALE,26,2025-02-06,0,,0
13913,5,8,OUT,SALE,24,2025-02-07,0,,0
13914,5,8,OUT,SALE,21,2025-02-08,0,,0
13915,5,8,OUT,SALE,33,2025-02-09,0,,0
13916,5,8,OUT,SALE,22,2025-02-10,0,,0
13917,5,8,OUT,SALE,22,2025-02-11,0,,0
13918,5,8,OUT,SALE,24,2025-02-12,0,,0
13919,5,8,OUT,SALE,25,2025-02-13,0,,0
13920,5,8,OUT,SALE,29,2025-02-14,0,,0
13921,5,8,OUT,SALE,22,2025-02-15,0,,0
13922,5,8,OUT,SALE,30,2025-02-16,0,,0
13923,5,8,OUT,SALE,26,2025-02-17,0,,0
13924,5,8,OUT,SALE,23,2025-02-18,0,,0
13925,5,8,OUT,SALE,26,2025-02-19,0,,0
13926,5,8,OUT,SALE,26,2025-02-20,0,,0
13927,5,8,OUT,SALE,20,2025-02-21,0,,0
13928,5,8,OUT,SALE,33,2025-02-22,0,,0
13929,5,8,OUT,SALE,22,2025-02-23,0,,0
13930,5,8,OUT,SALE,20,2025-02-24,0,,0
13931,5,8,OUT,SALE,23,2025-02-25,0,,0
13932,5,8,OUT,SALE,29,2025-02-26,0,,0
13933,5,8,OUT,SALE,23,2025-02-27,0,,0
13934,5,8,OUT,SALE,23,2025-02-28,0,,0
13935,5,8,OUT,SALE,34,2025-03-01,0,,0
13936,5,8,OUT,SALE,28,2025-03-02,0,,0
13937,5,8,OUT,SALE,22,2025-03-03,0,,0
13938,5,8,OUT,SALE,24,2025-03-04,0,,0
13939,5,8,OUT,SALE,30,2025-03-05,0,,0
13940,5,8,OUT,SALE,26,2025-03-06,0,,0
13941,5,8,OUT,SALE,31,2025-03-07,0,,0
13942,5,8,OUT,SALE,32,2025-03-08,0,,0
13943,5,8,OUT,SALE,27,2025-03-09,0,,0
13944,5,8,OUT,SALE,26,2025-03-10,0,,0
13945,5,8,OUT,SALE,23,2025-03-11,0,,0
13946,5,8,OUT,SALE,23,2025-03-12,0,,0
13947,5,8,OUT,SALE,39,2025-03-13,0,,0
13948,5,8,OUT,SALE,29,2025-03-14,0,,0
13949,5,8,OUT,SALE,32,2025-03-15,0,,0
13950,5,8,OUT,SALE,27,2025-03-16,0,,0
13951,5,8,OUT,SALE,30,2025-03-17,0,,0
13952,5,8,OUT,SALE,29,2025-03-18,0,,0
13953,5,8,OUT,SALE,31,2025-03-19,0,,0
13954,5,8,OUT,SALE,31,2025-03-20,0,,0
13955,5,8,OUT,SALE,21,2025-03-21,0,,0
13956,5,8,OUT,SALE,25,2025-03-22,0,,0
13957,5,8,OUT,SALE,26,2025-03-23,0,,0
13958,5,8,OUT,SALE,23,2025-03-24,0,,0
13959,5,8,OUT,SALE,27,2025-03-25,0,,0
13960,5,8,OUT,SALE,24,2025-03-26,0,,0
13961,5,8,OUT,SALE,32,2025-03-27,0,,0
13962,5,8,OUT,SALE,31,2025-03-28,0,,0
13963,5,8,OUT,SALE,29,2025-03-29,0,,0
13964,5,8,OUT,SALE,36,2025-03-30,0,,0
13965,5,8,OUT,SALE,30,2025-03-31,0,,0
13966,5,8,OUT,SALE,27,2025-04-01,0,,0
13967,5,8,OUT,SALE,22,2025-04-02,0,,0
13968,5,8,OUT,SALE,28,2025-04-03,0,,0
13969,5,8,OUT,SALE,26,2025-04-04,0,,0
13970,5,8,OUT,SALE,33,2025-04-05,0,,0
13971,5,8,OUT,SALE,33,2025-04-06,0,,0
13972,5,8,OUT,SALE,29,2025-04-07,0,,0
13973,5,8,OUT,SALE,30,2025-04-08,0,,0
13974,5,8,OUT,SALE,24,2025-04-09,0,,0
13975,5,8,OUT,SALE,30,2025-04-10,0,,0
13976,5,8,OUT,SALE,27,2025-04-11,0,,0
13977,5,8,OUT,SALE,33,2025-04-12,0,,0
13978,5,8,OUT,SALE,36,2025-04-13,0,,0
13979,5,8,OUT,SALE,24,2025-04-14,0,,0
13980,5,8,OUT,SALE,27,2025-04-15,0,,0
13981,5,8,OUT,SALE,28,2025-04-16,0,,0
13982,5,8,OUT,SALE,27,2025-04-17,0,,0
13983,5,8,OUT,SALE,31,2025-04-18,0,,0
13984,5,8,OUT,SALE,30,2025-04-19,0,,0
13985,5,8,OUT,SALE,30,2025-04-20,0,,0
13986,5,8,OUT,SALE,26,2025-04-21,0,,0
13987,5,8,OUT,SALE,32,2025-04-22,0,,0
13988,5,8,OUT,SALE,27,2025-04-23,0,,0
13989,5,8,OUT,SALE,30,2025-04-24,0,,0
13990,5,8,OUT,SALE,35,2025-04-25,0,,0
13991,5,8,OUT,SALE,32,2025-04-26,0,,0
13992,5,8,OUT,SALE,37,2025-04-27,0,,0
13993,5,8,OUT,SALE,34,2025-04-28,0,,0
13994,5,8,OUT,SALE,32,2025-04-29,0,,0
13995,5,8,OUT,SALE,28,2025-04-30,0,,0
13996,5,8,OUT,SALE,34,2025-05-01,0,,0
13997,5,8,OUT,SALE,26,2025-05-02,0,,0
13998,5,8,OUT,DAMAGE,167,2025-05-03,1,THEFT_SPIKE,1
13999,5,8,OUT,SALE,33,2025-05-04,0,,0
14000,5,8,OUT,SALE,40,2025-05-05,0,,0
14001,5,8,OUT,SALE,28,2025-05-06,0,,0
14002,5,8,OUT,SALE,28,2025-05-07,0,,0
14003,5,8,OUT,SALE,27,2025-05-08,0,,0
14004,5,8,OUT,SALE,33,2025-05-09,0,,0
14005,5,8,OUT,DAMAGE,182,2025-05-10,1,THEFT_SPIKE,1
14006,5,8,OUT,SALE,41,2025-05-11,0,,0
14007,5,8,OUT,SALE,34,2025-05-12,0,,0
14008,5,8,OUT,SALE,26,2025-05-13,0,,0
14009,5,8,OUT,SALE,28,2025-05-14,0,,0
14010,5,8,OUT,SALE,36,2025-05-15,0,,0
14011,5,8,OUT,SALE,30,2025-05-16,0,,0
14012,5,8,OUT,SALE,41,2025-05-17,0,,0
14013,5,8,OUT,SALE,35,2025-05-18,0,,0
14014,5,8,OUT,SALE,28,2025-05-19,0,,0
14015,5,8,OUT,SALE,30,2025-05-20,0,,0
14016,5,8,OUT,SALE,28,2025-05-21,0,,0
14017,5,8,OUT,SALE,29,2025-05-22,0,,0
14018,5,8,OUT,SALE,32,2025-05-23,0,,0
14019,5,8,OUT,SALE,38,2025-05-24,0,,0
14020,5,8,OUT,SALE,29,2025-05-25,0,,0
14021,5,8,OUT,SALE,31,2025-05-26,0,,0
14022,5,8,OUT,SALE,29,2025-05-27,0,,0
14023,5,8,OUT,SALE,29,2025-05-28,0,,0
14024,5,8,OUT,SALE,32,2025-05-29,0,,0
14025,5,8,OUT,SALE,29,2025-05-30,0,,0
14026,5,8,OUT,SALE,42,2025-05-31,0,,0
14027,5,8,OUT,SALE,44,2025-06-01,0,,0
14028,5,8,OUT,SALE,38,2025-06-02,0,,0
14029,5,8,OUT,SALE,31,2025-06-03,0,,0
14030,5,8,OUT,SALE,29,2025-06-04,0,,0
14031,5,8,OUT,SALE,34,2025-06-05,0,,0
14032,5,8,OUT,SALE,33,2025-06-06,0,,0
14033,5,8,OUT,SALE,35,2025-06-07,0,,0
14034,5,8,OUT,SALE,33,2025-06-08,0,,0
14035,5,8,OUT,SALE,33,2025-06-09,0,,0
14036,5,8,OUT,SALE,32,2025-06-10,0,,0
14037,5,8,OUT,SALE,36,2025-06-11,0,,0
14038,5,8,OUT,SALE,36,2025-06-12,0,,0
14039,5,8,OUT,SALE,38,2025-06-13,0,,0
14040,5,8,OUT,SALE,32,2025-06-14,0,,0
14041,5,8,OUT,SALE,40,2025-06-15,0,,0
14042,5,8,OUT,SALE,30,2025-06-16,0,,0
14043,5,8,OUT,SALE,28,2025-06-17,0,,0
14044,5,8,OUT,SALE,32,2025-06-18,0,,0
14045,5,8,OUT,SALE,38,2025-06-19,0,,0
14046,5,8,OUT,SALE,32,2025-06-20,0,,0
14047,5,8,OUT,SALE,45,2025-06-21,0,,0
14048,5,8,OUT,SALE,41,2025-06-22,0,,0
14049,5,8,OUT,SALE,32,2025-06-23,0,,0
14050,5,8,OUT,SALE,38,2025-06-24,0,,0
14051,5,8,OUT,SALE,35,2025-06-25,0,,0
14052,5,8,OUT,SALE,30,2025-06-26,0,,0
14053,5,8,OUT,SALE,41,2025-06-27,0,,0
14054,5,8,OUT,SALE,39,2025-06-28,0,,0
14055,5,8,OUT,SALE,38,2025-06-29,0,,0
14056,5,8,OUT,SALE,30,2025-06-30,0,,0
14057,5,8,OUT,SALE,39,2025-07-01,0,,0
14058,5,8,OUT,SALE,36,2025-07-02,0,,0
14059,5,8,OUT,SALE,37,2025-07-03,0,,0
14060,5,8,OUT,SALE,32,2025-07-04,0,,0
14061,5,8,OUT,SALE,43,2025-07-05,0,,0
14062,5,8,OUT,SALE,43,2025-07-06,0,,0
14063,5,8,OUT,SALE,31,2025-07-07,0,,0
14064,5,8,OUT,SALE,28,2025-07-08,0,,0
14065,5,8,OUT,SALE,36,2025-07-09,0,,0
14066,5,8,OUT,SALE,28,2025-07-10,0,,0
14067,5,8,OUT,SALE,35,2025-07-11,0,,0
14068,5,8,OUT,SALE,37,2025-07-12,0,,0
14069,5,8,OUT,SALE,45,2025-07-13,0,,0
14070,5,8,OUT,SALE,32,2025-07-14,0,,0
14071,5,8,OUT,SALE,39,2025-07-15,0,,0
14072,5,8,OUT,SALE,32,2025-07-16,0,,0
14073,5,8,OUT,SALE,38,2025-07-17,0,,0
14074,5,8,OUT,SALE,42,2025-07-18,0,,0
14075,5,8,OUT,SALE,34,2025-07-19,0,,0
14076,5,8,OUT,SALE,89,2025-07-20,0,,1
14077,5,8,OUT,SALE,100,2025-07-21,0,,1
14078,5,8,OUT,SALE,75,2025-07-22,0,,0
14079,5,8,OUT,SALE,75,2025-07-23,0,,0
14080,5,8,OUT,SALE,82,2025-07-24,0,,1
14081,5,8,OUT,SALE,75,2025-07-25,0,,0
14082,5,8,OUT,SALE,31,2025-07-26,0,,0
14083,5,8,OUT,SALE,44,2025-07-27,0,,0
14084,5,8,OUT,SALE,26,2025-07-28,0,,0
14085,5,8,OUT,SALE,32,2025-07-29,0,,0
14086,5,8,OUT,SALE,39,2025-07-30,0,,0
14087,5,8,OUT,SALE,33,2025-07-31,0,,0
14088,5,8,OUT,SALE,31,2025-08-01,0,,0
14089,5,8,OUT,SALE,42,2025-08-02,0,,0
14090,5,8,OUT,SALE,34,2025-08-03,0,,0
14091,5,8,OUT,SALE,28,2025-08-04,0,,0
14092,5,8,OUT,SALE,34,2025-08-05,0,,0
14093,5,8,OUT,SALE,33,2025-08-06,0,,0
14094,5,8,OUT,SALE,28,2025-08-07,0,,0
14095,5,8,OUT,SALE,36,2025-08-08,0,,0
14096,5,8,OUT,SALE,40,2025-08-09,0,,0
14097,5,8,OUT,SALE,37,2025-08-10,0,,0
14098,5,8,OUT,SALE,32,2025-08-11,0,,0
14099,5,8,OUT,SALE,35,2025-08-12,0,,0
14100,5,8,OUT,SALE,38,2025-08-13,0,,0
14101,5,8,OUT,SALE,32,2025-08-14,0,,0
14102,5,8,OUT,SALE,36,2025-08-15,0,,0
14103,5,8,OUT,SALE,41,2025-08-16,0,,0
14104,5,8,OUT,SALE,42,2025-08-17,0,,0
14105,5,8,OUT,SALE,33,2025-08-18,0,,0
14106,5,8,OUT,SALE,30,2025-08-19,0,,0
14107,5,8,OUT,SALE,31,2025-08-20,0,,0
14108,5,8,OUT,SALE,35,2025-08-21,0,,0
14109,5,8,OUT,SALE,41,2025-08-22,0,,0
14110,5,8,OUT,SALE,36,2025-08-23,0,,0
14111,5,8,OUT,SALE,42,2025-08-24,0,,0
14112,5,8,OUT,SALE,32,2025-08-25,0,,0
14113,5,8,OUT,SALE,34,2025-08-26,0,,0
14114,5,8,OUT,SALE,39,2025-08-27,0,,0
14115,5,8,OUT,SALE,36,2025-08-28,0,,0
14116,5,8,OUT,SALE,28,2025-08-29,0,,0
14117,5,8,OUT,SALE,36,2025-08-30,0,,0
14118,5,8,OUT,SALE,44,2025-08-31,0,,0
14119,5,8,OUT,SALE,32,2025-09-01,0,,0
14120,5,8,OUT,SALE,27,2025-09-02,0,,0
14121,5,8,OUT,SALE,28,2025-09-03,0,,0
14122,5,8,OUT,SALE,34,2025-09-04,0,,0
14123,5,8,OUT,SALE,35,2025-09-05,0,,0
14124,5,8,OUT,SALE,36,2025-09-06,0,,0
14125,5,8,OUT,SALE,47,2025-09-07,0,,0
14126,5,8,OUT,SALE,34,2025-09-08,0,,0
14127,5,8,OUT,SALE,30,2025-09-09,0,,0
14128,5,8,OUT,SALE,28,2025-09-10,0,,0
14129,5,8,OUT,SALE,28,2025-09-11,0,,0
14130,5,8,OUT,SALE,32,2025-09-12,0,,0
14131,5,8,OUT,SALE,34,2025-09-13,0,,0
14132,5,8,OUT,SALE,43,2025-09-14,0,,0
14133,5,8,OUT,SALE,37,2025-09-15,0,,0
14134,5,8,OUT,SALE,34,2025-09-16,0,,0
14135,5,8,OUT,SALE,27,2025-09-17,0,,0
14136,5,8,OUT,SALE,29,2025-09-18,0,,0
14137,5,8,OUT,SALE,36,2025-09-19,0,,0
14138,5,8,OUT,SALE,33,2025-09-20,0,,0
14139,5,8,OUT,SALE,41,2025-09-21,0,,0
14140,5,8,OUT,SALE,33,2025-09-22,0,,0
14141,5,8,OUT,SALE,31,2025-09-23,0,,0
14142,5,8,OUT,SALE,29,2025-09-24,0,,0
14143,5,8,OUT,SALE,31,2025-09-25,0,,0
14144,5,8,OUT,SALE,32,2025-09-26,0,,0
14145,5,8,OUT,SALE,40,2025-09-27,0,,0
14146,5,8,OUT,SALE,32,2025-09-28,0,,0
14147,5,8,OUT,SALE,30,2025-09-29,0,,0
14148,5,8,OUT,SALE,60,2025-09-30,0,,0
14149,5,8,OUT,SALE,58,2025-10-01,0,,0
14150,5,8,OUT,SALE,48,2025-10-02,0,,0
14151,5,8,OUT,SALE,45,2025-10-03,0,,0
14152,5,8,OUT,SALE,35,2025-10-04,0,,0
14153,5,8,OUT,SALE,27,2025-10-05,0,,0
14154,5,8,OUT,SALE,33,2025-10-06,0,,0
14155,5,8,OUT,SALE,28,2025-10-07,0,,0
14156,5,8,OUT,SALE,23,2025-10-08,0,,0
14157,5,8,OUT,SALE,27,2025-10-09,0,,0
14158,5,8,OUT,SALE,30,2025-10-10,0,,0
14159,5,8,OUT,SALE,31,2025-10-11,0,,0
14160,5,8,OUT,SALE,33,2025-10-12,0,,0
14161,5,8,OUT,SALE,31,2025-10-13,0,,0
14162,5,8,OUT,SALE,28,2025-10-14,0,,0
14163,5,8,OUT,SALE,25,2025-10-15,0,,0
14164,5,8,OUT,SALE,27,2025-10-16,0,,0
14165,5,8,OUT,SALE,33,2025-10-17,0,,0
14166,5,8,OUT,SALE,39,2025-10-18,0,,0
14167,5,8,OUT,SALE,25,2025-10-19,0,,0
14168,5,8,OUT,SALE,32,2025-10-20,0,,0
14169,5,8,OUT,SALE,29,2025-10-21,0,,0
14170,5,8,OUT,SALE,32,2025-10-22,0,,0
14171,5,8,OUT,SALE,26,2025-10-23,0,,0
14172,5,8,OUT,SALE,22,2025-10-24,0,,0
14173,5,8,OUT,SALE,35,2025-10-25,0,,0
14174,5,8,OUT,SALE,29,2025-10-26,0,,0
14175,5,8,OUT,SALE,24,2025-10-27,0,,0
14176,5,8,OUT,SALE,24,2025-10-28,0,,0
14177,5,8,OUT,SALE,30,2025-10-29,0,,0
14178,5,8,OUT,SALE,29,2025-10-30,0,,0
14179,5,8,OUT,SALE,31,2025-10-31,0,,0
14180,5,8,OUT,SALE,32,2025-11-01,0,,0
14181,5,8,OUT,SALE,28,2025-11-02,0,,0
14182,5,8,OUT,SALE,25,2025-11-03,0,,0
14183,5,8,OUT,SALE,24,2025-11-04,0,,0
14184,5,8,OUT,SALE,25,2025-11-05,0,,0
14185,5,8,OUT,SALE,23,2025-11-06,0,,0
14186,5,8,OUT,SALE,27,2025-11-07,0,,0
14187,5,8,OUT,SALE,33,2025-11-08,0,,0
14188,5,8,OUT,SALE,26,2025-11-09,0,,0
14189,5,8,OUT,SALE,29,2025-11-10,0,,0
14190,5,8,OUT,SALE,26,2025-11-11,0,,0
14191,5,8,OUT,SALE,26,2025-11-12,0,,0
14192,5,8,OUT,SALE,20,2025-11-13,0,,0
14193,5,8,OUT,SALE,20,2025-11-14,0,,0
14194,5,8,OUT,SALE,30,2025-11-15,0,,0
14195,5,8,OUT,SALE,32,2025-11-16,0,,0
14196,5,8,OUT,SALE,23,2025-11-17,0,,0
14197,5,8,OUT,SALE,31,2025-11-18,0,,0
14198,5,8,OUT,SALE,28,2025-11-19,0,,0
14199,5,8,OUT,SALE,23,2025-11-20,0,,0
14200,5,8,OUT,SALE,26,2025-11-21,0,,0
14201,5,8,OUT,SALE,38,2025-11-22,0,,0
14202,5,8,OUT,SALE,25,2025-11-23,0,,0
14203,5,8,OUT,SALE,27,2025-11-24,0,,0
14204,5,8,OUT,SALE,25,2025-11-25,0,,0
14205,5,8,OUT,SALE,28,2025-11-26,0,,0
14206,5,8,OUT,SALE,29,2025-11-27,0,,0
14207,5,8,OUT,SALE,61,2025-11-28,0,,0
14208,5,8,OUT,SALE,83,2025-11-29,0,,1
14209,5,8,OUT,SALE,93,2025-11-30,0,,1
14210,5,8,OUT,SALE,24,2025-12-01,0,,0
14211,5,8,OUT,SALE,26,2025-12-02,0,,0
14212,5,8,OUT,SALE,22,2025-12-03,0,,0
14213,5,8,OUT,SALE,24,2025-12-04,0,,0
14214,5,8,OUT,SALE,23,2025-12-05,0,,0
14215,5,8,OUT,SALE,30,2025-12-06,0,,0
14216,5,8,OUT,SALE,31,2025-12-07,0,,0
14217,5,8,OUT,SALE,23,2025-12-08,0,,0
14218,5,8,OUT,SALE,28,2025-12-09,0,,0
14219,5,8,OUT,SALE,28,2025-12-10,0,,0
14220,5,8,OUT,SALE,26,2025-12-11,0,,0
14221,5,8,OUT,SALE,22,2025-12-12,0,,0
14222,5,8,OUT,SALE,25,2025-12-13,0,,0
14223,5,8,OUT,SALE,24,2025-12-14,0,,0
14224,5,8,OUT,SALE,26,2025-12-15,0,,0
14225,5,8,OUT,SALE,20,2025-12-16,0,,0
14226,5,8,OUT,SALE,25,2025-12-17,0,,0
14227,5,8,OUT,SALE,20,2025-12-18,0,,0
14228,5,8,OUT,SALE,26,2025-12-19,0,,0
14229,5,8,OUT,SALE,27,2025-12-20,0,,0
14230,5,8,OUT,SALE,31,2025-12-21,0,,0
14231,5,8,OUT,SALE,27,2025-12-22,0,,0
14232,5,8,OUT,SALE,27,2025-12-23,0,,0
14233,5,8,OUT,SALE,47,2025-12-24,0,,0
14234,5,8,OUT,SALE,41,2025-12-25,0,,0
14235,5,8,OUT,SALE,34,2025-12-26,0,,0
14236,5,8,OUT,SALE,24,2025-12-27,0,,0
14237,5,8,OUT,SALE,20,2025-12-28,0,,0
14238,5,8,OUT,SALE,20,2025-12-29,0,,0
14239,5,8,OUT,SALE,24,2025-12-30,0,,0
14240,5,8,OUT,SALE,22,2025-12-31,0,,0
14241,5,9,OUT,SALE,16,2025-01-01,0,,0
14242,5,9,OUT,SALE,18,2025-01-02,0,,0
14243,5,9,OUT,DAMAGE,72,2025-01-03,1,OFF_HOURS_BULK,1
14244,5,9,OUT,SALE,17,2025-01-04,0,,0
14245,5,9,OUT,SALE,19,2025-01-05,0,,0
14246,5,9,OUT,SALE,15,2025-01-06,0,,0
14247,5,9,OUT,SALE,16,2025-01-07,0,,0
14248,5,9,OUT,SALE,20,2025-01-08,0,,0
14249,5,9,OUT,SALE,16,2025-01-09,0,,0
14250,5,9,OUT,SALE,20,2025-01-10,0,,0
14251,5,9,OUT,SALE,23,2025-01-11,0,,0
14252,5,9,OUT,SALE,18,2025-01-12,0,,0
14253,5,9,OUT,SALE,15,2025-01-13,0,,0
14254,5,9,OUT,SALE,17,2025-01-14,0,,0
14255,5,9,OUT,SALE,19,2025-01-15,0,,0
14256,5,9,OUT,SALE,16,2025-01-16,0,,0
14257,5,9,OUT,SALE,19,2025-01-17,0,,0
14258,5,9,OUT,SALE,22,2025-01-18,0,,0
14259,5,9,OUT,SALE,18,2025-01-19,0,,0
14260,5,9,OUT,SALE,15,2025-01-20,0,,0
14261,5,9,OUT,SALE,18,2025-01-21,0,,0
14262,5,9,OUT,SALE,17,2025-01-22,0,,0
14263,5,9,OUT,SALE,15,2025-01-23,0,,0
14264,5,9,OUT,DAMAGE,42,2025-01-24,1,REPEATED_LOSS,1
14265,5,9,OUT,SALE,35,2025-01-25,0,,1
14266,5,9,OUT,SALE,28,2025-01-26,0,,0
14267,5,9,OUT,SALE,33,2025-01-27,0,,0
14268,5,9,OUT,SALE,29,2025-01-28,0,,0
14269,5,9,OUT,SALE,11,2025-01-29,0,,0
14270,5,9,OUT,SALE,17,2025-01-30,0,,0
14271,5,9,OUT,SALE,15,2025-01-31,0,,0
14272,5,9,OUT,SALE,24,2025-02-01,0,,0
14273,5,9,OUT,SALE,18,2025-02-02,0,,0
14274,5,9,OUT,SALE,15,2025-02-03,0,,0
14275,5,9,OUT,SALE,18,2025-02-04,0,,0
14276,5,9,OUT,SALE,16,2025-02-05,0,,0
14277,5,9,OUT,SALE,15,2025-02-06,0,,0
14278,5,9,OUT,SALE,18,2025-02-07,0,,0
14279,5,9,OUT,SALE,17,2025-02-08,0,,0
14280,5,9,OUT,SALE,16,2025-02-09,0,,0
14281,5,9,OUT,SALE,21,2025-02-10,0,,0
14282,5,9,OUT,SALE,18,2025-02-11,0,,0
14283,5,9,OUT,SALE,17,2025-02-12,0,,0
14284,5,9,OUT,SALE,17,2025-02-13,0,,0
14285,5,9,OUT,SALE,18,2025-02-14,0,,0
14286,5,9,OUT,SALE,22,2025-02-15,0,,0
14287,5,9,OUT,SALE,18,2025-02-16,0,,0
14288,5,9,OUT,SALE,18,2025-02-17,0,,0
14289,5,9,OUT,SALE,16,2025-02-18,0,,0
14290,5,9,OUT,SALE,17,2025-02-19,0,,0
14291,5,9,OUT,SALE,17,2025-02-20,0,,0
14292,5,9,OUT,SALE,17,2025-02-21,0,,0
14293,5,9,OUT,SALE,21,2025-02-22,0,,0
14294,5,9,OUT,SALE,21,2025-02-23,0,,0
14295,5,9,OUT,SALE,14,2025-02-24,0,,0
14296,5,9,OUT,SALE,14,2025-02-25,0,,0
14297,5,9,OUT,SALE,16,2025-02-26,0,,0
14298,5,9,OUT,SALE,21,2025-02-27,0,,0
14299,5,9,OUT,SALE,15,2025-02-28,0,,0
14300,5,9,OUT,SALE,19,2025-03-01,0,,0
14301,5,9,OUT,SALE,18,2025-03-02,0,,0
14302,5,9,OUT,SALE,16,2025-03-03,0,,0
14303,5,9,OUT,SALE,17,2025-03-04,0,,0
14304,5,9,OUT,SALE,20,2025-03-05,0,,0
14305,5,9,OUT,SALE,18,2025-03-06,0,,0
14306,5,9,OUT,SALE,15,2025-03-07,0,,0
14307,5,9,OUT,SALE,26,2025-03-08,0,,0
14308,5,9,OUT,SALE,20,2025-03-09,0,,0
14309,5,9,OUT,SALE,16,2025-03-10,0,,0
14310,5,9,OUT,SALE,20,2025-03-11,0,,0
14311,5,9,OUT,SALE,16,2025-03-12,0,,0
14312,5,9,OUT,SALE,20,2025-03-13,0,,0
14313,5,9,OUT,SALE,15,2025-03-14,0,,0
14314,5,9,OUT,SALE,23,2025-03-15,0,,0
14315,5,9,OUT,SALE,20,2025-03-16,0,,0
14316,5,9,OUT,SALE,19,2025-03-17,0,,0
14317,5,9,OUT,SALE,21,2025-03-18,0,,0
14318,5,9,OUT,SALE,15,2025-03-19,0,,0
14319,5,9,OUT,SALE,19,2025-03-20,0,,0
14320,5,9,OUT,SALE,14,2025-03-21,0,,0
14321,5,9,OUT,SALE,17,2025-03-22,0,,0
14322,5,9,OUT,SALE,18,2025-03-23,0,,0
14323,5,9,OUT,SALE,18,2025-03-24,0,,0
14324,5,9,OUT,SALE,17,2025-03-25,0,,0
14325,5,9,OUT,SALE,17,2025-03-26,0,,0
14326,5,9,OUT,SALE,17,2025-03-27,0,,0
14327,5,9,OUT,SALE,18,2025-03-28,0,,0
14328,5,9,OUT,SALE,21,2025-03-29,0,,0
14329,5,9,OUT,SALE,22,2025-03-30,0,,0
14330,5,9,OUT,SALE,21,2025-03-31,0,,0
14331,5,9,OUT,SALE,16,2025-04-01,0,,0
14332,5,9,OUT,SALE,15,2025-04-02,0,,0
14333,5,9,OUT,SALE,17,2025-04-03,0,,0
14334,5,9,OUT,SALE,14,2025-04-04,0,,0
14335,5,9,OUT,SALE,17,2025-04-05,0,,0
14336,5,9,OUT,SALE,21,2025-04-06,0,,0
14337,5,9,OUT,SALE,16,2025-04-07,0,,0
14338,5,9,OUT,SALE,14,2025-04-08,0,,0
14339,5,9,OUT,SALE,13,2025-04-09,0,,0
14340,5,9,OUT,SALE,16,2025-04-10,0,,0
14341,5,9,OUT,SALE,19,2025-04-11,0,,0
14342,5,9,OUT,SALE,21,2025-04-12,0,,0
14343,5,9,OUT,SALE,19,2025-04-13,0,,0
14344,5,9,OUT,SALE,20,2025-04-14,0,,0
14345,5,9,OUT,SALE,16,2025-04-15,0,,0
14346,5,9,OUT,SALE,16,2025-04-16,0,,0
14347,5,9,OUT,SALE,11,2025-04-17,0,,0
14348,5,9,OUT,SALE,15,2025-04-18,0,,0
14349,5,9,OUT,SALE,21,2025-04-19,0,,0
14350,5,9,OUT,SALE,22,2025-04-20,0,,0
14351,5,9,OUT,SALE,15,2025-04-21,0,,0
14352,5,9,OUT,SALE,17,2025-04-22,0,,0
14353,5,9,OUT,SALE,18,2025-04-23,0,,0
14354,5,9,OUT,SALE,16,2025-04-24,0,,0
14355,5,9,OUT,SALE,12,2025-04-25,0,,0
14356,5,9,OUT,SALE,19,2025-04-26,0,,0
14357,5,9,OUT,SALE,20,2025-04-27,0,,0
14358,5,9,OUT,SALE,14,2025-04-28,0,,0
14359,5,9,OUT,SALE,16,2025-04-29,0,,0
14360,5,9,OUT,SALE,14,2025-04-30,0,,0
14361,5,9,OUT,SALE,11,2025-05-01,0,,0
14362,5,9,OUT,SALE,17,2025-05-02,0,,0
14363,5,9,OUT,SALE,18,2025-05-03,0,,0
14364,5,9,OUT,SALE,21,2025-05-04,0,,0
14365,5,9,OUT,SALE,17,2025-05-05,0,,0
14366,5,9,OUT,SALE,15,2025-05-06,0,,0
14367,5,9,OUT,SALE,15,2025-05-07,0,,0
14368,5,9,OUT,SALE,17,2025-05-08,0,,0
14369,5,9,OUT,SALE,17,2025-05-09,0,,0
14370,5,9,OUT,SALE,19,2025-05-10,0,,0
14371,5,9,OUT,SALE,20,2025-05-11,0,,0
14372,5,9,OUT,SALE,15,2025-05-12,0,,0
14373,5,9,OUT,SALE,14,2025-05-13,0,,0
14374,5,9,OUT,SALE,15,2025-05-14,0,,0
14375,5,9,OUT,SALE,16,2025-05-15,0,,0
14376,5,9,OUT,SALE,13,2025-05-16,0,,0
14377,5,9,OUT,SALE,15,2025-05-17,0,,0
14378,5,9,OUT,SALE,19,2025-05-18,0,,0
14379,5,9,OUT,SALE,15,2025-05-19,0,,0
14380,5,9,OUT,SALE,15,2025-05-20,0,,0
14381,5,9,OUT,SALE,15,2025-05-21,0,,0
14382,5,9,OUT,SALE,18,2025-05-22,0,,0
14383,5,9,OUT,SALE,18,2025-05-23,0,,0
14384,5,9,OUT,SALE,15,2025-05-24,0,,0
14385,5,9,OUT,SALE,17,2025-05-25,0,,0
14386,5,9,OUT,SALE,17,2025-05-26,0,,0
14387,5,9,OUT,SALE,17,2025-05-27,0,,0
14388,5,9,OUT,SALE,15,2025-05-28,0,,0
14389,5,9,OUT,SALE,13,2025-05-29,0,,0
14390,5,9,OUT,SALE,14,2025-05-30,0,,0
14391,5,9,OUT,SALE,17,2025-05-31,0,,0
14392,5,9,OUT,SALE,18,2025-06-01,0,,0
14393,5,9,OUT,SALE,18,2025-06-02,0,,0
14394,5,9,OUT,SALE,14,2025-06-03,0,,0
14395,5,9,OUT,SALE,13,2025-06-04,0,,0
14396,5,9,OUT,SALE,15,2025-06-05,0,,0
14397,5,9,OUT,SALE,17,2025-06-06,0,,0
14398,5,9,OUT,SALE,14,2025-06-07,0,,0
14399,5,9,OUT,SALE,20,2025-06-08,0,,0
14400,5,9,OUT,SALE,14,2025-06-09,0,,0
14401,5,9,OUT,SALE,13,2025-06-10,0,,0
14402,5,9,OUT,SALE,12,2025-06-11,0,,0
14403,5,9,OUT,SALE,16,2025-06-12,0,,0
14404,5,9,OUT,SALE,14,2025-06-13,0,,0
14405,5,9,OUT,SALE,17,2025-06-14,0,,0
14406,5,9,OUT,SALE,15,2025-06-15,0,,0
14407,5,9,OUT,SALE,14,2025-06-16,0,,0
14408,5,9,OUT,SALE,14,2025-06-17,0,,0
14409,5,9,OUT,SALE,15,2025-06-18,0,,0
14410,5,9,OUT,SALE,14,2025-06-19,0,,0
14411,5,9,OUT,SALE,12,2025-06-20,0,,0
14412,5,9,OUT,SALE,22,2025-06-21,0,,0
14413,5,9,OUT,SALE,14,2025-06-22,0,,0
14414,5,9,OUT,SALE,15,2025-06-23,0,,0
14415,5,9,OUT,SALE,12,2025-06-24,0,,0
14416,5,9,OUT,SALE,11,2025-06-25,0,,0
14417,5,9,OUT,SALE,15,2025-06-26,0,,0
14418,5,9,OUT,SALE,15,2025-06-27,0,,0
14419,5,9,OUT,SALE,20,2025-06-28,0,,0
14420,5,9,OUT,SALE,18,2025-06-29,0,,0
14421,5,9,OUT,SALE,14,2025-06-30,0,,0
14422,5,9,OUT,SALE,13,2025-07-01,0,,0
14423,5,9,OUT,SALE,17,2025-07-02,0,,0
14424,5,9,OUT,SALE,16,2025-07-03,0,,0
14425,5,9,OUT,SALE,12,2025-07-04,0,,0
14426,5,9,OUT,SALE,16,2025-07-05,0,,0
14427,5,9,OUT,SALE,17,2025-07-06,0,,0
14428,5,9,OUT,SALE,14,2025-07-07,0,,0
14429,5,9,OUT,SALE,15,2025-07-08,0,,0
14430,5,9,OUT,SALE,16,2025-07-09,0,,0
14431,5,9,OUT,SALE,14,2025-07-10,0,,0
14432,5,9,OUT,SALE,14,2025-07-11,0,,0
14433,5,9,OUT,SALE,19,2025-07-12,0,,0
14434,5,9,OUT,SALE,18,2025-07-13,0,,0
14435,5,9,OUT,SALE,14,2025-07-14,0,,0
14436,5,9,OUT,SALE,11,2025-07-15,0,,0
14437,5,9,OUT,SALE,15,2025-07-16,0,,0
14438,5,9,OUT,SALE,15,2025-07-17,0,,0
14439,5,9,OUT,SALE,9,2025-07-18,0,,0
14440,5,9,OUT,SALE,17,2025-07-19,0,,0
14441,5,9,OUT,SALE,34,2025-07-20,0,,0
14442,5,9,OUT,SALE,30,2025-07-21,0,,0
14443,5,9,OUT,SALE,28,2025-07-22,0,,0
14444,5,9,OUT,SALE,31,2025-07-23,0,,0
14445,5,9,OUT,SALE,36,2025-07-24,0,,1
14446,5,9,OUT,SALE,29,2025-07-25,0,,0
14447,5,9,OUT,SALE,18,2025-07-26,0,,0
14448,5,9,OUT,SALE,15,2025-07-27,0,,0
14449,5,9,OUT,SALE,15,2025-07-28,0,,0
14450,5,9,OUT,SALE,14,2025-07-29,0,,0
14451,5,9,OUT,SALE,15,2025-07-30,0,,0
14452,5,9,OUT,SALE,14,2025-07-31,0,,0
14453,5,9,OUT,SALE,15,2025-08-01,0,,0
14454,5,9,OUT,SALE,11,2025-08-02,0,,0
14455,5,9,OUT,SALE,13,2025-08-03,0,,0
14456,5,9,OUT,SALE,15,2025-08-04,0,,0
14457,5,9,OUT,SALE,11,2025-08-05,0,,0
14458,5,9,OUT,SALE,13,2025-08-06,0,,0
14459,5,9,OUT,SALE,14,2025-08-07,0,,0
14460,5,9,OUT,SALE,13,2025-08-08,0,,0
14461,5,9,OUT,SALE,15,2025-08-09,0,,0
14462,5,9,OUT,SALE,17,2025-08-10,0,,0
14463,5,9,OUT,SALE,16,2025-08-11,0,,0
14464,5,9,OUT,SALE,12,2025-08-12,0,,0
14465,5,9,OUT,SALE,13,2025-08-13,0,,0
14466,5,9,OUT,SALE,13,2025-08-14,0,,0
14467,5,9,OUT,SALE,10,2025-08-15,0,,0
14468,5,9,OUT,SALE,16,2025-08-16,0,,0
14469,5,9,OUT,SALE,18,2025-08-17,0,,0
14470,5,9,OUT,SALE,16,2025-08-18,0,,0
14471,5,9,OUT,SALE,12,2025-08-19,0,,0
14472,5,9,OUT,SALE,12,2025-08-20,0,,0
14473,5,9,OUT,SALE,14,2025-08-21,0,,0
14474,5,9,OUT,SALE,15,2025-08-22,0,,0
14475,5,9,OUT,SALE,16,2025-08-23,0,,0
14476,5,9,OUT,SALE,17,2025-08-24,0,,0
14477,5,9,OUT,SALE,16,2025-08-25,0,,0
14478,5,9,OUT,SALE,13,2025-08-26,0,,0
14479,5,9,OUT,SALE,14,2025-08-27,0,,0
14480,5,9,OUT,SALE,17,2025-08-28,0,,0
14481,5,9,OUT,SALE,14,2025-08-29,0,,0
14482,5,9,OUT,SALE,14,2025-08-30,0,,0
14483,5,9,OUT,SALE,15,2025-08-31,0,,0
14484,5,9,OUT,SALE,13,2025-09-01,0,,0
14485,5,9,OUT,SALE,15,2025-09-02,0,,0
14486,5,9,OUT,SALE,13,2025-09-03,0,,0
14487,5,9,OUT,SALE,15,2025-09-04,0,,0
14488,5,9,OUT,SALE,13,2025-09-05,0,,0
14489,5,9,OUT,SALE,12,2025-09-06,0,,0
14490,5,9,OUT,SALE,17,2025-09-07,0,,0
14491,5,9,OUT,SALE,14,2025-09-08,0,,0
14492,5,9,OUT,SALE,15,2025-09-09,0,,0
14493,5,9,OUT,DAMAGE,26,2025-09-10,1,REPEATED_LOSS,0
14494,5,9,OUT,SALE,13,2025-09-11,0,,0
14495,5,9,OUT,SALE,15,2025-09-12,0,,0
14496,5,9,OUT,SALE,19,2025-09-13,0,,0
14497,5,9,OUT,SALE,16,2025-09-14,0,,0
14498,5,9,OUT,SALE,15,2025-09-15,0,,0
14499,5,9,OUT,SALE,14,2025-09-16,0,,0
14500,5,9,OUT,SALE,12,2025-09-17,0,,0
14501,5,9,OUT,SALE,16,2025-09-18,0,,0
14502,5,9,OUT,SALE,16,2025-09-19,0,,0
14503,5,9,OUT,SALE,18,2025-09-20,0,,0
14504,5,9,OUT,SALE,16,2025-09-21,0,,0
14505,5,9,OUT,SALE,15,2025-09-22,0,,0
14506,5,9,OUT,SALE,16,2025-09-23,0,,0
14507,5,9,OUT,SALE,17,2025-09-24,0,,0
14508,5,9,OUT,SALE,16,2025-09-25,0,,0
14509,5,9,OUT,SALE,14,2025-09-26,0,,0
14510,5,9,OUT,SALE,14,2025-09-27,0,,0
14511,5,9,OUT,SALE,17,2025-09-28,0,,0
14512,5,9,OUT,SALE,15,2025-09-29,0,,0
14513,5,9,OUT,SALE,29,2025-09-30,0,,0
14514,5,9,OUT,SALE,33,2025-10-01,0,,0
14515,5,9,OUT,SALE,28,2025-10-02,0,,0
14516,5,9,OUT,SALE,35,2025-10-03,0,,1
14517,5,9,OUT,SALE,13,2025-10-04,0,,0
14518,5,9,OUT,SALE,18,2025-10-05,0,,0
14519,5,9,OUT,SALE,13,2025-10-06,0,,0
14520,5,9,OUT,SALE,11,2025-10-07,0,,0
14521,5,9,OUT,SALE,14,2025-10-08,0,,0
14522,5,9,OUT,SALE,12,2025-10-09,0,,0
14523,5,9,OUT,SALE,14,2025-10-10,0,,0
14524,5,9,OUT,SALE,17,2025-10-11,0,,0
14525,5,9,OUT,SALE,19,2025-10-12,0,,0
14526,5,9,OUT,SALE,12,2025-10-13,0,,0
14527,5,9,OUT,SALE,16,2025-10-14,0,,0
14528,5,9,OUT,SALE,15,2025-10-15,0,,0
14529,5,9,OUT,SALE,17,2025-10-16,0,,0
14530,5,9,OUT,SALE,14,2025-10-17,0,,0
14531,5,9,OUT,SALE,14,2025-10-18,0,,0
14532,5,9,OUT,SALE,14,2025-10-19,0,,0
14533,5,9,OUT,SALE,12,2025-10-20,0,,0
14534,5,9,OUT,SALE,16,2025-10-21,0,,0
14535,5,9,OUT,SALE,17,2025-10-22,0,,0
14536,5,9,OUT,SALE,14,2025-10-23,0,,0
14537,5,9,OUT,SALE,16,2025-10-24,0,,0
14538,5,9,OUT,SALE,14,2025-10-25,0,,0
14539,5,9,OUT,SALE,17,2025-10-26,0,,0
14540,5,9,OUT,SALE,16,2025-10-27,0,,0
14541,5,9,OUT,SALE,12,2025-10-28,0,,0
14542,5,9,OUT,SALE,14,2025-10-29,0,,0
14543,5,9,OUT,SALE,16,2025-10-30,0,,0
14544,5,9,OUT,SALE,10,2025-10-31,0,,0
14545,5,9,OUT,SALE,21,2025-11-01,0,,0
14546,5,9,OUT,SALE,19,2025-11-02,0,,0
14547,5,9,OUT,SALE,17,2025-11-03,0,,0
14548,5,9,OUT,SALE,15,2025-11-04,0,,0
14549,5,9,OUT,SALE,12,2025-11-05,0,,0
14550,5,9,OUT,SALE,16,2025-11-06,0,,0
14551,5,9,OUT,SALE,15,2025-11-07,0,,0
14552,5,9,OUT,SALE,18,2025-11-08,0,,0
14553,5,9,OUT,SALE,20,2025-11-09,0,,0
14554,5,9,OUT,SALE,17,2025-11-10,0,,0
14555,5,9,OUT,SALE,19,2025-11-11,0,,0
14556,5,9,OUT,SALE,16,2025-11-12,0,,0
14557,5,9,OUT,SALE,14,2025-11-13,0,,0
14558,5,9,OUT,SALE,15,2025-11-14,0,,0
14559,5,9,OUT,SALE,19,2025-11-15,0,,0
14560,5,9,OUT,SALE,20,2025-11-16,0,,0
14561,5,9,OUT,SALE,13,2025-11-17,0,,0
14562,5,9,OUT,SALE,16,2025-11-18,0,,0
14563,5,9,OUT,SALE,18,2025-11-19,0,,0
14564,5,9,OUT,SALE,15,2025-11-20,0,,0
14565,5,9,OUT,SALE,17,2025-11-21,0,,0
14566,5,9,OUT,SALE,19,2025-11-22,0,,0
14567,5,9,OUT,SALE,20,2025-11-23,0,,0
14568,5,9,OUT,SALE,14,2025-11-24,0,,0
14569,5,9,OUT,SALE,14,2025-11-25,0,,0
14570,5,9,OUT,SALE,16,2025-11-26,0,,0
14571,5,9,OUT,SALE,13,2025-11-27,0,,0
14572,5,9,OUT,SALE,38,2025-11-28,0,,1
14573,5,9,OUT,SALE,46,2025-11-29,0,,1
14574,5,9,OUT,SALE,54,2025-11-30,0,,1
14575,5,9,OUT,SALE,17,2025-12-01,0,,0
14576,5,9,OUT,SALE,18,2025-12-02,0,,0
14577,5,9,OUT,SALE,19,2025-12-03,0,,0
14578,5,9,OUT,SALE,14,2025-12-04,0,,0
14579,5,9,OUT,SALE,16,2025-12-05,0,,0
14580,5,9,OUT,SALE,24,2025-12-06,0,,0
14581,5,9,OUT,SALE,19,2025-12-07,0,,0
14582,5,9,OUT,SALE,18,2025-12-08,0,,0
14583,5,9,OUT,SALE,18,2025-12-09,0,,0
14584,5,9,OUT,SALE,13,2025-12-10,0,,0
14585,5,9,OUT,SALE,17,2025-12-11,0,,0
14586,5,9,OUT,SALE,17,2025-12-12,0,,0
14587,5,9,OUT,SALE,19,2025-12-13,0,,0
14588,5,9,OUT,SALE,17,2025-12-14,0,,0
14589,5,9,OUT,SALE,14,2025-12-15,0,,0
14590,5,9,OUT,SALE,15,2025-12-16,0,,0
14591,5,9,OUT,SALE,16,2025-12-17,0,,0
14592,5,9,OUT,SALE,19,2025-12-18,0,,0
14593,5,9,OUT,SALE,20,2025-12-19,0,,0
14594,5,9,OUT,SALE,22,2025-12-20,0,,0
14595,5,9,OUT,SALE,21,2025-12-21,0,,0
14596,5,9,OUT,SALE,14,2025-12-22,0,,0
14597,5,9,OUT,SALE,15,2025-12-23,0,,0
14598,5,9,OUT,SALE,28,2025-12-24,0,,0
14599,5,9,OUT,SALE,26,2025-12-25,0,,0
14600,5,9,OUT,SALE,30,2025-12-26,0,,0
14601,5,9,OUT,SALE,20,2025-12-27,0,,0
14602,5,9,OUT,SALE,20,2025-12-28,0,,0
14603,5,9,OUT,SALE,18,2025-12-29,0,,0
14604,5,9,OUT,SALE,15,2025-12-30,0,,0
14605,5,9,OUT,SALE,18,2025-12-31,0,,0
